Fitter report for double_coder
Thu Nov 08 01:39:34 2018
Version 5.0 Build 148 04/26/2005 SJ Full Version


---------------------
; Table of Contents ;
---------------------
  1. Legal Notice
  2. Fitter Summary
  3. Fitter Settings
  4. Fitter Device Options
  5. Fitter Equations
  6. Pin-Out File
  7. Fitter Resource Usage Summary
  8. Input Pins
  9. Output Pins
 10. I/O Bank Usage
 11. All Package Pins
 12. Output Pin Default Load For Reported TCO
 13. Fitter Resource Utilization by Entity
 14. Delay Chain Summary
 15. Pad To Core Delay Chain Fanout
 16. Non-Global High Fan-Out Signals
 17. Interconnect Usage Summary
 18. LAB Logic Elements
 19. LAB Signals Sourced
 20. LAB Signals Sourced Out
 21. LAB Distinct Inputs
 22. Fitter Messages



----------------
; Legal Notice ;
----------------
Copyright (C) 1991-2005 Altera Corporation
Your use of Altera Corporation's design tools, logic functions 
and other software and tools, and its AMPP partner logic       
functions, and any output files any of the foregoing           
(including device programming or simulation files), and any    
associated documentation or information are expressly subject  
to the terms and conditions of the Altera Program License      
Subscription Agreement, Altera MegaCore Function License       
Agreement, or other applicable license agreement, including,   
without limitation, that your use is for the sole purpose of   
programming logic devices manufactured by Altera and sold by   
Altera or its authorized distributors.  Please refer to the    
applicable agreement for further details.



+---------------------------------------------------------------------+
; Fitter Summary                                                      ;
+--------------------------+------------------------------------------+
; Fitter Status            ; Successful - Thu Nov 08 01:39:34 2018    ;
; Quartus II Version       ; 5.0 Build 148 04/26/2005 SJ Full Version ;
; Revision Name            ; double_coder                             ;
; Top-level Entity Name    ; double_coder                             ;
; Family                   ; Stratix                                  ;
; Device                   ; EP1S10F484C5                             ;
; Timing Models            ; Final                                    ;
; Total logic elements     ; 86 / 10,570 ( < 1 % )                    ;
; Total pins               ; 71 / 336 ( 21 % )                        ;
; Total virtual pins       ; 0                                        ;
; Total memory bits        ; 0 / 920,448 ( 0 % )                      ;
; DSP block 9-bit elements ; 0 / 48 ( 0 % )                           ;
; Total PLLs               ; 0 / 6 ( 0 % )                            ;
; Total DLLs               ; 0 / 2 ( 0 % )                            ;
+--------------------------+------------------------------------------+


+----------------------------------------------------------------------------------------------------------------------+
; Fitter Settings                                                                                                      ;
+----------------------------------------------------+--------------------------------+--------------------------------+
; Option                                             ; Setting                        ; Default Value                  ;
+----------------------------------------------------+--------------------------------+--------------------------------+
; Device                                             ; AUTO                           ;                                ;
; Use smart compilation                              ; Off                            ; Off                            ;
; Placement Effort Multiplier                        ; 1.0                            ; 1.0                            ;
; Router Effort Multiplier                           ; 1.0                            ; 1.0                            ;
; Optimize Hold Timing                               ; IO Paths and Minimum TPD Paths ; IO Paths and Minimum TPD Paths ;
; Optimize Fast-Corner Timing                        ; Off                            ; Off                            ;
; Optimize Timing                                    ; Normal compilation             ; Normal compilation             ;
; Optimize IOC Register Placement for Timing         ; On                             ; On                             ;
; Limit to One Fitting Attempt                       ; Off                            ; Off                            ;
; Final Placement Optimizations                      ; Automatically                  ; Automatically                  ;
; Fitter Initial Placement Seed                      ; 1                              ; 1                              ;
; Slow Slew Rate                                     ; Off                            ; Off                            ;
; PCI I/O                                            ; Off                            ; Off                            ;
; Weak Pull-Up Resistor                              ; Off                            ; Off                            ;
; Enable Bus-Hold Circuitry                          ; Off                            ; Off                            ;
; Auto Global Memory Control Signals                 ; Off                            ; Off                            ;
; Auto Packed Registers -- Stratix/Stratix GX        ; Auto                           ; Auto                           ;
; Auto Delay Chains                                  ; On                             ; On                             ;
; Auto Merge PLLs                                    ; On                             ; On                             ;
; Perform Physical Synthesis for Combinational Logic ; Off                            ; Off                            ;
; Perform Register Duplication                       ; Off                            ; Off                            ;
; Perform Register Retiming                          ; Off                            ; Off                            ;
; Fitter Effort                                      ; Auto Fit                       ; Auto Fit                       ;
; Physical Synthesis Effort Level                    ; Normal                         ; Normal                         ;
; Logic Cell Insertion - Logic Duplication           ; Auto                           ; Auto                           ;
; Auto Register Duplication                          ; Off                            ; Off                            ;
; Auto Global Clock                                  ; On                             ; On                             ;
; Auto Global Register Control Signals               ; On                             ; On                             ;
+----------------------------------------------------+--------------------------------+--------------------------------+


+-------------------------------------------------------------------------+
; Fitter Device Options                                                   ;
+----------------------------------------------+--------------------------+
; Option                                       ; Setting                  ;
+----------------------------------------------+--------------------------+
; Enable user-supplied start-up clock (CLKUSR) ; Off                      ;
; Enable device-wide reset (DEV_CLRn)          ; Off                      ;
; Enable device-wide output enable (DEV_OE)    ; Off                      ;
; Enable INIT_DONE output                      ; Off                      ;
; Configuration scheme                         ; Passive Serial           ;
; Error detection CRC                          ; Off                      ;
; Reserve Data[0] pin after configuration      ; As input tri-stated      ;
; Reserve all unused pins                      ; As output driving ground ;
; Base pin-out file on sameframe device        ; Off                      ;
+----------------------------------------------+--------------------------+


+------------------+
; Fitter Equations ;
+------------------+
The equations can be found in C:/altera_labs/laba7/double_coder/double_coder.fit.eqn.


+--------------+
; Pin-Out File ;
+--------------+
The pin-out file can be found in C:/altera_labs/laba7/double_coder/double_coder.pin.


+---------------------------------------------------------------------+
; Fitter Resource Usage Summary                                       ;
+---------------------------------------------+-----------------------+
; Resource                                    ; Usage                 ;
+---------------------------------------------+-----------------------+
; Total logic elements                        ; 86 / 10,570 ( < 1 % ) ;
;     -- Combinational with no register       ; 86                    ;
;     -- Register only                        ; 0                     ;
;     -- Combinational with a register        ; 0                     ;
;                                             ;                       ;
; Logic element usage by number of LUT inputs ;                       ;
;     -- 4 input functions                    ; 62                    ;
;     -- 3 input functions                    ; 10                    ;
;     -- 2 input functions                    ; 14                    ;
;     -- 1 input functions                    ; 0                     ;
;     -- 0 input functions                    ; 0                     ;
;                                             ;                       ;
; Logic elements by mode                      ;                       ;
;     -- normal mode                          ; 86                    ;
;     -- arithmetic mode                      ; 0                     ;
;     -- qfbk mode                            ; 0                     ;
;     -- register cascade mode                ; 0                     ;
;     -- synchronous clear/load mode          ; 0                     ;
;     -- asynchronous clear/load mode         ; 0                     ;
;                                             ;                       ;
; Total LABs                                  ; 11 / 1,057 ( 1 % )    ;
; Logic elements in carry chains              ; 0                     ;
; User inserted logic elements                ; 0                     ;
; Virtual pins                                ; 0                     ;
; I/O pins                                    ; 71 / 336 ( 21 % )     ;
;     -- Clock pins                           ; 4 / 16 ( 25 % )       ;
; Global signals                              ; 0                     ;
; M512s                                       ; 0 / 94 ( 0 % )        ;
; M4Ks                                        ; 0 / 60 ( 0 % )        ;
; M-RAMs                                      ; 0 / 1 ( 0 % )         ;
; Total memory bits                           ; 0 / 920,448 ( 0 % )   ;
; Total RAM block bits                        ; 0 / 920,448 ( 0 % )   ;
; DSP block 9-bit elements                    ; 0 / 48 ( 0 % )        ;
; Global clocks                               ; 0 / 16 ( 0 % )        ;
; Regional clocks                             ; 0 / 16 ( 0 % )        ;
; Fast regional clocks                        ; 0 / 8 ( 0 % )         ;
; SERDES transmitters                         ; 0 / 44 ( 0 % )        ;
; SERDES receivers                            ; 0 / 44 ( 0 % )        ;
; Maximum fan-out node                        ; hpri:inst10|inst17    ;
; Maximum fan-out                             ; 8                     ;
; Total fan-out                               ; 313                   ;
; Average fan-out                             ; 1.98                  ;
+---------------------------------------------+-----------------------+


+------------------------------------------------------------------------------------------------------------------------------------------------------------------------------------------------------------------------------------------------------------+
; Input Pins                                                                                                                                                                                                                                                 ;
+------+-------+----------+--------------+--------------+-------------+-----------------------+--------------------+--------+----------------+---------------+-----------------+----------+--------------+--------------+-------------+----------------------+
; Name ; Pin # ; I/O Bank ; X coordinate ; Y coordinate ; Cell number ; Combinational Fan-Out ; Registered Fan-Out ; Global ; Input Register ; Power Up High ; PCI I/O Enabled ; Bus Hold ; Weak Pull Up ; I/O Standard ; Termination ; Location assigned by ;
+------+-------+----------+--------------+--------------+-------------+-----------------------+--------------------+--------+----------------+---------------+-----------------+----------+--------------+--------------+-------------+----------------------+
; x0   ; Y16   ; 8        ; 7            ; 0            ; 4           ; 1                     ; 0                  ; no     ; no             ; no            ; no              ; no       ; Off          ; LVTTL        ; Off         ; Fitter               ;
; x1   ; N16   ; 8        ; 9            ; 0            ; 0           ; 2                     ; 0                  ; no     ; no             ; no            ; no              ; no       ; Off          ; LVTTL        ; Off         ; Fitter               ;
; x10  ; Y20   ; 8        ; 1            ; 0            ; 4           ; 2                     ; 0                  ; no     ; no             ; no            ; no              ; no       ; Off          ; LVTTL        ; Off         ; Fitter               ;
; x11  ; W18   ; 8        ; 3            ; 0            ; 0           ; 2                     ; 0                  ; no     ; no             ; no            ; no              ; no       ; Off          ; LVTTL        ; Off         ; Fitter               ;
; x12  ; AA19  ; 8        ; 3            ; 0            ; 3           ; 3                     ; 0                  ; no     ; no             ; no            ; no              ; no       ; Off          ; LVTTL        ; Off         ; Fitter               ;
; x13  ; W19   ; 8        ; 1            ; 0            ; 0           ; 3                     ; 0                  ; no     ; no             ; no            ; no              ; no       ; Off          ; LVTTL        ; Off         ; Fitter               ;
; x14  ; AB19  ; 8        ; 3            ; 0            ; 5           ; 3                     ; 0                  ; no     ; no             ; no            ; no              ; no       ; Off          ; LVTTL        ; Off         ; Fitter               ;
; x15  ; AA21  ; 8        ; 1            ; 0            ; 3           ; 3                     ; 0                  ; no     ; no             ; no            ; no              ; no       ; Off          ; LVTTL        ; Off         ; Fitter               ;
; x16  ; AB18  ; 8        ; 5            ; 0            ; 1           ; 1                     ; 0                  ; no     ; no             ; no            ; no              ; no       ; Off          ; LVTTL        ; Off         ; Fitter               ;
; x17  ; W20   ; 8        ; 1            ; 0            ; 1           ; 2                     ; 0                  ; no     ; no             ; no            ; no              ; no       ; Off          ; LVTTL        ; Off         ; Fitter               ;
; x18  ; W17   ; 8        ; 5            ; 0            ; 2           ; 3                     ; 0                  ; no     ; no             ; no            ; no              ; no       ; Off          ; LVTTL        ; Off         ; Fitter               ;
; x19  ; Y18   ; 8        ; 5            ; 0            ; 3           ; 3                     ; 0                  ; no     ; no             ; no            ; no              ; no       ; Off          ; LVTTL        ; Off         ; Fitter               ;
; x2   ; AB16  ; 8        ; 9            ; 0            ; 5           ; 2                     ; 0                  ; no     ; no             ; no            ; no              ; no       ; Off          ; LVTTL        ; Off         ; Fitter               ;
; x20  ; AB17  ; 8        ; 5            ; 0            ; 4           ; 3                     ; 0                  ; no     ; no             ; no            ; no              ; no       ; Off          ; LVTTL        ; Off         ; Fitter               ;
; x21  ; AA17  ; 8        ; 3            ; 0            ; 4           ; 3                     ; 0                  ; no     ; no             ; no            ; no              ; no       ; Off          ; LVTTL        ; Off         ; Fitter               ;
; x22  ; Y17   ; 8        ; 5            ; 0            ; 5           ; 4                     ; 0                  ; no     ; no             ; no            ; no              ; no       ; Off          ; LVTTL        ; Off         ; Fitter               ;
; x23  ; V18   ; 8        ; 5            ; 0            ; 0           ; 4                     ; 0                  ; no     ; no             ; no            ; no              ; no       ; Off          ; LVTTL        ; Off         ; Fitter               ;
; x24  ; AB15  ; 8        ; 12           ; 0            ; 0           ; 1                     ; 0                  ; no     ; no             ; no            ; no              ; no       ; Off          ; LVTTL        ; Off         ; Fitter               ;
; x25  ; T15   ; 8        ; 12           ; 0            ; 4           ; 2                     ; 0                  ; no     ; no             ; no            ; no              ; no       ; Off          ; LVTTL        ; Off         ; Fitter               ;
; x26  ; AA15  ; 8        ; 12           ; 0            ; 1           ; 3                     ; 0                  ; no     ; no             ; no            ; no              ; no       ; Off          ; LVTTL        ; Off         ; Fitter               ;
; x27  ; R15   ; 8        ; 12           ; 0            ; 2           ; 3                     ; 0                  ; no     ; no             ; no            ; no              ; no       ; Off          ; LVTTL        ; Off         ; Fitter               ;
; x28  ; V14   ; 8        ; 17           ; 0            ; 4           ; 3                     ; 0                  ; no     ; no             ; no            ; no              ; no       ; Off          ; LVTTL        ; Off         ; Fitter               ;
; x29  ; V15   ; 8        ; 12           ; 0            ; 3           ; 3                     ; 0                  ; no     ; no             ; no            ; no              ; no       ; Off          ; LVTTL        ; Off         ; Fitter               ;
; x3   ; Y15   ; 8        ; 9            ; 0            ; 4           ; 2                     ; 0                  ; no     ; no             ; no            ; no              ; no       ; Off          ; LVTTL        ; Off         ; Fitter               ;
; x30  ; U15   ; 8        ; 17           ; 0            ; 1           ; 4                     ; 0                  ; no     ; no             ; no            ; no              ; no       ; Off          ; LVTTL        ; Off         ; Fitter               ;
; x31  ; U14   ; 8        ; 17           ; 0            ; 3           ; 3                     ; 0                  ; no     ; no             ; no            ; no              ; no       ; Off          ; LVTTL        ; Off         ; Fitter               ;
; x32  ; AB12  ; 11       ; 25           ; 0            ; 3           ; 1                     ; 0                  ; no     ; no             ; no            ; no              ; no       ; Off          ; LVTTL        ; Off         ; Fitter               ;
; x33  ; Y14   ; 8        ; 21           ; 0            ; 3           ; 2                     ; 0                  ; no     ; no             ; no            ; no              ; no       ; Off          ; LVTTL        ; Off         ; Fitter               ;
; x34  ; V13   ; 8        ; 21           ; 0            ; 0           ; 2                     ; 0                  ; no     ; no             ; no            ; no              ; no       ; Off          ; LVTTL        ; Off         ; Fitter               ;
; x35  ; AA14  ; 8        ; 21           ; 0            ; 2           ; 2                     ; 0                  ; no     ; no             ; no            ; no              ; no       ; Off          ; LVTTL        ; Off         ; Fitter               ;
; x36  ; W13   ; 8        ; 21           ; 0            ; 1           ; 3                     ; 0                  ; no     ; no             ; no            ; no              ; no       ; Off          ; LVTTL        ; Off         ; Fitter               ;
; x37  ; AA12  ; 11       ; 25           ; 0            ; 2           ; 3                     ; 0                  ; no     ; no             ; no            ; no              ; no       ; Off          ; LVTTL        ; Off         ; Fitter               ;
; x38  ; AA13  ; 11       ; 25           ; 0            ; 4           ; 3                     ; 0                  ; no     ; no             ; no            ; no              ; no       ; Off          ; LVTTL        ; Off         ; Fitter               ;
; x39  ; Y12   ; 11       ; 25           ; 0            ; 1           ; 3                     ; 0                  ; no     ; no             ; no            ; no              ; no       ; Off          ; LVTTL        ; Off         ; Fitter               ;
; x4   ; U17   ; 8        ; 7            ; 0            ; 0           ; 3                     ; 0                  ; no     ; no             ; no            ; no              ; no       ; Off          ; LVTTL        ; Off         ; Fitter               ;
; x40  ; N15   ; 8        ; 19           ; 0            ; 0           ; 1                     ; 0                  ; no     ; no             ; no            ; no              ; no       ; Off          ; LVTTL        ; Off         ; Fitter               ;
; x41  ; P13   ; 8        ; 19           ; 0            ; 4           ; 2                     ; 0                  ; no     ; no             ; no            ; no              ; no       ; Off          ; LVTTL        ; Off         ; Fitter               ;
; x42  ; Y13   ; 11       ; 25           ; 0            ; 5           ; 2                     ; 0                  ; no     ; no             ; no            ; no              ; no       ; Off          ; LVTTL        ; Off         ; Fitter               ;
; x43  ; N14   ; 8        ; 17           ; 0            ; 2           ; 2                     ; 0                  ; no     ; no             ; no            ; no              ; no       ; Off          ; LVTTL        ; Off         ; Fitter               ;
; x44  ; T14   ; 8        ; 19           ; 0            ; 5           ; 3                     ; 0                  ; no     ; no             ; no            ; no              ; no       ; Off          ; LVTTL        ; Off         ; Fitter               ;
; x45  ; P14   ; 8        ; 19           ; 0            ; 2           ; 3                     ; 0                  ; no     ; no             ; no            ; no              ; no       ; Off          ; LVTTL        ; Off         ; Fitter               ;
; x46  ; W16   ; 8        ; 9            ; 0            ; 3           ; 4                     ; 0                  ; no     ; no             ; no            ; no              ; no       ; Off          ; LVTTL        ; Off         ; Fitter               ;
; x47  ; P15   ; 8        ; 19           ; 0            ; 1           ; 3                     ; 0                  ; no     ; no             ; no            ; no              ; no       ; Off          ; LVTTL        ; Off         ; Fitter               ;
; x48  ; P9    ; 7        ; 33           ; 0            ; 3           ; 1                     ; 0                  ; no     ; no             ; no            ; no              ; no       ; Off          ; LVTTL        ; Off         ; Fitter               ;
; x49  ; V9    ; 7        ; 36           ; 0            ; 4           ; 2                     ; 0                  ; no     ; no             ; no            ; no              ; no       ; Off          ; LVTTL        ; Off         ; Fitter               ;
; x5   ; AA16  ; 8        ; 9            ; 0            ; 1           ; 3                     ; 0                  ; no     ; no             ; no            ; no              ; no       ; Off          ; LVTTL        ; Off         ; Fitter               ;
; x50  ; N8    ; 7        ; 33           ; 0            ; 4           ; 3                     ; 0                  ; no     ; no             ; no            ; no              ; no       ; Off          ; LVTTL        ; Off         ; Fitter               ;
; x51  ; M8    ; 7        ; 33           ; 0            ; 2           ; 3                     ; 0                  ; no     ; no             ; no            ; no              ; no       ; Off          ; LVTTL        ; Off         ; Fitter               ;
; x52  ; U9    ; 7        ; 36           ; 0            ; 5           ; 3                     ; 0                  ; no     ; no             ; no            ; no              ; no       ; Off          ; LVTTL        ; Off         ; Fitter               ;
; x53  ; T10   ; 7        ; 33           ; 0            ; 0           ; 3                     ; 0                  ; no     ; no             ; no            ; no              ; no       ; Off          ; LVTTL        ; Off         ; Fitter               ;
; x54  ; P10   ; 7        ; 33           ; 0            ; 1           ; 4                     ; 0                  ; no     ; no             ; no            ; no              ; no       ; Off          ; LVTTL        ; Off         ; Fitter               ;
; x55  ; AA8   ; 7        ; 36           ; 0            ; 1           ; 3                     ; 0                  ; no     ; no             ; no            ; no              ; no       ; Off          ; LVTTL        ; Off         ; Fitter               ;
; x56  ; AB11  ; 7        ; 29           ; 0            ; 3           ; 1                     ; 0                  ; no     ; no             ; no            ; no              ; no       ; Off          ; LVTTL        ; Off         ; Fitter               ;
; x57  ; AA11  ; 7        ; 29           ; 0            ; 1           ; 2                     ; 0                  ; no     ; no             ; no            ; no              ; no       ; Off          ; LVTTL        ; Off         ; Fitter               ;
; x58  ; N10   ; 7        ; 31           ; 0            ; 3           ; 3                     ; 0                  ; no     ; no             ; no            ; no              ; no       ; Off          ; LVTTL        ; Off         ; Fitter               ;
; x59  ; Y9    ; 7        ; 36           ; 0            ; 0           ; 3                     ; 0                  ; no     ; no             ; no            ; no              ; no       ; Off          ; LVTTL        ; Off         ; Fitter               ;
; x6   ; T16   ; 8        ; 7            ; 0            ; 1           ; 3                     ; 0                  ; no     ; no             ; no            ; no              ; no       ; Off          ; LVTTL        ; Off         ; Fitter               ;
; x60  ; P8    ; 7        ; 36           ; 0            ; 2           ; 3                     ; 0                  ; no     ; no             ; no            ; no              ; no       ; Off          ; LVTTL        ; Off         ; Fitter               ;
; x61  ; Y8    ; 7        ; 36           ; 0            ; 3           ; 3                     ; 0                  ; no     ; no             ; no            ; no              ; no       ; Off          ; LVTTL        ; Off         ; Fitter               ;
; x62  ; T9    ; 7        ; 33           ; 0            ; 5           ; 3                     ; 0                  ; no     ; no             ; no            ; no              ; no       ; Off          ; LVTTL        ; Off         ; Fitter               ;
; x63  ; R8    ; 7        ; 31           ; 0            ; 0           ; 3                     ; 0                  ; no     ; no             ; no            ; no              ; no       ; Off          ; LVTTL        ; Off         ; Fitter               ;
; x7   ; V17   ; 8        ; 7            ; 0            ; 2           ; 3                     ; 0                  ; no     ; no             ; no            ; no              ; no       ; Off          ; LVTTL        ; Off         ; Fitter               ;
; x8   ; Y19   ; 8        ; 3            ; 0            ; 1           ; 1                     ; 0                  ; no     ; no             ; no            ; no              ; no       ; Off          ; LVTTL        ; Off         ; Fitter               ;
; x9   ; AA18  ; 8        ; 3            ; 0            ; 2           ; 2                     ; 0                  ; no     ; no             ; no            ; no              ; no       ; Off          ; LVTTL        ; Off         ; Fitter               ;
+------+-------+----------+--------------+--------------+-------------+-----------------------+--------------------+--------+----------------+---------------+-----------------+----------+--------------+--------------+-------------+----------------------+


+---------------------------------------------------------------------------------------------------------------------------------------------------------------------------------------------------------------------------------------------------------------------------------------------------------------+
; Output Pins                                                                                                                                                                                                                                                                                                   ;
+------+-------+----------+--------------+--------------+-------------+-----------------+------------------------+---------------+----------------+-----------------+------------+---------------+----------+--------------+--------------+------------------+-------------+----------------------+-------------+
; Name ; Pin # ; I/O Bank ; X coordinate ; Y coordinate ; Cell number ; Output Register ; Output Enable Register ; Power Up High ; Slow Slew Rate ; PCI I/O Enabled ; Open Drain ; TRI Primitive ; Bus Hold ; Weak Pull Up ; I/O Standard ; Current Strength ; Termination ; Location assigned by ; Load        ;
+------+-------+----------+--------------+--------------+-------------+-----------------+------------------------+---------------+----------------+-----------------+------------+---------------+----------+--------------+--------------+------------------+-------------+----------------------+-------------+
; G    ; W14   ; 8        ; 17           ; 0            ; 5           ; no              ; no                     ; no            ; no             ; no              ; no         ; no            ; no       ; Off          ; LVTTL        ; 24mA             ; Off         ; Fitter               ; Unspecified ;
; a0   ; N13   ; 8        ; 9            ; 0            ; 2           ; no              ; no                     ; no            ; no             ; no              ; no         ; no            ; no       ; Off          ; LVTTL        ; 24mA             ; Off         ; Fitter               ; Unspecified ;
; a1   ; V16   ; 8        ; 7            ; 0            ; 5           ; no              ; no                     ; no            ; no             ; no              ; no         ; no            ; no       ; Off          ; LVTTL        ; 24mA             ; Off         ; Fitter               ; Unspecified ;
; a2   ; U16   ; 8        ; 7            ; 0            ; 3           ; no              ; no                     ; no            ; no             ; no              ; no         ; no            ; no       ; Off          ; LVTTL        ; 24mA             ; Off         ; Fitter               ; Unspecified ;
; a3   ; W15   ; 8        ; 17           ; 0            ; 0           ; no              ; no                     ; no            ; no             ; no              ; no         ; no            ; no       ; Off          ; LVTTL        ; 24mA             ; Off         ; Fitter               ; Unspecified ;
; a4   ; P16   ; 8        ; 12           ; 0            ; 5           ; no              ; no                     ; no            ; no             ; no              ; no         ; no            ; no       ; Off          ; LVTTL        ; 24mA             ; Off         ; Fitter               ; Unspecified ;
; a5   ; W12   ; 11       ; 25           ; 0            ; 0           ; no              ; no                     ; no            ; no             ; no              ; no         ; no            ; no       ; Off          ; LVTTL        ; 24mA             ; Off         ; Fitter               ; Unspecified ;
+------+-------+----------+--------------+--------------+-------------+-----------------+------------------------+---------------+----------------+-----------------+------------+---------------+----------+--------------+--------------+------------------+-------------+----------------------+-------------+


+------------------------------------------------------------+
; I/O Bank Usage                                             ;
+----------+------------------+---------------+--------------+
; I/O Bank ; Usage            ; VCCIO Voltage ; VREF Voltage ;
+----------+------------------+---------------+--------------+
; 1        ; 0 / 29 ( 0 % )   ; 3.3V          ; --           ;
; 2        ; 0 / 30 ( 0 % )   ; 3.3V          ; --           ;
; 3        ; 0 / 51 ( 0 % )   ; 3.3V          ; --           ;
; 4        ; 1 / 52 ( 1 % )   ; 3.3V          ; --           ;
; 5        ; 0 / 29 ( 0 % )   ; 3.3V          ; --           ;
; 6        ; 0 / 29 ( 0 % )   ; 3.3V          ; --           ;
; 7        ; 16 / 52 ( 30 % ) ; 3.3V          ; --           ;
; 8        ; 49 / 51 ( 96 % ) ; 3.3V          ; --           ;
; 9        ; 0 / 6 ( 0 % )    ; 3.3V          ; --           ;
; 11       ; 6 / 6 ( 100 % )  ; 3.3V          ; --           ;
+----------+------------------+---------------+--------------+


+---------------------------------------------------------------------------------------------------------------------------------------------+
; All Package Pins                                                                                                                            ;
+----------+------------+----------+---------------------------+--------+--------------+---------+------------+-------------+-----------------+
; Location ; Pad Number ; I/O Bank ; Pin Name/Usage            ; Dir.   ; I/O Standard ; Voltage ; I/O Type   ; Termination ; User Assignment ;
+----------+------------+----------+---------------------------+--------+--------------+---------+------------+-------------+-----------------+
; A1       ;            ;          ; VCCINT                    ; power  ;              ; 1.5V    ; --         ; --          ;                 ;
; A2       ;            ;          ; GND                       ; gnd    ;              ;         ; --         ; --          ;                 ;
; A3       ;            ; 4        ; VCCIO4                    ; power  ;              ; 3.3V    ; --         ; --          ;                 ;
; A4       ; 339        ; 4        ; GND*                      ;        ;              ;         ; Column I/O ; --          ;                 ;
; A5       ; 346        ; 4        ; GND*                      ;        ;              ;         ; Column I/O ; --          ;                 ;
; A6       ; 351        ; 4        ; GND*                      ;        ;              ;         ; Column I/O ; --          ;                 ;
; A7       ; 355        ; 4        ; GND*                      ;        ;              ;         ; Column I/O ; --          ;                 ;
; A8       ; 356        ; 4        ; GND*                      ;        ;              ;         ; Column I/O ; --          ;                 ;
; A9       ;            ;          ; GND                       ; gnd    ;              ;         ; --         ; --          ;                 ;
; A10      ;            ; 4        ; VCCIO4                    ; power  ;              ; 3.3V    ; --         ; --          ;                 ;
; A11      ; 389        ; 4        ; GND+                      ;        ;              ;         ; Column I/O ; --          ;                 ;
; A12      ; 395        ; 9        ; GND*                      ;        ;              ;         ; Column I/O ; --          ;                 ;
; A13      ;            ; 3        ; VCCIO3                    ; power  ;              ; 3.3V    ; --         ; --          ;                 ;
; A14      ;            ;          ; GND                       ; gnd    ;              ;         ; --         ; --          ;                 ;
; A15      ; 416        ; 3        ; GND*                      ;        ;              ;         ; Column I/O ; --          ;                 ;
; A16      ; 429        ; 3        ; GND*                      ;        ;              ;         ; Column I/O ; --          ;                 ;
; A17      ; 436        ; 3        ; GND*                      ;        ;              ;         ; Column I/O ; --          ;                 ;
; A18      ; 444        ; 3        ; GND*                      ;        ;              ;         ; Column I/O ; --          ;                 ;
; A19      ; 450        ; 3        ; GND*                      ;        ;              ;         ; Column I/O ; --          ;                 ;
; A20      ;            ; 3        ; VCCIO3                    ; power  ;              ; 3.3V    ; --         ; --          ;                 ;
; A21      ;            ;          ; GND                       ; gnd    ;              ;         ; --         ; --          ;                 ;
; A22      ;            ;          ; VCCINT                    ; power  ;              ; 1.5V    ; --         ; --          ;                 ;
; AA1      ;            ;          ; GND                       ; gnd    ;              ;         ; --         ; --          ;                 ;
; AA2      ; 225        ; 7        ; GND*                      ;        ;              ;         ; Column I/O ; --          ;                 ;
; AA3      ; 224        ; 7        ; GND*                      ;        ;              ;         ; Column I/O ; --          ;                 ;
; AA4      ; 220        ; 7        ; GND*                      ;        ;              ;         ; Column I/O ; --          ;                 ;
; AA5      ; 216        ; 7        ; GND*                      ;        ;              ;         ; Column I/O ; --          ;                 ;
; AA6      ; 210        ; 7        ; GND*                      ;        ;              ;         ; Column I/O ; --          ;                 ;
; AA7      ; 204        ; 7        ; GND*                      ;        ;              ;         ; Column I/O ; --          ;                 ;
; AA8      ; 187        ; 7        ; x55                       ; input  ; LVTTL        ;         ; Column I/O ; Off         ; N               ;
; AA9      ;            ;          ; NC                        ;        ;              ;         ; --         ; --          ;                 ;
; AA10     ;            ;          ; NC                        ;        ;              ;         ; --         ; --          ;                 ;
; AA11     ; 168        ; 7        ; x57                       ; input  ; LVTTL        ;         ; Column I/O ; Off         ; N               ;
; AA12     ; 165        ; 11       ; x37                       ; input  ; LVTTL        ;         ; Column I/O ; Off         ; N               ;
; AA13     ; 167        ; 11       ; x38                       ; input  ; LVTTL        ;         ; Column I/O ; Off         ; N               ;
; AA14     ; 153        ; 8        ; x35                       ; input  ; LVTTL        ;         ; Column I/O ; Off         ; N               ;
; AA15     ; 131        ; 8        ; x26                       ; input  ; LVTTL        ;         ; Column I/O ; Off         ; N               ;
; AA16     ; 125        ; 8        ; x5                        ; input  ; LVTTL        ;         ; Column I/O ; Off         ; N               ;
; AA17     ; 111        ; 8        ; x21                       ; input  ; LVTTL        ;         ; Column I/O ; Off         ; N               ;
; AA18     ; 109        ; 8        ; x9                        ; input  ; LVTTL        ;         ; Column I/O ; Off         ; N               ;
; AA19     ; 108        ; 8        ; x12                       ; input  ; LVTTL        ;         ; Column I/O ; Off         ; N               ;
; AA20     ; 103        ; 8        ; GND*                      ;        ;              ;         ; Column I/O ; --          ;                 ;
; AA21     ; 102        ; 8        ; x15                       ; input  ; LVTTL        ;         ; Column I/O ; Off         ; N               ;
; AA22     ;            ;          ; GND                       ; gnd    ;              ;         ; --         ; --          ;                 ;
; AB1      ;            ;          ; VCCINT                    ; power  ;              ; 1.5V    ; --         ; --          ;                 ;
; AB2      ;            ;          ; GND                       ; gnd    ;              ;         ; --         ; --          ;                 ;
; AB3      ;            ; 7        ; VCCIO7                    ; power  ;              ; 3.3V    ; --         ; --          ;                 ;
; AB4      ; 221        ; 7        ; GND*                      ;        ;              ;         ; Column I/O ; --          ;                 ;
; AB5      ; 213        ; 7        ; GND*                      ;        ;              ;         ; Column I/O ; --          ;                 ;
; AB6      ; 212        ; 7        ; GND*                      ;        ;              ;         ; Column I/O ; --          ;                 ;
; AB7      ; 203        ; 7        ; GND*                      ;        ;              ;         ; Column I/O ; --          ;                 ;
; AB8      ; 201        ; 7        ; GND*                      ;        ;              ;         ; Column I/O ; --          ;                 ;
; AB9      ;            ;          ; GND                       ; gnd    ;              ;         ; --         ; --          ;                 ;
; AB10     ;            ; 7        ; VCCIO7                    ; power  ;              ; 3.3V    ; --         ; --          ;                 ;
; AB11     ; 170        ; 7        ; x56                       ; input  ; LVTTL        ;         ; Column I/O ; Off         ; N               ;
; AB12     ; 164        ; 11       ; x32                       ; input  ; LVTTL        ;         ; Column I/O ; Off         ; N               ;
; AB13     ;            ; 8        ; VCCIO8                    ; power  ;              ; 3.3V    ; --         ; --          ;                 ;
; AB14     ;            ;          ; GND                       ; gnd    ;              ;         ; --         ; --          ;                 ;
; AB15     ; 132        ; 8        ; x24                       ; input  ; LVTTL        ;         ; Column I/O ; Off         ; N               ;
; AB16     ; 129        ; 8        ; x2                        ; input  ; LVTTL        ;         ; Column I/O ; Off         ; N               ;
; AB17     ; 118        ; 8        ; x20                       ; input  ; LVTTL        ;         ; Column I/O ; Off         ; N               ;
; AB18     ; 113        ; 8        ; x16                       ; input  ; LVTTL        ;         ; Column I/O ; Off         ; N               ;
; AB19     ; 110        ; 8        ; x14                       ; input  ; LVTTL        ;         ; Column I/O ; Off         ; N               ;
; AB20     ;            ; 8        ; VCCIO8                    ; power  ;              ; 3.3V    ; --         ; --          ;                 ;
; AB21     ;            ;          ; GND                       ; gnd    ;              ;         ; --         ; --          ;                 ;
; AB22     ;            ;          ; VCCINT                    ; power  ;              ; 1.5V    ; --         ; --          ;                 ;
; B1       ;            ;          ; GND                       ; gnd    ;              ;         ; --         ; --          ;                 ;
; B2       ; 332        ; 4        ; GND*                      ;        ;              ;         ; Column I/O ; --          ;                 ;
; B3       ; 331        ; 4        ; GND*                      ;        ;              ;         ; Column I/O ; --          ;                 ;
; B4       ; 335        ; 4        ; GND*                      ;        ;              ;         ; Column I/O ; --          ;                 ;
; B5       ; 345        ; 4        ; GND*                      ;        ;              ;         ; Column I/O ; --          ;                 ;
; B6       ; 353        ; 4        ; GND*                      ;        ;              ;         ; Column I/O ; --          ;                 ;
; B7       ; 350        ; 4        ; GND*                      ;        ;              ;         ; Column I/O ; --          ;                 ;
; B8       ; 367        ; 4        ; GND*                      ;        ;              ;         ; Column I/O ; --          ;                 ;
; B9       ;            ;          ; NC                        ;        ;              ;         ; --         ; --          ;                 ;
; B10      ;            ;          ; NC                        ;        ;              ;         ; --         ; --          ;                 ;
; B11      ; 391        ; 4        ; GND+                      ;        ;              ;         ; Column I/O ; --          ;                 ;
; B12      ; 394        ; 9        ; GND*                      ;        ;              ;         ; Column I/O ; --          ;                 ;
; B13      ; 393        ; 9        ; GND*                      ;        ;              ;         ; Column I/O ; --          ;                 ;
; B14      ; 406        ; 3        ; GND+                      ;        ;              ;         ; Column I/O ; --          ;                 ;
; B15      ; 428        ; 3        ; GND*                      ;        ;              ;         ; Column I/O ; --          ;                 ;
; B16      ; 432        ; 3        ; GND*                      ;        ;              ;         ; Column I/O ; --          ;                 ;
; B17      ; 438        ; 3        ; GND*                      ;        ;              ;         ; Column I/O ; --          ;                 ;
; B18      ; 445        ; 3        ; GND*                      ;        ;              ;         ; Column I/O ; --          ;                 ;
; B19      ; 451        ; 3        ; GND*                      ;        ;              ;         ; Column I/O ; --          ;                 ;
; B20      ; 455        ; 3        ; GND*                      ;        ;              ;         ; Column I/O ; --          ;                 ;
; B21      ; 456        ; 3        ; GND*                      ;        ;              ;         ; Column I/O ; --          ;                 ;
; B22      ;            ;          ; GND                       ; gnd    ;              ;         ; --         ; --          ;                 ;
; C1       ;            ; 5        ; VCCIO5                    ; power  ;              ; 3.3V    ; --         ; --          ;                 ;
; C2       ; 334        ; 4        ; GND*                      ;        ;              ;         ; Column I/O ; --          ;                 ;
; C3       ; 336        ; 4        ; GND*                      ;        ;              ;         ; Column I/O ; --          ;                 ;
; C4       ; 337        ; 4        ; GND*                      ;        ;              ;         ; Column I/O ; --          ;                 ;
; C5       ; 343        ; 4        ; GND*                      ;        ;              ;         ; Column I/O ; --          ;                 ;
; C6       ; 347        ; 4        ; GND*                      ;        ;              ;         ; Column I/O ; --          ;                 ;
; C7       ; 358        ; 4        ; GND*                      ;        ;              ;         ; Column I/O ; --          ;                 ;
; C8       ; 364        ; 4        ; GND*                      ;        ;              ;         ; Column I/O ; --          ;                 ;
; C9       ; 368        ; 4        ; GND*                      ;        ;              ;         ; Column I/O ; --          ;                 ;
; C10      ;            ;          ; NC                        ;        ;              ;         ; --         ; --          ;                 ;
; C11      ;            ;          ; NC                        ;        ;              ;         ; --         ; --          ;                 ;
; C12      ; 397        ; 9        ; GND*                      ;        ;              ;         ; Column I/O ; --          ;                 ;
; C13      ; 392        ; 9        ; GND*                      ;        ;              ;         ; Column I/O ; --          ;                 ;
; C14      ; 407        ; 3        ; GND*                      ;        ;              ;         ; Column I/O ; --          ;                 ;
; C15      ; 417        ; 3        ; GND*                      ;        ;              ;         ; Column I/O ; --          ;                 ;
; C16      ; 433        ; 3        ; GND*                      ;        ;              ;         ; Column I/O ; --          ;                 ;
; C17      ; 440        ; 3        ; GND*                      ;        ;              ;         ; Column I/O ; --          ;                 ;
; C18      ; 441        ; 3        ; GND*                      ;        ;              ;         ; Column I/O ; --          ;                 ;
; C19      ; 452        ; 3        ; GND*                      ;        ;              ;         ; Column I/O ; --          ;                 ;
; C20      ; 457        ; 3        ; GND*                      ;        ;              ;         ; Column I/O ; --          ;                 ;
; C21      ; 453        ; 3        ; GND*                      ;        ;              ;         ; Column I/O ; --          ;                 ;
; C22      ;            ; 2        ; VCCIO2                    ; power  ;              ; 3.3V    ; --         ; --          ;                 ;
; D1       ; 329        ; 5        ; GND*                      ;        ;              ;         ; Row I/O    ; --          ;                 ;
; D2       ; 328        ; 5        ; GND*                      ;        ;              ;         ; Row I/O    ; --          ;                 ;
; D3       ; 333        ; 4        ; GND*                      ;        ;              ;         ; Column I/O ; --          ;                 ;
; D4       ; 338        ; 4        ; GND*                      ;        ;              ;         ; Column I/O ; --          ;                 ;
; D5       ; 344        ; 4        ; GND*                      ;        ;              ;         ; Column I/O ; --          ;                 ;
; D6       ; 349        ; 4        ; GND*                      ;        ;              ;         ; Column I/O ; --          ;                 ;
; D7       ; 357        ; 4        ; GND*                      ;        ;              ;         ; Column I/O ; --          ;                 ;
; D8       ; 366        ; 4        ; GND*                      ;        ;              ;         ; Column I/O ; --          ;                 ;
; D9       ; 369        ; 4        ; GND*                      ;        ;              ;         ; Column I/O ; --          ;                 ;
; D10      ;            ;          ; NC                        ;        ;              ;         ; --         ; --          ;                 ;
; D11      ;            ;          ; NC                        ;        ;              ;         ; --         ; --          ;                 ;
; D12      ; 396        ; 9        ; GND*                      ;        ;              ;         ; Column I/O ; --          ;                 ;
; D13      ; 409        ; 3        ; GND*                      ;        ;              ;         ; Column I/O ; --          ;                 ;
; D14      ; 419        ; 3        ; GND*                      ;        ;              ;         ; Column I/O ; --          ;                 ;
; D15      ; 425        ; 3        ; GND*                      ;        ;              ;         ; Column I/O ; --          ;                 ;
; D16      ; 434        ; 3        ; GND*                      ;        ;              ;         ; Column I/O ; --          ;                 ;
; D17      ; 442        ; 3        ; GND*                      ;        ;              ;         ; Column I/O ; --          ;                 ;
; D18      ; 446        ; 3        ; GND*                      ;        ;              ;         ; Column I/O ; --          ;                 ;
; D19      ; 454        ; 3        ; GND*                      ;        ;              ;         ; Column I/O ; --          ;                 ;
; D20      ; 458        ; 3        ; GND*                      ;        ;              ;         ; Column I/O ; --          ;                 ;
; D21      ; 1          ; 2        ; GND*                      ;        ;              ;         ; Row I/O    ; --          ;                 ;
; D22      ; 0          ; 2        ; GND*                      ;        ;              ;         ; Row I/O    ; --          ;                 ;
; E1       ; 324        ; 5        ; GND*                      ;        ;              ;         ; Row I/O    ; --          ;                 ;
; E2       ; 325        ; 5        ; GND*                      ;        ;              ;         ; Row I/O    ; --          ;                 ;
; E3       ;            ;          ; NC                        ;        ;              ;         ; --         ; --          ;                 ;
; E4       ;            ;          ; NC                        ;        ;              ;         ; --         ; --          ;                 ;
; E5       ; 348        ; 4        ; GND*                      ;        ;              ;         ; Column I/O ; --          ;                 ;
; E6       ; 352        ; 4        ; GND*                      ;        ;              ;         ; Column I/O ; --          ;                 ;
; E7       ; 360        ; 4        ; GND*                      ;        ;              ;         ; Column I/O ; --          ;                 ;
; E8       ; 363        ; 4        ; GND*                      ;        ;              ;         ; Column I/O ; --          ;                 ;
; E9       ; 371        ; 4        ; GND*                      ;        ;              ;         ; Column I/O ; --          ;                 ;
; E10      ;            ;          ; NC                        ;        ;              ;         ; --         ; --          ;                 ;
; E11      ;            ;          ; NC                        ;        ;              ;         ; --         ; --          ;                 ;
; E12      ;            ;          ; NC                        ;        ;              ;         ; --         ; --          ;                 ;
; E13      ; 408        ; 3        ; GND+                      ;        ;              ;         ; Column I/O ; --          ;                 ;
; E14      ; 421        ; 3        ; GND*                      ;        ;              ;         ; Column I/O ; --          ;                 ;
; E15      ; 426        ; 3        ; GND*                      ;        ;              ;         ; Column I/O ; --          ;                 ;
; E16      ; 430        ; 3        ; GND*                      ;        ;              ;         ; Column I/O ; --          ;                 ;
; E17      ; 437        ; 3        ; GND*                      ;        ;              ;         ; Column I/O ; --          ;                 ;
; E18      ; 443        ; 3        ; GND*                      ;        ;              ;         ; Column I/O ; --          ;                 ;
; E19      ; 2          ; 2        ; GND*                      ;        ;              ;         ; Row I/O    ; --          ;                 ;
; E20      ; 3          ; 2        ; GND*                      ;        ;              ;         ; Row I/O    ; --          ;                 ;
; E21      ; 4          ; 2        ; GND*                      ;        ;              ;         ; Row I/O    ; --          ;                 ;
; E22      ; 5          ; 2        ; GND*                      ;        ;              ;         ; Row I/O    ; --          ;                 ;
; F1       ; 299        ; 5        ; GND*                      ;        ;              ;         ; Row I/O    ; --          ;                 ;
; F2       ; 300        ; 5        ; GND*                      ;        ;              ;         ; Row I/O    ; --          ;                 ;
; F3       ; 326        ; 5        ; GND*                      ;        ;              ;         ; Row I/O    ; --          ;                 ;
; F4       ; 327        ; 5        ; GND*                      ;        ;              ;         ; Row I/O    ; --          ;                 ;
; F5       ; 322        ; 5        ; GND*                      ;        ;              ;         ; Row I/O    ; --          ;                 ;
; F6       ; 359        ; 4        ; GND*                      ;        ;              ;         ; Column I/O ; --          ;                 ;
; F7       ; 354        ; 4        ; GND*                      ;        ;              ;         ; Column I/O ; --          ;                 ;
; F8       ; 365        ; 4        ; GND*                      ;        ;              ;         ; Column I/O ; --          ;                 ;
; F9       ; 372        ; 4        ; GND*                      ;        ;              ;         ; Column I/O ; --          ;                 ;
; F10      ; 376        ; 4        ; GND*                      ;        ;              ;         ; Column I/O ; --          ;                 ;
; F11      ;            ; 1        ; VCCG_PLL5                 ; power  ;              ; 1.5V    ; --         ; --          ;                 ;
; F12      ;            ;          ; GNDA_PLL5                 ; gnd    ;              ;         ; --         ; --          ;                 ;
; F13      ;            ; 9        ; VCC_PLL5_OUTA             ; power  ;              ; 3.3V    ; --         ; --          ;                 ;
; F14      ; 420        ; 3        ; GND*                      ;        ;              ;         ; Column I/O ; --          ;                 ;
; F15      ; 427        ; 3        ; GND*                      ;        ;              ;         ; Column I/O ; --          ;                 ;
; F16      ; 435        ; 3        ; GND*                      ;        ;              ;         ; Column I/O ; --          ;                 ;
; F17      ; 439        ; 3        ; GND*                      ;        ;              ;         ; Column I/O ; --          ;                 ;
; F18      ; 7          ; 2        ; GND*                      ;        ;              ;         ; Row I/O    ; --          ;                 ;
; F19      ;            ;          ; NC                        ;        ;              ;         ; --         ; --          ;                 ;
; F20      ;            ;          ; NC                        ;        ;              ;         ; --         ; --          ;                 ;
; F21      ; 29         ; 2        ; GND*                      ;        ;              ;         ; Row I/O    ; --          ;                 ;
; F22      ; 30         ; 2        ; GND*                      ;        ;              ;         ; Row I/O    ; --          ;                 ;
; G1       ; 296        ; 5        ; GND*                      ;        ;              ;         ; Row I/O    ; --          ;                 ;
; G2       ; 295        ; 5        ; GND*                      ;        ;              ;         ; Row I/O    ; --          ;                 ;
; G3       ; 313        ; 5        ; GND*                      ;        ;              ;         ; Row I/O    ; --          ;                 ;
; G4       ; 314        ; 5        ; GND*                      ;        ;              ;         ; Row I/O    ; --          ;                 ;
; G5       ; 318        ; 5        ; GND*                      ;        ;              ;         ; Row I/O    ; --          ;                 ;
; G6       ;            ;          ; GND                       ; gnd    ;              ;         ; --         ; --          ;                 ;
; G7       ; 330        ; 4        ; GND*                      ;        ;              ;         ; Column I/O ; --          ;                 ;
; G8       ; 361        ; 4        ; GND*                      ;        ;              ;         ; Column I/O ; --          ;                 ;
; G9       ; 384        ; 4        ; GND*                      ;        ;              ;         ; Column I/O ; --          ;                 ;
; G10      ; 380        ; 4        ; #TMS                      ; input  ;              ;         ; --         ; --          ;                 ;
; G11      ;            ;          ; GNDG_PLL5                 ; gnd    ;              ;         ; --         ; --          ;                 ;
; G12      ;            ;          ; TEMPDIODEp                ;        ;              ;         ; --         ; --          ;                 ;
; G13      ;            ;          ; VCCA_PLL5                 ; power  ;              ; 1.5V    ; --         ; --          ;                 ;
; G14      ; 412        ; 3        ; GND*                      ;        ;              ;         ; Column I/O ; --          ;                 ;
; G15      ;            ;          ; GND                       ; gnd    ;              ;         ; --         ; --          ;                 ;
; G16      ; 431        ; 3        ; GND*                      ;        ;              ;         ; Column I/O ; --          ;                 ;
; G17      ;            ;          ; GND                       ; gnd    ;              ;         ; --         ; --          ;                 ;
; G18      ; 11         ; 2        ; GND*                      ;        ;              ;         ; Row I/O    ; --          ;                 ;
; G19      ; 15         ; 2        ; GND*                      ;        ;              ;         ; Row I/O    ; --          ;                 ;
; G20      ; 16         ; 2        ; GND*                      ;        ;              ;         ; Row I/O    ; --          ;                 ;
; G21      ; 34         ; 2        ; GND*                      ;        ;              ;         ; Row I/O    ; --          ;                 ;
; G22      ; 33         ; 2        ; GND*                      ;        ;              ;         ; Row I/O    ; --          ;                 ;
; H1       ; 290        ; 5        ; GND*                      ;        ;              ;         ; Row I/O    ; --          ;                 ;
; H2       ; 291        ; 5        ; GND*                      ;        ;              ;         ; Row I/O    ; --          ;                 ;
; H3       ; 301        ; 5        ; GND*                      ;        ;              ;         ; Row I/O    ; --          ;                 ;
; H4       ; 302        ; 5        ; GND*                      ;        ;              ;         ; Row I/O    ; --          ;                 ;
; H5       ; 317        ;          ; GND                       ; gnd    ;              ;         ; --         ; --          ;                 ;
; H6       ; 342        ;          ; GND                       ; gnd    ;              ;         ; --         ; --          ;                 ;
; H7       ; 373        ;          ; GND                       ; gnd    ;              ;         ; --         ; --          ;                 ;
; H8       ; 362        ; 4        ; GND*                      ;        ;              ;         ; Column I/O ; --          ;                 ;
; H9       ;            ;          ; NC                        ;        ;              ;         ; --         ; --          ;                 ;
; H10      ; 379        ; 4        ; GND*                      ;        ;              ;         ; Column I/O ; --          ;                 ;
; H11      ; 387        ; 4        ; #TDO                      ; output ;              ;         ; --         ; --          ;                 ;
; H12      ;            ;          ; TEMPDIODEn                ;        ;              ;         ; --         ; --          ;                 ;
; H13      ; 403        ; 3        ; ^nCONFIG                  ;        ;              ;         ; --         ; --          ;                 ;
; H14      ; 410        ;          ; GND                       ; gnd    ;              ;         ; --         ; --          ;                 ;
; H15      ; 447        ;          ; GND                       ; gnd    ;              ;         ; --         ; --          ;                 ;
; H16      ;            ;          ; NC                        ;        ;              ;         ; --         ; --          ;                 ;
; H17      ; 24         ; 2        ; GND*                      ;        ;              ;         ; Row I/O    ; --          ;                 ;
; H18      ; 12         ;          ; GND                       ; gnd    ;              ;         ; --         ; --          ;                 ;
; H19      ; 27         ; 2        ; GND*                      ;        ;              ;         ; Row I/O    ; --          ;                 ;
; H20      ; 28         ; 2        ; GND*                      ;        ;              ;         ; Row I/O    ; --          ;                 ;
; H21      ; 38         ; 2        ; GND*                      ;        ;              ;         ; Row I/O    ; --          ;                 ;
; H22      ; 39         ; 2        ; GND*                      ;        ;              ;         ; Row I/O    ; --          ;                 ;
; J1       ;            ;          ; GND                       ; gnd    ;              ;         ; --         ; --          ;                 ;
; J2       ; 288        ; 5        ; GND*                      ;        ;              ;         ; Row I/O    ; --          ;                 ;
; J3       ; 289        ; 5        ; GND*                      ;        ;              ;         ; Row I/O    ; --          ;                 ;
; J4       ; 305        ; 5        ; GND*                      ;        ;              ;         ; Row I/O    ; --          ;                 ;
; J5       ; 292        ;          ; GND                       ; gnd    ;              ;         ; --         ; --          ;                 ;
; J6       ; 309        ; 5        ; GND*                      ;        ;              ;         ; Row I/O    ; --          ;                 ;
; J7       ; 340        ; 4        ; GND*                      ;        ;              ;         ; Column I/O ; --          ;                 ;
; J8       ; 374        ; 4        ; GND*                      ;        ;              ;         ; Column I/O ; --          ;                 ;
; J9       ; 378        ; 4        ; GND*                      ;        ;              ;         ; Column I/O ; --          ;                 ;
; J10      ; 381        ; 4        ; #TRST                     ; input  ;              ;         ; --         ; --          ;                 ;
; J11      ; 386        ; 4        ; #TDI                      ; input  ;              ;         ; --         ; --          ;                 ;
; J12      ; 402        ; 3        ; ^nSTATUS                  ;        ;              ;         ; --         ; --          ;                 ;
; J13      ; 404        ; 3        ; ^DCLK                     ;        ;              ;         ; --         ; --          ;                 ;
; J14      ; 448        ; 3        ; GND*                      ;        ;              ;         ; Column I/O ; --          ;                 ;
; J15      ; 418        ; 3        ; GND*                      ;        ;              ;         ; Column I/O ; --          ;                 ;
; J16      ; 424        ; 3        ; GND*                      ;        ;              ;         ; Column I/O ; --          ;                 ;
; J17      ; 14         ; 2        ; GND*                      ;        ;              ;         ; Row I/O    ; --          ;                 ;
; J18      ; 37         ;          ; GND                       ; gnd    ;              ;         ; --         ; --          ;                 ;
; J19      ; 20         ; 2        ; GND*                      ;        ;              ;         ; Row I/O    ; --          ;                 ;
; J20      ; 40         ; 2        ; GND*                      ;        ;              ;         ; Row I/O    ; --          ;                 ;
; J21      ; 41         ; 2        ; GND*                      ;        ;              ;         ; Row I/O    ; --          ;                 ;
; J22      ;            ;          ; GND                       ; gnd    ;              ;         ; --         ; --          ;                 ;
; K1       ;            ; 5        ; VCCIO5                    ; power  ;              ; 3.3V    ; --         ; --          ;                 ;
; K2       ; 284        ; 5        ; GND*                      ;        ;              ;         ; Row I/O    ; --          ;                 ;
; K3       ; 285        ; 5        ; GND*                      ;        ;              ;         ; Row I/O    ; --          ;                 ;
; K4       ;            ;          ; VCCA_PLL4                 ; power  ;              ; 1.5V    ; --         ; --          ;                 ;
; K5       ;            ; 1        ; VCCG_PLL4                 ; power  ;              ; 1.5V    ; --         ; --          ;                 ;
; K6       ; 297        ; 5        ; GND*                      ;        ;              ;         ; Row I/O    ; --          ;                 ;
; K7       ; 341        ; 4        ; GND*                      ;        ;              ;         ; Column I/O ; --          ;                 ;
; K8       ; 375        ; 4        ; GND*                      ;        ;              ;         ; Column I/O ; --          ;                 ;
; K9       ; 382        ; 4        ; #TCK                      ; input  ;              ;         ; --         ; --          ;                 ;
; K10      ; 383        ; 4        ; GND*                      ;        ;              ;         ; Column I/O ; --          ;                 ;
; K11      ;            ;          ; GND                       ; gnd    ;              ;         ; --         ; --          ;                 ;
; K12      ;            ;          ; VCCINT                    ; power  ;              ; 1.5V    ; --         ; --          ;                 ;
; K13      ; 405        ; 3        ; ^CONF_DONE                ;        ;              ;         ; --         ; --          ;                 ;
; K14      ; 411        ; 3        ; GND*                      ;        ;              ;         ; Column I/O ; --          ;                 ;
; K15      ; 413        ; 3        ; GND*                      ;        ;              ;         ; Column I/O ; --          ;                 ;
; K16      ; 423        ; 3        ; GND*                      ;        ;              ;         ; Column I/O ; --          ;                 ;
; K17      ; 32         ; 2        ; GND*                      ;        ;              ;         ; Row I/O    ; --          ;                 ;
; K18      ;            ; 1        ; VCCG_PLL1                 ; power  ;              ; 1.5V    ; --         ; --          ;                 ;
; K19      ;            ;          ; VCCA_PLL1                 ; power  ;              ; 1.5V    ; --         ; --          ;                 ;
; K20      ; 44         ; 2        ; GND*                      ;        ;              ;         ; Row I/O    ; --          ;                 ;
; K21      ; 45         ; 2        ; GND*                      ;        ;              ;         ; Row I/O    ; --          ;                 ;
; K22      ;            ; 2        ; VCCIO2                    ; power  ;              ; 3.3V    ; --         ; --          ;                 ;
; L1       ; 283        ; 5        ; GND+                      ;        ;              ;         ; Row I/O    ; --          ;                 ;
; L2       ; 282        ; 5        ; GND+                      ;        ;              ;         ; Row I/O    ; --          ;                 ;
; L3       ; 280        ; 5        ; GND+                      ;        ;              ;         ; Row I/O    ; --          ;                 ;
; L4       ;            ;          ; GNDA_PLL4                 ; gnd    ;              ;         ; --         ; --          ;                 ;
; L5       ;            ;          ; GNDG_PLL4                 ; gnd    ;              ;         ; --         ; --          ;                 ;
; L6       ; 293        ; 5        ; GND*                      ;        ;              ;         ; Row I/O    ; --          ;                 ;
; L7       ; 370        ; 4        ; GND*                      ;        ;              ;         ; Column I/O ; --          ;                 ;
; L8       ; 377        ; 4        ; +~DATA0~ / RESERVED_INPUT ; input  ; LVTTL        ;         ; Column I/O ; Off         ; N               ;
; L9       ;            ;          ; VCCINT                    ; power  ;              ; 1.5V    ; --         ; --          ;                 ;
; L10      ;            ;          ; GND                       ; gnd    ;              ;         ; --         ; --          ;                 ;
; L11      ;            ;          ; VCCINT                    ; power  ;              ; 1.5V    ; --         ; --          ;                 ;
; L12      ;            ;          ; GND                       ; gnd    ;              ;         ; --         ; --          ;                 ;
; L13      ;            ;          ; VCCINT                    ; power  ;              ; 1.5V    ; --         ; --          ;                 ;
; L14      ;            ;          ; GND                       ; gnd    ;              ;         ; --         ; --          ;                 ;
; L15      ; 415        ; 3        ; GND*                      ;        ;              ;         ; Column I/O ; --          ;                 ;
; L16      ; 422        ; 3        ; GND*                      ;        ;              ;         ; Column I/O ; --          ;                 ;
; L17      ; 35         ; 2        ; GND*                      ;        ;              ;         ; Row I/O    ; --          ;                 ;
; L18      ;            ;          ; GNDG_PLL1                 ; gnd    ;              ;         ; --         ; --          ;                 ;
; L19      ;            ;          ; GNDA_PLL1                 ; gnd    ;              ;         ; --         ; --          ;                 ;
; L20      ; 49         ; 2        ; GND+                      ;        ;              ;         ; Row I/O    ; --          ;                 ;
; L21      ; 47         ; 2        ; GND+                      ;        ;              ;         ; Row I/O    ; --          ;                 ;
; L22      ; 46         ; 2        ; GND+                      ;        ;              ;         ; Row I/O    ; --          ;                 ;
; M1       ; 278        ; 6        ; GND+                      ;        ;              ;         ; Row I/O    ; --          ;                 ;
; M2       ; 279        ; 6        ; GND+                      ;        ;              ;         ; Row I/O    ; --          ;                 ;
; M3       ; 277        ; 6        ; GND+                      ;        ;              ;         ; Row I/O    ; --          ;                 ;
; M4       ;            ;          ; GNDA_PLL3                 ; gnd    ;              ;         ; --         ; --          ;                 ;
; M5       ;            ;          ; VCCA_PLL3                 ; power  ;              ; 1.5V    ; --         ; --          ;                 ;
; M6       ; 263        ; 6        ; GND*                      ;        ;              ;         ; Row I/O    ; --          ;                 ;
; M7       ; 198        ; 7        ; GND*                      ;        ;              ;         ; Column I/O ; --          ;                 ;
; M8       ; 183        ; 7        ; x51                       ; input  ; LVTTL        ;         ; Column I/O ; Off         ; N               ;
; M9       ;            ;          ; GND                       ; gnd    ;              ;         ; --         ; --          ;                 ;
; M10      ;            ;          ; VCCINT                    ; power  ;              ; 1.5V    ; --         ; --          ;                 ;
; M11      ;            ;          ; GND                       ; gnd    ;              ;         ; --         ; --          ;                 ;
; M12      ;            ;          ; VCCINT                    ; power  ;              ; 1.5V    ; --         ; --          ;                 ;
; M13      ;            ;          ; GND                       ; gnd    ;              ;         ; --         ; --          ;                 ;
; M14      ;            ;          ; VCCINT                    ; power  ;              ; 1.5V    ; --         ; --          ;                 ;
; M15      ; 414        ; 3        ; GND*                      ;        ;              ;         ; Column I/O ; --          ;                 ;
; M16      ; 459        ; 3        ; GND*                      ;        ;              ;         ; Column I/O ; --          ;                 ;
; M17      ; 66         ; 1        ; GND*                      ;        ;              ;         ; Row I/O    ; --          ;                 ;
; M18      ;            ;          ; VCCA_PLL2                 ; power  ;              ; 1.5V    ; --         ; --          ;                 ;
; M19      ;            ;          ; GNDA_PLL2                 ; gnd    ;              ;         ; --         ; --          ;                 ;
; M20      ; 52         ; 1        ; GND+                      ;        ;              ;         ; Row I/O    ; --          ;                 ;
; M21      ; 50         ; 1        ; GND+                      ;        ;              ;         ; Row I/O    ; --          ;                 ;
; M22      ; 51         ; 1        ; GND+                      ;        ;              ;         ; Row I/O    ; --          ;                 ;
; N1       ;            ; 6        ; VCCIO6                    ; power  ;              ; 3.3V    ; --         ; --          ;                 ;
; N2       ; 273        ; 6        ; GND*                      ;        ;              ;         ; Row I/O    ; --          ;                 ;
; N3       ; 272        ; 6        ; GND*                      ;        ;              ;         ; Row I/O    ; --          ;                 ;
; N4       ;            ;          ; GNDG_PLL3                 ; gnd    ;              ;         ; --         ; --          ;                 ;
; N5       ;            ; 1        ; VCCG_PLL3                 ; power  ;              ; 1.5V    ; --         ; --          ;                 ;
; N6       ; 259        ; 6        ; GND*                      ;        ;              ;         ; Row I/O    ; --          ;                 ;
; N7       ; 218        ; 7        ; GND*                      ;        ;              ;         ; Column I/O ; --          ;                 ;
; N8       ; 185        ; 7        ; x50                       ; input  ; LVTTL        ;         ; Column I/O ; Off         ; N               ;
; N9       ; 177        ; 7        ; ^nIO_PULLUP               ;        ;              ;         ; --         ; --          ;                 ;
; N10      ; 176        ; 7        ; x58                       ; input  ; LVTTL        ;         ; Column I/O ; Off         ; N               ;
; N11      ;            ;          ; VCCINT                    ; power  ;              ; 1.5V    ; --         ; --          ;                 ;
; N12      ;            ;          ; GND                       ; gnd    ;              ;         ; --         ; --          ;                 ;
; N13      ; 128        ; 8        ; a0                        ; output ; LVTTL        ;         ; Column I/O ; Off         ; N               ;
; N14      ; 140        ; 8        ; x43                       ; input  ; LVTTL        ;         ; Column I/O ; Off         ; N               ;
; N15      ; 144        ; 8        ; x40                       ; input  ; LVTTL        ;         ; Column I/O ; Off         ; N               ;
; N16      ; 126        ; 8        ; x1                        ; input  ; LVTTL        ;         ; Column I/O ; Off         ; N               ;
; N17      ; 70         ; 1        ; GND*                      ;        ;              ;         ; Row I/O    ; --          ;                 ;
; N18      ;            ; 1        ; VCCG_PLL2                 ; power  ;              ; 1.5V    ; --         ; --          ;                 ;
; N19      ;            ;          ; GNDG_PLL2                 ; gnd    ;              ;         ; --         ; --          ;                 ;
; N20      ; 57         ; 1        ; GND*                      ;        ;              ;         ; Row I/O    ; --          ;                 ;
; N21      ; 56         ; 1        ; GND*                      ;        ;              ;         ; Row I/O    ; --          ;                 ;
; N22      ;            ; 1        ; VCCIO1                    ; power  ;              ; 3.3V    ; --         ; --          ;                 ;
; P1       ;            ;          ; GND                       ; gnd    ;              ;         ; --         ; --          ;                 ;
; P2       ; 269        ; 6        ; GND*                      ;        ;              ;         ; Row I/O    ; --          ;                 ;
; P3       ; 268        ; 6        ; GND*                      ;        ;              ;         ; Row I/O    ; --          ;                 ;
; P4       ; 251        ; 6        ; GND*                      ;        ;              ;         ; Row I/O    ; --          ;                 ;
; P5       ; 267        ;          ; GND                       ; gnd    ;              ;         ; --         ; --          ;                 ;
; P6       ; 247        ; 6        ; GND*                      ;        ;              ;         ; Row I/O    ; --          ;                 ;
; P7       ; 219        ; 7        ; GND*                      ;        ;              ;         ; Column I/O ; --          ;                 ;
; P8       ; 190        ; 7        ; x60                       ; input  ; LVTTL        ;         ; Column I/O ; Off         ; N               ;
; P9       ; 182        ; 7        ; x48                       ; input  ; LVTTL        ;         ; Column I/O ; Off         ; N               ;
; P10      ; 180        ; 7        ; x54                       ; input  ; LVTTL        ;         ; Column I/O ; Off         ; N               ;
; P11      ; 173        ; 7        ; ^nCEO                     ;        ;              ;         ; --         ; --          ;                 ;
; P12      ; 156        ; 8        ; ^MSEL1                    ;        ;              ;         ; --         ; --          ;                 ;
; P13      ; 148        ; 8        ; x41                       ; input  ; LVTTL        ;         ; Column I/O ; Off         ; N               ;
; P14      ; 146        ; 8        ; x45                       ; input  ; LVTTL        ;         ; Column I/O ; Off         ; N               ;
; P15      ; 143        ; 8        ; x47                       ; input  ; LVTTL        ;         ; Column I/O ; Off         ; N               ;
; P16      ; 135        ; 8        ; a4                        ; output ; LVTTL        ;         ; Column I/O ; Off         ; N               ;
; P17      ; 82         ; 1        ; GND*                      ;        ;              ;         ; Row I/O    ; --          ;                 ;
; P18      ; 62         ;          ; GND                       ; gnd    ;              ;         ; --         ; --          ;                 ;
; P19      ; 86         ; 1        ; GND*                      ;        ;              ;         ; Row I/O    ; --          ;                 ;
; P20      ; 61         ; 1        ; GND*                      ;        ;              ;         ; Row I/O    ; --          ;                 ;
; P21      ; 60         ; 1        ; GND*                      ;        ;              ;         ; Row I/O    ; --          ;                 ;
; P22      ;            ;          ; GND                       ; gnd    ;              ;         ; --         ; --          ;                 ;
; R1       ; 271        ; 6        ; GND*                      ;        ;              ;         ; Row I/O    ; --          ;                 ;
; R2       ; 270        ; 6        ; GND*                      ;        ;              ;         ; Row I/O    ; --          ;                 ;
; R3       ; 255        ; 6        ; GND*                      ;        ;              ;         ; Row I/O    ; --          ;                 ;
; R4       ; 256        ; 6        ; GND*                      ;        ;              ;         ; Row I/O    ; --          ;                 ;
; R5       ;            ;          ; NC                        ;        ;              ;         ; --         ; --          ;                 ;
; R6       ; 242        ;          ; GND                       ; gnd    ;              ;         ; --         ; --          ;                 ;
; R7       ; 217        ;          ; GND                       ; gnd    ;              ;         ; --         ; --          ;                 ;
; R8       ; 175        ; 7        ; x63                       ; input  ; LVTTL        ;         ; Column I/O ; Off         ; N               ;
; R9       ; 186        ;          ; GND                       ; gnd    ;              ;         ; --         ; --          ;                 ;
; R10      ; 178        ; 7        ; ^VCCSEL                   ;        ;              ;         ; --         ; --          ;                 ;
; R11      ; 172        ; 7        ; ^nCE                      ;        ;              ;         ; --         ; --          ;                 ;
; R12      ; 157        ; 8        ; ^MSEL2                    ;        ;              ;         ; --         ; --          ;                 ;
; R13      ; 154        ; 8        ; PLL_ENA                   ;        ;              ;         ; --         ; --          ;                 ;
; R14      ;            ;          ; NC                        ;        ;              ;         ; --         ; --          ;                 ;
; R15      ; 134        ; 8        ; x27                       ; input  ; LVTTL        ;         ; Column I/O ; Off         ; N               ;
; R16      ; 149        ;          ; GND                       ; gnd    ;              ;         ; --         ; --          ;                 ;
; R17      ; 87         ;          ; GND                       ; gnd    ;              ;         ; --         ; --          ;                 ;
; R18      ; 112        ;          ; GND                       ; gnd    ;              ;         ; --         ; --          ;                 ;
; R19      ; 74         ; 1        ; GND*                      ;        ;              ;         ; Row I/O    ; --          ;                 ;
; R20      ; 73         ; 1        ; GND*                      ;        ;              ;         ; Row I/O    ; --          ;                 ;
; R21      ; 59         ; 1        ; GND*                      ;        ;              ;         ; Row I/O    ; --          ;                 ;
; R22      ; 58         ; 1        ; GND*                      ;        ;              ;         ; Row I/O    ; --          ;                 ;
; T1       ; 266        ; 6        ; GND*                      ;        ;              ;         ; Row I/O    ; --          ;                 ;
; T2       ; 265        ; 6        ; GND*                      ;        ;              ;         ; Row I/O    ; --          ;                 ;
; T3       ; 244        ; 6        ; GND*                      ;        ;              ;         ; Row I/O    ; --          ;                 ;
; T4       ; 243        ; 6        ; GND*                      ;        ;              ;         ; Row I/O    ; --          ;                 ;
; T5       ; 234        ; 6        ; GND*                      ;        ;              ;         ; Row I/O    ; --          ;                 ;
; T6       ;            ;          ; GND                       ; gnd    ;              ;         ; --         ; --          ;                 ;
; T7       ; 229        ; 7        ; GND*                      ;        ;              ;         ; Column I/O ; --          ;                 ;
; T8       ; 197        ; 7        ; GND*                      ;        ;              ;         ; Column I/O ; --          ;                 ;
; T9       ; 184        ; 7        ; x62                       ; input  ; LVTTL        ;         ; Column I/O ; Off         ; N               ;
; T10      ; 181        ; 7        ; x53                       ; input  ; LVTTL        ;         ; Column I/O ; Off         ; N               ;
; T11      ;            ;          ; GNDG_PLL6                 ; gnd    ;              ;         ; --         ; --          ;                 ;
; T12      ;            ;          ; VCCA_PLL6                 ; power  ;              ; 1.5V    ; --         ; --          ;                 ;
; T13      ; 155        ; 8        ; ^MSEL0                    ;        ;              ;         ; --         ; --          ;                 ;
; T14      ; 147        ; 8        ; x44                       ; input  ; LVTTL        ;         ; Column I/O ; Off         ; N               ;
; T15      ; 136        ; 8        ; x25                       ; input  ; LVTTL        ;         ; Column I/O ; Off         ; N               ;
; T16      ; 119        ; 8        ; x6                        ; input  ; LVTTL        ;         ; Column I/O ; Off         ; N               ;
; T17      ;            ;          ; GND                       ; gnd    ;              ;         ; --         ; --          ;                 ;
; T18      ; 95         ; 1        ; GND*                      ;        ;              ;         ; Row I/O    ; --          ;                 ;
; T19      ; 78         ; 1        ; GND*                      ;        ;              ;         ; Row I/O    ; --          ;                 ;
; T20      ; 77         ; 1        ; GND*                      ;        ;              ;         ; Row I/O    ; --          ;                 ;
; T21      ; 64         ; 1        ; GND*                      ;        ;              ;         ; Row I/O    ; --          ;                 ;
; T22      ; 63         ; 1        ; GND*                      ;        ;              ;         ; Row I/O    ; --          ;                 ;
; U1       ; 261        ; 6        ; GND*                      ;        ;              ;         ; Row I/O    ; --          ;                 ;
; U2       ; 262        ; 6        ; GND*                      ;        ;              ;         ; Row I/O    ; --          ;                 ;
; U3       ;            ;          ; NC                        ;        ;              ;         ; --         ; --          ;                 ;
; U4       ;            ;          ; NC                        ;        ;              ;         ; --         ; --          ;                 ;
; U5       ; 238        ; 6        ; GND*                      ;        ;              ;         ; Row I/O    ; --          ;                 ;
; U6       ; 200        ; 7        ; GND*                      ;        ;              ;         ; Column I/O ; --          ;                 ;
; U7       ; 205        ; 7        ; GND*                      ;        ;              ;         ; Column I/O ; --          ;                 ;
; U8       ; 196        ; 7        ; GND*                      ;        ;              ;         ; Column I/O ; --          ;                 ;
; U9       ; 191        ; 7        ; x52                       ; input  ; LVTTL        ;         ; Column I/O ; Off         ; N               ;
; U10      ; 179        ; 7        ; ^PORSEL                   ;        ;              ;         ; --         ; --          ;                 ;
; U11      ;            ; 1        ; VCCG_PLL6                 ; power  ;              ; 1.5V    ; --         ; --          ;                 ;
; U12      ;            ;          ; GNDA_PLL6                 ; gnd    ;              ;         ; --         ; --          ;                 ;
; U13      ;            ; 11       ; VCC_PLL6_OUTA             ; power  ;              ; 3.3V    ; --         ; --          ;                 ;
; U14      ; 139        ; 8        ; x31                       ; input  ; LVTTL        ;         ; Column I/O ; Off         ; N               ;
; U15      ; 137        ; 8        ; x30                       ; input  ; LVTTL        ;         ; Column I/O ; Off         ; N               ;
; U16      ; 121        ; 8        ; a2                        ; output ; LVTTL        ;         ; Column I/O ; Off         ; N               ;
; U17      ; 120        ; 8        ; x4                        ; input  ; LVTTL        ;         ; Column I/O ; Off         ; N               ;
; U18      ; 91         ; 1        ; GND*                      ;        ;              ;         ; Row I/O    ; --          ;                 ;
; U19      ; 99         ; 1        ; GND*                      ;        ;              ;         ; Row I/O    ; --          ;                 ;
; U20      ; 98         ; 1        ; GND*                      ;        ;              ;         ; Row I/O    ; --          ;                 ;
; U21      ; 67         ; 1        ; GND*                      ;        ;              ;         ; Row I/O    ; --          ;                 ;
; U22      ; 68         ; 1        ; GND*                      ;        ;              ;         ; Row I/O    ; --          ;                 ;
; V1       ; 250        ; 6        ; GND*                      ;        ;              ;         ; Row I/O    ; --          ;                 ;
; V2       ; 249        ; 6        ; GND*                      ;        ;              ;         ; Row I/O    ; --          ;                 ;
; V3       ; 231        ; 6        ; GND*                      ;        ;              ;         ; Row I/O    ; --          ;                 ;
; V4       ; 230        ; 6        ; GND*                      ;        ;              ;         ; Row I/O    ; --          ;                 ;
; V5       ; 208        ; 7        ; GND*                      ;        ;              ;         ; Column I/O ; --          ;                 ;
; V6       ; 202        ; 7        ; GND*                      ;        ;              ;         ; Column I/O ; --          ;                 ;
; V7       ; 207        ; 7        ; GND*                      ;        ;              ;         ; Column I/O ; --          ;                 ;
; V8       ; 195        ; 7        ; GND*                      ;        ;              ;         ; Column I/O ; --          ;                 ;
; V9       ; 192        ; 7        ; x49                       ; input  ; LVTTL        ;         ; Column I/O ; Off         ; N               ;
; V10      ;            ;          ; NC                        ;        ;              ;         ; --         ; --          ;                 ;
; V11      ;            ;          ; NC                        ;        ;              ;         ; --         ; --          ;                 ;
; V12      ;            ;          ; NC                        ;        ;              ;         ; --         ; --          ;                 ;
; V13      ; 151        ; 8        ; x34                       ; input  ; LVTTL        ;         ; Column I/O ; Off         ; N               ;
; V14      ; 142        ; 8        ; x28                       ; input  ; LVTTL        ;         ; Column I/O ; Off         ; N               ;
; V15      ; 133        ; 8        ; x29                       ; input  ; LVTTL        ;         ; Column I/O ; Off         ; N               ;
; V16      ; 123        ; 8        ; a1                        ; output ; LVTTL        ;         ; Column I/O ; Off         ; N               ;
; V17      ; 122        ; 8        ; x7                        ; input  ; LVTTL        ;         ; Column I/O ; Off         ; N               ;
; V18      ; 114        ; 8        ; x23                       ; input  ; LVTTL        ;         ; Column I/O ; Off         ; N               ;
; V19      ;            ;          ; NC                        ;        ;              ;         ; --         ; --          ;                 ;
; V20      ;            ;          ; NC                        ;        ;              ;         ; --         ; --          ;                 ;
; V21      ; 76         ; 1        ; GND*                      ;        ;              ;         ; Row I/O    ; --          ;                 ;
; V22      ; 75         ; 1        ; GND*                      ;        ;              ;         ; Row I/O    ; --          ;                 ;
; W1       ; 236        ; 6        ; GND*                      ;        ;              ;         ; Row I/O    ; --          ;                 ;
; W2       ; 237        ; 6        ; GND*                      ;        ;              ;         ; Row I/O    ; --          ;                 ;
; W3       ; 226        ; 7        ; GND*                      ;        ;              ;         ; Column I/O ; --          ;                 ;
; W4       ; 227        ; 7        ; GND*                      ;        ;              ;         ; Column I/O ; --          ;                 ;
; W5       ; 214        ; 7        ; GND*                      ;        ;              ;         ; Column I/O ; --          ;                 ;
; W6       ; 211        ; 7        ; GND*                      ;        ;              ;         ; Column I/O ; --          ;                 ;
; W7       ; 199        ; 7        ; GND*                      ;        ;              ;         ; Column I/O ; --          ;                 ;
; W8       ; 193        ; 7        ; GND*                      ;        ;              ;         ; Column I/O ; --          ;                 ;
; W9       ; 194        ; 7        ; GND*                      ;        ;              ;         ; Column I/O ; --          ;                 ;
; W10      ;            ;          ; NC                        ;        ;              ;         ; --         ; --          ;                 ;
; W11      ;            ;          ; NC                        ;        ;              ;         ; --         ; --          ;                 ;
; W12      ; 163        ; 11       ; a5                        ; output ; LVTTL        ;         ; Column I/O ; Off         ; N               ;
; W13      ; 150        ; 8        ; x36                       ; input  ; LVTTL        ;         ; Column I/O ; Off         ; N               ;
; W14      ; 141        ; 8        ; G                         ; output ; LVTTL        ;         ; Column I/O ; Off         ; N               ;
; W15      ; 138        ; 8        ; a3                        ; output ; LVTTL        ;         ; Column I/O ; Off         ; N               ;
; W16      ; 127        ; 8        ; x46                       ; input  ; LVTTL        ;         ; Column I/O ; Off         ; N               ;
; W17      ; 116        ; 8        ; x18                       ; input  ; LVTTL        ;         ; Column I/O ; Off         ; N               ;
; W18      ; 107        ; 8        ; x11                       ; input  ; LVTTL        ;         ; Column I/O ; Off         ; N               ;
; W19      ; 101        ; 8        ; x13                       ; input  ; LVTTL        ;         ; Column I/O ; Off         ; N               ;
; W20      ; 100        ; 8        ; x17                       ; input  ; LVTTL        ;         ; Column I/O ; Off         ; N               ;
; W21      ; 92         ; 1        ; GND*                      ;        ;              ;         ; Row I/O    ; --          ;                 ;
; W22      ; 93         ; 1        ; GND*                      ;        ;              ;         ; Row I/O    ; --          ;                 ;
; Y1       ;            ; 6        ; VCCIO6                    ; power  ;              ; 3.3V    ; --         ; --          ;                 ;
; Y2       ; 222        ; 7        ; GND*                      ;        ;              ;         ; Column I/O ; --          ;                 ;
; Y3       ; 228        ; 7        ; GND*                      ;        ;              ;         ; Column I/O ; --          ;                 ;
; Y4       ; 223        ; 7        ; GND*                      ;        ;              ;         ; Column I/O ; --          ;                 ;
; Y5       ; 215        ; 7        ; GND*                      ;        ;              ;         ; Column I/O ; --          ;                 ;
; Y6       ; 206        ; 7        ; GND*                      ;        ;              ;         ; Column I/O ; --          ;                 ;
; Y7       ; 209        ; 7        ; GND*                      ;        ;              ;         ; Column I/O ; --          ;                 ;
; Y8       ; 189        ; 7        ; x61                       ; input  ; LVTTL        ;         ; Column I/O ; Off         ; N               ;
; Y9       ; 188        ; 7        ; x59                       ; input  ; LVTTL        ;         ; Column I/O ; Off         ; N               ;
; Y10      ;            ;          ; NC                        ;        ;              ;         ; --         ; --          ;                 ;
; Y11      ;            ;          ; NC                        ;        ;              ;         ; --         ; --          ;                 ;
; Y12      ; 162        ; 11       ; x39                       ; input  ; LVTTL        ;         ; Column I/O ; Off         ; N               ;
; Y13      ; 166        ; 11       ; x42                       ; input  ; LVTTL        ;         ; Column I/O ; Off         ; N               ;
; Y14      ; 152        ; 8        ; x33                       ; input  ; LVTTL        ;         ; Column I/O ; Off         ; N               ;
; Y15      ; 130        ; 8        ; x3                        ; input  ; LVTTL        ;         ; Column I/O ; Off         ; N               ;
; Y16      ; 124        ; 8        ; x0                        ; input  ; LVTTL        ;         ; Column I/O ; Off         ; N               ;
; Y17      ; 117        ; 8        ; x22                       ; input  ; LVTTL        ;         ; Column I/O ; Off         ; N               ;
; Y18      ; 115        ; 8        ; x19                       ; input  ; LVTTL        ;         ; Column I/O ; Off         ; N               ;
; Y19      ; 106        ; 8        ; x8                        ; input  ; LVTTL        ;         ; Column I/O ; Off         ; N               ;
; Y20      ; 105        ; 8        ; x10                       ; input  ; LVTTL        ;         ; Column I/O ; Off         ; N               ;
; Y21      ; 104        ; 8        ; GND*                      ;        ;              ;         ; Column I/O ; --          ;                 ;
; Y22      ;            ; 1        ; VCCIO1                    ; power  ;              ; 3.3V    ; --         ; --          ;                 ;
+----------+------------+----------+---------------------------+--------+--------------+---------+------------+-------------+-----------------+


+-------------------------------------------------------------------------------+
; Output Pin Default Load For Reported TCO                                      ;
+----------------------------------+-------+------------------------------------+
; I/O Standard                     ; Load  ; Termination Resistance             ;
+----------------------------------+-------+------------------------------------+
; LVTTL                            ; 10 pF ; Not Available                      ;
; LVCMOS                           ; 10 pF ; Not Available                      ;
; 2.5 V                            ; 10 pF ; Not Available                      ;
; 1.8 V                            ; 10 pF ; Not Available                      ;
; 1.5 V                            ; 10 pF ; Not Available                      ;
; GTL                              ; 30 pF ; 25 Ohm (Parallel)                  ;
; GTL+                             ; 30 pF ; 25 Ohm (Parallel)                  ;
; 3.3-V PCI                        ; 10 pF ; 25 Ohm (Parallel)                  ;
; 3.3-V PCI-X                      ; 8 pF  ; 25 Ohm (Parallel)                  ;
; Compact PCI                      ; 10 pF ; 25 Ohm (Parallel)                  ;
; AGP 1X                           ; 10 pF ; Not Available                      ;
; AGP 2X                           ; 10 pF ; Not Available                      ;
; CTT                              ; 30 pF ; 50 Ohm (Parallel)                  ;
; SSTL-3 Class I                   ; 30 pF ; 50 Ohm (Parallel), 25 Ohm (Serial) ;
; SSTL-3 Class II                  ; 30 pF ; 25 Ohm (Parallel), 25 Ohm (Serial) ;
; SSTL-2 Class I                   ; 30 pF ; 50 Ohm (Parallel), 25 Ohm (Serial) ;
; SSTL-2 Class II                  ; 30 pF ; 25 Ohm (Parallel), 25 Ohm (Serial) ;
; SSTL-18 Class I                  ; 30 pF ; 50 Ohm (Parallel), 25 Ohm (Serial) ;
; SSTL-18 Class II                 ; 30 pF ; 25 Ohm (Parallel), 25 Ohm (Serial) ;
; 1.5-V HSTL Class I               ; 20 pF ; 50 Ohm (Parallel)                  ;
; 1.5-V HSTL Class II              ; 20 pF ; 25 Ohm (Parallel)                  ;
; 1.8-V HSTL Class I               ; 20 pF ; 50 Ohm (Parallel)                  ;
; 1.8-V HSTL Class II              ; 20 pF ; 25 Ohm (Parallel)                  ;
; LVDS                             ; 4 pF  ; 100 Ohm (Differential)             ;
; Differential LVPECL              ; 4 pF  ; 100 Ohm (Differential)             ;
; 3.3-V PCML                       ; 4 pF  ; 50 Ohm (Parallel)                  ;
; HyperTransport                   ; 4 pF  ; 100 Ohm (Differential)             ;
; Differential 1.5-V HSTL Class I  ; 0 pF  ; (See 1.5-V HSTL Class I)           ;
; Differential 1.5-V HSTL Class II ; 0 pF  ; (See 1.5-V HSTL Class II)          ;
; Differential 1.8-V HSTL Class I  ; 0 pF  ; (See 1.8-V HSTL Class I)           ;
; Differential 1.8-V HSTL Class II ; 0 pF  ; (See 1.8-V HSTL Class II)          ;
; Differential SSTL-2              ; 30 pF ; (See SSTL-2)                       ;
+----------------------------------+-------+------------------------------------+
Note: User assignments will override these defaults. The user specified values are listed in the Output Pins and Bidir Pins tables.


+--------------------------------------------------------------------------------------------------------------------------------------------------------------------------------------------------------------------------------------------------+
; Fitter Resource Utilization by Entity                                                                                                                                                                                                            ;
+----------------------------+-------------+--------------+-------------+--------------+---------+-----------+-----------+------+--------------+--------------+-------------------+------------------+-----------------+---------------------------+
; Compilation Hierarchy Node ; Logic Cells ; LC Registers ; Memory Bits ; DSP Elements ; DSP 9x9 ; DSP 18x18 ; DSP 36x36 ; Pins ; Virtual Pins ; LUT-Only LCs ; Register-Only LCs ; LUT/Register LCs ; Carry Chain LCs ; Full Hierarchy Name       ;
+----------------------------+-------------+--------------+-------------+--------------+---------+-----------+-----------+------+--------------+--------------+-------------------+------------------+-----------------+---------------------------+
; |double_coder              ; 86 (60)     ; 0            ; 0           ; 0            ; 0       ; 0         ; 0         ; 71   ; 0            ; 86 (60)      ; 0 (0)             ; 0 (0)            ; 0 (0)           ; |double_coder             ;
;    |hpri:inst10|           ; 3 (3)       ; 0            ; 0           ; 0            ; 0       ; 0         ; 0         ; 0    ; 0            ; 3 (3)        ; 0 (0)             ; 0 (0)            ; 0 (0)           ; |double_coder|hpri:inst10 ;
;    |hpri:inst12|           ; 9 (9)       ; 0            ; 0           ; 0            ; 0       ; 0         ; 0         ; 0    ; 0            ; 9 (9)        ; 0 (0)             ; 0 (0)            ; 0 (0)           ; |double_coder|hpri:inst12 ;
;    |hpri:inst1|            ; 2 (2)       ; 0            ; 0           ; 0            ; 0       ; 0         ; 0         ; 0    ; 0            ; 2 (2)        ; 0 (0)             ; 0 (0)            ; 0 (0)           ; |double_coder|hpri:inst1  ;
;    |hpri:inst2|            ; 2 (2)       ; 0            ; 0           ; 0            ; 0       ; 0         ; 0         ; 0    ; 0            ; 2 (2)        ; 0 (0)             ; 0 (0)            ; 0 (0)           ; |double_coder|hpri:inst2  ;
;    |hpri:inst3|            ; 2 (2)       ; 0            ; 0           ; 0            ; 0       ; 0         ; 0         ; 0    ; 0            ; 2 (2)        ; 0 (0)             ; 0 (0)            ; 0 (0)           ; |double_coder|hpri:inst3  ;
;    |hpri:inst7|            ; 2 (2)       ; 0            ; 0           ; 0            ; 0       ; 0         ; 0         ; 0    ; 0            ; 2 (2)        ; 0 (0)             ; 0 (0)            ; 0 (0)           ; |double_coder|hpri:inst7  ;
;    |hpri:inst8|            ; 2 (2)       ; 0            ; 0           ; 0            ; 0       ; 0         ; 0         ; 0    ; 0            ; 2 (2)        ; 0 (0)             ; 0 (0)            ; 0 (0)           ; |double_coder|hpri:inst8  ;
;    |hpri:inst9|            ; 1 (1)       ; 0            ; 0           ; 0            ; 0       ; 0         ; 0         ; 0    ; 0            ; 1 (1)        ; 0 (0)             ; 0 (0)            ; 0 (0)           ; |double_coder|hpri:inst9  ;
;    |hpri:inst|             ; 3 (3)       ; 0            ; 0           ; 0            ; 0       ; 0         ; 0         ; 0    ; 0            ; 3 (3)        ; 0 (0)             ; 0 (0)            ; 0 (0)           ; |double_coder|hpri:inst   ;
+----------------------------+-------------+--------------+-------------+--------------+---------+-----------+-----------+------+--------------+--------------+-------------------+------------------+-----------------+---------------------------+
Note: For table entries with two numbers listed, the numbers in parentheses indicate the number of resources of the given type used by the specific entity alone. The numbers listed outside of parentheses indicate the total resources of the given type used by the specific entity and all of its sub-entities in the hierarchy.


+---------------------------------------------------------------------------------------------------------------------------------------------------------------------------------------------------------------------------------------------------------+
; Delay Chain Summary                                                                                                                                                                                                                                     ;
+------+----------+---------------+---------------+-----------------------+-------------------------+----------------------------------------+---------------------------------+--------------------------------+-----+------+----------------------------+
; Name ; Pin Type ; Pad to Core 0 ; Pad to Core 1 ; Pad to Input Register ; Core to Output Register ; Clock Enable to Output Enable Register ; Clock Enable to Output Register ; Clock Enable to Input Register ; TCO ; TCOE ; Falling Edge Output Enable ;
+------+----------+---------------+---------------+-----------------------+-------------------------+----------------------------------------+---------------------------------+--------------------------------+-----+------+----------------------------+
; x61  ; Input    ; ON            ; ON            ; --                    ; --                      ; --                                     ; --                              ; --                             ; --  ; --   ; --                         ;
; x60  ; Input    ; ON            ; ON            ; --                    ; --                      ; --                                     ; --                              ; --                             ; --  ; --   ; --                         ;
; x63  ; Input    ; ON            ; ON            ; --                    ; --                      ; --                                     ; --                              ; --                             ; --  ; --   ; --                         ;
; x62  ; Input    ; ON            ; ON            ; --                    ; --                      ; --                                     ; --                              ; --                             ; --  ; --   ; --                         ;
; x59  ; Input    ; ON            ; ON            ; --                    ; --                      ; --                                     ; --                              ; --                             ; --  ; --   ; --                         ;
; x58  ; Input    ; ON            ; ON            ; --                    ; --                      ; --                                     ; --                              ; --                             ; --  ; --   ; --                         ;
; x56  ; Input    ; ON            ; ON            ; --                    ; --                      ; --                                     ; --                              ; --                             ; --  ; --   ; --                         ;
; x57  ; Input    ; ON            ; ON            ; --                    ; --                      ; --                                     ; --                              ; --                             ; --  ; --   ; --                         ;
; x55  ; Input    ; ON            ; ON            ; --                    ; --                      ; --                                     ; --                              ; --                             ; --  ; --   ; --                         ;
; x54  ; Input    ; ON            ; ON            ; --                    ; --                      ; --                                     ; --                              ; --                             ; --  ; --   ; --                         ;
; x52  ; Input    ; ON            ; ON            ; --                    ; --                      ; --                                     ; --                              ; --                             ; --  ; --   ; --                         ;
; x53  ; Input    ; ON            ; ON            ; --                    ; --                      ; --                                     ; --                              ; --                             ; --  ; --   ; --                         ;
; x50  ; Input    ; ON            ; ON            ; --                    ; --                      ; --                                     ; --                              ; --                             ; --  ; --   ; --                         ;
; x51  ; Input    ; ON            ; ON            ; --                    ; --                      ; --                                     ; --                              ; --                             ; --  ; --   ; --                         ;
; x49  ; Input    ; ON            ; ON            ; --                    ; --                      ; --                                     ; --                              ; --                             ; --  ; --   ; --                         ;
; x48  ; Input    ; ON            ; ON            ; --                    ; --                      ; --                                     ; --                              ; --                             ; --  ; --   ; --                         ;
; x47  ; Input    ; ON            ; ON            ; --                    ; --                      ; --                                     ; --                              ; --                             ; --  ; --   ; --                         ;
; x46  ; Input    ; ON            ; ON            ; --                    ; --                      ; --                                     ; --                              ; --                             ; --  ; --   ; --                         ;
; x44  ; Input    ; ON            ; ON            ; --                    ; --                      ; --                                     ; --                              ; --                             ; --  ; --   ; --                         ;
; x45  ; Input    ; ON            ; ON            ; --                    ; --                      ; --                                     ; --                              ; --                             ; --  ; --   ; --                         ;
; x42  ; Input    ; ON            ; ON            ; --                    ; --                      ; --                                     ; --                              ; --                             ; --  ; --   ; --                         ;
; x43  ; Input    ; ON            ; ON            ; --                    ; --                      ; --                                     ; --                              ; --                             ; --  ; --   ; --                         ;
; x41  ; Input    ; ON            ; ON            ; --                    ; --                      ; --                                     ; --                              ; --                             ; --  ; --   ; --                         ;
; x40  ; Input    ; ON            ; ON            ; --                    ; --                      ; --                                     ; --                              ; --                             ; --  ; --   ; --                         ;
; x39  ; Input    ; ON            ; ON            ; --                    ; --                      ; --                                     ; --                              ; --                             ; --  ; --   ; --                         ;
; x38  ; Input    ; ON            ; ON            ; --                    ; --                      ; --                                     ; --                              ; --                             ; --  ; --   ; --                         ;
; x37  ; Input    ; ON            ; ON            ; --                    ; --                      ; --                                     ; --                              ; --                             ; --  ; --   ; --                         ;
; x36  ; Input    ; ON            ; ON            ; --                    ; --                      ; --                                     ; --                              ; --                             ; --  ; --   ; --                         ;
; x35  ; Input    ; ON            ; ON            ; --                    ; --                      ; --                                     ; --                              ; --                             ; --  ; --   ; --                         ;
; x34  ; Input    ; ON            ; ON            ; --                    ; --                      ; --                                     ; --                              ; --                             ; --  ; --   ; --                         ;
; x33  ; Input    ; ON            ; ON            ; --                    ; --                      ; --                                     ; --                              ; --                             ; --  ; --   ; --                         ;
; x32  ; Input    ; ON            ; ON            ; --                    ; --                      ; --                                     ; --                              ; --                             ; --  ; --   ; --                         ;
; x31  ; Input    ; ON            ; ON            ; --                    ; --                      ; --                                     ; --                              ; --                             ; --  ; --   ; --                         ;
; x30  ; Input    ; ON            ; ON            ; --                    ; --                      ; --                                     ; --                              ; --                             ; --  ; --   ; --                         ;
; x29  ; Input    ; ON            ; ON            ; --                    ; --                      ; --                                     ; --                              ; --                             ; --  ; --   ; --                         ;
; x28  ; Input    ; ON            ; ON            ; --                    ; --                      ; --                                     ; --                              ; --                             ; --  ; --   ; --                         ;
; x27  ; Input    ; ON            ; ON            ; --                    ; --                      ; --                                     ; --                              ; --                             ; --  ; --   ; --                         ;
; x26  ; Input    ; ON            ; ON            ; --                    ; --                      ; --                                     ; --                              ; --                             ; --  ; --   ; --                         ;
; x25  ; Input    ; ON            ; ON            ; --                    ; --                      ; --                                     ; --                              ; --                             ; --  ; --   ; --                         ;
; x24  ; Input    ; ON            ; ON            ; --                    ; --                      ; --                                     ; --                              ; --                             ; --  ; --   ; --                         ;
; x23  ; Input    ; ON            ; ON            ; --                    ; --                      ; --                                     ; --                              ; --                             ; --  ; --   ; --                         ;
; x21  ; Input    ; ON            ; ON            ; --                    ; --                      ; --                                     ; --                              ; --                             ; --  ; --   ; --                         ;
; x19  ; Input    ; ON            ; ON            ; --                    ; --                      ; --                                     ; --                              ; --                             ; --  ; --   ; --                         ;
; x17  ; Input    ; ON            ; ON            ; --                    ; --                      ; --                                     ; --                              ; --                             ; --  ; --   ; --                         ;
; x18  ; Input    ; ON            ; ON            ; --                    ; --                      ; --                                     ; --                              ; --                             ; --  ; --   ; --                         ;
; x20  ; Input    ; ON            ; ON            ; --                    ; --                      ; --                                     ; --                              ; --                             ; --  ; --   ; --                         ;
; x22  ; Input    ; ON            ; ON            ; --                    ; --                      ; --                                     ; --                              ; --                             ; --  ; --   ; --                         ;
; x16  ; Input    ; ON            ; ON            ; --                    ; --                      ; --                                     ; --                              ; --                             ; --  ; --   ; --                         ;
; x15  ; Input    ; ON            ; ON            ; --                    ; --                      ; --                                     ; --                              ; --                             ; --  ; --   ; --                         ;
; x13  ; Input    ; ON            ; ON            ; --                    ; --                      ; --                                     ; --                              ; --                             ; --  ; --   ; --                         ;
; x11  ; Input    ; ON            ; ON            ; --                    ; --                      ; --                                     ; --                              ; --                             ; --  ; --   ; --                         ;
; x9   ; Input    ; ON            ; ON            ; --                    ; --                      ; --                                     ; --                              ; --                             ; --  ; --   ; --                         ;
; x10  ; Input    ; ON            ; ON            ; --                    ; --                      ; --                                     ; --                              ; --                             ; --  ; --   ; --                         ;
; x12  ; Input    ; ON            ; ON            ; --                    ; --                      ; --                                     ; --                              ; --                             ; --  ; --   ; --                         ;
; x14  ; Input    ; ON            ; ON            ; --                    ; --                      ; --                                     ; --                              ; --                             ; --  ; --   ; --                         ;
; x7   ; Input    ; ON            ; ON            ; --                    ; --                      ; --                                     ; --                              ; --                             ; --  ; --   ; --                         ;
; x5   ; Input    ; ON            ; ON            ; --                    ; --                      ; --                                     ; --                              ; --                             ; --  ; --   ; --                         ;
; x3   ; Input    ; ON            ; ON            ; --                    ; --                      ; --                                     ; --                              ; --                             ; --  ; --   ; --                         ;
; x1   ; Input    ; ON            ; ON            ; --                    ; --                      ; --                                     ; --                              ; --                             ; --  ; --   ; --                         ;
; x2   ; Input    ; ON            ; ON            ; --                    ; --                      ; --                                     ; --                              ; --                             ; --  ; --   ; --                         ;
; x4   ; Input    ; ON            ; ON            ; --                    ; --                      ; --                                     ; --                              ; --                             ; --  ; --   ; --                         ;
; x6   ; Input    ; ON            ; ON            ; --                    ; --                      ; --                                     ; --                              ; --                             ; --  ; --   ; --                         ;
; x8   ; Input    ; ON            ; ON            ; --                    ; --                      ; --                                     ; --                              ; --                             ; --  ; --   ; --                         ;
; x0   ; Input    ; ON            ; ON            ; --                    ; --                      ; --                                     ; --                              ; --                             ; --  ; --   ; --                         ;
; a0   ; Output   ; --            ; --            ; --                    ; --                      ; --                                     ; --                              ; --                             ; --  ; OFF  ; OFF                        ;
; a1   ; Output   ; --            ; --            ; --                    ; --                      ; --                                     ; --                              ; --                             ; --  ; OFF  ; OFF                        ;
; a2   ; Output   ; --            ; --            ; --                    ; --                      ; --                                     ; --                              ; --                             ; --  ; OFF  ; OFF                        ;
; a3   ; Output   ; --            ; --            ; --                    ; --                      ; --                                     ; --                              ; --                             ; --  ; OFF  ; OFF                        ;
; a4   ; Output   ; --            ; --            ; --                    ; --                      ; --                                     ; --                              ; --                             ; --  ; OFF  ; OFF                        ;
; a5   ; Output   ; --            ; --            ; --                    ; --                      ; --                                     ; --                              ; --                             ; --  ; OFF  ; OFF                        ;
; G    ; Output   ; --            ; --            ; --                    ; --                      ; --                                     ; --                              ; --                             ; --  ; OFF  ; OFF                        ;
+------+----------+---------------+---------------+-----------------------+-------------------------+----------------------------------------+---------------------------------+--------------------------------+-----+------+----------------------------+


+------------------------------------------------------------+
; Pad To Core Delay Chain Fanout                             ;
+------------------------------+-------------------+---------+
; Source Pin / Fanout          ; Pad To Core Index ; Setting ;
+------------------------------+-------------------+---------+
; x61                          ;                   ;         ;
;      - hpri:inst10|inst17~56 ; 1                 ; ON      ;
;      - inst5~1135            ; 1                 ; ON      ;
;      - inst6~462             ; 1                 ; ON      ;
; x60                          ;                   ;         ;
;      - hpri:inst10|inst17~56 ; 0                 ; ON      ;
;      - inst5~1135            ; 0                 ; ON      ;
;      - inst6~462             ; 0                 ; ON      ;
; x63                          ;                   ;         ;
;      - hpri:inst10|inst17~56 ; 1                 ; ON      ;
;      - inst5~1136            ; 1                 ; ON      ;
;      - inst6~455             ; 1                 ; ON      ;
; x62                          ;                   ;         ;
;      - hpri:inst10|inst17~56 ; 1                 ; ON      ;
;      - inst5~1136            ; 1                 ; ON      ;
;      - inst6~455             ; 1                 ; ON      ;
; x59                          ;                   ;         ;
;      - hpri:inst10|inst17~57 ; 1                 ; ON      ;
;      - inst5~1135            ; 1                 ; ON      ;
;      - inst6~462             ; 1                 ; ON      ;
; x58                          ;                   ;         ;
;      - hpri:inst10|inst17~57 ; 1                 ; ON      ;
;      - inst5~1134            ; 1                 ; ON      ;
;      - inst6~462             ; 1                 ; ON      ;
; x56                          ;                   ;         ;
;      - hpri:inst10|inst17    ; 0                 ; ON      ;
; x57                          ;                   ;         ;
;      - hpri:inst10|inst17    ; 0                 ; ON      ;
;      - inst5~1134            ; 0                 ; ON      ;
; x55                          ;                   ;         ;
;      - inst11~266            ; 1                 ; ON      ;
;      - inst5~1131            ; 1                 ; ON      ;
;      - inst6~454             ; 1                 ; ON      ;
; x54                          ;                   ;         ;
;      - inst11~266            ; 0                 ; ON      ;
;      - inst5~1131            ; 0                 ; ON      ;
;      - inst5~1132            ; 0                 ; ON      ;
;      - inst6~454             ; 0                 ; ON      ;
; x52                          ;                   ;         ;
;      - inst11~266            ; 0                 ; ON      ;
;      - inst5~1133            ; 0                 ; ON      ;
;      - inst6~453             ; 0                 ; ON      ;
; x53                          ;                   ;         ;
;      - inst11~266            ; 1                 ; ON      ;
;      - inst5~1131            ; 1                 ; ON      ;
;      - inst6~453             ; 1                 ; ON      ;
; x50                          ;                   ;         ;
;      - inst6~438             ; 1                 ; ON      ;
;      - inst5~1132            ; 1                 ; ON      ;
;      - inst6~453             ; 1                 ; ON      ;
; x51                          ;                   ;         ;
;      - inst6~438             ; 0                 ; ON      ;
;      - inst5~1132            ; 0                 ; ON      ;
;      - inst6~453             ; 0                 ; ON      ;
; x49                          ;                   ;         ;
;      - hpri:inst3|inst17~29  ; 1                 ; ON      ;
;      - inst5~1132            ; 1                 ; ON      ;
; x48                          ;                   ;         ;
;      - hpri:inst3|inst17~29  ; 1                 ; ON      ;
; x47                          ;                   ;         ;
;      - inst11~267            ; 1                 ; ON      ;
;      - inst5~1128            ; 1                 ; ON      ;
;      - inst6~449             ; 1                 ; ON      ;
; x46                          ;                   ;         ;
;      - inst11~267            ; 1                 ; ON      ;
;      - inst5~1128            ; 1                 ; ON      ;
;      - inst5~1129            ; 1                 ; ON      ;
;      - inst6~449             ; 1                 ; ON      ;
; x44                          ;                   ;         ;
;      - inst11~267            ; 0                 ; ON      ;
;      - inst5~1130            ; 0                 ; ON      ;
;      - inst6~448             ; 0                 ; ON      ;
; x45                          ;                   ;         ;
;      - inst11~267            ; 0                 ; ON      ;
;      - inst5~1128            ; 0                 ; ON      ;
;      - inst6~448             ; 0                 ; ON      ;
; x42                          ;                   ;         ;
;      - inst6~439             ; 0                 ; ON      ;
;      - inst5~1129            ; 0                 ; ON      ;
; x43                          ;                   ;         ;
;      - inst6~439             ; 1                 ; ON      ;
;      - inst5~1129            ; 1                 ; ON      ;
; x41                          ;                   ;         ;
;      - hpri:inst9|inst17~28  ; 1                 ; ON      ;
;      - inst5~1129            ; 1                 ; ON      ;
; x40                          ;                   ;         ;
;      - hpri:inst9|inst17~28  ; 1                 ; ON      ;
; x39                          ;                   ;         ;
;      - inst11~268            ; 0                 ; ON      ;
;      - inst5~1126            ; 0                 ; ON      ;
;      - inst6~451             ; 0                 ; ON      ;
; x38                          ;                   ;         ;
;      - inst11~268            ; 1                 ; ON      ;
;      - inst5~1126            ; 1                 ; ON      ;
;      - inst6~451             ; 1                 ; ON      ;
; x37                          ;                   ;         ;
;      - inst11~268            ; 1                 ; ON      ;
;      - inst5~1126            ; 1                 ; ON      ;
;      - inst6~450             ; 1                 ; ON      ;
; x36                          ;                   ;         ;
;      - inst11~268            ; 1                 ; ON      ;
;      - inst5~1125            ; 1                 ; ON      ;
;      - inst6~450             ; 1                 ; ON      ;
; x35                          ;                   ;         ;
;      - inst6~440             ; 0                 ; ON      ;
;      - inst5~1125            ; 0                 ; ON      ;
; x34                          ;                   ;         ;
;      - inst6~440             ; 1                 ; ON      ;
;      - inst5~1125            ; 1                 ; ON      ;
; x33                          ;                   ;         ;
;      - hpri:inst2|inst17~28  ; 1                 ; ON      ;
;      - inst5~1125            ; 1                 ; ON      ;
; x32                          ;                   ;         ;
;      - hpri:inst2|inst17~28  ; 1                 ; ON      ;
; x31                          ;                   ;         ;
;      - inst11~269            ; 1                 ; ON      ;
;      - inst5~1122            ; 1                 ; ON      ;
;      - inst6~457             ; 1                 ; ON      ;
; x30                          ;                   ;         ;
;      - inst11~269            ; 1                 ; ON      ;
;      - inst5~1122            ; 1                 ; ON      ;
;      - inst5~1123            ; 1                 ; ON      ;
;      - inst6~457             ; 1                 ; ON      ;
; x29                          ;                   ;         ;
;      - inst11~269            ; 0                 ; ON      ;
;      - inst5~1122            ; 0                 ; ON      ;
;      - inst6~457             ; 0                 ; ON      ;
; x28                          ;                   ;         ;
;      - inst11~269            ; 1                 ; ON      ;
;      - inst5~1124            ; 1                 ; ON      ;
;      - inst6~456             ; 1                 ; ON      ;
; x27                          ;                   ;         ;
;      - hpri:inst8|inst17~28  ; 0                 ; ON      ;
;      - inst5~1123            ; 0                 ; ON      ;
;      - inst6~456             ; 0                 ; ON      ;
; x26                          ;                   ;         ;
;      - hpri:inst8|inst17~28  ; 1                 ; ON      ;
;      - inst5~1123            ; 1                 ; ON      ;
;      - inst6~456             ; 1                 ; ON      ;
; x25                          ;                   ;         ;
;      - hpri:inst8|inst17~28  ; 1                 ; ON      ;
;      - inst5~1123            ; 1                 ; ON      ;
; x24                          ;                   ;         ;
;      - hpri:inst8|inst17~28  ; 1                 ; ON      ;
; x23                          ;                   ;         ;
;      - inst5~1118            ; 1                 ; ON      ;
;      - hpri:inst1|inst17~29  ; 1                 ; ON      ;
;      - inst6~444             ; 1                 ; ON      ;
;      - inst11~271            ; 1                 ; ON      ;
; x21                          ;                   ;         ;
;      - inst5~1118            ; 1                 ; ON      ;
;      - inst6~441             ; 1                 ; ON      ;
;      - inst11~271            ; 1                 ; ON      ;
; x19                          ;                   ;         ;
;      - inst5~1117            ; 1                 ; ON      ;
;      - hpri:inst1|inst17~28  ; 1                 ; ON      ;
;      - inst6~443             ; 1                 ; ON      ;
; x17                          ;                   ;         ;
;      - inst5~1117            ; 0                 ; ON      ;
;      - hpri:inst1|inst17~28  ; 0                 ; ON      ;
; x18                          ;                   ;         ;
;      - inst5~1117            ; 0                 ; ON      ;
;      - hpri:inst1|inst17~28  ; 0                 ; ON      ;
;      - inst6~443             ; 0                 ; ON      ;
; x20                          ;                   ;         ;
;      - inst5~1117            ; 1                 ; ON      ;
;      - inst6~441             ; 1                 ; ON      ;
;      - inst11~271            ; 1                 ; ON      ;
; x22                          ;                   ;         ;
;      - inst5~1118            ; 1                 ; ON      ;
;      - hpri:inst1|inst17~29  ; 1                 ; ON      ;
;      - inst6~444             ; 1                 ; ON      ;
;      - inst11~271            ; 1                 ; ON      ;
; x16                          ;                   ;         ;
;      - hpri:inst1|inst17~28  ; 1                 ; ON      ;
; x15                          ;                   ;         ;
;      - inst5~1120            ; 0                 ; ON      ;
;      - inst11~270            ; 0                 ; ON      ;
;      - inst6~446             ; 0                 ; ON      ;
; x13                          ;                   ;         ;
;      - inst5~1120            ; 1                 ; ON      ;
;      - inst11~270            ; 1                 ; ON      ;
;      - inst6~445             ; 1                 ; ON      ;
; x11                          ;                   ;         ;
;      - inst5~1119            ; 1                 ; ON      ;
;      - inst6~442             ; 1                 ; ON      ;
; x9                           ;                   ;         ;
;      - inst5~1119            ; 0                 ; ON      ;
;      - hpri:inst7|inst17~26  ; 0                 ; ON      ;
; x10                          ;                   ;         ;
;      - inst5~1119            ; 0                 ; ON      ;
;      - inst6~442             ; 0                 ; ON      ;
; x12                          ;                   ;         ;
;      - inst5~1119            ; 1                 ; ON      ;
;      - inst11~270            ; 1                 ; ON      ;
;      - inst6~445             ; 1                 ; ON      ;
; x14                          ;                   ;         ;
;      - inst5~1120            ; 0                 ; ON      ;
;      - inst11~270            ; 0                 ; ON      ;
;      - inst6~446             ; 0                 ; ON      ;
; x7                           ;                   ;         ;
;      - inst5~1139            ; 0                 ; ON      ;
;      - inst6~460             ; 0                 ; ON      ;
;      - hpri:inst|inst18~21   ; 0                 ; ON      ;
; x5                           ;                   ;         ;
;      - inst5~1139            ; 0                 ; ON      ;
;      - inst6~459             ; 0                 ; ON      ;
;      - hpri:inst|inst18~21   ; 0                 ; ON      ;
; x3                           ;                   ;         ;
;      - inst5~1138            ; 1                 ; ON      ;
;      - hpri:inst|inst18~20   ; 1                 ; ON      ;
; x1                           ;                   ;         ;
;      - inst5~1138            ; 1                 ; ON      ;
;      - hpri:inst|inst18      ; 1                 ; ON      ;
; x2                           ;                   ;         ;
;      - inst5~1138            ; 0                 ; ON      ;
;      - hpri:inst|inst18~20   ; 0                 ; ON      ;
; x4                           ;                   ;         ;
;      - inst5~1138            ; 1                 ; ON      ;
;      - inst6~459             ; 1                 ; ON      ;
;      - hpri:inst|inst18~21   ; 1                 ; ON      ;
; x6                           ;                   ;         ;
;      - inst5~1139            ; 1                 ; ON      ;
;      - inst6~460             ; 1                 ; ON      ;
;      - hpri:inst|inst18~21   ; 1                 ; ON      ;
; x8                           ;                   ;         ;
;      - hpri:inst7|inst17~26  ; 1                 ; ON      ;
; x0                           ;                   ;         ;
;      - hpri:inst|inst18      ; 1                 ; ON      ;
+------------------------------+-------------------+---------+


+---------------------------------+
; Non-Global High Fan-Out Signals ;
+-----------------------+---------+
; Name                  ; Fan-Out ;
+-----------------------+---------+
; hpri:inst10|inst17    ; 8       ;
; hpri:inst2|inst17     ; 7       ;
; hpri:inst1|inst17~29  ; 6       ;
; hpri:inst8|inst17     ; 6       ;
; hpri:inst9|inst17~28  ; 6       ;
; hpri:inst3|inst17~30  ; 5       ;
; hpri:inst3|inst17~29  ; 5       ;
; x22                   ; 4       ;
; x23                   ; 4       ;
; x30                   ; 4       ;
; x46                   ; 4       ;
; x54                   ; 4       ;
; inst11~269            ; 4       ;
; x6                    ; 3       ;
; x4                    ; 3       ;
; x5                    ; 3       ;
; x7                    ; 3       ;
; x14                   ; 3       ;
; x12                   ; 3       ;
; x13                   ; 3       ;
; x15                   ; 3       ;
; x20                   ; 3       ;
; x18                   ; 3       ;
; x19                   ; 3       ;
; x21                   ; 3       ;
; x26                   ; 3       ;
; x27                   ; 3       ;
; x28                   ; 3       ;
; x29                   ; 3       ;
; x31                   ; 3       ;
; x36                   ; 3       ;
; x37                   ; 3       ;
; x38                   ; 3       ;
; x39                   ; 3       ;
; x45                   ; 3       ;
; x44                   ; 3       ;
; x47                   ; 3       ;
; x51                   ; 3       ;
; x50                   ; 3       ;
; x53                   ; 3       ;
; x52                   ; 3       ;
; x55                   ; 3       ;
; x58                   ; 3       ;
; x59                   ; 3       ;
; x62                   ; 3       ;
; x63                   ; 3       ;
; x60                   ; 3       ;
; x61                   ; 3       ;
; hpri:inst12|inst28~42 ; 3       ;
; hpri:inst7|inst17     ; 3       ;
+-----------------------+---------+


+-----------------------------------------------------+
; Interconnect Usage Summary                          ;
+-----------------------------+-----------------------+
; Interconnect Resource Type  ; Usage                 ;
+-----------------------------+-----------------------+
; C16 interconnects           ; 17 / 2,286 ( < 1 % )  ;
; C4 interconnects            ; 33 / 31,320 ( < 1 % ) ;
; C8 interconnects            ; 24 / 7,272 ( < 1 % )  ;
; DIFFIOCLKs                  ; 0 / 16 ( 0 % )        ;
; DQS bus muxes               ; 0 / 56 ( 0 % )        ;
; DQS-32 I/O buses            ; 0 / 4 ( 0 % )         ;
; DQS-8 I/O buses             ; 0 / 16 ( 0 % )        ;
; Direct links                ; 9 / 44,740 ( < 1 % )  ;
; Fast regional clocks        ; 0 / 8 ( 0 % )         ;
; Global clocks               ; 0 / 16 ( 0 % )        ;
; I/O buses                   ; 0 / 208 ( 0 % )       ;
; LUT chains                  ; 7 / 9,513 ( < 1 % )   ;
; Local routing interconnects ; 44 / 10,570 ( < 1 % ) ;
; R24 interconnects           ; 1 / 2,280 ( < 1 % )   ;
; R4 interconnects            ; 52 / 62,520 ( < 1 % ) ;
; R8 interconnects            ; 34 / 10,410 ( < 1 % ) ;
; Regional clocks             ; 0 / 16 ( 0 % )        ;
+-----------------------------+-----------------------+


+---------------------------------------------------------------------------+
; LAB Logic Elements                                                        ;
+--------------------------------------------+------------------------------+
; Number of Logic Elements  (Average = 7.82) ; Number of LABs  (Total = 11) ;
+--------------------------------------------+------------------------------+
; 1                                          ; 2                            ;
; 2                                          ; 0                            ;
; 3                                          ; 0                            ;
; 4                                          ; 0                            ;
; 5                                          ; 0                            ;
; 6                                          ; 0                            ;
; 7                                          ; 0                            ;
; 8                                          ; 3                            ;
; 9                                          ; 0                            ;
; 10                                         ; 6                            ;
+--------------------------------------------+------------------------------+


+----------------------------------------------------------------------------+
; LAB Signals Sourced                                                        ;
+---------------------------------------------+------------------------------+
; Number of Signals Sourced  (Average = 7.82) ; Number of LABs  (Total = 11) ;
+---------------------------------------------+------------------------------+
; 0                                           ; 0                            ;
; 1                                           ; 2                            ;
; 2                                           ; 0                            ;
; 3                                           ; 0                            ;
; 4                                           ; 0                            ;
; 5                                           ; 0                            ;
; 6                                           ; 0                            ;
; 7                                           ; 0                            ;
; 8                                           ; 3                            ;
; 9                                           ; 0                            ;
; 10                                          ; 6                            ;
+---------------------------------------------+------------------------------+


+--------------------------------------------------------------------------------+
; LAB Signals Sourced Out                                                        ;
+-------------------------------------------------+------------------------------+
; Number of Signals Sourced Out  (Average = 3.91) ; Number of LABs  (Total = 11) ;
+-------------------------------------------------+------------------------------+
; 0                                               ; 0                            ;
; 1                                               ; 2                            ;
; 2                                               ; 0                            ;
; 3                                               ; 0                            ;
; 4                                               ; 6                            ;
; 5                                               ; 1                            ;
; 6                                               ; 2                            ;
+-------------------------------------------------+------------------------------+


+-----------------------------------------------------------------------------+
; LAB Distinct Inputs                                                         ;
+----------------------------------------------+------------------------------+
; Number of Distinct Inputs  (Average = 10.36) ; Number of LABs  (Total = 11) ;
+----------------------------------------------+------------------------------+
; 0                                            ; 0                            ;
; 1                                            ; 0                            ;
; 2                                            ; 1                            ;
; 3                                            ; 0                            ;
; 4                                            ; 1                            ;
; 5                                            ; 0                            ;
; 6                                            ; 0                            ;
; 7                                            ; 0                            ;
; 8                                            ; 0                            ;
; 9                                            ; 1                            ;
; 10                                           ; 1                            ;
; 11                                           ; 2                            ;
; 12                                           ; 1                            ;
; 13                                           ; 2                            ;
; 14                                           ; 1                            ;
; 15                                           ; 1                            ;
+----------------------------------------------+------------------------------+


+-----------------+
; Fitter Messages ;
+-----------------+
Info: *******************************************************************
Info: Running Quartus II Fitter
    Info: Version 5.0 Build 148 04/26/2005 SJ Full Version
    Info: Processing started: Thu Nov 08 01:39:32 2018
Info: Command: quartus_fit --read_settings_files=off --write_settings_files=off double_coder -c double_coder
Info: Auto device selection -- successful I/O standard check for EP1S10F484C5
Info: Auto device selection -- successful PCI I/O clamp diode check for EP1S10F484C5
Info: Automatically selected device EP1S10F484C5 for design double_coder
Info: Fitter is performing an Auto Fit compilation, which may decrease Fitter effort to reduce compilation time
Info: Device migration not selected. If you intend to use device migration later, you may need to change the pin assignments as they may be incompatible with other devices. 
    Info: Device EP1S20F484C5 is compatible
Info: No exact pin location assignment(s) for 71 pins of 71 total pins
    Info: Pin a0 not assigned to an exact location on the device
    Info: Pin a1 not assigned to an exact location on the device
    Info: Pin a2 not assigned to an exact location on the device
    Info: Pin a3 not assigned to an exact location on the device
    Info: Pin a4 not assigned to an exact location on the device
    Info: Pin a5 not assigned to an exact location on the device
    Info: Pin G not assigned to an exact location on the device
    Info: Pin x61 not assigned to an exact location on the device
    Info: Pin x60 not assigned to an exact location on the device
    Info: Pin x63 not assigned to an exact location on the device
    Info: Pin x62 not assigned to an exact location on the device
    Info: Pin x59 not assigned to an exact location on the device
    Info: Pin x58 not assigned to an exact location on the device
    Info: Pin x56 not assigned to an exact location on the device
    Info: Pin x57 not assigned to an exact location on the device
    Info: Pin x55 not assigned to an exact location on the device
    Info: Pin x54 not assigned to an exact location on the device
    Info: Pin x52 not assigned to an exact location on the device
    Info: Pin x53 not assigned to an exact location on the device
    Info: Pin x50 not assigned to an exact location on the device
    Info: Pin x51 not assigned to an exact location on the device
    Info: Pin x49 not assigned to an exact location on the device
    Info: Pin x48 not assigned to an exact location on the device
    Info: Pin x47 not assigned to an exact location on the device
    Info: Pin x46 not assigned to an exact location on the device
    Info: Pin x44 not assigned to an exact location on the device
    Info: Pin x45 not assigned to an exact location on the device
    Info: Pin x42 not assigned to an exact location on the device
    Info: Pin x43 not assigned to an exact location on the device
    Info: Pin x41 not assigned to an exact location on the device
    Info: Pin x40 not assigned to an exact location on the device
    Info: Pin x39 not assigned to an exact location on the device
    Info: Pin x38 not assigned to an exact location on the device
    Info: Pin x37 not assigned to an exact location on the device
    Info: Pin x36 not assigned to an exact location on the device
    Info: Pin x35 not assigned to an exact location on the device
    Info: Pin x34 not assigned to an exact location on the device
    Info: Pin x33 not assigned to an exact location on the device
    Info: Pin x32 not assigned to an exact location on the device
    Info: Pin x31 not assigned to an exact location on the device
    Info: Pin x30 not assigned to an exact location on the device
    Info: Pin x29 not assigned to an exact location on the device
    Info: Pin x28 not assigned to an exact location on the device
    Info: Pin x27 not assigned to an exact location on the device
    Info: Pin x26 not assigned to an exact location on the device
    Info: Pin x25 not assigned to an exact location on the device
    Info: Pin x24 not assigned to an exact location on the device
    Info: Pin x23 not assigned to an exact location on the device
    Info: Pin x21 not assigned to an exact location on the device
    Info: Pin x19 not assigned to an exact location on the device
    Info: Pin x17 not assigned to an exact location on the device
    Info: Pin x18 not assigned to an exact location on the device
    Info: Pin x20 not assigned to an exact location on the device
    Info: Pin x22 not assigned to an exact location on the device
    Info: Pin x16 not assigned to an exact location on the device
    Info: Pin x15 not assigned to an exact location on the device
    Info: Pin x13 not assigned to an exact location on the device
    Info: Pin x11 not assigned to an exact location on the device
    Info: Pin x9 not assigned to an exact location on the device
    Info: Pin x10 not assigned to an exact location on the device
    Info: Pin x12 not assigned to an exact location on the device
    Info: Pin x14 not assigned to an exact location on the device
    Info: Pin x7 not assigned to an exact location on the device
    Info: Pin x5 not assigned to an exact location on the device
    Info: Pin x3 not assigned to an exact location on the device
    Info: Pin x1 not assigned to an exact location on the device
    Info: Pin x2 not assigned to an exact location on the device
    Info: Pin x4 not assigned to an exact location on the device
    Info: Pin x6 not assigned to an exact location on the device
    Info: Pin x8 not assigned to an exact location on the device
    Info: Pin x0 not assigned to an exact location on the device
Info: Timing requirements not specified -- optimizing circuit to achieve the following default global requirements
    Info: Assuming a global fmax requirement of 1 MHz
    Info: Not setting a global tsu requirement
    Info: Not setting a global tco requirement
    Info: Not setting a global tpd requirement
Info: Performing register packing on registers with non-logic cell location assignments
Info: Completed register packing on registers with non-logic cell location assignments
Info: Completed User Assigned Global Signals Promotion Operation
Info: Completed Auto Global Promotion Operation
Info: Starting register packing
Info: Started Fast Input/Output/OE register processing
Info: Finished Fast Input/Output/OE register processing
Info: Start inferring scan chains for DSP blocks
Info: Inferring scan chains for DSP blocks is complete
Info: Fitter is using Normal packing mode for logic elements with Auto setting for Auto Packed Registers logic option
Info: Moving registers into I/O cells, LUTs, RAM blocks, and DSP blocks to improve timing and density
Info: Finished moving registers into LUTs, I/O cells, DSP blocks, and RAM blocks
Info: Finished register packing
Info: Statistics of I/O pins that need to be placed that use the same VCCIO and VREF, before I/O pin placement
    Info: Number of I/O pins in group: 71 (unused VREF, 3.30 VCCIO, 64 input, 7 output, 0 bidirectional)
        Info: I/O standards used: LVTTL.
Info: I/O bank details before I/O pin placement
    Info: Statistics of I/O banks
        Info: I/O bank number 1 does not use VREF pins and has unused VCCIO pins. 0 total pin(s) used --  29 pins available
        Info: I/O bank number 2 does not use VREF pins and has unused VCCIO pins. 0 total pin(s) used --  30 pins available
        Info: I/O bank number 3 does not use VREF pins and has unused VCCIO pins. 0 total pin(s) used --  51 pins available
        Info: I/O bank number 4 does not use VREF pins and has unused VCCIO pins. 1 total pin(s) used --  51 pins available
        Info: I/O bank number 5 does not use VREF pins and has unused VCCIO pins. 0 total pin(s) used --  29 pins available
        Info: I/O bank number 6 does not use VREF pins and has unused VCCIO pins. 0 total pin(s) used --  29 pins available
        Info: I/O bank number 7 does not use VREF pins and has unused VCCIO pins. 0 total pin(s) used --  52 pins available
        Info: I/O bank number 8 does not use VREF pins and has unused VCCIO pins. 0 total pin(s) used --  51 pins available
        Info: I/O bank number 9 does not use VREF pins and has unused VCCIO pins. 0 total pin(s) used --  6 pins available
        Info: I/O bank number 10 does not use VREF pins and has unused VCCIO pins. 0 total pin(s) used --  0 pins available
        Info: I/O bank number 11 does not use VREF pins and has unused VCCIO pins. 0 total pin(s) used --  6 pins available
        Info: I/O bank number 12 does not use VREF pins and has unused VCCIO pins. 0 total pin(s) used --  0 pins available
Info: Fitter placement preparation operations beginning
Info: Fitter placement preparation operations ending: elapsed time is 00:00:00
Info: Fitter placement operations beginning
Info: Fitter placement was successful
Info: Fitter placement operations ending: elapsed time is 00:00:00
Info: Fitter routing operations beginning
Info: Average interconnect usage is 0% of the available device resources. Peak interconnect usage is 0%.
Info: Fitter routing operations ending: elapsed time is 00:00:00
Info: Fitter performed an Auto Fit compilation. Optimizations were skipped to reduce compilation time.
Info: Completed Fixed Delay Chain Operation
Info: Started post-fitting delay annotation
Info: Delay annotation completed successfully
Info: Completed Auto Delay Chain Operation
Info: Quartus II Fitter was successful. 0 errors, 0 warnings
    Info: Processing ended: Thu Nov 08 01:39:34 2018
    Info: Elapsed time: 00:00:02


