Fitter report for DC_str
Thu Nov 01 18:44:55 2018
Version 5.0 Build 148 04/26/2005 SJ Full Version


---------------------
; Table of Contents ;
---------------------
  1. Legal Notice
  2. Fitter Summary
  3. Fitter Settings
  4. Fitter Device Options
  5. Fitter Equations
  6. Pin-Out File
  7. Fitter Resource Usage Summary
  8. Input Pins
  9. Output Pins
 10. I/O Bank Usage
 11. All Package Pins
 12. Output Pin Default Load For Reported TCO
 13. Fitter Resource Utilization by Entity
 14. Delay Chain Summary
 15. Pad To Core Delay Chain Fanout
 16. Non-Global High Fan-Out Signals
 17. Interconnect Usage Summary
 18. LAB Logic Elements
 19. LAB Signals Sourced
 20. LAB Signals Sourced Out
 21. LAB Distinct Inputs
 22. Fitter Messages



----------------
; Legal Notice ;
----------------
Copyright (C) 1991-2005 Altera Corporation
Your use of Altera Corporation's design tools, logic functions 
and other software and tools, and its AMPP partner logic       
functions, and any output files any of the foregoing           
(including device programming or simulation files), and any    
associated documentation or information are expressly subject  
to the terms and conditions of the Altera Program License      
Subscription Agreement, Altera MegaCore Function License       
Agreement, or other applicable license agreement, including,   
without limitation, that your use is for the sole purpose of   
programming logic devices manufactured by Altera and sold by   
Altera or its authorized distributors.  Please refer to the    
applicable agreement for further details.



+---------------------------------------------------------------------+
; Fitter Summary                                                      ;
+--------------------------+------------------------------------------+
; Fitter Status            ; Successful - Thu Nov 01 18:44:55 2018    ;
; Quartus II Version       ; 5.0 Build 148 04/26/2005 SJ Full Version ;
; Revision Name            ; DC_str                                   ;
; Top-level Entity Name    ; DC_str                                   ;
; Family                   ; Stratix                                  ;
; Device                   ; EP1S10F484C5                             ;
; Timing Models            ; Final                                    ;
; Total logic elements     ; 83 / 10,570 ( < 1 % )                    ;
; Total pins               ; 71 / 336 ( 21 % )                        ;
; Total virtual pins       ; 0                                        ;
; Total memory bits        ; 0 / 920,448 ( 0 % )                      ;
; DSP block 9-bit elements ; 0 / 48 ( 0 % )                           ;
; Total PLLs               ; 0 / 6 ( 0 % )                            ;
; Total DLLs               ; 0 / 2 ( 0 % )                            ;
+--------------------------+------------------------------------------+


+----------------------------------------------------------------------------------------------------------------------+
; Fitter Settings                                                                                                      ;
+----------------------------------------------------+--------------------------------+--------------------------------+
; Option                                             ; Setting                        ; Default Value                  ;
+----------------------------------------------------+--------------------------------+--------------------------------+
; Device                                             ; AUTO                           ;                                ;
; Use smart compilation                              ; Off                            ; Off                            ;
; Placement Effort Multiplier                        ; 1.0                            ; 1.0                            ;
; Router Effort Multiplier                           ; 1.0                            ; 1.0                            ;
; Optimize Hold Timing                               ; IO Paths and Minimum TPD Paths ; IO Paths and Minimum TPD Paths ;
; Optimize Fast-Corner Timing                        ; Off                            ; Off                            ;
; Optimize Timing                                    ; Normal compilation             ; Normal compilation             ;
; Optimize IOC Register Placement for Timing         ; On                             ; On                             ;
; Limit to One Fitting Attempt                       ; Off                            ; Off                            ;
; Final Placement Optimizations                      ; Automatically                  ; Automatically                  ;
; Fitter Initial Placement Seed                      ; 1                              ; 1                              ;
; Slow Slew Rate                                     ; Off                            ; Off                            ;
; PCI I/O                                            ; Off                            ; Off                            ;
; Weak Pull-Up Resistor                              ; Off                            ; Off                            ;
; Enable Bus-Hold Circuitry                          ; Off                            ; Off                            ;
; Auto Global Memory Control Signals                 ; Off                            ; Off                            ;
; Auto Packed Registers -- Stratix/Stratix GX        ; Auto                           ; Auto                           ;
; Auto Delay Chains                                  ; On                             ; On                             ;
; Auto Merge PLLs                                    ; On                             ; On                             ;
; Perform Physical Synthesis for Combinational Logic ; Off                            ; Off                            ;
; Perform Register Duplication                       ; Off                            ; Off                            ;
; Perform Register Retiming                          ; Off                            ; Off                            ;
; Fitter Effort                                      ; Auto Fit                       ; Auto Fit                       ;
; Physical Synthesis Effort Level                    ; Normal                         ; Normal                         ;
; Logic Cell Insertion - Logic Duplication           ; Auto                           ; Auto                           ;
; Auto Register Duplication                          ; Off                            ; Off                            ;
; Auto Global Clock                                  ; On                             ; On                             ;
; Auto Global Register Control Signals               ; On                             ; On                             ;
+----------------------------------------------------+--------------------------------+--------------------------------+


+-------------------------------------------------------------------------+
; Fitter Device Options                                                   ;
+----------------------------------------------+--------------------------+
; Option                                       ; Setting                  ;
+----------------------------------------------+--------------------------+
; Enable user-supplied start-up clock (CLKUSR) ; Off                      ;
; Enable device-wide reset (DEV_CLRn)          ; Off                      ;
; Enable device-wide output enable (DEV_OE)    ; Off                      ;
; Enable INIT_DONE output                      ; Off                      ;
; Configuration scheme                         ; Passive Serial           ;
; Error detection CRC                          ; Off                      ;
; Reserve Data[0] pin after configuration      ; As input tri-stated      ;
; Reserve all unused pins                      ; As output driving ground ;
; Base pin-out file on sameframe device        ; Off                      ;
+----------------------------------------------+--------------------------+


+------------------+
; Fitter Equations ;
+------------------+
The equations can be found in C:/altera_labs/laba6/DC_str/DC_str.fit.eqn.


+--------------+
; Pin-Out File ;
+--------------+
The pin-out file can be found in C:/altera_labs/laba6/DC_str/DC_str.pin.


+---------------------------------------------------------------------+
; Fitter Resource Usage Summary                                       ;
+---------------------------------------------+-----------------------+
; Resource                                    ; Usage                 ;
+---------------------------------------------+-----------------------+
; Total logic elements                        ; 83 / 10,570 ( < 1 % ) ;
;     -- Combinational with no register       ; 83                    ;
;     -- Register only                        ; 0                     ;
;     -- Combinational with a register        ; 0                     ;
;                                             ;                       ;
; Logic element usage by number of LUT inputs ;                       ;
;     -- 4 input functions                    ; 77                    ;
;     -- 3 input functions                    ; 2                     ;
;     -- 2 input functions                    ; 4                     ;
;     -- 1 input functions                    ; 0                     ;
;     -- 0 input functions                    ; 0                     ;
;                                             ;                       ;
; Logic elements by mode                      ;                       ;
;     -- normal mode                          ; 83                    ;
;     -- arithmetic mode                      ; 0                     ;
;     -- qfbk mode                            ; 0                     ;
;     -- register cascade mode                ; 0                     ;
;     -- synchronous clear/load mode          ; 0                     ;
;     -- asynchronous clear/load mode         ; 0                     ;
;                                             ;                       ;
; Total LABs                                  ; 9 / 1,057 ( < 1 % )   ;
; Logic elements in carry chains              ; 0                     ;
; User inserted logic elements                ; 0                     ;
; Virtual pins                                ; 0                     ;
; I/O pins                                    ; 71 / 336 ( 21 % )     ;
;     -- Clock pins                           ; 0 / 16 ( 0 % )        ;
; Global signals                              ; 0                     ;
; M512s                                       ; 0 / 94 ( 0 % )        ;
; M4Ks                                        ; 0 / 60 ( 0 % )        ;
; M-RAMs                                      ; 0 / 1 ( 0 % )         ;
; Total memory bits                           ; 0 / 920,448 ( 0 % )   ;
; Total RAM block bits                        ; 0 / 920,448 ( 0 % )   ;
; DSP block 9-bit elements                    ; 0 / 48 ( 0 % )        ;
; Global clocks                               ; 0 / 16 ( 0 % )        ;
; Regional clocks                             ; 0 / 16 ( 0 % )        ;
; Fast regional clocks                        ; 0 / 8 ( 0 % )         ;
; SERDES transmitters                         ; 0 / 44 ( 0 % )        ;
; SERDES receivers                            ; 0 / 44 ( 0 % )        ;
; Maximum fan-out node                        ; x2                    ;
; Maximum fan-out                             ; 64                    ;
; Total fan-out                               ; 386                   ;
; Average fan-out                             ; 2.49                  ;
+---------------------------------------------+-----------------------+


+------------------------------------------------------------------------------------------------------------------------------------------------------------------------------------------------------------------------------------------------------------+
; Input Pins                                                                                                                                                                                                                                                 ;
+------+-------+----------+--------------+--------------+-------------+-----------------------+--------------------+--------+----------------+---------------+-----------------+----------+--------------+--------------+-------------+----------------------+
; Name ; Pin # ; I/O Bank ; X coordinate ; Y coordinate ; Cell number ; Combinational Fan-Out ; Registered Fan-Out ; Global ; Input Register ; Power Up High ; PCI I/O Enabled ; Bus Hold ; Weak Pull Up ; I/O Standard ; Termination ; Location assigned by ;
+------+-------+----------+--------------+--------------+-------------+-----------------------+--------------------+--------+----------------+---------------+-----------------+----------+--------------+--------------+-------------+----------------------+
; ENB  ; J14   ; 3        ; 3            ; 31           ; 4           ; 21                    ; 0                  ; no     ; no             ; no            ; no              ; no       ; Off          ; LVTTL        ; Off         ; Fitter               ;
; x0   ; J16   ; 3        ; 12           ; 31           ; 5           ; 27                    ; 0                  ; no     ; no             ; no            ; no              ; no       ; Off          ; LVTTL        ; Off         ; Fitter               ;
; x1   ; E15   ; 3        ; 12           ; 31           ; 3           ; 27                    ; 0                  ; no     ; no             ; no            ; no              ; no       ; Off          ; LVTTL        ; Off         ; Fitter               ;
; x2   ; G18   ; 2        ; 0            ; 28           ; 1           ; 64                    ; 0                  ; no     ; no             ; no            ; no              ; no       ; Off          ; LVTTL        ; Off         ; Fitter               ;
; x3   ; C19   ; 3        ; 3            ; 31           ; 0           ; 21                    ; 0                  ; no     ; no             ; no            ; no              ; no       ; Off          ; LVTTL        ; Off         ; Fitter               ;
; x4   ; D17   ; 3        ; 5            ; 31           ; 5           ; 18                    ; 0                  ; no     ; no             ; no            ; no              ; no       ; Off          ; LVTTL        ; Off         ; Fitter               ;
; x5   ; F18   ; 2        ; 0            ; 29           ; 1           ; 48                    ; 0                  ; no     ; no             ; no            ; no              ; no       ; Off          ; LVTTL        ; Off         ; Fitter               ;
+------+-------+----------+--------------+--------------+-------------+-----------------------+--------------------+--------+----------------+---------------+-----------------+----------+--------------+--------------+-------------+----------------------+


+---------------------------------------------------------------------------------------------------------------------------------------------------------------------------------------------------------------------------------------------------------------------------------------------------------------+
; Output Pins                                                                                                                                                                                                                                                                                                   ;
+------+-------+----------+--------------+--------------+-------------+-----------------+------------------------+---------------+----------------+-----------------+------------+---------------+----------+--------------+--------------+------------------+-------------+----------------------+-------------+
; Name ; Pin # ; I/O Bank ; X coordinate ; Y coordinate ; Cell number ; Output Register ; Output Enable Register ; Power Up High ; Slow Slew Rate ; PCI I/O Enabled ; Open Drain ; TRI Primitive ; Bus Hold ; Weak Pull Up ; I/O Standard ; Current Strength ; Termination ; Location assigned by ; Load        ;
+------+-------+----------+--------------+--------------+-------------+-----------------+------------------------+---------------+----------------+-----------------+------------+---------------+----------+--------------+--------------+------------------+-------------+----------------------+-------------+
; q0   ; D15   ; 3        ; 12           ; 31           ; 2           ; no              ; no                     ; no            ; no             ; no              ; no         ; no            ; no       ; Off          ; LVTTL        ; 24mA             ; Off         ; Fitter               ; Unspecified ;
; q1   ; M16   ; 3        ; 1            ; 31           ; 1           ; no              ; no                     ; no            ; no             ; no              ; no         ; no            ; no       ; Off          ; LVTTL        ; 24mA             ; Off         ; Fitter               ; Unspecified ;
; q10  ; E17   ; 3        ; 7            ; 31           ; 2           ; no              ; no                     ; no            ; no             ; no              ; no         ; no            ; no       ; Off          ; LVTTL        ; 24mA             ; Off         ; Fitter               ; Unspecified ;
; q11  ; A17   ; 3        ; 7            ; 31           ; 5           ; no              ; no                     ; no            ; no             ; no              ; no         ; no            ; no       ; Off          ; LVTTL        ; 24mA             ; Off         ; Fitter               ; Unspecified ;
; q12  ; L16   ; 3        ; 17           ; 31           ; 1           ; no              ; no                     ; no            ; no             ; no              ; no         ; no            ; no       ; Off          ; LVTTL        ; 24mA             ; Off         ; Fitter               ; Unspecified ;
; q13  ; B17   ; 3        ; 7            ; 31           ; 3           ; no              ; no                     ; no            ; no             ; no              ; no         ; no            ; no       ; Off          ; LVTTL        ; 24mA             ; Off         ; Fitter               ; Unspecified ;
; q14  ; C17   ; 3        ; 7            ; 31           ; 1           ; no              ; no                     ; no            ; no             ; no              ; no         ; no            ; no       ; Off          ; LVTTL        ; 24mA             ; Off         ; Fitter               ; Unspecified ;
; q15  ; F17   ; 3        ; 7            ; 31           ; 0           ; no              ; no                     ; no            ; no             ; no              ; no         ; no            ; no       ; Off          ; LVTTL        ; 24mA             ; Off         ; Fitter               ; Unspecified ;
; q16  ; K14   ; 3        ; 19           ; 31           ; 4           ; no              ; no                     ; no            ; no             ; no              ; no         ; no            ; no       ; Off          ; LVTTL        ; 24mA             ; Off         ; Fitter               ; Unspecified ;
; q17  ; G22   ; 2        ; 0            ; 22           ; 2           ; no              ; no                     ; no            ; no             ; no              ; no         ; no            ; no       ; Off          ; LVTTL        ; 24mA             ; Off         ; Fitter               ; Unspecified ;
; q18  ; A16   ; 3        ; 9            ; 31           ; 4           ; no              ; no                     ; no            ; no             ; no              ; no         ; no            ; no       ; Off          ; LVTTL        ; 24mA             ; Off         ; Fitter               ; Unspecified ;
; q19  ; J19   ; 2        ; 0            ; 26           ; 1           ; no              ; no                     ; no            ; no             ; no              ; no         ; no            ; no       ; Off          ; LVTTL        ; 24mA             ; Off         ; Fitter               ; Unspecified ;
; q2   ; B20   ; 3        ; 1            ; 31           ; 5           ; no              ; no                     ; no            ; no             ; no              ; no         ; no            ; no       ; Off          ; LVTTL        ; 24mA             ; Off         ; Fitter               ; Unspecified ;
; q20  ; D16   ; 3        ; 9            ; 31           ; 1           ; no              ; no                     ; no            ; no             ; no              ; no         ; no            ; no       ; Off          ; LVTTL        ; 24mA             ; Off         ; Fitter               ; Unspecified ;
; q21  ; J17   ; 2        ; 0            ; 27           ; 3           ; no              ; no                     ; no            ; no             ; no              ; no         ; no            ; no       ; Off          ; LVTTL        ; 24mA             ; Off         ; Fitter               ; Unspecified ;
; q22  ; B16   ; 3        ; 9            ; 31           ; 3           ; no              ; no                     ; no            ; no             ; no              ; no         ; no            ; no       ; Off          ; LVTTL        ; 24mA             ; Off         ; Fitter               ; Unspecified ;
; q23  ; H17   ; 2        ; 0            ; 25           ; 1           ; no              ; no                     ; no            ; no             ; no              ; no         ; no            ; no       ; Off          ; LVTTL        ; 24mA             ; Off         ; Fitter               ; Unspecified ;
; q24  ; F21   ; 2        ; 0            ; 23           ; 2           ; no              ; no                     ; no            ; no             ; no              ; no         ; no            ; no       ; Off          ; LVTTL        ; 24mA             ; Off         ; Fitter               ; Unspecified ;
; q25  ; G20   ; 2        ; 0            ; 27           ; 1           ; no              ; no                     ; no            ; no             ; no              ; no         ; no            ; no       ; Off          ; LVTTL        ; 24mA             ; Off         ; Fitter               ; Unspecified ;
; q26  ; E16   ; 3        ; 9            ; 31           ; 5           ; no              ; no                     ; no            ; no             ; no              ; no         ; no            ; no       ; Off          ; LVTTL        ; 24mA             ; Off         ; Fitter               ; Unspecified ;
; q27  ; H21   ; 2        ; 0            ; 21           ; 2           ; no              ; no                     ; no            ; no             ; no              ; no         ; no            ; no       ; Off          ; LVTTL        ; 24mA             ; Off         ; Fitter               ; Unspecified ;
; q28  ; D20   ; 3        ; 1            ; 31           ; 0           ; no              ; no                     ; no            ; no             ; no              ; no         ; no            ; no       ; Off          ; LVTTL        ; 24mA             ; Off         ; Fitter               ; Unspecified ;
; q29  ; H20   ; 2        ; 0            ; 24           ; 1           ; no              ; no                     ; no            ; no             ; no              ; no         ; no            ; no       ; Off          ; LVTTL        ; 24mA             ; Off         ; Fitter               ; Unspecified ;
; q3   ; C21   ; 3        ; 3            ; 31           ; 1           ; no              ; no                     ; no            ; no             ; no              ; no         ; no            ; no       ; Off          ; LVTTL        ; 24mA             ; Off         ; Fitter               ; Unspecified ;
; q30  ; D14   ; 3        ; 17           ; 31           ; 2           ; no              ; no                     ; no            ; no             ; no              ; no         ; no            ; no       ; Off          ; LVTTL        ; 24mA             ; Off         ; Fitter               ; Unspecified ;
; q31  ; L17   ; 2        ; 0            ; 22           ; 0           ; no              ; no                     ; no            ; no             ; no              ; no         ; no            ; no       ; Off          ; LVTTL        ; 24mA             ; Off         ; Fitter               ; Unspecified ;
; q32  ; J15   ; 3        ; 17           ; 31           ; 5           ; no              ; no                     ; no            ; no             ; no              ; no         ; no            ; no       ; Off          ; LVTTL        ; 24mA             ; Off         ; Fitter               ; Unspecified ;
; q33  ; D22   ; 2        ; 0            ; 30           ; 2           ; no              ; no                     ; no            ; no             ; no              ; no         ; no            ; no       ; Off          ; LVTTL        ; 24mA             ; Off         ; Fitter               ; Unspecified ;
; q34  ; K17   ; 2        ; 0            ; 23           ; 1           ; no              ; no                     ; no            ; no             ; no              ; no         ; no            ; no       ; Off          ; LVTTL        ; 24mA             ; Off         ; Fitter               ; Unspecified ;
; q35  ; D18   ; 3        ; 5            ; 31           ; 1           ; no              ; no                     ; no            ; no             ; no              ; no         ; no            ; no       ; Off          ; LVTTL        ; 24mA             ; Off         ; Fitter               ; Unspecified ;
; q36  ; F15   ; 3        ; 12           ; 31           ; 0           ; no              ; no                     ; no            ; no             ; no              ; no         ; no            ; no       ; Off          ; LVTTL        ; 24mA             ; Off         ; Fitter               ; Unspecified ;
; q37  ; E22   ; 2        ; 0            ; 29           ; 3           ; no              ; no                     ; no            ; no             ; no              ; no         ; no            ; no       ; Off          ; LVTTL        ; 24mA             ; Off         ; Fitter               ; Unspecified ;
; q38  ; B19   ; 3        ; 3            ; 31           ; 3           ; no              ; no                     ; no            ; no             ; no              ; no         ; no            ; no       ; Off          ; LVTTL        ; 24mA             ; Off         ; Fitter               ; Unspecified ;
; q39  ; B21   ; 3        ; 1            ; 31           ; 2           ; no              ; no                     ; no            ; no             ; no              ; no         ; no            ; no       ; Off          ; LVTTL        ; 24mA             ; Off         ; Fitter               ; Unspecified ;
; q4   ; F14   ; 3        ; 17           ; 31           ; 3           ; no              ; no                     ; no            ; no             ; no              ; no         ; no            ; no       ; Off          ; LVTTL        ; 24mA             ; Off         ; Fitter               ; Unspecified ;
; q40  ; K16   ; 3        ; 12           ; 31           ; 4           ; no              ; no                     ; no            ; no             ; no              ; no         ; no            ; no       ; Off          ; LVTTL        ; 24mA             ; Off         ; Fitter               ; Unspecified ;
; q41  ; K15   ; 3        ; 19           ; 31           ; 2           ; no              ; no                     ; no            ; no             ; no              ; no         ; no            ; no       ; Off          ; LVTTL        ; 24mA             ; Off         ; Fitter               ; Unspecified ;
; q42  ; L15   ; 3        ; 19           ; 31           ; 0           ; no              ; no                     ; no            ; no             ; no              ; no         ; no            ; no       ; Off          ; LVTTL        ; 24mA             ; Off         ; Fitter               ; Unspecified ;
; q43  ; M15   ; 3        ; 19           ; 31           ; 3           ; no              ; no                     ; no            ; no             ; no              ; no         ; no            ; no       ; Off          ; LVTTL        ; 24mA             ; Off         ; Fitter               ; Unspecified ;
; q44  ; B18   ; 3        ; 5            ; 31           ; 0           ; no              ; no                     ; no            ; no             ; no              ; no         ; no            ; no       ; Off          ; LVTTL        ; 24mA             ; Off         ; Fitter               ; Unspecified ;
; q45  ; C18   ; 3        ; 5            ; 31           ; 4           ; no              ; no                     ; no            ; no             ; no              ; no         ; no            ; no       ; Off          ; LVTTL        ; 24mA             ; Off         ; Fitter               ; Unspecified ;
; q46  ; E18   ; 3        ; 5            ; 31           ; 2           ; no              ; no                     ; no            ; no             ; no              ; no         ; no            ; no       ; Off          ; LVTTL        ; 24mA             ; Off         ; Fitter               ; Unspecified ;
; q47  ; A18   ; 3        ; 5            ; 31           ; 3           ; no              ; no                     ; no            ; no             ; no              ; no         ; no            ; no       ; Off          ; LVTTL        ; 24mA             ; Off         ; Fitter               ; Unspecified ;
; q48  ; G19   ; 2        ; 0            ; 27           ; 0           ; no              ; no                     ; no            ; no             ; no              ; no         ; no            ; no       ; Off          ; LVTTL        ; 24mA             ; Off         ; Fitter               ; Unspecified ;
; q49  ; E19   ; 2        ; 0            ; 30           ; 0           ; no              ; no                     ; no            ; no             ; no              ; no         ; no            ; no       ; Off          ; LVTTL        ; 24mA             ; Off         ; Fitter               ; Unspecified ;
; q5   ; C20   ; 3        ; 1            ; 31           ; 3           ; no              ; no                     ; no            ; no             ; no              ; no         ; no            ; no       ; Off          ; LVTTL        ; 24mA             ; Off         ; Fitter               ; Unspecified ;
; q50  ; E14   ; 3        ; 17           ; 31           ; 0           ; no              ; no                     ; no            ; no             ; no              ; no         ; no            ; no       ; Off          ; LVTTL        ; 24mA             ; Off         ; Fitter               ; Unspecified ;
; q51  ; F22   ; 2        ; 0            ; 23           ; 3           ; no              ; no                     ; no            ; no             ; no              ; no         ; no            ; no       ; Off          ; LVTTL        ; 24mA             ; Off         ; Fitter               ; Unspecified ;
; q52  ; H22   ; 2        ; 0            ; 21           ; 3           ; no              ; no                     ; no            ; no             ; no              ; no         ; no            ; no       ; Off          ; LVTTL        ; 24mA             ; Off         ; Fitter               ; Unspecified ;
; q53  ; D21   ; 2        ; 0            ; 30           ; 3           ; no              ; no                     ; no            ; no             ; no              ; no         ; no            ; no       ; Off          ; LVTTL        ; 24mA             ; Off         ; Fitter               ; Unspecified ;
; q54  ; A15   ; 3        ; 19           ; 31           ; 1           ; no              ; no                     ; no            ; no             ; no              ; no         ; no            ; no       ; Off          ; LVTTL        ; 24mA             ; Off         ; Fitter               ; Unspecified ;
; q55  ; H19   ; 2        ; 0            ; 24           ; 0           ; no              ; no                     ; no            ; no             ; no              ; no         ; no            ; no       ; Off          ; LVTTL        ; 24mA             ; Off         ; Fitter               ; Unspecified ;
; q56  ; G16   ; 3        ; 9            ; 31           ; 2           ; no              ; no                     ; no            ; no             ; no              ; no         ; no            ; no       ; Off          ; LVTTL        ; 24mA             ; Off         ; Fitter               ; Unspecified ;
; q57  ; D19   ; 3        ; 1            ; 31           ; 4           ; no              ; no                     ; no            ; no             ; no              ; no         ; no            ; no       ; Off          ; LVTTL        ; 24mA             ; Off         ; Fitter               ; Unspecified ;
; q58  ; C15   ; 3        ; 17           ; 31           ; 4           ; no              ; no                     ; no            ; no             ; no              ; no         ; no            ; no       ; Off          ; LVTTL        ; 24mA             ; Off         ; Fitter               ; Unspecified ;
; q59  ; G21   ; 2        ; 0            ; 22           ; 3           ; no              ; no                     ; no            ; no             ; no              ; no         ; no            ; no       ; Off          ; LVTTL        ; 24mA             ; Off         ; Fitter               ; Unspecified ;
; q6   ; E21   ; 2        ; 0            ; 29           ; 2           ; no              ; no                     ; no            ; no             ; no              ; no         ; no            ; no       ; Off          ; LVTTL        ; 24mA             ; Off         ; Fitter               ; Unspecified ;
; q60  ; B15   ; 3        ; 12           ; 31           ; 1           ; no              ; no                     ; no            ; no             ; no              ; no         ; no            ; no       ; Off          ; LVTTL        ; 24mA             ; Off         ; Fitter               ; Unspecified ;
; q61  ; E20   ; 2        ; 0            ; 30           ; 1           ; no              ; no                     ; no            ; no             ; no              ; no         ; no            ; no       ; Off          ; LVTTL        ; 24mA             ; Off         ; Fitter               ; Unspecified ;
; q62  ; C16   ; 3        ; 9            ; 31           ; 0           ; no              ; no                     ; no            ; no             ; no              ; no         ; no            ; no       ; Off          ; LVTTL        ; 24mA             ; Off         ; Fitter               ; Unspecified ;
; q63  ; J21   ; 2        ; 0            ; 21           ; 1           ; no              ; no                     ; no            ; no             ; no              ; no         ; no            ; no       ; Off          ; LVTTL        ; 24mA             ; Off         ; Fitter               ; Unspecified ;
; q7   ; A19   ; 3        ; 3            ; 31           ; 2           ; no              ; no                     ; no            ; no             ; no              ; no         ; no            ; no       ; Off          ; LVTTL        ; 24mA             ; Off         ; Fitter               ; Unspecified ;
; q8   ; G14   ; 3        ; 19           ; 31           ; 5           ; no              ; no                     ; no            ; no             ; no              ; no         ; no            ; no       ; Off          ; LVTTL        ; 24mA             ; Off         ; Fitter               ; Unspecified ;
; q9   ; F16   ; 3        ; 7            ; 31           ; 4           ; no              ; no                     ; no            ; no             ; no              ; no         ; no            ; no       ; Off          ; LVTTL        ; 24mA             ; Off         ; Fitter               ; Unspecified ;
+------+-------+----------+--------------+--------------+-------------+-----------------+------------------------+---------------+----------------+-----------------+------------+---------------+----------+--------------+--------------+------------------+-------------+----------------------+-------------+


+------------------------------------------------------------+
; I/O Bank Usage                                             ;
+----------+------------------+---------------+--------------+
; I/O Bank ; Usage            ; VCCIO Voltage ; VREF Voltage ;
+----------+------------------+---------------+--------------+
; 1        ; 0 / 29 ( 0 % )   ; 3.3V          ; --           ;
; 2        ; 24 / 30 ( 80 % ) ; 3.3V          ; --           ;
; 3        ; 47 / 51 ( 92 % ) ; 3.3V          ; --           ;
; 4        ; 1 / 52 ( 1 % )   ; 3.3V          ; --           ;
; 5        ; 0 / 29 ( 0 % )   ; 3.3V          ; --           ;
; 6        ; 0 / 29 ( 0 % )   ; 3.3V          ; --           ;
; 7        ; 0 / 52 ( 0 % )   ; 3.3V          ; --           ;
; 8        ; 0 / 51 ( 0 % )   ; 3.3V          ; --           ;
; 9        ; 0 / 6 ( 0 % )    ; 3.3V          ; --           ;
; 11       ; 0 / 6 ( 0 % )    ; 3.3V          ; --           ;
+----------+------------------+---------------+--------------+


+---------------------------------------------------------------------------------------------------------------------------------------------+
; All Package Pins                                                                                                                            ;
+----------+------------+----------+---------------------------+--------+--------------+---------+------------+-------------+-----------------+
; Location ; Pad Number ; I/O Bank ; Pin Name/Usage            ; Dir.   ; I/O Standard ; Voltage ; I/O Type   ; Termination ; User Assignment ;
+----------+------------+----------+---------------------------+--------+--------------+---------+------------+-------------+-----------------+
; A1       ;            ;          ; VCCINT                    ; power  ;              ; 1.5V    ; --         ; --          ;                 ;
; A2       ;            ;          ; GND                       ; gnd    ;              ;         ; --         ; --          ;                 ;
; A3       ;            ; 4        ; VCCIO4                    ; power  ;              ; 3.3V    ; --         ; --          ;                 ;
; A4       ; 339        ; 4        ; GND*                      ;        ;              ;         ; Column I/O ; --          ;                 ;
; A5       ; 346        ; 4        ; GND*                      ;        ;              ;         ; Column I/O ; --          ;                 ;
; A6       ; 351        ; 4        ; GND*                      ;        ;              ;         ; Column I/O ; --          ;                 ;
; A7       ; 355        ; 4        ; GND*                      ;        ;              ;         ; Column I/O ; --          ;                 ;
; A8       ; 356        ; 4        ; GND*                      ;        ;              ;         ; Column I/O ; --          ;                 ;
; A9       ;            ;          ; GND                       ; gnd    ;              ;         ; --         ; --          ;                 ;
; A10      ;            ; 4        ; VCCIO4                    ; power  ;              ; 3.3V    ; --         ; --          ;                 ;
; A11      ; 389        ; 4        ; GND+                      ;        ;              ;         ; Column I/O ; --          ;                 ;
; A12      ; 395        ; 9        ; GND*                      ;        ;              ;         ; Column I/O ; --          ;                 ;
; A13      ;            ; 3        ; VCCIO3                    ; power  ;              ; 3.3V    ; --         ; --          ;                 ;
; A14      ;            ;          ; GND                       ; gnd    ;              ;         ; --         ; --          ;                 ;
; A15      ; 416        ; 3        ; q54                       ; output ; LVTTL        ;         ; Column I/O ; Off         ; N               ;
; A16      ; 429        ; 3        ; q18                       ; output ; LVTTL        ;         ; Column I/O ; Off         ; N               ;
; A17      ; 436        ; 3        ; q11                       ; output ; LVTTL        ;         ; Column I/O ; Off         ; N               ;
; A18      ; 444        ; 3        ; q47                       ; output ; LVTTL        ;         ; Column I/O ; Off         ; N               ;
; A19      ; 450        ; 3        ; q7                        ; output ; LVTTL        ;         ; Column I/O ; Off         ; N               ;
; A20      ;            ; 3        ; VCCIO3                    ; power  ;              ; 3.3V    ; --         ; --          ;                 ;
; A21      ;            ;          ; GND                       ; gnd    ;              ;         ; --         ; --          ;                 ;
; A22      ;            ;          ; VCCINT                    ; power  ;              ; 1.5V    ; --         ; --          ;                 ;
; AA1      ;            ;          ; GND                       ; gnd    ;              ;         ; --         ; --          ;                 ;
; AA2      ; 225        ; 7        ; GND*                      ;        ;              ;         ; Column I/O ; --          ;                 ;
; AA3      ; 224        ; 7        ; GND*                      ;        ;              ;         ; Column I/O ; --          ;                 ;
; AA4      ; 220        ; 7        ; GND*                      ;        ;              ;         ; Column I/O ; --          ;                 ;
; AA5      ; 216        ; 7        ; GND*                      ;        ;              ;         ; Column I/O ; --          ;                 ;
; AA6      ; 210        ; 7        ; GND*                      ;        ;              ;         ; Column I/O ; --          ;                 ;
; AA7      ; 204        ; 7        ; GND*                      ;        ;              ;         ; Column I/O ; --          ;                 ;
; AA8      ; 187        ; 7        ; GND*                      ;        ;              ;         ; Column I/O ; --          ;                 ;
; AA9      ;            ;          ; NC                        ;        ;              ;         ; --         ; --          ;                 ;
; AA10     ;            ;          ; NC                        ;        ;              ;         ; --         ; --          ;                 ;
; AA11     ; 168        ; 7        ; GND+                      ;        ;              ;         ; Column I/O ; --          ;                 ;
; AA12     ; 165        ; 11       ; GND*                      ;        ;              ;         ; Column I/O ; --          ;                 ;
; AA13     ; 167        ; 11       ; GND*                      ;        ;              ;         ; Column I/O ; --          ;                 ;
; AA14     ; 153        ; 8        ; GND+                      ;        ;              ;         ; Column I/O ; --          ;                 ;
; AA15     ; 131        ; 8        ; GND*                      ;        ;              ;         ; Column I/O ; --          ;                 ;
; AA16     ; 125        ; 8        ; GND*                      ;        ;              ;         ; Column I/O ; --          ;                 ;
; AA17     ; 111        ; 8        ; GND*                      ;        ;              ;         ; Column I/O ; --          ;                 ;
; AA18     ; 109        ; 8        ; GND*                      ;        ;              ;         ; Column I/O ; --          ;                 ;
; AA19     ; 108        ; 8        ; GND*                      ;        ;              ;         ; Column I/O ; --          ;                 ;
; AA20     ; 103        ; 8        ; GND*                      ;        ;              ;         ; Column I/O ; --          ;                 ;
; AA21     ; 102        ; 8        ; GND*                      ;        ;              ;         ; Column I/O ; --          ;                 ;
; AA22     ;            ;          ; GND                       ; gnd    ;              ;         ; --         ; --          ;                 ;
; AB1      ;            ;          ; VCCINT                    ; power  ;              ; 1.5V    ; --         ; --          ;                 ;
; AB2      ;            ;          ; GND                       ; gnd    ;              ;         ; --         ; --          ;                 ;
; AB3      ;            ; 7        ; VCCIO7                    ; power  ;              ; 3.3V    ; --         ; --          ;                 ;
; AB4      ; 221        ; 7        ; GND*                      ;        ;              ;         ; Column I/O ; --          ;                 ;
; AB5      ; 213        ; 7        ; GND*                      ;        ;              ;         ; Column I/O ; --          ;                 ;
; AB6      ; 212        ; 7        ; GND*                      ;        ;              ;         ; Column I/O ; --          ;                 ;
; AB7      ; 203        ; 7        ; GND*                      ;        ;              ;         ; Column I/O ; --          ;                 ;
; AB8      ; 201        ; 7        ; GND*                      ;        ;              ;         ; Column I/O ; --          ;                 ;
; AB9      ;            ;          ; GND                       ; gnd    ;              ;         ; --         ; --          ;                 ;
; AB10     ;            ; 7        ; VCCIO7                    ; power  ;              ; 3.3V    ; --         ; --          ;                 ;
; AB11     ; 170        ; 7        ; GND+                      ;        ;              ;         ; Column I/O ; --          ;                 ;
; AB12     ; 164        ; 11       ; GND*                      ;        ;              ;         ; Column I/O ; --          ;                 ;
; AB13     ;            ; 8        ; VCCIO8                    ; power  ;              ; 3.3V    ; --         ; --          ;                 ;
; AB14     ;            ;          ; GND                       ; gnd    ;              ;         ; --         ; --          ;                 ;
; AB15     ; 132        ; 8        ; GND*                      ;        ;              ;         ; Column I/O ; --          ;                 ;
; AB16     ; 129        ; 8        ; GND*                      ;        ;              ;         ; Column I/O ; --          ;                 ;
; AB17     ; 118        ; 8        ; GND*                      ;        ;              ;         ; Column I/O ; --          ;                 ;
; AB18     ; 113        ; 8        ; GND*                      ;        ;              ;         ; Column I/O ; --          ;                 ;
; AB19     ; 110        ; 8        ; GND*                      ;        ;              ;         ; Column I/O ; --          ;                 ;
; AB20     ;            ; 8        ; VCCIO8                    ; power  ;              ; 3.3V    ; --         ; --          ;                 ;
; AB21     ;            ;          ; GND                       ; gnd    ;              ;         ; --         ; --          ;                 ;
; AB22     ;            ;          ; VCCINT                    ; power  ;              ; 1.5V    ; --         ; --          ;                 ;
; B1       ;            ;          ; GND                       ; gnd    ;              ;         ; --         ; --          ;                 ;
; B2       ; 332        ; 4        ; GND*                      ;        ;              ;         ; Column I/O ; --          ;                 ;
; B3       ; 331        ; 4        ; GND*                      ;        ;              ;         ; Column I/O ; --          ;                 ;
; B4       ; 335        ; 4        ; GND*                      ;        ;              ;         ; Column I/O ; --          ;                 ;
; B5       ; 345        ; 4        ; GND*                      ;        ;              ;         ; Column I/O ; --          ;                 ;
; B6       ; 353        ; 4        ; GND*                      ;        ;              ;         ; Column I/O ; --          ;                 ;
; B7       ; 350        ; 4        ; GND*                      ;        ;              ;         ; Column I/O ; --          ;                 ;
; B8       ; 367        ; 4        ; GND*                      ;        ;              ;         ; Column I/O ; --          ;                 ;
; B9       ;            ;          ; NC                        ;        ;              ;         ; --         ; --          ;                 ;
; B10      ;            ;          ; NC                        ;        ;              ;         ; --         ; --          ;                 ;
; B11      ; 391        ; 4        ; GND+                      ;        ;              ;         ; Column I/O ; --          ;                 ;
; B12      ; 394        ; 9        ; GND*                      ;        ;              ;         ; Column I/O ; --          ;                 ;
; B13      ; 393        ; 9        ; GND*                      ;        ;              ;         ; Column I/O ; --          ;                 ;
; B14      ; 406        ; 3        ; GND+                      ;        ;              ;         ; Column I/O ; --          ;                 ;
; B15      ; 428        ; 3        ; q60                       ; output ; LVTTL        ;         ; Column I/O ; Off         ; N               ;
; B16      ; 432        ; 3        ; q22                       ; output ; LVTTL        ;         ; Column I/O ; Off         ; N               ;
; B17      ; 438        ; 3        ; q13                       ; output ; LVTTL        ;         ; Column I/O ; Off         ; N               ;
; B18      ; 445        ; 3        ; q44                       ; output ; LVTTL        ;         ; Column I/O ; Off         ; N               ;
; B19      ; 451        ; 3        ; q38                       ; output ; LVTTL        ;         ; Column I/O ; Off         ; N               ;
; B20      ; 455        ; 3        ; q2                        ; output ; LVTTL        ;         ; Column I/O ; Off         ; N               ;
; B21      ; 456        ; 3        ; q39                       ; output ; LVTTL        ;         ; Column I/O ; Off         ; N               ;
; B22      ;            ;          ; GND                       ; gnd    ;              ;         ; --         ; --          ;                 ;
; C1       ;            ; 5        ; VCCIO5                    ; power  ;              ; 3.3V    ; --         ; --          ;                 ;
; C2       ; 334        ; 4        ; GND*                      ;        ;              ;         ; Column I/O ; --          ;                 ;
; C3       ; 336        ; 4        ; GND*                      ;        ;              ;         ; Column I/O ; --          ;                 ;
; C4       ; 337        ; 4        ; GND*                      ;        ;              ;         ; Column I/O ; --          ;                 ;
; C5       ; 343        ; 4        ; GND*                      ;        ;              ;         ; Column I/O ; --          ;                 ;
; C6       ; 347        ; 4        ; GND*                      ;        ;              ;         ; Column I/O ; --          ;                 ;
; C7       ; 358        ; 4        ; GND*                      ;        ;              ;         ; Column I/O ; --          ;                 ;
; C8       ; 364        ; 4        ; GND*                      ;        ;              ;         ; Column I/O ; --          ;                 ;
; C9       ; 368        ; 4        ; GND*                      ;        ;              ;         ; Column I/O ; --          ;                 ;
; C10      ;            ;          ; NC                        ;        ;              ;         ; --         ; --          ;                 ;
; C11      ;            ;          ; NC                        ;        ;              ;         ; --         ; --          ;                 ;
; C12      ; 397        ; 9        ; GND*                      ;        ;              ;         ; Column I/O ; --          ;                 ;
; C13      ; 392        ; 9        ; GND*                      ;        ;              ;         ; Column I/O ; --          ;                 ;
; C14      ; 407        ; 3        ; GND*                      ;        ;              ;         ; Column I/O ; --          ;                 ;
; C15      ; 417        ; 3        ; q58                       ; output ; LVTTL        ;         ; Column I/O ; Off         ; N               ;
; C16      ; 433        ; 3        ; q62                       ; output ; LVTTL        ;         ; Column I/O ; Off         ; N               ;
; C17      ; 440        ; 3        ; q14                       ; output ; LVTTL        ;         ; Column I/O ; Off         ; N               ;
; C18      ; 441        ; 3        ; q45                       ; output ; LVTTL        ;         ; Column I/O ; Off         ; N               ;
; C19      ; 452        ; 3        ; x3                        ; input  ; LVTTL        ;         ; Column I/O ; Off         ; N               ;
; C20      ; 457        ; 3        ; q5                        ; output ; LVTTL        ;         ; Column I/O ; Off         ; N               ;
; C21      ; 453        ; 3        ; q3                        ; output ; LVTTL        ;         ; Column I/O ; Off         ; N               ;
; C22      ;            ; 2        ; VCCIO2                    ; power  ;              ; 3.3V    ; --         ; --          ;                 ;
; D1       ; 329        ; 5        ; GND*                      ;        ;              ;         ; Row I/O    ; --          ;                 ;
; D2       ; 328        ; 5        ; GND*                      ;        ;              ;         ; Row I/O    ; --          ;                 ;
; D3       ; 333        ; 4        ; GND*                      ;        ;              ;         ; Column I/O ; --          ;                 ;
; D4       ; 338        ; 4        ; GND*                      ;        ;              ;         ; Column I/O ; --          ;                 ;
; D5       ; 344        ; 4        ; GND*                      ;        ;              ;         ; Column I/O ; --          ;                 ;
; D6       ; 349        ; 4        ; GND*                      ;        ;              ;         ; Column I/O ; --          ;                 ;
; D7       ; 357        ; 4        ; GND*                      ;        ;              ;         ; Column I/O ; --          ;                 ;
; D8       ; 366        ; 4        ; GND*                      ;        ;              ;         ; Column I/O ; --          ;                 ;
; D9       ; 369        ; 4        ; GND*                      ;        ;              ;         ; Column I/O ; --          ;                 ;
; D10      ;            ;          ; NC                        ;        ;              ;         ; --         ; --          ;                 ;
; D11      ;            ;          ; NC                        ;        ;              ;         ; --         ; --          ;                 ;
; D12      ; 396        ; 9        ; GND*                      ;        ;              ;         ; Column I/O ; --          ;                 ;
; D13      ; 409        ; 3        ; GND*                      ;        ;              ;         ; Column I/O ; --          ;                 ;
; D14      ; 419        ; 3        ; q30                       ; output ; LVTTL        ;         ; Column I/O ; Off         ; N               ;
; D15      ; 425        ; 3        ; q0                        ; output ; LVTTL        ;         ; Column I/O ; Off         ; N               ;
; D16      ; 434        ; 3        ; q20                       ; output ; LVTTL        ;         ; Column I/O ; Off         ; N               ;
; D17      ; 442        ; 3        ; x4                        ; input  ; LVTTL        ;         ; Column I/O ; Off         ; N               ;
; D18      ; 446        ; 3        ; q35                       ; output ; LVTTL        ;         ; Column I/O ; Off         ; N               ;
; D19      ; 454        ; 3        ; q57                       ; output ; LVTTL        ;         ; Column I/O ; Off         ; N               ;
; D20      ; 458        ; 3        ; q28                       ; output ; LVTTL        ;         ; Column I/O ; Off         ; N               ;
; D21      ; 1          ; 2        ; q53                       ; output ; LVTTL        ;         ; Row I/O    ; Off         ; N               ;
; D22      ; 0          ; 2        ; q33                       ; output ; LVTTL        ;         ; Row I/O    ; Off         ; N               ;
; E1       ; 324        ; 5        ; GND*                      ;        ;              ;         ; Row I/O    ; --          ;                 ;
; E2       ; 325        ; 5        ; GND*                      ;        ;              ;         ; Row I/O    ; --          ;                 ;
; E3       ;            ;          ; NC                        ;        ;              ;         ; --         ; --          ;                 ;
; E4       ;            ;          ; NC                        ;        ;              ;         ; --         ; --          ;                 ;
; E5       ; 348        ; 4        ; GND*                      ;        ;              ;         ; Column I/O ; --          ;                 ;
; E6       ; 352        ; 4        ; GND*                      ;        ;              ;         ; Column I/O ; --          ;                 ;
; E7       ; 360        ; 4        ; GND*                      ;        ;              ;         ; Column I/O ; --          ;                 ;
; E8       ; 363        ; 4        ; GND*                      ;        ;              ;         ; Column I/O ; --          ;                 ;
; E9       ; 371        ; 4        ; GND*                      ;        ;              ;         ; Column I/O ; --          ;                 ;
; E10      ;            ;          ; NC                        ;        ;              ;         ; --         ; --          ;                 ;
; E11      ;            ;          ; NC                        ;        ;              ;         ; --         ; --          ;                 ;
; E12      ;            ;          ; NC                        ;        ;              ;         ; --         ; --          ;                 ;
; E13      ; 408        ; 3        ; GND+                      ;        ;              ;         ; Column I/O ; --          ;                 ;
; E14      ; 421        ; 3        ; q50                       ; output ; LVTTL        ;         ; Column I/O ; Off         ; N               ;
; E15      ; 426        ; 3        ; x1                        ; input  ; LVTTL        ;         ; Column I/O ; Off         ; N               ;
; E16      ; 430        ; 3        ; q26                       ; output ; LVTTL        ;         ; Column I/O ; Off         ; N               ;
; E17      ; 437        ; 3        ; q10                       ; output ; LVTTL        ;         ; Column I/O ; Off         ; N               ;
; E18      ; 443        ; 3        ; q46                       ; output ; LVTTL        ;         ; Column I/O ; Off         ; N               ;
; E19      ; 2          ; 2        ; q49                       ; output ; LVTTL        ;         ; Row I/O    ; Off         ; N               ;
; E20      ; 3          ; 2        ; q61                       ; output ; LVTTL        ;         ; Row I/O    ; Off         ; N               ;
; E21      ; 4          ; 2        ; q6                        ; output ; LVTTL        ;         ; Row I/O    ; Off         ; N               ;
; E22      ; 5          ; 2        ; q37                       ; output ; LVTTL        ;         ; Row I/O    ; Off         ; N               ;
; F1       ; 299        ; 5        ; GND*                      ;        ;              ;         ; Row I/O    ; --          ;                 ;
; F2       ; 300        ; 5        ; GND*                      ;        ;              ;         ; Row I/O    ; --          ;                 ;
; F3       ; 326        ; 5        ; GND*                      ;        ;              ;         ; Row I/O    ; --          ;                 ;
; F4       ; 327        ; 5        ; GND*                      ;        ;              ;         ; Row I/O    ; --          ;                 ;
; F5       ; 322        ; 5        ; GND*                      ;        ;              ;         ; Row I/O    ; --          ;                 ;
; F6       ; 359        ; 4        ; GND*                      ;        ;              ;         ; Column I/O ; --          ;                 ;
; F7       ; 354        ; 4        ; GND*                      ;        ;              ;         ; Column I/O ; --          ;                 ;
; F8       ; 365        ; 4        ; GND*                      ;        ;              ;         ; Column I/O ; --          ;                 ;
; F9       ; 372        ; 4        ; GND*                      ;        ;              ;         ; Column I/O ; --          ;                 ;
; F10      ; 376        ; 4        ; GND*                      ;        ;              ;         ; Column I/O ; --          ;                 ;
; F11      ;            ; 1        ; VCCG_PLL5                 ; power  ;              ; 1.5V    ; --         ; --          ;                 ;
; F12      ;            ;          ; GNDA_PLL5                 ; gnd    ;              ;         ; --         ; --          ;                 ;
; F13      ;            ; 9        ; VCC_PLL5_OUTA             ; power  ;              ; 3.3V    ; --         ; --          ;                 ;
; F14      ; 420        ; 3        ; q4                        ; output ; LVTTL        ;         ; Column I/O ; Off         ; N               ;
; F15      ; 427        ; 3        ; q36                       ; output ; LVTTL        ;         ; Column I/O ; Off         ; N               ;
; F16      ; 435        ; 3        ; q9                        ; output ; LVTTL        ;         ; Column I/O ; Off         ; N               ;
; F17      ; 439        ; 3        ; q15                       ; output ; LVTTL        ;         ; Column I/O ; Off         ; N               ;
; F18      ; 7          ; 2        ; x5                        ; input  ; LVTTL        ;         ; Row I/O    ; Off         ; N               ;
; F19      ;            ;          ; NC                        ;        ;              ;         ; --         ; --          ;                 ;
; F20      ;            ;          ; NC                        ;        ;              ;         ; --         ; --          ;                 ;
; F21      ; 29         ; 2        ; q24                       ; output ; LVTTL        ;         ; Row I/O    ; Off         ; N               ;
; F22      ; 30         ; 2        ; q51                       ; output ; LVTTL        ;         ; Row I/O    ; Off         ; N               ;
; G1       ; 296        ; 5        ; GND*                      ;        ;              ;         ; Row I/O    ; --          ;                 ;
; G2       ; 295        ; 5        ; GND*                      ;        ;              ;         ; Row I/O    ; --          ;                 ;
; G3       ; 313        ; 5        ; GND*                      ;        ;              ;         ; Row I/O    ; --          ;                 ;
; G4       ; 314        ; 5        ; GND*                      ;        ;              ;         ; Row I/O    ; --          ;                 ;
; G5       ; 318        ; 5        ; GND*                      ;        ;              ;         ; Row I/O    ; --          ;                 ;
; G6       ;            ;          ; GND                       ; gnd    ;              ;         ; --         ; --          ;                 ;
; G7       ; 330        ; 4        ; GND*                      ;        ;              ;         ; Column I/O ; --          ;                 ;
; G8       ; 361        ; 4        ; GND*                      ;        ;              ;         ; Column I/O ; --          ;                 ;
; G9       ; 384        ; 4        ; GND*                      ;        ;              ;         ; Column I/O ; --          ;                 ;
; G10      ; 380        ; 4        ; #TMS                      ; input  ;              ;         ; --         ; --          ;                 ;
; G11      ;            ;          ; GNDG_PLL5                 ; gnd    ;              ;         ; --         ; --          ;                 ;
; G12      ;            ;          ; TEMPDIODEp                ;        ;              ;         ; --         ; --          ;                 ;
; G13      ;            ;          ; VCCA_PLL5                 ; power  ;              ; 1.5V    ; --         ; --          ;                 ;
; G14      ; 412        ; 3        ; q8                        ; output ; LVTTL        ;         ; Column I/O ; Off         ; N               ;
; G15      ;            ;          ; GND                       ; gnd    ;              ;         ; --         ; --          ;                 ;
; G16      ; 431        ; 3        ; q56                       ; output ; LVTTL        ;         ; Column I/O ; Off         ; N               ;
; G17      ;            ;          ; GND                       ; gnd    ;              ;         ; --         ; --          ;                 ;
; G18      ; 11         ; 2        ; x2                        ; input  ; LVTTL        ;         ; Row I/O    ; Off         ; N               ;
; G19      ; 15         ; 2        ; q48                       ; output ; LVTTL        ;         ; Row I/O    ; Off         ; N               ;
; G20      ; 16         ; 2        ; q25                       ; output ; LVTTL        ;         ; Row I/O    ; Off         ; N               ;
; G21      ; 34         ; 2        ; q59                       ; output ; LVTTL        ;         ; Row I/O    ; Off         ; N               ;
; G22      ; 33         ; 2        ; q17                       ; output ; LVTTL        ;         ; Row I/O    ; Off         ; N               ;
; H1       ; 290        ; 5        ; GND*                      ;        ;              ;         ; Row I/O    ; --          ;                 ;
; H2       ; 291        ; 5        ; GND*                      ;        ;              ;         ; Row I/O    ; --          ;                 ;
; H3       ; 301        ; 5        ; GND*                      ;        ;              ;         ; Row I/O    ; --          ;                 ;
; H4       ; 302        ; 5        ; GND*                      ;        ;              ;         ; Row I/O    ; --          ;                 ;
; H5       ; 317        ;          ; GND                       ; gnd    ;              ;         ; --         ; --          ;                 ;
; H6       ; 342        ;          ; GND                       ; gnd    ;              ;         ; --         ; --          ;                 ;
; H7       ; 373        ;          ; GND                       ; gnd    ;              ;         ; --         ; --          ;                 ;
; H8       ; 362        ; 4        ; GND*                      ;        ;              ;         ; Column I/O ; --          ;                 ;
; H9       ;            ;          ; NC                        ;        ;              ;         ; --         ; --          ;                 ;
; H10      ; 379        ; 4        ; GND*                      ;        ;              ;         ; Column I/O ; --          ;                 ;
; H11      ; 387        ; 4        ; #TDO                      ; output ;              ;         ; --         ; --          ;                 ;
; H12      ;            ;          ; TEMPDIODEn                ;        ;              ;         ; --         ; --          ;                 ;
; H13      ; 403        ; 3        ; ^nCONFIG                  ;        ;              ;         ; --         ; --          ;                 ;
; H14      ; 410        ;          ; GND                       ; gnd    ;              ;         ; --         ; --          ;                 ;
; H15      ; 447        ;          ; GND                       ; gnd    ;              ;         ; --         ; --          ;                 ;
; H16      ;            ;          ; NC                        ;        ;              ;         ; --         ; --          ;                 ;
; H17      ; 24         ; 2        ; q23                       ; output ; LVTTL        ;         ; Row I/O    ; Off         ; N               ;
; H18      ; 12         ;          ; GND                       ; gnd    ;              ;         ; --         ; --          ;                 ;
; H19      ; 27         ; 2        ; q55                       ; output ; LVTTL        ;         ; Row I/O    ; Off         ; N               ;
; H20      ; 28         ; 2        ; q29                       ; output ; LVTTL        ;         ; Row I/O    ; Off         ; N               ;
; H21      ; 38         ; 2        ; q27                       ; output ; LVTTL        ;         ; Row I/O    ; Off         ; N               ;
; H22      ; 39         ; 2        ; q52                       ; output ; LVTTL        ;         ; Row I/O    ; Off         ; N               ;
; J1       ;            ;          ; GND                       ; gnd    ;              ;         ; --         ; --          ;                 ;
; J2       ; 288        ; 5        ; GND*                      ;        ;              ;         ; Row I/O    ; --          ;                 ;
; J3       ; 289        ; 5        ; GND*                      ;        ;              ;         ; Row I/O    ; --          ;                 ;
; J4       ; 305        ; 5        ; GND*                      ;        ;              ;         ; Row I/O    ; --          ;                 ;
; J5       ; 292        ;          ; GND                       ; gnd    ;              ;         ; --         ; --          ;                 ;
; J6       ; 309        ; 5        ; GND*                      ;        ;              ;         ; Row I/O    ; --          ;                 ;
; J7       ; 340        ; 4        ; GND*                      ;        ;              ;         ; Column I/O ; --          ;                 ;
; J8       ; 374        ; 4        ; GND*                      ;        ;              ;         ; Column I/O ; --          ;                 ;
; J9       ; 378        ; 4        ; GND*                      ;        ;              ;         ; Column I/O ; --          ;                 ;
; J10      ; 381        ; 4        ; #TRST                     ; input  ;              ;         ; --         ; --          ;                 ;
; J11      ; 386        ; 4        ; #TDI                      ; input  ;              ;         ; --         ; --          ;                 ;
; J12      ; 402        ; 3        ; ^nSTATUS                  ;        ;              ;         ; --         ; --          ;                 ;
; J13      ; 404        ; 3        ; ^DCLK                     ;        ;              ;         ; --         ; --          ;                 ;
; J14      ; 448        ; 3        ; ENB                       ; input  ; LVTTL        ;         ; Column I/O ; Off         ; N               ;
; J15      ; 418        ; 3        ; q32                       ; output ; LVTTL        ;         ; Column I/O ; Off         ; N               ;
; J16      ; 424        ; 3        ; x0                        ; input  ; LVTTL        ;         ; Column I/O ; Off         ; N               ;
; J17      ; 14         ; 2        ; q21                       ; output ; LVTTL        ;         ; Row I/O    ; Off         ; N               ;
; J18      ; 37         ;          ; GND                       ; gnd    ;              ;         ; --         ; --          ;                 ;
; J19      ; 20         ; 2        ; q19                       ; output ; LVTTL        ;         ; Row I/O    ; Off         ; N               ;
; J20      ; 40         ; 2        ; GND*                      ;        ;              ;         ; Row I/O    ; --          ;                 ;
; J21      ; 41         ; 2        ; q63                       ; output ; LVTTL        ;         ; Row I/O    ; Off         ; N               ;
; J22      ;            ;          ; GND                       ; gnd    ;              ;         ; --         ; --          ;                 ;
; K1       ;            ; 5        ; VCCIO5                    ; power  ;              ; 3.3V    ; --         ; --          ;                 ;
; K2       ; 284        ; 5        ; GND*                      ;        ;              ;         ; Row I/O    ; --          ;                 ;
; K3       ; 285        ; 5        ; GND*                      ;        ;              ;         ; Row I/O    ; --          ;                 ;
; K4       ;            ;          ; VCCA_PLL4                 ; power  ;              ; 1.5V    ; --         ; --          ;                 ;
; K5       ;            ; 1        ; VCCG_PLL4                 ; power  ;              ; 1.5V    ; --         ; --          ;                 ;
; K6       ; 297        ; 5        ; GND*                      ;        ;              ;         ; Row I/O    ; --          ;                 ;
; K7       ; 341        ; 4        ; GND*                      ;        ;              ;         ; Column I/O ; --          ;                 ;
; K8       ; 375        ; 4        ; GND*                      ;        ;              ;         ; Column I/O ; --          ;                 ;
; K9       ; 382        ; 4        ; #TCK                      ; input  ;              ;         ; --         ; --          ;                 ;
; K10      ; 383        ; 4        ; GND*                      ;        ;              ;         ; Column I/O ; --          ;                 ;
; K11      ;            ;          ; GND                       ; gnd    ;              ;         ; --         ; --          ;                 ;
; K12      ;            ;          ; VCCINT                    ; power  ;              ; 1.5V    ; --         ; --          ;                 ;
; K13      ; 405        ; 3        ; ^CONF_DONE                ;        ;              ;         ; --         ; --          ;                 ;
; K14      ; 411        ; 3        ; q16                       ; output ; LVTTL        ;         ; Column I/O ; Off         ; N               ;
; K15      ; 413        ; 3        ; q41                       ; output ; LVTTL        ;         ; Column I/O ; Off         ; N               ;
; K16      ; 423        ; 3        ; q40                       ; output ; LVTTL        ;         ; Column I/O ; Off         ; N               ;
; K17      ; 32         ; 2        ; q34                       ; output ; LVTTL        ;         ; Row I/O    ; Off         ; N               ;
; K18      ;            ; 1        ; VCCG_PLL1                 ; power  ;              ; 1.5V    ; --         ; --          ;                 ;
; K19      ;            ;          ; VCCA_PLL1                 ; power  ;              ; 1.5V    ; --         ; --          ;                 ;
; K20      ; 44         ; 2        ; GND*                      ;        ;              ;         ; Row I/O    ; --          ;                 ;
; K21      ; 45         ; 2        ; GND*                      ;        ;              ;         ; Row I/O    ; --          ;                 ;
; K22      ;            ; 2        ; VCCIO2                    ; power  ;              ; 3.3V    ; --         ; --          ;                 ;
; L1       ; 283        ; 5        ; GND+                      ;        ;              ;         ; Row I/O    ; --          ;                 ;
; L2       ; 282        ; 5        ; GND+                      ;        ;              ;         ; Row I/O    ; --          ;                 ;
; L3       ; 280        ; 5        ; GND+                      ;        ;              ;         ; Row I/O    ; --          ;                 ;
; L4       ;            ;          ; GNDA_PLL4                 ; gnd    ;              ;         ; --         ; --          ;                 ;
; L5       ;            ;          ; GNDG_PLL4                 ; gnd    ;              ;         ; --         ; --          ;                 ;
; L6       ; 293        ; 5        ; GND*                      ;        ;              ;         ; Row I/O    ; --          ;                 ;
; L7       ; 370        ; 4        ; GND*                      ;        ;              ;         ; Column I/O ; --          ;                 ;
; L8       ; 377        ; 4        ; +~DATA0~ / RESERVED_INPUT ; input  ; LVTTL        ;         ; Column I/O ; Off         ; N               ;
; L9       ;            ;          ; VCCINT                    ; power  ;              ; 1.5V    ; --         ; --          ;                 ;
; L10      ;            ;          ; GND                       ; gnd    ;              ;         ; --         ; --          ;                 ;
; L11      ;            ;          ; VCCINT                    ; power  ;              ; 1.5V    ; --         ; --          ;                 ;
; L12      ;            ;          ; GND                       ; gnd    ;              ;         ; --         ; --          ;                 ;
; L13      ;            ;          ; VCCINT                    ; power  ;              ; 1.5V    ; --         ; --          ;                 ;
; L14      ;            ;          ; GND                       ; gnd    ;              ;         ; --         ; --          ;                 ;
; L15      ; 415        ; 3        ; q42                       ; output ; LVTTL        ;         ; Column I/O ; Off         ; N               ;
; L16      ; 422        ; 3        ; q12                       ; output ; LVTTL        ;         ; Column I/O ; Off         ; N               ;
; L17      ; 35         ; 2        ; q31                       ; output ; LVTTL        ;         ; Row I/O    ; Off         ; N               ;
; L18      ;            ;          ; GNDG_PLL1                 ; gnd    ;              ;         ; --         ; --          ;                 ;
; L19      ;            ;          ; GNDA_PLL1                 ; gnd    ;              ;         ; --         ; --          ;                 ;
; L20      ; 49         ; 2        ; GND+                      ;        ;              ;         ; Row I/O    ; --          ;                 ;
; L21      ; 47         ; 2        ; GND+                      ;        ;              ;         ; Row I/O    ; --          ;                 ;
; L22      ; 46         ; 2        ; GND+                      ;        ;              ;         ; Row I/O    ; --          ;                 ;
; M1       ; 278        ; 6        ; GND+                      ;        ;              ;         ; Row I/O    ; --          ;                 ;
; M2       ; 279        ; 6        ; GND+                      ;        ;              ;         ; Row I/O    ; --          ;                 ;
; M3       ; 277        ; 6        ; GND+                      ;        ;              ;         ; Row I/O    ; --          ;                 ;
; M4       ;            ;          ; GNDA_PLL3                 ; gnd    ;              ;         ; --         ; --          ;                 ;
; M5       ;            ;          ; VCCA_PLL3                 ; power  ;              ; 1.5V    ; --         ; --          ;                 ;
; M6       ; 263        ; 6        ; GND*                      ;        ;              ;         ; Row I/O    ; --          ;                 ;
; M7       ; 198        ; 7        ; GND*                      ;        ;              ;         ; Column I/O ; --          ;                 ;
; M8       ; 183        ; 7        ; GND*                      ;        ;              ;         ; Column I/O ; --          ;                 ;
; M9       ;            ;          ; GND                       ; gnd    ;              ;         ; --         ; --          ;                 ;
; M10      ;            ;          ; VCCINT                    ; power  ;              ; 1.5V    ; --         ; --          ;                 ;
; M11      ;            ;          ; GND                       ; gnd    ;              ;         ; --         ; --          ;                 ;
; M12      ;            ;          ; VCCINT                    ; power  ;              ; 1.5V    ; --         ; --          ;                 ;
; M13      ;            ;          ; GND                       ; gnd    ;              ;         ; --         ; --          ;                 ;
; M14      ;            ;          ; VCCINT                    ; power  ;              ; 1.5V    ; --         ; --          ;                 ;
; M15      ; 414        ; 3        ; q43                       ; output ; LVTTL        ;         ; Column I/O ; Off         ; N               ;
; M16      ; 459        ; 3        ; q1                        ; output ; LVTTL        ;         ; Column I/O ; Off         ; N               ;
; M17      ; 66         ; 1        ; GND*                      ;        ;              ;         ; Row I/O    ; --          ;                 ;
; M18      ;            ;          ; VCCA_PLL2                 ; power  ;              ; 1.5V    ; --         ; --          ;                 ;
; M19      ;            ;          ; GNDA_PLL2                 ; gnd    ;              ;         ; --         ; --          ;                 ;
; M20      ; 52         ; 1        ; GND+                      ;        ;              ;         ; Row I/O    ; --          ;                 ;
; M21      ; 50         ; 1        ; GND+                      ;        ;              ;         ; Row I/O    ; --          ;                 ;
; M22      ; 51         ; 1        ; GND+                      ;        ;              ;         ; Row I/O    ; --          ;                 ;
; N1       ;            ; 6        ; VCCIO6                    ; power  ;              ; 3.3V    ; --         ; --          ;                 ;
; N2       ; 273        ; 6        ; GND*                      ;        ;              ;         ; Row I/O    ; --          ;                 ;
; N3       ; 272        ; 6        ; GND*                      ;        ;              ;         ; Row I/O    ; --          ;                 ;
; N4       ;            ;          ; GNDG_PLL3                 ; gnd    ;              ;         ; --         ; --          ;                 ;
; N5       ;            ; 1        ; VCCG_PLL3                 ; power  ;              ; 1.5V    ; --         ; --          ;                 ;
; N6       ; 259        ; 6        ; GND*                      ;        ;              ;         ; Row I/O    ; --          ;                 ;
; N7       ; 218        ; 7        ; GND*                      ;        ;              ;         ; Column I/O ; --          ;                 ;
; N8       ; 185        ; 7        ; GND*                      ;        ;              ;         ; Column I/O ; --          ;                 ;
; N9       ; 177        ; 7        ; ^nIO_PULLUP               ;        ;              ;         ; --         ; --          ;                 ;
; N10      ; 176        ; 7        ; GND*                      ;        ;              ;         ; Column I/O ; --          ;                 ;
; N11      ;            ;          ; VCCINT                    ; power  ;              ; 1.5V    ; --         ; --          ;                 ;
; N12      ;            ;          ; GND                       ; gnd    ;              ;         ; --         ; --          ;                 ;
; N13      ; 128        ; 8        ; GND*                      ;        ;              ;         ; Column I/O ; --          ;                 ;
; N14      ; 140        ; 8        ; GND*                      ;        ;              ;         ; Column I/O ; --          ;                 ;
; N15      ; 144        ; 8        ; GND*                      ;        ;              ;         ; Column I/O ; --          ;                 ;
; N16      ; 126        ; 8        ; GND*                      ;        ;              ;         ; Column I/O ; --          ;                 ;
; N17      ; 70         ; 1        ; GND*                      ;        ;              ;         ; Row I/O    ; --          ;                 ;
; N18      ;            ; 1        ; VCCG_PLL2                 ; power  ;              ; 1.5V    ; --         ; --          ;                 ;
; N19      ;            ;          ; GNDG_PLL2                 ; gnd    ;              ;         ; --         ; --          ;                 ;
; N20      ; 57         ; 1        ; GND*                      ;        ;              ;         ; Row I/O    ; --          ;                 ;
; N21      ; 56         ; 1        ; GND*                      ;        ;              ;         ; Row I/O    ; --          ;                 ;
; N22      ;            ; 1        ; VCCIO1                    ; power  ;              ; 3.3V    ; --         ; --          ;                 ;
; P1       ;            ;          ; GND                       ; gnd    ;              ;         ; --         ; --          ;                 ;
; P2       ; 269        ; 6        ; GND*                      ;        ;              ;         ; Row I/O    ; --          ;                 ;
; P3       ; 268        ; 6        ; GND*                      ;        ;              ;         ; Row I/O    ; --          ;                 ;
; P4       ; 251        ; 6        ; GND*                      ;        ;              ;         ; Row I/O    ; --          ;                 ;
; P5       ; 267        ;          ; GND                       ; gnd    ;              ;         ; --         ; --          ;                 ;
; P6       ; 247        ; 6        ; GND*                      ;        ;              ;         ; Row I/O    ; --          ;                 ;
; P7       ; 219        ; 7        ; GND*                      ;        ;              ;         ; Column I/O ; --          ;                 ;
; P8       ; 190        ; 7        ; GND*                      ;        ;              ;         ; Column I/O ; --          ;                 ;
; P9       ; 182        ; 7        ; GND*                      ;        ;              ;         ; Column I/O ; --          ;                 ;
; P10      ; 180        ; 7        ; GND*                      ;        ;              ;         ; Column I/O ; --          ;                 ;
; P11      ; 173        ; 7        ; ^nCEO                     ;        ;              ;         ; --         ; --          ;                 ;
; P12      ; 156        ; 8        ; ^MSEL1                    ;        ;              ;         ; --         ; --          ;                 ;
; P13      ; 148        ; 8        ; GND*                      ;        ;              ;         ; Column I/O ; --          ;                 ;
; P14      ; 146        ; 8        ; GND*                      ;        ;              ;         ; Column I/O ; --          ;                 ;
; P15      ; 143        ; 8        ; GND*                      ;        ;              ;         ; Column I/O ; --          ;                 ;
; P16      ; 135        ; 8        ; GND*                      ;        ;              ;         ; Column I/O ; --          ;                 ;
; P17      ; 82         ; 1        ; GND*                      ;        ;              ;         ; Row I/O    ; --          ;                 ;
; P18      ; 62         ;          ; GND                       ; gnd    ;              ;         ; --         ; --          ;                 ;
; P19      ; 86         ; 1        ; GND*                      ;        ;              ;         ; Row I/O    ; --          ;                 ;
; P20      ; 61         ; 1        ; GND*                      ;        ;              ;         ; Row I/O    ; --          ;                 ;
; P21      ; 60         ; 1        ; GND*                      ;        ;              ;         ; Row I/O    ; --          ;                 ;
; P22      ;            ;          ; GND                       ; gnd    ;              ;         ; --         ; --          ;                 ;
; R1       ; 271        ; 6        ; GND*                      ;        ;              ;         ; Row I/O    ; --          ;                 ;
; R2       ; 270        ; 6        ; GND*                      ;        ;              ;         ; Row I/O    ; --          ;                 ;
; R3       ; 255        ; 6        ; GND*                      ;        ;              ;         ; Row I/O    ; --          ;                 ;
; R4       ; 256        ; 6        ; GND*                      ;        ;              ;         ; Row I/O    ; --          ;                 ;
; R5       ;            ;          ; NC                        ;        ;              ;         ; --         ; --          ;                 ;
; R6       ; 242        ;          ; GND                       ; gnd    ;              ;         ; --         ; --          ;                 ;
; R7       ; 217        ;          ; GND                       ; gnd    ;              ;         ; --         ; --          ;                 ;
; R8       ; 175        ; 7        ; GND*                      ;        ;              ;         ; Column I/O ; --          ;                 ;
; R9       ; 186        ;          ; GND                       ; gnd    ;              ;         ; --         ; --          ;                 ;
; R10      ; 178        ; 7        ; ^VCCSEL                   ;        ;              ;         ; --         ; --          ;                 ;
; R11      ; 172        ; 7        ; ^nCE                      ;        ;              ;         ; --         ; --          ;                 ;
; R12      ; 157        ; 8        ; ^MSEL2                    ;        ;              ;         ; --         ; --          ;                 ;
; R13      ; 154        ; 8        ; PLL_ENA                   ;        ;              ;         ; --         ; --          ;                 ;
; R14      ;            ;          ; NC                        ;        ;              ;         ; --         ; --          ;                 ;
; R15      ; 134        ; 8        ; GND*                      ;        ;              ;         ; Column I/O ; --          ;                 ;
; R16      ; 149        ;          ; GND                       ; gnd    ;              ;         ; --         ; --          ;                 ;
; R17      ; 87         ;          ; GND                       ; gnd    ;              ;         ; --         ; --          ;                 ;
; R18      ; 112        ;          ; GND                       ; gnd    ;              ;         ; --         ; --          ;                 ;
; R19      ; 74         ; 1        ; GND*                      ;        ;              ;         ; Row I/O    ; --          ;                 ;
; R20      ; 73         ; 1        ; GND*                      ;        ;              ;         ; Row I/O    ; --          ;                 ;
; R21      ; 59         ; 1        ; GND*                      ;        ;              ;         ; Row I/O    ; --          ;                 ;
; R22      ; 58         ; 1        ; GND*                      ;        ;              ;         ; Row I/O    ; --          ;                 ;
; T1       ; 266        ; 6        ; GND*                      ;        ;              ;         ; Row I/O    ; --          ;                 ;
; T2       ; 265        ; 6        ; GND*                      ;        ;              ;         ; Row I/O    ; --          ;                 ;
; T3       ; 244        ; 6        ; GND*                      ;        ;              ;         ; Row I/O    ; --          ;                 ;
; T4       ; 243        ; 6        ; GND*                      ;        ;              ;         ; Row I/O    ; --          ;                 ;
; T5       ; 234        ; 6        ; GND*                      ;        ;              ;         ; Row I/O    ; --          ;                 ;
; T6       ;            ;          ; GND                       ; gnd    ;              ;         ; --         ; --          ;                 ;
; T7       ; 229        ; 7        ; GND*                      ;        ;              ;         ; Column I/O ; --          ;                 ;
; T8       ; 197        ; 7        ; GND*                      ;        ;              ;         ; Column I/O ; --          ;                 ;
; T9       ; 184        ; 7        ; GND*                      ;        ;              ;         ; Column I/O ; --          ;                 ;
; T10      ; 181        ; 7        ; GND*                      ;        ;              ;         ; Column I/O ; --          ;                 ;
; T11      ;            ;          ; GNDG_PLL6                 ; gnd    ;              ;         ; --         ; --          ;                 ;
; T12      ;            ;          ; VCCA_PLL6                 ; power  ;              ; 1.5V    ; --         ; --          ;                 ;
; T13      ; 155        ; 8        ; ^MSEL0                    ;        ;              ;         ; --         ; --          ;                 ;
; T14      ; 147        ; 8        ; GND*                      ;        ;              ;         ; Column I/O ; --          ;                 ;
; T15      ; 136        ; 8        ; GND*                      ;        ;              ;         ; Column I/O ; --          ;                 ;
; T16      ; 119        ; 8        ; GND*                      ;        ;              ;         ; Column I/O ; --          ;                 ;
; T17      ;            ;          ; GND                       ; gnd    ;              ;         ; --         ; --          ;                 ;
; T18      ; 95         ; 1        ; GND*                      ;        ;              ;         ; Row I/O    ; --          ;                 ;
; T19      ; 78         ; 1        ; GND*                      ;        ;              ;         ; Row I/O    ; --          ;                 ;
; T20      ; 77         ; 1        ; GND*                      ;        ;              ;         ; Row I/O    ; --          ;                 ;
; T21      ; 64         ; 1        ; GND*                      ;        ;              ;         ; Row I/O    ; --          ;                 ;
; T22      ; 63         ; 1        ; GND*                      ;        ;              ;         ; Row I/O    ; --          ;                 ;
; U1       ; 261        ; 6        ; GND*                      ;        ;              ;         ; Row I/O    ; --          ;                 ;
; U2       ; 262        ; 6        ; GND*                      ;        ;              ;         ; Row I/O    ; --          ;                 ;
; U3       ;            ;          ; NC                        ;        ;              ;         ; --         ; --          ;                 ;
; U4       ;            ;          ; NC                        ;        ;              ;         ; --         ; --          ;                 ;
; U5       ; 238        ; 6        ; GND*                      ;        ;              ;         ; Row I/O    ; --          ;                 ;
; U6       ; 200        ; 7        ; GND*                      ;        ;              ;         ; Column I/O ; --          ;                 ;
; U7       ; 205        ; 7        ; GND*                      ;        ;              ;         ; Column I/O ; --          ;                 ;
; U8       ; 196        ; 7        ; GND*                      ;        ;              ;         ; Column I/O ; --          ;                 ;
; U9       ; 191        ; 7        ; GND*                      ;        ;              ;         ; Column I/O ; --          ;                 ;
; U10      ; 179        ; 7        ; ^PORSEL                   ;        ;              ;         ; --         ; --          ;                 ;
; U11      ;            ; 1        ; VCCG_PLL6                 ; power  ;              ; 1.5V    ; --         ; --          ;                 ;
; U12      ;            ;          ; GNDA_PLL6                 ; gnd    ;              ;         ; --         ; --          ;                 ;
; U13      ;            ; 11       ; VCC_PLL6_OUTA             ; power  ;              ; 3.3V    ; --         ; --          ;                 ;
; U14      ; 139        ; 8        ; GND*                      ;        ;              ;         ; Column I/O ; --          ;                 ;
; U15      ; 137        ; 8        ; GND*                      ;        ;              ;         ; Column I/O ; --          ;                 ;
; U16      ; 121        ; 8        ; GND*                      ;        ;              ;         ; Column I/O ; --          ;                 ;
; U17      ; 120        ; 8        ; GND*                      ;        ;              ;         ; Column I/O ; --          ;                 ;
; U18      ; 91         ; 1        ; GND*                      ;        ;              ;         ; Row I/O    ; --          ;                 ;
; U19      ; 99         ; 1        ; GND*                      ;        ;              ;         ; Row I/O    ; --          ;                 ;
; U20      ; 98         ; 1        ; GND*                      ;        ;              ;         ; Row I/O    ; --          ;                 ;
; U21      ; 67         ; 1        ; GND*                      ;        ;              ;         ; Row I/O    ; --          ;                 ;
; U22      ; 68         ; 1        ; GND*                      ;        ;              ;         ; Row I/O    ; --          ;                 ;
; V1       ; 250        ; 6        ; GND*                      ;        ;              ;         ; Row I/O    ; --          ;                 ;
; V2       ; 249        ; 6        ; GND*                      ;        ;              ;         ; Row I/O    ; --          ;                 ;
; V3       ; 231        ; 6        ; GND*                      ;        ;              ;         ; Row I/O    ; --          ;                 ;
; V4       ; 230        ; 6        ; GND*                      ;        ;              ;         ; Row I/O    ; --          ;                 ;
; V5       ; 208        ; 7        ; GND*                      ;        ;              ;         ; Column I/O ; --          ;                 ;
; V6       ; 202        ; 7        ; GND*                      ;        ;              ;         ; Column I/O ; --          ;                 ;
; V7       ; 207        ; 7        ; GND*                      ;        ;              ;         ; Column I/O ; --          ;                 ;
; V8       ; 195        ; 7        ; GND*                      ;        ;              ;         ; Column I/O ; --          ;                 ;
; V9       ; 192        ; 7        ; GND*                      ;        ;              ;         ; Column I/O ; --          ;                 ;
; V10      ;            ;          ; NC                        ;        ;              ;         ; --         ; --          ;                 ;
; V11      ;            ;          ; NC                        ;        ;              ;         ; --         ; --          ;                 ;
; V12      ;            ;          ; NC                        ;        ;              ;         ; --         ; --          ;                 ;
; V13      ; 151        ; 8        ; GND+                      ;        ;              ;         ; Column I/O ; --          ;                 ;
; V14      ; 142        ; 8        ; GND*                      ;        ;              ;         ; Column I/O ; --          ;                 ;
; V15      ; 133        ; 8        ; GND*                      ;        ;              ;         ; Column I/O ; --          ;                 ;
; V16      ; 123        ; 8        ; GND*                      ;        ;              ;         ; Column I/O ; --          ;                 ;
; V17      ; 122        ; 8        ; GND*                      ;        ;              ;         ; Column I/O ; --          ;                 ;
; V18      ; 114        ; 8        ; GND*                      ;        ;              ;         ; Column I/O ; --          ;                 ;
; V19      ;            ;          ; NC                        ;        ;              ;         ; --         ; --          ;                 ;
; V20      ;            ;          ; NC                        ;        ;              ;         ; --         ; --          ;                 ;
; V21      ; 76         ; 1        ; GND*                      ;        ;              ;         ; Row I/O    ; --          ;                 ;
; V22      ; 75         ; 1        ; GND*                      ;        ;              ;         ; Row I/O    ; --          ;                 ;
; W1       ; 236        ; 6        ; GND*                      ;        ;              ;         ; Row I/O    ; --          ;                 ;
; W2       ; 237        ; 6        ; GND*                      ;        ;              ;         ; Row I/O    ; --          ;                 ;
; W3       ; 226        ; 7        ; GND*                      ;        ;              ;         ; Column I/O ; --          ;                 ;
; W4       ; 227        ; 7        ; GND*                      ;        ;              ;         ; Column I/O ; --          ;                 ;
; W5       ; 214        ; 7        ; GND*                      ;        ;              ;         ; Column I/O ; --          ;                 ;
; W6       ; 211        ; 7        ; GND*                      ;        ;              ;         ; Column I/O ; --          ;                 ;
; W7       ; 199        ; 7        ; GND*                      ;        ;              ;         ; Column I/O ; --          ;                 ;
; W8       ; 193        ; 7        ; GND*                      ;        ;              ;         ; Column I/O ; --          ;                 ;
; W9       ; 194        ; 7        ; GND*                      ;        ;              ;         ; Column I/O ; --          ;                 ;
; W10      ;            ;          ; NC                        ;        ;              ;         ; --         ; --          ;                 ;
; W11      ;            ;          ; NC                        ;        ;              ;         ; --         ; --          ;                 ;
; W12      ; 163        ; 11       ; GND*                      ;        ;              ;         ; Column I/O ; --          ;                 ;
; W13      ; 150        ; 8        ; GND*                      ;        ;              ;         ; Column I/O ; --          ;                 ;
; W14      ; 141        ; 8        ; GND*                      ;        ;              ;         ; Column I/O ; --          ;                 ;
; W15      ; 138        ; 8        ; GND*                      ;        ;              ;         ; Column I/O ; --          ;                 ;
; W16      ; 127        ; 8        ; GND*                      ;        ;              ;         ; Column I/O ; --          ;                 ;
; W17      ; 116        ; 8        ; GND*                      ;        ;              ;         ; Column I/O ; --          ;                 ;
; W18      ; 107        ; 8        ; GND*                      ;        ;              ;         ; Column I/O ; --          ;                 ;
; W19      ; 101        ; 8        ; GND*                      ;        ;              ;         ; Column I/O ; --          ;                 ;
; W20      ; 100        ; 8        ; GND*                      ;        ;              ;         ; Column I/O ; --          ;                 ;
; W21      ; 92         ; 1        ; GND*                      ;        ;              ;         ; Row I/O    ; --          ;                 ;
; W22      ; 93         ; 1        ; GND*                      ;        ;              ;         ; Row I/O    ; --          ;                 ;
; Y1       ;            ; 6        ; VCCIO6                    ; power  ;              ; 3.3V    ; --         ; --          ;                 ;
; Y2       ; 222        ; 7        ; GND*                      ;        ;              ;         ; Column I/O ; --          ;                 ;
; Y3       ; 228        ; 7        ; GND*                      ;        ;              ;         ; Column I/O ; --          ;                 ;
; Y4       ; 223        ; 7        ; GND*                      ;        ;              ;         ; Column I/O ; --          ;                 ;
; Y5       ; 215        ; 7        ; GND*                      ;        ;              ;         ; Column I/O ; --          ;                 ;
; Y6       ; 206        ; 7        ; GND*                      ;        ;              ;         ; Column I/O ; --          ;                 ;
; Y7       ; 209        ; 7        ; GND*                      ;        ;              ;         ; Column I/O ; --          ;                 ;
; Y8       ; 189        ; 7        ; GND*                      ;        ;              ;         ; Column I/O ; --          ;                 ;
; Y9       ; 188        ; 7        ; GND*                      ;        ;              ;         ; Column I/O ; --          ;                 ;
; Y10      ;            ;          ; NC                        ;        ;              ;         ; --         ; --          ;                 ;
; Y11      ;            ;          ; NC                        ;        ;              ;         ; --         ; --          ;                 ;
; Y12      ; 162        ; 11       ; GND*                      ;        ;              ;         ; Column I/O ; --          ;                 ;
; Y13      ; 166        ; 11       ; GND*                      ;        ;              ;         ; Column I/O ; --          ;                 ;
; Y14      ; 152        ; 8        ; GND*                      ;        ;              ;         ; Column I/O ; --          ;                 ;
; Y15      ; 130        ; 8        ; GND*                      ;        ;              ;         ; Column I/O ; --          ;                 ;
; Y16      ; 124        ; 8        ; GND*                      ;        ;              ;         ; Column I/O ; --          ;                 ;
; Y17      ; 117        ; 8        ; GND*                      ;        ;              ;         ; Column I/O ; --          ;                 ;
; Y18      ; 115        ; 8        ; GND*                      ;        ;              ;         ; Column I/O ; --          ;                 ;
; Y19      ; 106        ; 8        ; GND*                      ;        ;              ;         ; Column I/O ; --          ;                 ;
; Y20      ; 105        ; 8        ; GND*                      ;        ;              ;         ; Column I/O ; --          ;                 ;
; Y21      ; 104        ; 8        ; GND*                      ;        ;              ;         ; Column I/O ; --          ;                 ;
; Y22      ;            ; 1        ; VCCIO1                    ; power  ;              ; 3.3V    ; --         ; --          ;                 ;
+----------+------------+----------+---------------------------+--------+--------------+---------+------------+-------------+-----------------+


+-------------------------------------------------------------------------------+
; Output Pin Default Load For Reported TCO                                      ;
+----------------------------------+-------+------------------------------------+
; I/O Standard                     ; Load  ; Termination Resistance             ;
+----------------------------------+-------+------------------------------------+
; LVTTL                            ; 10 pF ; Not Available                      ;
; LVCMOS                           ; 10 pF ; Not Available                      ;
; 2.5 V                            ; 10 pF ; Not Available                      ;
; 1.8 V                            ; 10 pF ; Not Available                      ;
; 1.5 V                            ; 10 pF ; Not Available                      ;
; GTL                              ; 30 pF ; 25 Ohm (Parallel)                  ;
; GTL+                             ; 30 pF ; 25 Ohm (Parallel)                  ;
; 3.3-V PCI                        ; 10 pF ; 25 Ohm (Parallel)                  ;
; 3.3-V PCI-X                      ; 8 pF  ; 25 Ohm (Parallel)                  ;
; Compact PCI                      ; 10 pF ; 25 Ohm (Parallel)                  ;
; AGP 1X                           ; 10 pF ; Not Available                      ;
; AGP 2X                           ; 10 pF ; Not Available                      ;
; CTT                              ; 30 pF ; 50 Ohm (Parallel)                  ;
; SSTL-3 Class I                   ; 30 pF ; 50 Ohm (Parallel), 25 Ohm (Serial) ;
; SSTL-3 Class II                  ; 30 pF ; 25 Ohm (Parallel), 25 Ohm (Serial) ;
; SSTL-2 Class I                   ; 30 pF ; 50 Ohm (Parallel), 25 Ohm (Serial) ;
; SSTL-2 Class II                  ; 30 pF ; 25 Ohm (Parallel), 25 Ohm (Serial) ;
; SSTL-18 Class I                  ; 30 pF ; 50 Ohm (Parallel), 25 Ohm (Serial) ;
; SSTL-18 Class II                 ; 30 pF ; 25 Ohm (Parallel), 25 Ohm (Serial) ;
; 1.5-V HSTL Class I               ; 20 pF ; 50 Ohm (Parallel)                  ;
; 1.5-V HSTL Class II              ; 20 pF ; 25 Ohm (Parallel)                  ;
; 1.8-V HSTL Class I               ; 20 pF ; 50 Ohm (Parallel)                  ;
; 1.8-V HSTL Class II              ; 20 pF ; 25 Ohm (Parallel)                  ;
; LVDS                             ; 4 pF  ; 100 Ohm (Differential)             ;
; Differential LVPECL              ; 4 pF  ; 100 Ohm (Differential)             ;
; 3.3-V PCML                       ; 4 pF  ; 50 Ohm (Parallel)                  ;
; HyperTransport                   ; 4 pF  ; 100 Ohm (Differential)             ;
; Differential 1.5-V HSTL Class I  ; 0 pF  ; (See 1.5-V HSTL Class I)           ;
; Differential 1.5-V HSTL Class II ; 0 pF  ; (See 1.5-V HSTL Class II)          ;
; Differential 1.8-V HSTL Class I  ; 0 pF  ; (See 1.8-V HSTL Class I)           ;
; Differential 1.8-V HSTL Class II ; 0 pF  ; (See 1.8-V HSTL Class II)          ;
; Differential SSTL-2              ; 30 pF ; (See SSTL-2)                       ;
+----------------------------------+-------+------------------------------------+
Note: User assignments will override these defaults. The user specified values are listed in the Output Pins and Bidir Pins tables.


+----------------------------------------------------------------------------------------------------------------------------------------------------------------------------------------------------------------------------------------------+
; Fitter Resource Utilization by Entity                                                                                                                                                                                                        ;
+----------------------------+-------------+--------------+-------------+--------------+---------+-----------+-----------+------+--------------+--------------+-------------------+------------------+-----------------+-----------------------+
; Compilation Hierarchy Node ; Logic Cells ; LC Registers ; Memory Bits ; DSP Elements ; DSP 9x9 ; DSP 18x18 ; DSP 36x36 ; Pins ; Virtual Pins ; LUT-Only LCs ; Register-Only LCs ; LUT/Register LCs ; Carry Chain LCs ; Full Hierarchy Name   ;
+----------------------------+-------------+--------------+-------------+--------------+---------+-----------+-----------+------+--------------+--------------+-------------------+------------------+-----------------+-----------------------+
; |DC_str                    ; 83 (0)      ; 0            ; 0           ; 0            ; 0       ; 0         ; 0         ; 71   ; 0            ; 83 (0)       ; 0 (0)             ; 0 (0)            ; 0 (0)           ; |DC_str               ;
;    |DC_graph:dc0|          ; 12 (12)     ; 0            ; 0           ; 0            ; 0       ; 0         ; 0         ; 0    ; 0            ; 12 (12)      ; 0 (0)             ; 0 (0)            ; 0 (0)           ; |DC_str|DC_graph:dc0  ;
;    |DC_graph:dc1|          ; 12 (12)     ; 0            ; 0           ; 0            ; 0       ; 0         ; 0         ; 0    ; 0            ; 12 (12)      ; 0 (0)             ; 0 (0)            ; 0 (0)           ; |DC_str|DC_graph:dc1  ;
;    |DC_graph:dc2|          ; 8 (8)       ; 0            ; 0           ; 0            ; 0       ; 0         ; 0         ; 0    ; 0            ; 8 (8)        ; 0 (0)             ; 0 (0)            ; 0 (0)           ; |DC_str|DC_graph:dc2  ;
;    |DC_graph:dc3|          ; 8 (8)       ; 0            ; 0           ; 0            ; 0       ; 0         ; 0         ; 0    ; 0            ; 8 (8)        ; 0 (0)             ; 0 (0)            ; 0 (0)           ; |DC_str|DC_graph:dc3  ;
;    |DC_graph:dc4|          ; 12 (12)     ; 0            ; 0           ; 0            ; 0       ; 0         ; 0         ; 0    ; 0            ; 12 (12)      ; 0 (0)             ; 0 (0)            ; 0 (0)           ; |DC_str|DC_graph:dc4  ;
;    |DC_graph:dc5|          ; 9 (9)       ; 0            ; 0           ; 0            ; 0       ; 0         ; 0         ; 0    ; 0            ; 9 (9)        ; 0 (0)             ; 0 (0)            ; 0 (0)           ; |DC_str|DC_graph:dc5  ;
;    |DC_graph:dc6|          ; 8 (8)       ; 0            ; 0           ; 0            ; 0       ; 0         ; 0         ; 0    ; 0            ; 8 (8)        ; 0 (0)             ; 0 (0)            ; 0 (0)           ; |DC_str|DC_graph:dc6  ;
;    |DC_graph:dc7|          ; 12 (12)     ; 0            ; 0           ; 0            ; 0       ; 0         ; 0         ; 0    ; 0            ; 12 (12)      ; 0 (0)             ; 0 (0)            ; 0 (0)           ; |DC_str|DC_graph:dc7  ;
;    |DC_graph:dcEn|         ; 2 (2)       ; 0            ; 0           ; 0            ; 0       ; 0         ; 0         ; 0    ; 0            ; 2 (2)        ; 0 (0)             ; 0 (0)            ; 0 (0)           ; |DC_str|DC_graph:dcEn ;
+----------------------------+-------------+--------------+-------------+--------------+---------+-----------+-----------+------+--------------+--------------+-------------------+------------------+-----------------+-----------------------+
Note: For table entries with two numbers listed, the numbers in parentheses indicate the number of resources of the given type used by the specific entity alone. The numbers listed outside of parentheses indicate the total resources of the given type used by the specific entity and all of its sub-entities in the hierarchy.


+---------------------------------------------------------------------------------------------------------------------------------------------------------------------------------------------------------------------------------------------------------+
; Delay Chain Summary                                                                                                                                                                                                                                     ;
+------+----------+---------------+---------------+-----------------------+-------------------------+----------------------------------------+---------------------------------+--------------------------------+-----+------+----------------------------+
; Name ; Pin Type ; Pad to Core 0 ; Pad to Core 1 ; Pad to Input Register ; Core to Output Register ; Clock Enable to Output Enable Register ; Clock Enable to Output Register ; Clock Enable to Input Register ; TCO ; TCOE ; Falling Edge Output Enable ;
+------+----------+---------------+---------------+-----------------------+-------------------------+----------------------------------------+---------------------------------+--------------------------------+-----+------+----------------------------+
; x2   ; Input    ; ON            ; ON            ; --                    ; --                      ; --                                     ; --                              ; --                             ; --  ; --   ; --                         ;
; x0   ; Input    ; ON            ; ON            ; --                    ; --                      ; --                                     ; --                              ; --                             ; --  ; --   ; --                         ;
; x1   ; Input    ; ON            ; ON            ; --                    ; --                      ; --                                     ; --                              ; --                             ; --  ; --   ; --                         ;
; ENB  ; Input    ; ON            ; ON            ; --                    ; --                      ; --                                     ; --                              ; --                             ; --  ; --   ; --                         ;
; x3   ; Input    ; ON            ; ON            ; --                    ; --                      ; --                                     ; --                              ; --                             ; --  ; --   ; --                         ;
; x4   ; Input    ; ON            ; ON            ; --                    ; --                      ; --                                     ; --                              ; --                             ; --  ; --   ; --                         ;
; x5   ; Input    ; ON            ; ON            ; --                    ; --                      ; --                                     ; --                              ; --                             ; --  ; --   ; --                         ;
; q0   ; Output   ; --            ; --            ; --                    ; --                      ; --                                     ; --                              ; --                             ; --  ; OFF  ; OFF                        ;
; q1   ; Output   ; --            ; --            ; --                    ; --                      ; --                                     ; --                              ; --                             ; --  ; OFF  ; OFF                        ;
; q2   ; Output   ; --            ; --            ; --                    ; --                      ; --                                     ; --                              ; --                             ; --  ; OFF  ; OFF                        ;
; q3   ; Output   ; --            ; --            ; --                    ; --                      ; --                                     ; --                              ; --                             ; --  ; OFF  ; OFF                        ;
; q4   ; Output   ; --            ; --            ; --                    ; --                      ; --                                     ; --                              ; --                             ; --  ; OFF  ; OFF                        ;
; q5   ; Output   ; --            ; --            ; --                    ; --                      ; --                                     ; --                              ; --                             ; --  ; OFF  ; OFF                        ;
; q6   ; Output   ; --            ; --            ; --                    ; --                      ; --                                     ; --                              ; --                             ; --  ; OFF  ; OFF                        ;
; q7   ; Output   ; --            ; --            ; --                    ; --                      ; --                                     ; --                              ; --                             ; --  ; OFF  ; OFF                        ;
; q8   ; Output   ; --            ; --            ; --                    ; --                      ; --                                     ; --                              ; --                             ; --  ; OFF  ; OFF                        ;
; q9   ; Output   ; --            ; --            ; --                    ; --                      ; --                                     ; --                              ; --                             ; --  ; OFF  ; OFF                        ;
; q10  ; Output   ; --            ; --            ; --                    ; --                      ; --                                     ; --                              ; --                             ; --  ; OFF  ; OFF                        ;
; q11  ; Output   ; --            ; --            ; --                    ; --                      ; --                                     ; --                              ; --                             ; --  ; OFF  ; OFF                        ;
; q12  ; Output   ; --            ; --            ; --                    ; --                      ; --                                     ; --                              ; --                             ; --  ; OFF  ; OFF                        ;
; q13  ; Output   ; --            ; --            ; --                    ; --                      ; --                                     ; --                              ; --                             ; --  ; OFF  ; OFF                        ;
; q14  ; Output   ; --            ; --            ; --                    ; --                      ; --                                     ; --                              ; --                             ; --  ; OFF  ; OFF                        ;
; q15  ; Output   ; --            ; --            ; --                    ; --                      ; --                                     ; --                              ; --                             ; --  ; OFF  ; OFF                        ;
; q16  ; Output   ; --            ; --            ; --                    ; --                      ; --                                     ; --                              ; --                             ; --  ; OFF  ; OFF                        ;
; q17  ; Output   ; --            ; --            ; --                    ; --                      ; --                                     ; --                              ; --                             ; --  ; OFF  ; OFF                        ;
; q18  ; Output   ; --            ; --            ; --                    ; --                      ; --                                     ; --                              ; --                             ; --  ; OFF  ; OFF                        ;
; q19  ; Output   ; --            ; --            ; --                    ; --                      ; --                                     ; --                              ; --                             ; --  ; OFF  ; OFF                        ;
; q20  ; Output   ; --            ; --            ; --                    ; --                      ; --                                     ; --                              ; --                             ; --  ; OFF  ; OFF                        ;
; q21  ; Output   ; --            ; --            ; --                    ; --                      ; --                                     ; --                              ; --                             ; --  ; OFF  ; OFF                        ;
; q22  ; Output   ; --            ; --            ; --                    ; --                      ; --                                     ; --                              ; --                             ; --  ; OFF  ; OFF                        ;
; q23  ; Output   ; --            ; --            ; --                    ; --                      ; --                                     ; --                              ; --                             ; --  ; OFF  ; OFF                        ;
; q24  ; Output   ; --            ; --            ; --                    ; --                      ; --                                     ; --                              ; --                             ; --  ; OFF  ; OFF                        ;
; q25  ; Output   ; --            ; --            ; --                    ; --                      ; --                                     ; --                              ; --                             ; --  ; OFF  ; OFF                        ;
; q26  ; Output   ; --            ; --            ; --                    ; --                      ; --                                     ; --                              ; --                             ; --  ; OFF  ; OFF                        ;
; q27  ; Output   ; --            ; --            ; --                    ; --                      ; --                                     ; --                              ; --                             ; --  ; OFF  ; OFF                        ;
; q28  ; Output   ; --            ; --            ; --                    ; --                      ; --                                     ; --                              ; --                             ; --  ; OFF  ; OFF                        ;
; q29  ; Output   ; --            ; --            ; --                    ; --                      ; --                                     ; --                              ; --                             ; --  ; OFF  ; OFF                        ;
; q30  ; Output   ; --            ; --            ; --                    ; --                      ; --                                     ; --                              ; --                             ; --  ; OFF  ; OFF                        ;
; q31  ; Output   ; --            ; --            ; --                    ; --                      ; --                                     ; --                              ; --                             ; --  ; OFF  ; OFF                        ;
; q32  ; Output   ; --            ; --            ; --                    ; --                      ; --                                     ; --                              ; --                             ; --  ; OFF  ; OFF                        ;
; q33  ; Output   ; --            ; --            ; --                    ; --                      ; --                                     ; --                              ; --                             ; --  ; OFF  ; OFF                        ;
; q34  ; Output   ; --            ; --            ; --                    ; --                      ; --                                     ; --                              ; --                             ; --  ; OFF  ; OFF                        ;
; q35  ; Output   ; --            ; --            ; --                    ; --                      ; --                                     ; --                              ; --                             ; --  ; OFF  ; OFF                        ;
; q36  ; Output   ; --            ; --            ; --                    ; --                      ; --                                     ; --                              ; --                             ; --  ; OFF  ; OFF                        ;
; q37  ; Output   ; --            ; --            ; --                    ; --                      ; --                                     ; --                              ; --                             ; --  ; OFF  ; OFF                        ;
; q38  ; Output   ; --            ; --            ; --                    ; --                      ; --                                     ; --                              ; --                             ; --  ; OFF  ; OFF                        ;
; q39  ; Output   ; --            ; --            ; --                    ; --                      ; --                                     ; --                              ; --                             ; --  ; OFF  ; OFF                        ;
; q40  ; Output   ; --            ; --            ; --                    ; --                      ; --                                     ; --                              ; --                             ; --  ; OFF  ; OFF                        ;
; q41  ; Output   ; --            ; --            ; --                    ; --                      ; --                                     ; --                              ; --                             ; --  ; OFF  ; OFF                        ;
; q42  ; Output   ; --            ; --            ; --                    ; --                      ; --                                     ; --                              ; --                             ; --  ; OFF  ; OFF                        ;
; q43  ; Output   ; --            ; --            ; --                    ; --                      ; --                                     ; --                              ; --                             ; --  ; OFF  ; OFF                        ;
; q44  ; Output   ; --            ; --            ; --                    ; --                      ; --                                     ; --                              ; --                             ; --  ; OFF  ; OFF                        ;
; q45  ; Output   ; --            ; --            ; --                    ; --                      ; --                                     ; --                              ; --                             ; --  ; OFF  ; OFF                        ;
; q46  ; Output   ; --            ; --            ; --                    ; --                      ; --                                     ; --                              ; --                             ; --  ; OFF  ; OFF                        ;
; q47  ; Output   ; --            ; --            ; --                    ; --                      ; --                                     ; --                              ; --                             ; --  ; OFF  ; OFF                        ;
; q48  ; Output   ; --            ; --            ; --                    ; --                      ; --                                     ; --                              ; --                             ; --  ; OFF  ; OFF                        ;
; q49  ; Output   ; --            ; --            ; --                    ; --                      ; --                                     ; --                              ; --                             ; --  ; OFF  ; OFF                        ;
; q50  ; Output   ; --            ; --            ; --                    ; --                      ; --                                     ; --                              ; --                             ; --  ; OFF  ; OFF                        ;
; q51  ; Output   ; --            ; --            ; --                    ; --                      ; --                                     ; --                              ; --                             ; --  ; OFF  ; OFF                        ;
; q52  ; Output   ; --            ; --            ; --                    ; --                      ; --                                     ; --                              ; --                             ; --  ; OFF  ; OFF                        ;
; q53  ; Output   ; --            ; --            ; --                    ; --                      ; --                                     ; --                              ; --                             ; --  ; OFF  ; OFF                        ;
; q54  ; Output   ; --            ; --            ; --                    ; --                      ; --                                     ; --                              ; --                             ; --  ; OFF  ; OFF                        ;
; q55  ; Output   ; --            ; --            ; --                    ; --                      ; --                                     ; --                              ; --                             ; --  ; OFF  ; OFF                        ;
; q56  ; Output   ; --            ; --            ; --                    ; --                      ; --                                     ; --                              ; --                             ; --  ; OFF  ; OFF                        ;
; q57  ; Output   ; --            ; --            ; --                    ; --                      ; --                                     ; --                              ; --                             ; --  ; OFF  ; OFF                        ;
; q58  ; Output   ; --            ; --            ; --                    ; --                      ; --                                     ; --                              ; --                             ; --  ; OFF  ; OFF                        ;
; q59  ; Output   ; --            ; --            ; --                    ; --                      ; --                                     ; --                              ; --                             ; --  ; OFF  ; OFF                        ;
; q60  ; Output   ; --            ; --            ; --                    ; --                      ; --                                     ; --                              ; --                             ; --  ; OFF  ; OFF                        ;
; q61  ; Output   ; --            ; --            ; --                    ; --                      ; --                                     ; --                              ; --                             ; --  ; OFF  ; OFF                        ;
; q62  ; Output   ; --            ; --            ; --                    ; --                      ; --                                     ; --                              ; --                             ; --  ; OFF  ; OFF                        ;
; q63  ; Output   ; --            ; --            ; --                    ; --                      ; --                                     ; --                              ; --                             ; --  ; OFF  ; OFF                        ;
+------+----------+---------------+---------------+-----------------------+-------------------------+----------------------------------------+---------------------------------+--------------------------------+-----+------+----------------------------+


+--------------------------------------------------------------+
; Pad To Core Delay Chain Fanout                               ;
+--------------------------------+-------------------+---------+
; Source Pin / Fanout            ; Pad To Core Index ; Setting ;
+--------------------------------+-------------------+---------+
; x2                             ;                   ;         ;
;      - DC_graph:dc2|inst1      ; 0                 ; ON      ;
;      - DC_graph:dc2|inst12     ; 0                 ; ON      ;
;      - DC_graph:dc2|inst13     ; 0                 ; ON      ;
;      - DC_graph:dc2|inst14     ; 0                 ; ON      ;
;      - DC_graph:dc2|inst15     ; 0                 ; ON      ;
;      - DC_graph:dc2|inst16     ; 0                 ; ON      ;
;      - DC_graph:dc2|inst17     ; 0                 ; ON      ;
;      - DC_graph:dc2|inst18     ; 0                 ; ON      ;
;      - DC_graph:dc3|inst1      ; 0                 ; ON      ;
;      - DC_graph:dc3|inst12     ; 0                 ; ON      ;
;      - DC_graph:dc3|inst13     ; 0                 ; ON      ;
;      - DC_graph:dc3|inst14     ; 0                 ; ON      ;
;      - DC_graph:dc3|inst15     ; 0                 ; ON      ;
;      - DC_graph:dc3|inst16     ; 0                 ; ON      ;
;      - DC_graph:dc3|inst17     ; 0                 ; ON      ;
;      - DC_graph:dc3|inst18     ; 0                 ; ON      ;
;      - DC_graph:dc6|inst1      ; 0                 ; ON      ;
;      - DC_graph:dc6|inst12     ; 0                 ; ON      ;
;      - DC_graph:dc6|inst13     ; 0                 ; ON      ;
;      - DC_graph:dc6|inst14     ; 0                 ; ON      ;
;      - DC_graph:dc6|inst15     ; 0                 ; ON      ;
;      - DC_graph:dc6|inst16     ; 0                 ; ON      ;
;      - DC_graph:dc6|inst17     ; 0                 ; ON      ;
;      - DC_graph:dc6|inst18     ; 0                 ; ON      ;
;      - DC_graph:dc7|inst1      ; 0                 ; ON      ;
;      - DC_graph:dc7|inst12     ; 0                 ; ON      ;
;      - DC_graph:dc7|inst13     ; 0                 ; ON      ;
;      - DC_graph:dc7|inst14     ; 0                 ; ON      ;
;      - DC_graph:dc7|inst15     ; 0                 ; ON      ;
;      - DC_graph:dc7|inst16     ; 0                 ; ON      ;
;      - DC_graph:dc7|inst17     ; 0                 ; ON      ;
;      - DC_graph:dc7|inst18     ; 0                 ; ON      ;
;      - DC_graph:dc0|inst1      ; 0                 ; ON      ;
;      - DC_graph:dc0|inst12     ; 0                 ; ON      ;
;      - DC_graph:dc0|inst13     ; 0                 ; ON      ;
;      - DC_graph:dc0|inst14     ; 0                 ; ON      ;
;      - DC_graph:dc0|inst15     ; 0                 ; ON      ;
;      - DC_graph:dc0|inst16     ; 0                 ; ON      ;
;      - DC_graph:dc0|inst17     ; 0                 ; ON      ;
;      - DC_graph:dc0|inst18     ; 0                 ; ON      ;
;      - DC_graph:dc1|inst1      ; 0                 ; ON      ;
;      - DC_graph:dc1|inst12     ; 0                 ; ON      ;
;      - DC_graph:dc1|inst13     ; 0                 ; ON      ;
;      - DC_graph:dc1|inst14     ; 0                 ; ON      ;
;      - DC_graph:dc1|inst15     ; 0                 ; ON      ;
;      - DC_graph:dc1|inst16     ; 0                 ; ON      ;
;      - DC_graph:dc1|inst17     ; 0                 ; ON      ;
;      - DC_graph:dc1|inst18     ; 0                 ; ON      ;
;      - DC_graph:dc4|inst1      ; 0                 ; ON      ;
;      - DC_graph:dc4|inst12     ; 0                 ; ON      ;
;      - DC_graph:dc4|inst13     ; 0                 ; ON      ;
;      - DC_graph:dc4|inst14     ; 0                 ; ON      ;
;      - DC_graph:dc4|inst15     ; 0                 ; ON      ;
;      - DC_graph:dc4|inst16     ; 0                 ; ON      ;
;      - DC_graph:dc4|inst17     ; 0                 ; ON      ;
;      - DC_graph:dc4|inst18     ; 0                 ; ON      ;
;      - DC_graph:dc5|inst1      ; 0                 ; ON      ;
;      - DC_graph:dc5|inst12     ; 0                 ; ON      ;
;      - DC_graph:dc5|inst13     ; 0                 ; ON      ;
;      - DC_graph:dc5|inst14     ; 0                 ; ON      ;
;      - DC_graph:dc5|inst15     ; 0                 ; ON      ;
;      - DC_graph:dc5|inst16     ; 0                 ; ON      ;
;      - DC_graph:dc5|inst17     ; 0                 ; ON      ;
;      - DC_graph:dc5|inst18     ; 0                 ; ON      ;
; x0                             ;                   ;         ;
;      - DC_graph:dc7|inst4~584  ; 1                 ; ON      ;
;      - DC_graph:dc7|inst4~585  ; 1                 ; ON      ;
;      - DC_graph:dc7|inst4~586  ; 1                 ; ON      ;
;      - DC_graph:dc7|inst4~587  ; 1                 ; ON      ;
;      - DC_graph:dc0|inst1      ; 1                 ; ON      ;
;      - DC_graph:dc0|inst12~11  ; 1                 ; ON      ;
;      - DC_graph:dc0|inst13~11  ; 1                 ; ON      ;
;      - DC_graph:dc0|inst14~11  ; 1                 ; ON      ;
;      - DC_graph:dc0|inst15     ; 1                 ; ON      ;
;      - DC_graph:dc1|inst1      ; 1                 ; ON      ;
;      - DC_graph:dc1|inst12~11  ; 1                 ; ON      ;
;      - DC_graph:dc1|inst13~11  ; 1                 ; ON      ;
;      - DC_graph:dc1|inst14~11  ; 1                 ; ON      ;
;      - DC_graph:dc1|inst15     ; 1                 ; ON      ;
;      - DC_graph:dc4|inst1      ; 1                 ; ON      ;
;      - DC_graph:dc4|inst12~11  ; 1                 ; ON      ;
;      - DC_graph:dc4|inst13~11  ; 1                 ; ON      ;
;      - DC_graph:dc4|inst14~11  ; 1                 ; ON      ;
;      - DC_graph:dc4|inst15     ; 1                 ; ON      ;
;      - DC_graph:dc5|inst1      ; 1                 ; ON      ;
;      - DC_graph:dc5|inst12     ; 1                 ; ON      ;
;      - DC_graph:dc5|inst13     ; 1                 ; ON      ;
;      - DC_graph:dc5|inst14     ; 1                 ; ON      ;
;      - DC_graph:dc5|inst15     ; 1                 ; ON      ;
;      - DC_graph:dc5|inst16     ; 1                 ; ON      ;
;      - DC_graph:dc5|inst17     ; 1                 ; ON      ;
;      - DC_graph:dc5|inst18     ; 1                 ; ON      ;
; x1                             ;                   ;         ;
;      - DC_graph:dc7|inst4~584  ; 0                 ; ON      ;
;      - DC_graph:dc7|inst4~585  ; 0                 ; ON      ;
;      - DC_graph:dc7|inst4~586  ; 0                 ; ON      ;
;      - DC_graph:dc7|inst4~587  ; 0                 ; ON      ;
;      - DC_graph:dc0|inst1      ; 0                 ; ON      ;
;      - DC_graph:dc0|inst12~11  ; 0                 ; ON      ;
;      - DC_graph:dc0|inst13~11  ; 0                 ; ON      ;
;      - DC_graph:dc0|inst14~11  ; 0                 ; ON      ;
;      - DC_graph:dc0|inst15     ; 0                 ; ON      ;
;      - DC_graph:dc1|inst1      ; 0                 ; ON      ;
;      - DC_graph:dc1|inst12~11  ; 0                 ; ON      ;
;      - DC_graph:dc1|inst13~11  ; 0                 ; ON      ;
;      - DC_graph:dc1|inst14~11  ; 0                 ; ON      ;
;      - DC_graph:dc1|inst15     ; 0                 ; ON      ;
;      - DC_graph:dc4|inst1      ; 0                 ; ON      ;
;      - DC_graph:dc4|inst12~11  ; 0                 ; ON      ;
;      - DC_graph:dc4|inst13~11  ; 0                 ; ON      ;
;      - DC_graph:dc4|inst14~11  ; 0                 ; ON      ;
;      - DC_graph:dc4|inst15     ; 0                 ; ON      ;
;      - DC_graph:dc5|inst1      ; 0                 ; ON      ;
;      - DC_graph:dc5|inst12     ; 0                 ; ON      ;
;      - DC_graph:dc5|inst13     ; 0                 ; ON      ;
;      - DC_graph:dc5|inst14     ; 0                 ; ON      ;
;      - DC_graph:dc5|inst15     ; 0                 ; ON      ;
;      - DC_graph:dc5|inst16     ; 0                 ; ON      ;
;      - DC_graph:dc5|inst17     ; 0                 ; ON      ;
;      - DC_graph:dc5|inst18     ; 0                 ; ON      ;
; ENB                            ;                   ;         ;
;      - DC_graph:dcEn|inst17~89 ; 0                 ; ON      ;
;      - DC_graph:dcEn|inst18~88 ; 0                 ; ON      ;
;      - DC_graph:dc0|inst1~11   ; 0                 ; ON      ;
;      - DC_graph:dc0|inst12     ; 0                 ; ON      ;
;      - DC_graph:dc0|inst13     ; 0                 ; ON      ;
;      - DC_graph:dc0|inst14     ; 0                 ; ON      ;
;      - DC_graph:dc0|inst16     ; 0                 ; ON      ;
;      - DC_graph:dc0|inst17     ; 0                 ; ON      ;
;      - DC_graph:dc0|inst18     ; 0                 ; ON      ;
;      - DC_graph:dc1|inst1~11   ; 0                 ; ON      ;
;      - DC_graph:dc1|inst12~11  ; 0                 ; ON      ;
;      - DC_graph:dc1|inst13~11  ; 0                 ; ON      ;
;      - DC_graph:dc1|inst14~11  ; 0                 ; ON      ;
;      - DC_graph:dc4|inst1~11   ; 0                 ; ON      ;
;      - DC_graph:dc4|inst12     ; 0                 ; ON      ;
;      - DC_graph:dc4|inst13     ; 0                 ; ON      ;
;      - DC_graph:dc4|inst14     ; 0                 ; ON      ;
;      - DC_graph:dc4|inst16     ; 0                 ; ON      ;
;      - DC_graph:dc4|inst17     ; 0                 ; ON      ;
;      - DC_graph:dc4|inst18     ; 0                 ; ON      ;
;      - DC_graph:dc5|inst1~11   ; 0                 ; ON      ;
; x3                             ;                   ;         ;
;      - DC_graph:dcEn|inst17~89 ; 1                 ; ON      ;
;      - DC_graph:dcEn|inst18~88 ; 1                 ; ON      ;
;      - DC_graph:dc0|inst1~11   ; 1                 ; ON      ;
;      - DC_graph:dc0|inst12     ; 1                 ; ON      ;
;      - DC_graph:dc0|inst13     ; 1                 ; ON      ;
;      - DC_graph:dc0|inst14     ; 1                 ; ON      ;
;      - DC_graph:dc0|inst16     ; 1                 ; ON      ;
;      - DC_graph:dc0|inst17     ; 1                 ; ON      ;
;      - DC_graph:dc0|inst18     ; 1                 ; ON      ;
;      - DC_graph:dc1|inst1~11   ; 1                 ; ON      ;
;      - DC_graph:dc1|inst12~11  ; 1                 ; ON      ;
;      - DC_graph:dc1|inst13~11  ; 1                 ; ON      ;
;      - DC_graph:dc1|inst14~11  ; 1                 ; ON      ;
;      - DC_graph:dc4|inst1~11   ; 1                 ; ON      ;
;      - DC_graph:dc4|inst12     ; 1                 ; ON      ;
;      - DC_graph:dc4|inst13     ; 1                 ; ON      ;
;      - DC_graph:dc4|inst14     ; 1                 ; ON      ;
;      - DC_graph:dc4|inst16     ; 1                 ; ON      ;
;      - DC_graph:dc4|inst17     ; 1                 ; ON      ;
;      - DC_graph:dc4|inst18     ; 1                 ; ON      ;
;      - DC_graph:dc5|inst1~11   ; 1                 ; ON      ;
; x4                             ;                   ;         ;
;      - DC_graph:dcEn|inst17~89 ; 0                 ; ON      ;
;      - DC_graph:dcEn|inst18~88 ; 0                 ; ON      ;
;      - DC_graph:dc0|inst1~11   ; 0                 ; ON      ;
;      - DC_graph:dc0|inst12~11  ; 0                 ; ON      ;
;      - DC_graph:dc0|inst13~11  ; 0                 ; ON      ;
;      - DC_graph:dc0|inst14~11  ; 0                 ; ON      ;
;      - DC_graph:dc1|inst1~11   ; 0                 ; ON      ;
;      - DC_graph:dc1|inst12     ; 0                 ; ON      ;
;      - DC_graph:dc1|inst13     ; 0                 ; ON      ;
;      - DC_graph:dc1|inst14     ; 0                 ; ON      ;
;      - DC_graph:dc1|inst16     ; 0                 ; ON      ;
;      - DC_graph:dc1|inst17     ; 0                 ; ON      ;
;      - DC_graph:dc1|inst18     ; 0                 ; ON      ;
;      - DC_graph:dc4|inst1~11   ; 0                 ; ON      ;
;      - DC_graph:dc4|inst12~11  ; 0                 ; ON      ;
;      - DC_graph:dc4|inst13~11  ; 0                 ; ON      ;
;      - DC_graph:dc4|inst14~11  ; 0                 ; ON      ;
;      - DC_graph:dc5|inst1~11   ; 0                 ; ON      ;
; x5                             ;                   ;         ;
;      - DC_graph:dc2|inst1      ; 0                 ; ON      ;
;      - DC_graph:dc2|inst12     ; 0                 ; ON      ;
;      - DC_graph:dc2|inst13     ; 0                 ; ON      ;
;      - DC_graph:dc2|inst14     ; 0                 ; ON      ;
;      - DC_graph:dc2|inst15     ; 0                 ; ON      ;
;      - DC_graph:dc2|inst16     ; 0                 ; ON      ;
;      - DC_graph:dc2|inst17     ; 0                 ; ON      ;
;      - DC_graph:dc2|inst18     ; 0                 ; ON      ;
;      - DC_graph:dc3|inst1      ; 0                 ; ON      ;
;      - DC_graph:dc3|inst12     ; 0                 ; ON      ;
;      - DC_graph:dc3|inst13     ; 0                 ; ON      ;
;      - DC_graph:dc3|inst14     ; 0                 ; ON      ;
;      - DC_graph:dc3|inst15     ; 0                 ; ON      ;
;      - DC_graph:dc3|inst16     ; 0                 ; ON      ;
;      - DC_graph:dc3|inst17     ; 0                 ; ON      ;
;      - DC_graph:dc3|inst18     ; 0                 ; ON      ;
;      - DC_graph:dc6|inst1      ; 0                 ; ON      ;
;      - DC_graph:dc6|inst12     ; 0                 ; ON      ;
;      - DC_graph:dc6|inst13     ; 0                 ; ON      ;
;      - DC_graph:dc6|inst14     ; 0                 ; ON      ;
;      - DC_graph:dc6|inst15     ; 0                 ; ON      ;
;      - DC_graph:dc6|inst16     ; 0                 ; ON      ;
;      - DC_graph:dc6|inst17     ; 0                 ; ON      ;
;      - DC_graph:dc6|inst18     ; 0                 ; ON      ;
;      - DC_graph:dc7|inst1      ; 0                 ; ON      ;
;      - DC_graph:dc7|inst12     ; 0                 ; ON      ;
;      - DC_graph:dc7|inst13     ; 0                 ; ON      ;
;      - DC_graph:dc7|inst14     ; 0                 ; ON      ;
;      - DC_graph:dc7|inst15     ; 0                 ; ON      ;
;      - DC_graph:dc7|inst16     ; 0                 ; ON      ;
;      - DC_graph:dc7|inst17     ; 0                 ; ON      ;
;      - DC_graph:dc7|inst18     ; 0                 ; ON      ;
;      - DC_graph:dc0|inst1~11   ; 0                 ; ON      ;
;      - DC_graph:dc0|inst12~11  ; 0                 ; ON      ;
;      - DC_graph:dc0|inst13~11  ; 0                 ; ON      ;
;      - DC_graph:dc0|inst14~11  ; 0                 ; ON      ;
;      - DC_graph:dc1|inst1~11   ; 0                 ; ON      ;
;      - DC_graph:dc1|inst12     ; 0                 ; ON      ;
;      - DC_graph:dc1|inst13     ; 0                 ; ON      ;
;      - DC_graph:dc1|inst14     ; 0                 ; ON      ;
;      - DC_graph:dc1|inst16     ; 0                 ; ON      ;
;      - DC_graph:dc1|inst17     ; 0                 ; ON      ;
;      - DC_graph:dc1|inst18     ; 0                 ; ON      ;
;      - DC_graph:dc4|inst1~11   ; 0                 ; ON      ;
;      - DC_graph:dc4|inst12~11  ; 0                 ; ON      ;
;      - DC_graph:dc4|inst13~11  ; 0                 ; ON      ;
;      - DC_graph:dc4|inst14~11  ; 0                 ; ON      ;
;      - DC_graph:dc5|inst1~11   ; 0                 ; ON      ;
+--------------------------------+-------------------+---------+


+-----------------------------------+
; Non-Global High Fan-Out Signals   ;
+-------------------------+---------+
; Name                    ; Fan-Out ;
+-------------------------+---------+
; x2                      ; 64      ;
; x5                      ; 48      ;
; x1                      ; 27      ;
; x0                      ; 27      ;
; x3                      ; 21      ;
; ENB                     ; 21      ;
; x4                      ; 18      ;
; DC_graph:dcEn|inst18~88 ; 16      ;
; DC_graph:dcEn|inst17~89 ; 16      ;
; DC_graph:dc5|inst1~11   ; 8       ;
; DC_graph:dc7|inst4~587  ; 8       ;
; DC_graph:dc7|inst4~586  ; 8       ;
; DC_graph:dc7|inst4~585  ; 8       ;
; DC_graph:dc7|inst4~584  ; 8       ;
; DC_graph:dc4|inst14~11  ; 2       ;
; DC_graph:dc4|inst13~11  ; 2       ;
; DC_graph:dc4|inst12~11  ; 2       ;
; DC_graph:dc4|inst1~11   ; 2       ;
; DC_graph:dc1|inst14~11  ; 2       ;
; DC_graph:dc1|inst13~11  ; 2       ;
; DC_graph:dc1|inst12~11  ; 2       ;
; DC_graph:dc1|inst1~11   ; 2       ;
; DC_graph:dc0|inst14~11  ; 2       ;
; DC_graph:dc0|inst13~11  ; 2       ;
; DC_graph:dc0|inst12~11  ; 2       ;
; DC_graph:dc0|inst1~11   ; 2       ;
; DC_graph:dc5|inst18     ; 1       ;
; DC_graph:dc5|inst17     ; 1       ;
; DC_graph:dc5|inst16     ; 1       ;
; DC_graph:dc5|inst15     ; 1       ;
; DC_graph:dc5|inst14     ; 1       ;
; DC_graph:dc5|inst13     ; 1       ;
; DC_graph:dc5|inst12     ; 1       ;
; DC_graph:dc5|inst1      ; 1       ;
; DC_graph:dc4|inst18     ; 1       ;
; DC_graph:dc4|inst17     ; 1       ;
; DC_graph:dc4|inst16     ; 1       ;
; DC_graph:dc4|inst15     ; 1       ;
; DC_graph:dc4|inst14     ; 1       ;
; DC_graph:dc4|inst13     ; 1       ;
; DC_graph:dc4|inst12     ; 1       ;
; DC_graph:dc4|inst1      ; 1       ;
; DC_graph:dc1|inst18     ; 1       ;
; DC_graph:dc1|inst17     ; 1       ;
; DC_graph:dc1|inst16     ; 1       ;
; DC_graph:dc1|inst15     ; 1       ;
; DC_graph:dc1|inst14     ; 1       ;
; DC_graph:dc1|inst13     ; 1       ;
; DC_graph:dc1|inst12     ; 1       ;
; DC_graph:dc1|inst1      ; 1       ;
+-------------------------+---------+


+-----------------------------------------------------+
; Interconnect Usage Summary                          ;
+-----------------------------+-----------------------+
; Interconnect Resource Type  ; Usage                 ;
+-----------------------------+-----------------------+
; C16 interconnects           ; 2 / 2,286 ( < 1 % )   ;
; C4 interconnects            ; 63 / 31,320 ( < 1 % ) ;
; C8 interconnects            ; 20 / 7,272 ( < 1 % )  ;
; DIFFIOCLKs                  ; 0 / 16 ( 0 % )        ;
; DQS bus muxes               ; 0 / 56 ( 0 % )        ;
; DQS-32 I/O buses            ; 0 / 4 ( 0 % )         ;
; DQS-8 I/O buses             ; 0 / 16 ( 0 % )        ;
; Direct links                ; 6 / 44,740 ( < 1 % )  ;
; Fast regional clocks        ; 0 / 8 ( 0 % )         ;
; Global clocks               ; 0 / 16 ( 0 % )        ;
; I/O buses                   ; 1 / 208 ( < 1 % )     ;
; LUT chains                  ; 0 / 9,513 ( 0 % )     ;
; Local routing interconnects ; 2 / 10,570 ( < 1 % )  ;
; R24 interconnects           ; 2 / 2,280 ( < 1 % )   ;
; R4 interconnects            ; 34 / 62,520 ( < 1 % ) ;
; R8 interconnects            ; 23 / 10,410 ( < 1 % ) ;
; Regional clocks             ; 0 / 16 ( 0 % )        ;
+-----------------------------+-----------------------+


+--------------------------------------------------------------------------+
; LAB Logic Elements                                                       ;
+--------------------------------------------+-----------------------------+
; Number of Logic Elements  (Average = 9.22) ; Number of LABs  (Total = 9) ;
+--------------------------------------------+-----------------------------+
; 1                                          ; 0                           ;
; 2                                          ; 0                           ;
; 3                                          ; 1                           ;
; 4                                          ; 0                           ;
; 5                                          ; 0                           ;
; 6                                          ; 0                           ;
; 7                                          ; 0                           ;
; 8                                          ; 0                           ;
; 9                                          ; 0                           ;
; 10                                         ; 8                           ;
+--------------------------------------------+-----------------------------+


+---------------------------------------------------------------------------+
; LAB Signals Sourced                                                       ;
+---------------------------------------------+-----------------------------+
; Number of Signals Sourced  (Average = 9.22) ; Number of LABs  (Total = 9) ;
+---------------------------------------------+-----------------------------+
; 0                                           ; 0                           ;
; 1                                           ; 0                           ;
; 2                                           ; 0                           ;
; 3                                           ; 1                           ;
; 4                                           ; 0                           ;
; 5                                           ; 0                           ;
; 6                                           ; 0                           ;
; 7                                           ; 0                           ;
; 8                                           ; 0                           ;
; 9                                           ; 0                           ;
; 10                                          ; 8                           ;
+---------------------------------------------+-----------------------------+


+-------------------------------------------------------------------------------+
; LAB Signals Sourced Out                                                       ;
+-------------------------------------------------+-----------------------------+
; Number of Signals Sourced Out  (Average = 8.78) ; Number of LABs  (Total = 9) ;
+-------------------------------------------------+-----------------------------+
; 0                                               ; 0                           ;
; 1                                               ; 0                           ;
; 2                                               ; 0                           ;
; 3                                               ; 1                           ;
; 4                                               ; 0                           ;
; 5                                               ; 0                           ;
; 6                                               ; 0                           ;
; 7                                               ; 1                           ;
; 8                                               ; 0                           ;
; 9                                               ; 1                           ;
; 10                                              ; 6                           ;
+-------------------------------------------------+-----------------------------+


+---------------------------------------------------------------------------+
; LAB Distinct Inputs                                                       ;
+---------------------------------------------+-----------------------------+
; Number of Distinct Inputs  (Average = 6.67) ; Number of LABs  (Total = 9) ;
+---------------------------------------------+-----------------------------+
; 0                                           ; 0                           ;
; 1                                           ; 0                           ;
; 2                                           ; 0                           ;
; 3                                           ; 0                           ;
; 4                                           ; 0                           ;
; 5                                           ; 0                           ;
; 6                                           ; 4                           ;
; 7                                           ; 4                           ;
; 8                                           ; 1                           ;
+---------------------------------------------+-----------------------------+


+-----------------+
; Fitter Messages ;
+-----------------+
Info: *******************************************************************
Info: Running Quartus II Fitter
    Info: Version 5.0 Build 148 04/26/2005 SJ Full Version
    Info: Processing started: Thu Nov 01 18:44:53 2018
Info: Command: quartus_fit --read_settings_files=off --write_settings_files=off DC_str -c DC_str
Info: Auto device selection -- successful I/O standard check for EP1S10F484C5
Info: Auto device selection -- successful PCI I/O clamp diode check for EP1S10F484C5
Info: Automatically selected device EP1S10F484C5 for design DC_str
Info: Fitter is performing an Auto Fit compilation, which may decrease Fitter effort to reduce compilation time
Info: Device migration not selected. If you intend to use device migration later, you may need to change the pin assignments as they may be incompatible with other devices. 
    Info: Device EP1S20F484C5 is compatible
Info: No exact pin location assignment(s) for 71 pins of 71 total pins
    Info: Pin q0 not assigned to an exact location on the device
    Info: Pin q1 not assigned to an exact location on the device
    Info: Pin q2 not assigned to an exact location on the device
    Info: Pin q3 not assigned to an exact location on the device
    Info: Pin q4 not assigned to an exact location on the device
    Info: Pin q5 not assigned to an exact location on the device
    Info: Pin q6 not assigned to an exact location on the device
    Info: Pin q7 not assigned to an exact location on the device
    Info: Pin q8 not assigned to an exact location on the device
    Info: Pin q9 not assigned to an exact location on the device
    Info: Pin q10 not assigned to an exact location on the device
    Info: Pin q11 not assigned to an exact location on the device
    Info: Pin q12 not assigned to an exact location on the device
    Info: Pin q13 not assigned to an exact location on the device
    Info: Pin q14 not assigned to an exact location on the device
    Info: Pin q15 not assigned to an exact location on the device
    Info: Pin q16 not assigned to an exact location on the device
    Info: Pin q17 not assigned to an exact location on the device
    Info: Pin q18 not assigned to an exact location on the device
    Info: Pin q19 not assigned to an exact location on the device
    Info: Pin q20 not assigned to an exact location on the device
    Info: Pin q21 not assigned to an exact location on the device
    Info: Pin q22 not assigned to an exact location on the device
    Info: Pin q23 not assigned to an exact location on the device
    Info: Pin q24 not assigned to an exact location on the device
    Info: Pin q25 not assigned to an exact location on the device
    Info: Pin q26 not assigned to an exact location on the device
    Info: Pin q27 not assigned to an exact location on the device
    Info: Pin q28 not assigned to an exact location on the device
    Info: Pin q29 not assigned to an exact location on the device
    Info: Pin q30 not assigned to an exact location on the device
    Info: Pin q31 not assigned to an exact location on the device
    Info: Pin q32 not assigned to an exact location on the device
    Info: Pin q33 not assigned to an exact location on the device
    Info: Pin q34 not assigned to an exact location on the device
    Info: Pin q35 not assigned to an exact location on the device
    Info: Pin q36 not assigned to an exact location on the device
    Info: Pin q37 not assigned to an exact location on the device
    Info: Pin q38 not assigned to an exact location on the device
    Info: Pin q39 not assigned to an exact location on the device
    Info: Pin q40 not assigned to an exact location on the device
    Info: Pin q41 not assigned to an exact location on the device
    Info: Pin q42 not assigned to an exact location on the device
    Info: Pin q43 not assigned to an exact location on the device
    Info: Pin q44 not assigned to an exact location on the device
    Info: Pin q45 not assigned to an exact location on the device
    Info: Pin q46 not assigned to an exact location on the device
    Info: Pin q47 not assigned to an exact location on the device
    Info: Pin q48 not assigned to an exact location on the device
    Info: Pin q49 not assigned to an exact location on the device
    Info: Pin q50 not assigned to an exact location on the device
    Info: Pin q51 not assigned to an exact location on the device
    Info: Pin q52 not assigned to an exact location on the device
    Info: Pin q53 not assigned to an exact location on the device
    Info: Pin q54 not assigned to an exact location on the device
    Info: Pin q55 not assigned to an exact location on the device
    Info: Pin q56 not assigned to an exact location on the device
    Info: Pin q57 not assigned to an exact location on the device
    Info: Pin q58 not assigned to an exact location on the device
    Info: Pin q59 not assigned to an exact location on the device
    Info: Pin q60 not assigned to an exact location on the device
    Info: Pin q61 not assigned to an exact location on the device
    Info: Pin q62 not assigned to an exact location on the device
    Info: Pin q63 not assigned to an exact location on the device
    Info: Pin x2 not assigned to an exact location on the device
    Info: Pin x0 not assigned to an exact location on the device
    Info: Pin x1 not assigned to an exact location on the device
    Info: Pin ENB not assigned to an exact location on the device
    Info: Pin x3 not assigned to an exact location on the device
    Info: Pin x4 not assigned to an exact location on the device
    Info: Pin x5 not assigned to an exact location on the device
Info: Timing requirements not specified -- optimizing circuit to achieve the following default global requirements
    Info: Assuming a global fmax requirement of 1 MHz
    Info: Not setting a global tsu requirement
    Info: Not setting a global tco requirement
    Info: Not setting a global tpd requirement
Info: Performing register packing on registers with non-logic cell location assignments
Info: Completed register packing on registers with non-logic cell location assignments
Info: Completed User Assigned Global Signals Promotion Operation
Info: Completed Auto Global Promotion Operation
Info: Starting register packing
Info: Started Fast Input/Output/OE register processing
Info: Finished Fast Input/Output/OE register processing
Info: Start inferring scan chains for DSP blocks
Info: Inferring scan chains for DSP blocks is complete
Info: Fitter is using Normal packing mode for logic elements with Auto setting for Auto Packed Registers logic option
Info: Moving registers into I/O cells, LUTs, RAM blocks, and DSP blocks to improve timing and density
Info: Finished moving registers into LUTs, I/O cells, DSP blocks, and RAM blocks
Info: Finished register packing
Info: Statistics of I/O pins that need to be placed that use the same VCCIO and VREF, before I/O pin placement
    Info: Number of I/O pins in group: 71 (unused VREF, 3.30 VCCIO, 7 input, 64 output, 0 bidirectional)
        Info: I/O standards used: LVTTL.
Info: I/O bank details before I/O pin placement
    Info: Statistics of I/O banks
        Info: I/O bank number 1 does not use VREF pins and has unused VCCIO pins. 0 total pin(s) used --  29 pins available
        Info: I/O bank number 2 does not use VREF pins and has unused VCCIO pins. 0 total pin(s) used --  30 pins available
        Info: I/O bank number 3 does not use VREF pins and has unused VCCIO pins. 0 total pin(s) used --  51 pins available
        Info: I/O bank number 4 does not use VREF pins and has unused VCCIO pins. 1 total pin(s) used --  51 pins available
        Info: I/O bank number 5 does not use VREF pins and has unused VCCIO pins. 0 total pin(s) used --  29 pins available
        Info: I/O bank number 6 does not use VREF pins and has unused VCCIO pins. 0 total pin(s) used --  29 pins available
        Info: I/O bank number 7 does not use VREF pins and has unused VCCIO pins. 0 total pin(s) used --  52 pins available
        Info: I/O bank number 8 does not use VREF pins and has unused VCCIO pins. 0 total pin(s) used --  51 pins available
        Info: I/O bank number 9 does not use VREF pins and has unused VCCIO pins. 0 total pin(s) used --  6 pins available
        Info: I/O bank number 10 does not use VREF pins and has unused VCCIO pins. 0 total pin(s) used --  0 pins available
        Info: I/O bank number 11 does not use VREF pins and has unused VCCIO pins. 0 total pin(s) used --  6 pins available
        Info: I/O bank number 12 does not use VREF pins and has unused VCCIO pins. 0 total pin(s) used --  0 pins available
Info: Fitter placement preparation operations beginning
Info: Fitter placement preparation operations ending: elapsed time is 00:00:00
Info: Fitter placement operations beginning
Info: Fitter placement was successful
Info: Fitter placement operations ending: elapsed time is 00:00:00
Info: Fitter routing operations beginning
Info: Average interconnect usage is 0% of the available device resources. Peak interconnect usage is 1%.
Info: Fitter routing operations ending: elapsed time is 00:00:00
Info: Fitter performed an Auto Fit compilation. Optimizations were skipped to reduce compilation time.
Info: Completed Fixed Delay Chain Operation
Info: Started post-fitting delay annotation
Info: Delay annotation completed successfully
Info: Completed Auto Delay Chain Operation
Info: Quartus II Fitter was successful. 0 errors, 0 warnings
    Info: Processing ended: Thu Nov 01 18:44:55 2018
    Info: Elapsed time: 00:00:02


