Fitter report for cip64_6l
Mon Nov 09 21:41:53 2020
Version 5.0 Build 148 04/26/2005 SJ Full Version


---------------------
; Table of Contents ;
---------------------
  1. Legal Notice
  2. Fitter Summary
  3. Fitter Settings
  4. Fitter Device Options
  5. Fitter Equations
  6. Pin-Out File
  7. Fitter Resource Usage Summary
  8. Input Pins
  9. Output Pins
 10. I/O Bank Usage
 11. All Package Pins
 12. Output Pin Default Load For Reported TCO
 13. Fitter Resource Utilization by Entity
 14. Delay Chain Summary
 15. Pad To Core Delay Chain Fanout
 16. Non-Global High Fan-Out Signals
 17. Interconnect Usage Summary
 18. LAB Logic Elements
 19. LAB Signals Sourced
 20. LAB Signals Sourced Out
 21. LAB Distinct Inputs
 22. Fitter Messages



----------------
; Legal Notice ;
----------------
Copyright (C) 1991-2005 Altera Corporation
Your use of Altera Corporation's design tools, logic functions 
and other software and tools, and its AMPP partner logic       
functions, and any output files any of the foregoing           
(including device programming or simulation files), and any    
associated documentation or information are expressly subject  
to the terms and conditions of the Altera Program License      
Subscription Agreement, Altera MegaCore Function License       
Agreement, or other applicable license agreement, including,   
without limitation, that your use is for the sole purpose of   
programming logic devices manufactured by Altera and sold by   
Altera or its authorized distributors.  Please refer to the    
applicable agreement for further details.



+---------------------------------------------------------------------+
; Fitter Summary                                                      ;
+--------------------------+------------------------------------------+
; Fitter Status            ; Successful - Mon Nov 09 21:41:53 2020    ;
; Quartus II Version       ; 5.0 Build 148 04/26/2005 SJ Full Version ;
; Revision Name            ; cip64_6l                                 ;
; Top-level Entity Name    ; cip64_6l                                 ;
; Family                   ; Stratix                                  ;
; Device                   ; EP1S10F484C5                             ;
; Timing Models            ; Final                                    ;
; Total logic elements     ; 84 / 10,570 ( < 1 % )                    ;
; Total pins               ; 73 / 336 ( 21 % )                        ;
; Total virtual pins       ; 0                                        ;
; Total memory bits        ; 0 / 920,448 ( 0 % )                      ;
; DSP block 9-bit elements ; 0 / 48 ( 0 % )                           ;
; Total PLLs               ; 0 / 6 ( 0 % )                            ;
; Total DLLs               ; 0 / 2 ( 0 % )                            ;
+--------------------------+------------------------------------------+


+----------------------------------------------------------------------------------------------------------------------+
; Fitter Settings                                                                                                      ;
+----------------------------------------------------+--------------------------------+--------------------------------+
; Option                                             ; Setting                        ; Default Value                  ;
+----------------------------------------------------+--------------------------------+--------------------------------+
; Device                                             ; AUTO                           ;                                ;
; Use smart compilation                              ; Off                            ; Off                            ;
; Placement Effort Multiplier                        ; 1.0                            ; 1.0                            ;
; Router Effort Multiplier                           ; 1.0                            ; 1.0                            ;
; Optimize Hold Timing                               ; IO Paths and Minimum TPD Paths ; IO Paths and Minimum TPD Paths ;
; Optimize Fast-Corner Timing                        ; Off                            ; Off                            ;
; Optimize Timing                                    ; Normal compilation             ; Normal compilation             ;
; Optimize IOC Register Placement for Timing         ; On                             ; On                             ;
; Limit to One Fitting Attempt                       ; Off                            ; Off                            ;
; Final Placement Optimizations                      ; Automatically                  ; Automatically                  ;
; Fitter Initial Placement Seed                      ; 1                              ; 1                              ;
; Slow Slew Rate                                     ; Off                            ; Off                            ;
; PCI I/O                                            ; Off                            ; Off                            ;
; Weak Pull-Up Resistor                              ; Off                            ; Off                            ;
; Enable Bus-Hold Circuitry                          ; Off                            ; Off                            ;
; Auto Global Memory Control Signals                 ; Off                            ; Off                            ;
; Auto Packed Registers -- Stratix/Stratix GX        ; Auto                           ; Auto                           ;
; Auto Delay Chains                                  ; On                             ; On                             ;
; Auto Merge PLLs                                    ; On                             ; On                             ;
; Perform Physical Synthesis for Combinational Logic ; Off                            ; Off                            ;
; Perform Register Duplication                       ; Off                            ; Off                            ;
; Perform Register Retiming                          ; Off                            ; Off                            ;
; Fitter Effort                                      ; Auto Fit                       ; Auto Fit                       ;
; Physical Synthesis Effort Level                    ; Normal                         ; Normal                         ;
; Logic Cell Insertion - Logic Duplication           ; Auto                           ; Auto                           ;
; Auto Register Duplication                          ; Off                            ; Off                            ;
; Auto Global Clock                                  ; On                             ; On                             ;
; Auto Global Register Control Signals               ; On                             ; On                             ;
+----------------------------------------------------+--------------------------------+--------------------------------+


+-------------------------------------------------------------------------+
; Fitter Device Options                                                   ;
+----------------------------------------------+--------------------------+
; Option                                       ; Setting                  ;
+----------------------------------------------+--------------------------+
; Enable user-supplied start-up clock (CLKUSR) ; Off                      ;
; Enable device-wide reset (DEV_CLRn)          ; Off                      ;
; Enable device-wide output enable (DEV_OE)    ; Off                      ;
; Enable INIT_DONE output                      ; Off                      ;
; Configuration scheme                         ; Passive Serial           ;
; Error detection CRC                          ; Off                      ;
; Reserve Data[0] pin after configuration      ; As input tri-stated      ;
; Reserve all unused pins                      ; As output driving ground ;
; Base pin-out file on sameframe device        ; Off                      ;
+----------------------------------------------+--------------------------+


+------------------+
; Fitter Equations ;
+------------------+
The equations can be found in C:/altera/quartus50/billcipher/cip64_6l.fit.eqn.


+--------------+
; Pin-Out File ;
+--------------+
The pin-out file can be found in C:/altera/quartus50/billcipher/cip64_6l.pin.


+---------------------------------------------------------------------+
; Fitter Resource Usage Summary                                       ;
+---------------------------------------------+-----------------------+
; Resource                                    ; Usage                 ;
+---------------------------------------------+-----------------------+
; Total logic elements                        ; 84 / 10,570 ( < 1 % ) ;
;     -- Combinational with no register       ; 84                    ;
;     -- Register only                        ; 0                     ;
;     -- Combinational with a register        ; 0                     ;
;                                             ;                       ;
; Logic element usage by number of LUT inputs ;                       ;
;     -- 4 input functions                    ; 67                    ;
;     -- 3 input functions                    ; 3                     ;
;     -- 2 input functions                    ; 14                    ;
;     -- 1 input functions                    ; 0                     ;
;     -- 0 input functions                    ; 0                     ;
;                                             ;                       ;
; Logic elements by mode                      ;                       ;
;     -- normal mode                          ; 84                    ;
;     -- arithmetic mode                      ; 0                     ;
;     -- qfbk mode                            ; 0                     ;
;     -- register cascade mode                ; 0                     ;
;     -- synchronous clear/load mode          ; 0                     ;
;     -- asynchronous clear/load mode         ; 0                     ;
;                                             ;                       ;
; Total LABs                                  ; 13 / 1,057 ( 1 % )    ;
; Logic elements in carry chains              ; 0                     ;
; User inserted logic elements                ; 0                     ;
; Virtual pins                                ; 0                     ;
; I/O pins                                    ; 73 / 336 ( 21 % )     ;
;     -- Clock pins                           ; 1 / 16 ( 6 % )        ;
; Global signals                              ; 0                     ;
; M512s                                       ; 0 / 94 ( 0 % )        ;
; M4Ks                                        ; 0 / 60 ( 0 % )        ;
; M-RAMs                                      ; 0 / 1 ( 0 % )         ;
; Total memory bits                           ; 0 / 920,448 ( 0 % )   ;
; Total RAM block bits                        ; 0 / 920,448 ( 0 % )   ;
; DSP block 9-bit elements                    ; 0 / 48 ( 0 % )        ;
; Global clocks                               ; 0 / 16 ( 0 % )        ;
; Regional clocks                             ; 0 / 16 ( 0 % )        ;
; Fast regional clocks                        ; 0 / 8 ( 0 % )         ;
; SERDES transmitters                         ; 0 / 44 ( 0 % )        ;
; SERDES receivers                            ; 0 / 44 ( 0 % )        ;
; Maximum fan-out node                        ; ei                    ;
; Maximum fan-out                             ; 13                    ;
; Total fan-out                               ; 313                   ;
; Average fan-out                             ; 1.98                  ;
+---------------------------------------------+-----------------------+


+-------------------------------------------------------------------------------------------------------------------------------------------------------------------------------------------------------------------------------------------------------------+
; Input Pins                                                                                                                                                                                                                                                  ;
+-------+-------+----------+--------------+--------------+-------------+-----------------------+--------------------+--------+----------------+---------------+-----------------+----------+--------------+--------------+-------------+----------------------+
; Name  ; Pin # ; I/O Bank ; X coordinate ; Y coordinate ; Cell number ; Combinational Fan-Out ; Registered Fan-Out ; Global ; Input Register ; Power Up High ; PCI I/O Enabled ; Bus Hold ; Weak Pull Up ; I/O Standard ; Termination ; Location assigned by ;
+-------+-------+----------+--------------+--------------+-------------+-----------------------+--------------------+--------+----------------+---------------+-----------------+----------+--------------+--------------+-------------+----------------------+
; ei    ; M7    ; 7        ; 41           ; 0            ; 4           ; 13                    ; 0                  ; no     ; no             ; no            ; no              ; no       ; Off          ; LVTTL        ; Off         ; Fitter               ;
; r[0]  ; P2    ; 6        ; 53           ; 10           ; 0           ; 1                     ; 0                  ; no     ; no             ; no            ; no              ; no       ; Off          ; LVTTL        ; Off         ; Fitter               ;
; r[10] ; P6    ; 6        ; 53           ; 5            ; 1           ; 2                     ; 0                  ; no     ; no             ; no            ; no              ; no       ; Off          ; LVTTL        ; Off         ; Fitter               ;
; r[11] ; V2    ; 6        ; 53           ; 5            ; 3           ; 2                     ; 0                  ; no     ; no             ; no            ; no              ; no       ; Off          ; LVTTL        ; Off         ; Fitter               ;
; r[12] ; N3    ; 6        ; 53           ; 11           ; 1           ; 3                     ; 0                  ; no     ; no             ; no            ; no              ; no       ; Off          ; LVTTL        ; Off         ; Fitter               ;
; r[13] ; U2    ; 6        ; 53           ; 8            ; 2           ; 3                     ; 0                  ; no     ; no             ; no            ; no              ; no       ; Off          ; LVTTL        ; Off         ; Fitter               ;
; r[14] ; V1    ; 6        ; 53           ; 5            ; 2           ; 3                     ; 0                  ; no     ; no             ; no            ; no              ; no       ; Off          ; LVTTL        ; Off         ; Fitter               ;
; r[15] ; N2    ; 6        ; 53           ; 11           ; 0           ; 3                     ; 0                  ; no     ; no             ; no            ; no              ; no       ; Off          ; LVTTL        ; Off         ; Fitter               ;
; r[16] ; AB4   ; 7        ; 50           ; 0            ; 2           ; 1                     ; 0                  ; no     ; no             ; no            ; no              ; no       ; Off          ; LVTTL        ; Off         ; Fitter               ;
; r[17] ; N7    ; 7        ; 50           ; 0            ; 1           ; 2                     ; 0                  ; no     ; no             ; no            ; no              ; no       ; Off          ; LVTTL        ; Off         ; Fitter               ;
; r[18] ; Y3    ; 7        ; 52           ; 0            ; 5           ; 2                     ; 0                  ; no     ; no             ; no            ; no              ; no       ; Off          ; LVTTL        ; Off         ; Fitter               ;
; r[19] ; AA2   ; 7        ; 52           ; 0            ; 0           ; 2                     ; 0                  ; no     ; no             ; no            ; no              ; no       ; Off          ; LVTTL        ; Off         ; Fitter               ;
; r[1]  ; T2    ; 6        ; 53           ; 9            ; 3           ; 2                     ; 0                  ; no     ; no             ; no            ; no              ; no       ; Off          ; LVTTL        ; Off         ; Fitter               ;
; r[20] ; AA3   ; 7        ; 52           ; 0            ; 1           ; 3                     ; 0                  ; no     ; no             ; no            ; no              ; no       ; Off          ; LVTTL        ; Off         ; Fitter               ;
; r[21] ; W3    ; 7        ; 52           ; 0            ; 3           ; 3                     ; 0                  ; no     ; no             ; no            ; no              ; no       ; Off          ; LVTTL        ; Off         ; Fitter               ;
; r[22] ; Y5    ; 7        ; 48           ; 0            ; 5           ; 3                     ; 0                  ; no     ; no             ; no            ; no              ; no       ; Off          ; LVTTL        ; Off         ; Fitter               ;
; r[23] ; T7    ; 7        ; 52           ; 0            ; 4           ; 3                     ; 0                  ; no     ; no             ; no            ; no              ; no       ; Off          ; LVTTL        ; Off         ; Fitter               ;
; r[24] ; W4    ; 7        ; 52           ; 0            ; 2           ; 3                     ; 0                  ; no     ; no             ; no            ; no              ; no       ; Off          ; LVTTL        ; Off         ; Fitter               ;
; r[25] ; W1    ; 6        ; 53           ; 2            ; 3           ; 3                     ; 0                  ; no     ; no             ; no            ; no              ; no       ; Off          ; LVTTL        ; Off         ; Fitter               ;
; r[26] ; W2    ; 6        ; 53           ; 2            ; 2           ; 2                     ; 0                  ; no     ; no             ; no            ; no              ; no       ; Off          ; LVTTL        ; Off         ; Fitter               ;
; r[27] ; U5    ; 6        ; 53           ; 3            ; 1           ; 2                     ; 0                  ; no     ; no             ; no            ; no              ; no       ; Off          ; LVTTL        ; Off         ; Fitter               ;
; r[28] ; V4    ; 6        ; 53           ; 1            ; 1           ; 3                     ; 0                  ; no     ; no             ; no            ; no              ; no       ; Off          ; LVTTL        ; Off         ; Fitter               ;
; r[29] ; T3    ; 6        ; 53           ; 4            ; 0           ; 3                     ; 0                  ; no     ; no             ; no            ; no              ; no       ; Off          ; LVTTL        ; Off         ; Fitter               ;
; r[2]  ; R2    ; 6        ; 53           ; 10           ; 3           ; 3                     ; 0                  ; no     ; no             ; no            ; no              ; no       ; Off          ; LVTTL        ; Off         ; Fitter               ;
; r[30] ; T4    ; 6        ; 53           ; 4            ; 1           ; 3                     ; 0                  ; no     ; no             ; no            ; no              ; no       ; Off          ; LVTTL        ; Off         ; Fitter               ;
; r[31] ; T5    ; 6        ; 53           ; 2            ; 1           ; 3                     ; 0                  ; no     ; no             ; no            ; no              ; no       ; Off          ; LVTTL        ; Off         ; Fitter               ;
; r[32] ; AA6   ; 7        ; 46           ; 0            ; 4           ; 1                     ; 0                  ; no     ; no             ; no            ; no              ; no       ; Off          ; LVTTL        ; Off         ; Fitter               ;
; r[33] ; Y7    ; 7        ; 46           ; 0            ; 5           ; 2                     ; 0                  ; no     ; no             ; no            ; no              ; no       ; Off          ; LVTTL        ; Off         ; Fitter               ;
; r[34] ; V5    ; 7        ; 46           ; 0            ; 2           ; 2                     ; 0                  ; no     ; no             ; no            ; no              ; no       ; Off          ; LVTTL        ; Off         ; Fitter               ;
; r[35] ; W7    ; 7        ; 44           ; 0            ; 1           ; 2                     ; 0                  ; no     ; no             ; no            ; no              ; no       ; Off          ; LVTTL        ; Off         ; Fitter               ;
; r[36] ; Y6    ; 7        ; 46           ; 0            ; 0           ; 3                     ; 0                  ; no     ; no             ; no            ; no              ; no       ; Off          ; LVTTL        ; Off         ; Fitter               ;
; r[37] ; AB7   ; 7        ; 44           ; 0            ; 5           ; 3                     ; 0                  ; no     ; no             ; no            ; no              ; no       ; Off          ; LVTTL        ; Off         ; Fitter               ;
; r[38] ; U7    ; 7        ; 46           ; 0            ; 1           ; 3                     ; 0                  ; no     ; no             ; no            ; no              ; no       ; Off          ; LVTTL        ; Off         ; Fitter               ;
; r[39] ; U6    ; 7        ; 44           ; 0            ; 0           ; 3                     ; 0                  ; no     ; no             ; no            ; no              ; no       ; Off          ; LVTTL        ; Off         ; Fitter               ;
; r[3]  ; T1    ; 6        ; 53           ; 9            ; 2           ; 3                     ; 0                  ; no     ; no             ; no            ; no              ; no       ; Off          ; LVTTL        ; Off         ; Fitter               ;
; r[40] ; AA5   ; 7        ; 48           ; 0            ; 4           ; 3                     ; 0                  ; no     ; no             ; no            ; no              ; no       ; Off          ; LVTTL        ; Off         ; Fitter               ;
; r[41] ; V7    ; 7        ; 46           ; 0            ; 3           ; 3                     ; 0                  ; no     ; no             ; no            ; no              ; no       ; Off          ; LVTTL        ; Off         ; Fitter               ;
; r[42] ; V6    ; 7        ; 44           ; 0            ; 2           ; 2                     ; 0                  ; no     ; no             ; no            ; no              ; no       ; Off          ; LVTTL        ; Off         ; Fitter               ;
; r[43] ; AA7   ; 7        ; 44           ; 0            ; 4           ; 2                     ; 0                  ; no     ; no             ; no            ; no              ; no       ; Off          ; LVTTL        ; Off         ; Fitter               ;
; r[44] ; AB5   ; 7        ; 48           ; 0            ; 3           ; 3                     ; 0                  ; no     ; no             ; no            ; no              ; no       ; Off          ; LVTTL        ; Off         ; Fitter               ;
; r[45] ; AB6   ; 7        ; 48           ; 0            ; 0           ; 3                     ; 0                  ; no     ; no             ; no            ; no              ; no       ; Off          ; LVTTL        ; Off         ; Fitter               ;
; r[46] ; W5    ; 7        ; 48           ; 0            ; 2           ; 3                     ; 0                  ; no     ; no             ; no            ; no              ; no       ; Off          ; LVTTL        ; Off         ; Fitter               ;
; r[47] ; W6    ; 7        ; 48           ; 0            ; 1           ; 3                     ; 0                  ; no     ; no             ; no            ; no              ; no       ; Off          ; LVTTL        ; Off         ; Fitter               ;
; r[48] ; T10   ; 7        ; 33           ; 0            ; 0           ; 1                     ; 0                  ; no     ; no             ; no            ; no              ; no       ; Off          ; LVTTL        ; Off         ; Fitter               ;
; r[49] ; T9    ; 7        ; 33           ; 0            ; 5           ; 2                     ; 0                  ; no     ; no             ; no            ; no              ; no       ; Off          ; LVTTL        ; Off         ; Fitter               ;
; r[4]  ; P3    ; 6        ; 53           ; 10           ; 1           ; 3                     ; 0                  ; no     ; no             ; no            ; no              ; no       ; Off          ; LVTTL        ; Off         ; Fitter               ;
; r[50] ; N10   ; 7        ; 31           ; 0            ; 3           ; 3                     ; 0                  ; no     ; no             ; no            ; no              ; no       ; Off          ; LVTTL        ; Off         ; Fitter               ;
; r[51] ; AA11  ; 7        ; 29           ; 0            ; 1           ; 3                     ; 0                  ; no     ; no             ; no            ; no              ; no       ; Off          ; LVTTL        ; Off         ; Fitter               ;
; r[52] ; M8    ; 7        ; 33           ; 0            ; 2           ; 3                     ; 0                  ; no     ; no             ; no            ; no              ; no       ; Off          ; LVTTL        ; Off         ; Fitter               ;
; r[53] ; P10   ; 7        ; 33           ; 0            ; 1           ; 3                     ; 0                  ; no     ; no             ; no            ; no              ; no       ; Off          ; LVTTL        ; Off         ; Fitter               ;
; r[54] ; N8    ; 7        ; 33           ; 0            ; 4           ; 3                     ; 0                  ; no     ; no             ; no            ; no              ; no       ; Off          ; LVTTL        ; Off         ; Fitter               ;
; r[55] ; P9    ; 7        ; 33           ; 0            ; 3           ; 3                     ; 0                  ; no     ; no             ; no            ; no              ; no       ; Off          ; LVTTL        ; Off         ; Fitter               ;
; r[56] ; Y9    ; 7        ; 36           ; 0            ; 0           ; 2                     ; 0                  ; no     ; no             ; no            ; no              ; no       ; Off          ; LVTTL        ; Off         ; Fitter               ;
; r[57] ; AA8   ; 7        ; 36           ; 0            ; 1           ; 2                     ; 0                  ; no     ; no             ; no            ; no              ; no       ; Off          ; LVTTL        ; Off         ; Fitter               ;
; r[58] ; P8    ; 7        ; 36           ; 0            ; 2           ; 3                     ; 0                  ; no     ; no             ; no            ; no              ; no       ; Off          ; LVTTL        ; Off         ; Fitter               ;
; r[59] ; R8    ; 7        ; 31           ; 0            ; 0           ; 3                     ; 0                  ; no     ; no             ; no            ; no              ; no       ; Off          ; LVTTL        ; Off         ; Fitter               ;
; r[5]  ; U1    ; 6        ; 53           ; 8            ; 3           ; 3                     ; 0                  ; no     ; no             ; no            ; no              ; no       ; Off          ; LVTTL        ; Off         ; Fitter               ;
; r[60] ; V9    ; 7        ; 36           ; 0            ; 4           ; 3                     ; 0                  ; no     ; no             ; no            ; no              ; no       ; Off          ; LVTTL        ; Off         ; Fitter               ;
; r[61] ; V8    ; 7        ; 41           ; 0            ; 3           ; 3                     ; 0                  ; no     ; no             ; no            ; no              ; no       ; Off          ; LVTTL        ; Off         ; Fitter               ;
; r[62] ; Y8    ; 7        ; 36           ; 0            ; 3           ; 3                     ; 0                  ; no     ; no             ; no            ; no              ; no       ; Off          ; LVTTL        ; Off         ; Fitter               ;
; r[63] ; U9    ; 7        ; 36           ; 0            ; 5           ; 3                     ; 0                  ; no     ; no             ; no            ; no              ; no       ; Off          ; LVTTL        ; Off         ; Fitter               ;
; r[6]  ; N6    ; 6        ; 53           ; 8            ; 1           ; 3                     ; 0                  ; no     ; no             ; no            ; no              ; no       ; Off          ; LVTTL        ; Off         ; Fitter               ;
; r[7]  ; M6    ; 6        ; 53           ; 9            ; 1           ; 3                     ; 0                  ; no     ; no             ; no            ; no              ; no       ; Off          ; LVTTL        ; Off         ; Fitter               ;
; r[8]  ; R3    ; 6        ; 53           ; 7            ; 1           ; 3                     ; 0                  ; no     ; no             ; no            ; no              ; no       ; Off          ; LVTTL        ; Off         ; Fitter               ;
; r[9]  ; R4    ; 6        ; 53           ; 7            ; 0           ; 3                     ; 0                  ; no     ; no             ; no            ; no              ; no       ; Off          ; LVTTL        ; Off         ; Fitter               ;
+-------+-------+----------+--------------+--------------+-------------+-----------------------+--------------------+--------+----------------+---------------+-----------------+----------+--------------+--------------+-------------+----------------------+


+---------------------------------------------------------------------------------------------------------------------------------------------------------------------------------------------------------------------------------------------------------------------------------------------------------------+
; Output Pins                                                                                                                                                                                                                                                                                                   ;
+------+-------+----------+--------------+--------------+-------------+-----------------+------------------------+---------------+----------------+-----------------+------------+---------------+----------+--------------+--------------+------------------+-------------+----------------------+-------------+
; Name ; Pin # ; I/O Bank ; X coordinate ; Y coordinate ; Cell number ; Output Register ; Output Enable Register ; Power Up High ; Slow Slew Rate ; PCI I/O Enabled ; Open Drain ; TRI Primitive ; Bus Hold ; Weak Pull Up ; I/O Standard ; Current Strength ; Termination ; Location assigned by ; Load        ;
+------+-------+----------+--------------+--------------+-------------+-----------------+------------------------+---------------+----------------+-----------------+------------+---------------+----------+--------------+--------------+------------------+-------------+----------------------+-------------+
; a[0] ; V3    ; 6        ; 53           ; 1            ; 0           ; no              ; no                     ; no            ; no             ; no              ; no         ; no            ; no       ; Off          ; LVTTL        ; 24mA             ; Off         ; Fitter               ; Unspecified ;
; a[1] ; P4    ; 6        ; 53           ; 6            ; 1           ; no              ; no                     ; no            ; no             ; no              ; no         ; no            ; no       ; Off          ; LVTTL        ; 24mA             ; Off         ; Fitter               ; Unspecified ;
; a[2] ; Y4    ; 7        ; 50           ; 0            ; 4           ; no              ; no                     ; no            ; no             ; no              ; no         ; no            ; no       ; Off          ; LVTTL        ; 24mA             ; Off         ; Fitter               ; Unspecified ;
; a[3] ; R1    ; 6        ; 53           ; 10           ; 2           ; no              ; no                     ; no            ; no             ; no              ; no         ; no            ; no       ; Off          ; LVTTL        ; 24mA             ; Off         ; Fitter               ; Unspecified ;
; a[4] ; AA4   ; 7        ; 50           ; 0            ; 3           ; no              ; no                     ; no            ; no             ; no              ; no         ; no            ; no       ; Off          ; LVTTL        ; 24mA             ; Off         ; Fitter               ; Unspecified ;
; a[5] ; AB8   ; 7        ; 44           ; 0            ; 3           ; no              ; no                     ; no            ; no             ; no              ; no         ; no            ; no       ; Off          ; LVTTL        ; 24mA             ; Off         ; Fitter               ; Unspecified ;
; eo   ; Y2    ; 7        ; 50           ; 0            ; 5           ; no              ; no                     ; no            ; no             ; no              ; no         ; no            ; no       ; Off          ; LVTTL        ; 24mA             ; Off         ; Fitter               ; Unspecified ;
; g    ; P7    ; 7        ; 50           ; 0            ; 0           ; no              ; no                     ; no            ; no             ; no              ; no         ; no            ; no       ; Off          ; LVTTL        ; 24mA             ; Off         ; Fitter               ; Unspecified ;
+------+-------+----------+--------------+--------------+-------------+-----------------+------------------------+---------------+----------------+-----------------+------------+---------------+----------+--------------+--------------+------------------+-------------+----------------------+-------------+


+------------------------------------------------------------+
; I/O Bank Usage                                             ;
+----------+------------------+---------------+--------------+
; I/O Bank ; Usage            ; VCCIO Voltage ; VREF Voltage ;
+----------+------------------+---------------+--------------+
; 1        ; 0 / 29 ( 0 % )   ; 3.3V          ; --           ;
; 2        ; 0 / 30 ( 0 % )   ; 3.3V          ; --           ;
; 3        ; 0 / 51 ( 0 % )   ; 3.3V          ; --           ;
; 4        ; 1 / 52 ( 1 % )   ; 3.3V          ; --           ;
; 5        ; 0 / 29 ( 0 % )   ; 3.3V          ; --           ;
; 6        ; 26 / 29 ( 89 % ) ; 3.3V          ; --           ;
; 7        ; 47 / 52 ( 90 % ) ; 3.3V          ; --           ;
; 8        ; 0 / 51 ( 0 % )   ; 3.3V          ; --           ;
; 9        ; 0 / 6 ( 0 % )    ; 3.3V          ; --           ;
; 11       ; 0 / 6 ( 0 % )    ; 3.3V          ; --           ;
+----------+------------------+---------------+--------------+


+---------------------------------------------------------------------------------------------------------------------------------------------+
; All Package Pins                                                                                                                            ;
+----------+------------+----------+---------------------------+--------+--------------+---------+------------+-------------+-----------------+
; Location ; Pad Number ; I/O Bank ; Pin Name/Usage            ; Dir.   ; I/O Standard ; Voltage ; I/O Type   ; Termination ; User Assignment ;
+----------+------------+----------+---------------------------+--------+--------------+---------+------------+-------------+-----------------+
; A1       ;            ;          ; VCCINT                    ; power  ;              ; 1.5V    ; --         ; --          ;                 ;
; A2       ;            ;          ; GND                       ; gnd    ;              ;         ; --         ; --          ;                 ;
; A3       ;            ; 4        ; VCCIO4                    ; power  ;              ; 3.3V    ; --         ; --          ;                 ;
; A4       ; 339        ; 4        ; GND*                      ;        ;              ;         ; Column I/O ; --          ;                 ;
; A5       ; 346        ; 4        ; GND*                      ;        ;              ;         ; Column I/O ; --          ;                 ;
; A6       ; 351        ; 4        ; GND*                      ;        ;              ;         ; Column I/O ; --          ;                 ;
; A7       ; 355        ; 4        ; GND*                      ;        ;              ;         ; Column I/O ; --          ;                 ;
; A8       ; 356        ; 4        ; GND*                      ;        ;              ;         ; Column I/O ; --          ;                 ;
; A9       ;            ;          ; GND                       ; gnd    ;              ;         ; --         ; --          ;                 ;
; A10      ;            ; 4        ; VCCIO4                    ; power  ;              ; 3.3V    ; --         ; --          ;                 ;
; A11      ; 389        ; 4        ; GND+                      ;        ;              ;         ; Column I/O ; --          ;                 ;
; A12      ; 395        ; 9        ; GND*                      ;        ;              ;         ; Column I/O ; --          ;                 ;
; A13      ;            ; 3        ; VCCIO3                    ; power  ;              ; 3.3V    ; --         ; --          ;                 ;
; A14      ;            ;          ; GND                       ; gnd    ;              ;         ; --         ; --          ;                 ;
; A15      ; 416        ; 3        ; GND*                      ;        ;              ;         ; Column I/O ; --          ;                 ;
; A16      ; 429        ; 3        ; GND*                      ;        ;              ;         ; Column I/O ; --          ;                 ;
; A17      ; 436        ; 3        ; GND*                      ;        ;              ;         ; Column I/O ; --          ;                 ;
; A18      ; 444        ; 3        ; GND*                      ;        ;              ;         ; Column I/O ; --          ;                 ;
; A19      ; 450        ; 3        ; GND*                      ;        ;              ;         ; Column I/O ; --          ;                 ;
; A20      ;            ; 3        ; VCCIO3                    ; power  ;              ; 3.3V    ; --         ; --          ;                 ;
; A21      ;            ;          ; GND                       ; gnd    ;              ;         ; --         ; --          ;                 ;
; A22      ;            ;          ; VCCINT                    ; power  ;              ; 1.5V    ; --         ; --          ;                 ;
; AA1      ;            ;          ; GND                       ; gnd    ;              ;         ; --         ; --          ;                 ;
; AA2      ; 225        ; 7        ; r[19]                     ; input  ; LVTTL        ;         ; Column I/O ; Off         ; N               ;
; AA3      ; 224        ; 7        ; r[20]                     ; input  ; LVTTL        ;         ; Column I/O ; Off         ; N               ;
; AA4      ; 220        ; 7        ; a[4]                      ; output ; LVTTL        ;         ; Column I/O ; Off         ; N               ;
; AA5      ; 216        ; 7        ; r[40]                     ; input  ; LVTTL        ;         ; Column I/O ; Off         ; N               ;
; AA6      ; 210        ; 7        ; r[32]                     ; input  ; LVTTL        ;         ; Column I/O ; Off         ; N               ;
; AA7      ; 204        ; 7        ; r[43]                     ; input  ; LVTTL        ;         ; Column I/O ; Off         ; N               ;
; AA8      ; 187        ; 7        ; r[57]                     ; input  ; LVTTL        ;         ; Column I/O ; Off         ; N               ;
; AA9      ;            ;          ; NC                        ;        ;              ;         ; --         ; --          ;                 ;
; AA10     ;            ;          ; NC                        ;        ;              ;         ; --         ; --          ;                 ;
; AA11     ; 168        ; 7        ; r[51]                     ; input  ; LVTTL        ;         ; Column I/O ; Off         ; N               ;
; AA12     ; 165        ; 11       ; GND*                      ;        ;              ;         ; Column I/O ; --          ;                 ;
; AA13     ; 167        ; 11       ; GND*                      ;        ;              ;         ; Column I/O ; --          ;                 ;
; AA14     ; 153        ; 8        ; GND+                      ;        ;              ;         ; Column I/O ; --          ;                 ;
; AA15     ; 131        ; 8        ; GND*                      ;        ;              ;         ; Column I/O ; --          ;                 ;
; AA16     ; 125        ; 8        ; GND*                      ;        ;              ;         ; Column I/O ; --          ;                 ;
; AA17     ; 111        ; 8        ; GND*                      ;        ;              ;         ; Column I/O ; --          ;                 ;
; AA18     ; 109        ; 8        ; GND*                      ;        ;              ;         ; Column I/O ; --          ;                 ;
; AA19     ; 108        ; 8        ; GND*                      ;        ;              ;         ; Column I/O ; --          ;                 ;
; AA20     ; 103        ; 8        ; GND*                      ;        ;              ;         ; Column I/O ; --          ;                 ;
; AA21     ; 102        ; 8        ; GND*                      ;        ;              ;         ; Column I/O ; --          ;                 ;
; AA22     ;            ;          ; GND                       ; gnd    ;              ;         ; --         ; --          ;                 ;
; AB1      ;            ;          ; VCCINT                    ; power  ;              ; 1.5V    ; --         ; --          ;                 ;
; AB2      ;            ;          ; GND                       ; gnd    ;              ;         ; --         ; --          ;                 ;
; AB3      ;            ; 7        ; VCCIO7                    ; power  ;              ; 3.3V    ; --         ; --          ;                 ;
; AB4      ; 221        ; 7        ; r[16]                     ; input  ; LVTTL        ;         ; Column I/O ; Off         ; N               ;
; AB5      ; 213        ; 7        ; r[44]                     ; input  ; LVTTL        ;         ; Column I/O ; Off         ; N               ;
; AB6      ; 212        ; 7        ; r[45]                     ; input  ; LVTTL        ;         ; Column I/O ; Off         ; N               ;
; AB7      ; 203        ; 7        ; r[37]                     ; input  ; LVTTL        ;         ; Column I/O ; Off         ; N               ;
; AB8      ; 201        ; 7        ; a[5]                      ; output ; LVTTL        ;         ; Column I/O ; Off         ; N               ;
; AB9      ;            ;          ; GND                       ; gnd    ;              ;         ; --         ; --          ;                 ;
; AB10     ;            ; 7        ; VCCIO7                    ; power  ;              ; 3.3V    ; --         ; --          ;                 ;
; AB11     ; 170        ; 7        ; GND+                      ;        ;              ;         ; Column I/O ; --          ;                 ;
; AB12     ; 164        ; 11       ; GND*                      ;        ;              ;         ; Column I/O ; --          ;                 ;
; AB13     ;            ; 8        ; VCCIO8                    ; power  ;              ; 3.3V    ; --         ; --          ;                 ;
; AB14     ;            ;          ; GND                       ; gnd    ;              ;         ; --         ; --          ;                 ;
; AB15     ; 132        ; 8        ; GND*                      ;        ;              ;         ; Column I/O ; --          ;                 ;
; AB16     ; 129        ; 8        ; GND*                      ;        ;              ;         ; Column I/O ; --          ;                 ;
; AB17     ; 118        ; 8        ; GND*                      ;        ;              ;         ; Column I/O ; --          ;                 ;
; AB18     ; 113        ; 8        ; GND*                      ;        ;              ;         ; Column I/O ; --          ;                 ;
; AB19     ; 110        ; 8        ; GND*                      ;        ;              ;         ; Column I/O ; --          ;                 ;
; AB20     ;            ; 8        ; VCCIO8                    ; power  ;              ; 3.3V    ; --         ; --          ;                 ;
; AB21     ;            ;          ; GND                       ; gnd    ;              ;         ; --         ; --          ;                 ;
; AB22     ;            ;          ; VCCINT                    ; power  ;              ; 1.5V    ; --         ; --          ;                 ;
; B1       ;            ;          ; GND                       ; gnd    ;              ;         ; --         ; --          ;                 ;
; B2       ; 332        ; 4        ; GND*                      ;        ;              ;         ; Column I/O ; --          ;                 ;
; B3       ; 331        ; 4        ; GND*                      ;        ;              ;         ; Column I/O ; --          ;                 ;
; B4       ; 335        ; 4        ; GND*                      ;        ;              ;         ; Column I/O ; --          ;                 ;
; B5       ; 345        ; 4        ; GND*                      ;        ;              ;         ; Column I/O ; --          ;                 ;
; B6       ; 353        ; 4        ; GND*                      ;        ;              ;         ; Column I/O ; --          ;                 ;
; B7       ; 350        ; 4        ; GND*                      ;        ;              ;         ; Column I/O ; --          ;                 ;
; B8       ; 367        ; 4        ; GND*                      ;        ;              ;         ; Column I/O ; --          ;                 ;
; B9       ;            ;          ; NC                        ;        ;              ;         ; --         ; --          ;                 ;
; B10      ;            ;          ; NC                        ;        ;              ;         ; --         ; --          ;                 ;
; B11      ; 391        ; 4        ; GND+                      ;        ;              ;         ; Column I/O ; --          ;                 ;
; B12      ; 394        ; 9        ; GND*                      ;        ;              ;         ; Column I/O ; --          ;                 ;
; B13      ; 393        ; 9        ; GND*                      ;        ;              ;         ; Column I/O ; --          ;                 ;
; B14      ; 406        ; 3        ; GND+                      ;        ;              ;         ; Column I/O ; --          ;                 ;
; B15      ; 428        ; 3        ; GND*                      ;        ;              ;         ; Column I/O ; --          ;                 ;
; B16      ; 432        ; 3        ; GND*                      ;        ;              ;         ; Column I/O ; --          ;                 ;
; B17      ; 438        ; 3        ; GND*                      ;        ;              ;         ; Column I/O ; --          ;                 ;
; B18      ; 445        ; 3        ; GND*                      ;        ;              ;         ; Column I/O ; --          ;                 ;
; B19      ; 451        ; 3        ; GND*                      ;        ;              ;         ; Column I/O ; --          ;                 ;
; B20      ; 455        ; 3        ; GND*                      ;        ;              ;         ; Column I/O ; --          ;                 ;
; B21      ; 456        ; 3        ; GND*                      ;        ;              ;         ; Column I/O ; --          ;                 ;
; B22      ;            ;          ; GND                       ; gnd    ;              ;         ; --         ; --          ;                 ;
; C1       ;            ; 5        ; VCCIO5                    ; power  ;              ; 3.3V    ; --         ; --          ;                 ;
; C2       ; 334        ; 4        ; GND*                      ;        ;              ;         ; Column I/O ; --          ;                 ;
; C3       ; 336        ; 4        ; GND*                      ;        ;              ;         ; Column I/O ; --          ;                 ;
; C4       ; 337        ; 4        ; GND*                      ;        ;              ;         ; Column I/O ; --          ;                 ;
; C5       ; 343        ; 4        ; GND*                      ;        ;              ;         ; Column I/O ; --          ;                 ;
; C6       ; 347        ; 4        ; GND*                      ;        ;              ;         ; Column I/O ; --          ;                 ;
; C7       ; 358        ; 4        ; GND*                      ;        ;              ;         ; Column I/O ; --          ;                 ;
; C8       ; 364        ; 4        ; GND*                      ;        ;              ;         ; Column I/O ; --          ;                 ;
; C9       ; 368        ; 4        ; GND*                      ;        ;              ;         ; Column I/O ; --          ;                 ;
; C10      ;            ;          ; NC                        ;        ;              ;         ; --         ; --          ;                 ;
; C11      ;            ;          ; NC                        ;        ;              ;         ; --         ; --          ;                 ;
; C12      ; 397        ; 9        ; GND*                      ;        ;              ;         ; Column I/O ; --          ;                 ;
; C13      ; 392        ; 9        ; GND*                      ;        ;              ;         ; Column I/O ; --          ;                 ;
; C14      ; 407        ; 3        ; GND*                      ;        ;              ;         ; Column I/O ; --          ;                 ;
; C15      ; 417        ; 3        ; GND*                      ;        ;              ;         ; Column I/O ; --          ;                 ;
; C16      ; 433        ; 3        ; GND*                      ;        ;              ;         ; Column I/O ; --          ;                 ;
; C17      ; 440        ; 3        ; GND*                      ;        ;              ;         ; Column I/O ; --          ;                 ;
; C18      ; 441        ; 3        ; GND*                      ;        ;              ;         ; Column I/O ; --          ;                 ;
; C19      ; 452        ; 3        ; GND*                      ;        ;              ;         ; Column I/O ; --          ;                 ;
; C20      ; 457        ; 3        ; GND*                      ;        ;              ;         ; Column I/O ; --          ;                 ;
; C21      ; 453        ; 3        ; GND*                      ;        ;              ;         ; Column I/O ; --          ;                 ;
; C22      ;            ; 2        ; VCCIO2                    ; power  ;              ; 3.3V    ; --         ; --          ;                 ;
; D1       ; 329        ; 5        ; GND*                      ;        ;              ;         ; Row I/O    ; --          ;                 ;
; D2       ; 328        ; 5        ; GND*                      ;        ;              ;         ; Row I/O    ; --          ;                 ;
; D3       ; 333        ; 4        ; GND*                      ;        ;              ;         ; Column I/O ; --          ;                 ;
; D4       ; 338        ; 4        ; GND*                      ;        ;              ;         ; Column I/O ; --          ;                 ;
; D5       ; 344        ; 4        ; GND*                      ;        ;              ;         ; Column I/O ; --          ;                 ;
; D6       ; 349        ; 4        ; GND*                      ;        ;              ;         ; Column I/O ; --          ;                 ;
; D7       ; 357        ; 4        ; GND*                      ;        ;              ;         ; Column I/O ; --          ;                 ;
; D8       ; 366        ; 4        ; GND*                      ;        ;              ;         ; Column I/O ; --          ;                 ;
; D9       ; 369        ; 4        ; GND*                      ;        ;              ;         ; Column I/O ; --          ;                 ;
; D10      ;            ;          ; NC                        ;        ;              ;         ; --         ; --          ;                 ;
; D11      ;            ;          ; NC                        ;        ;              ;         ; --         ; --          ;                 ;
; D12      ; 396        ; 9        ; GND*                      ;        ;              ;         ; Column I/O ; --          ;                 ;
; D13      ; 409        ; 3        ; GND*                      ;        ;              ;         ; Column I/O ; --          ;                 ;
; D14      ; 419        ; 3        ; GND*                      ;        ;              ;         ; Column I/O ; --          ;                 ;
; D15      ; 425        ; 3        ; GND*                      ;        ;              ;         ; Column I/O ; --          ;                 ;
; D16      ; 434        ; 3        ; GND*                      ;        ;              ;         ; Column I/O ; --          ;                 ;
; D17      ; 442        ; 3        ; GND*                      ;        ;              ;         ; Column I/O ; --          ;                 ;
; D18      ; 446        ; 3        ; GND*                      ;        ;              ;         ; Column I/O ; --          ;                 ;
; D19      ; 454        ; 3        ; GND*                      ;        ;              ;         ; Column I/O ; --          ;                 ;
; D20      ; 458        ; 3        ; GND*                      ;        ;              ;         ; Column I/O ; --          ;                 ;
; D21      ; 1          ; 2        ; GND*                      ;        ;              ;         ; Row I/O    ; --          ;                 ;
; D22      ; 0          ; 2        ; GND*                      ;        ;              ;         ; Row I/O    ; --          ;                 ;
; E1       ; 324        ; 5        ; GND*                      ;        ;              ;         ; Row I/O    ; --          ;                 ;
; E2       ; 325        ; 5        ; GND*                      ;        ;              ;         ; Row I/O    ; --          ;                 ;
; E3       ;            ;          ; NC                        ;        ;              ;         ; --         ; --          ;                 ;
; E4       ;            ;          ; NC                        ;        ;              ;         ; --         ; --          ;                 ;
; E5       ; 348        ; 4        ; GND*                      ;        ;              ;         ; Column I/O ; --          ;                 ;
; E6       ; 352        ; 4        ; GND*                      ;        ;              ;         ; Column I/O ; --          ;                 ;
; E7       ; 360        ; 4        ; GND*                      ;        ;              ;         ; Column I/O ; --          ;                 ;
; E8       ; 363        ; 4        ; GND*                      ;        ;              ;         ; Column I/O ; --          ;                 ;
; E9       ; 371        ; 4        ; GND*                      ;        ;              ;         ; Column I/O ; --          ;                 ;
; E10      ;            ;          ; NC                        ;        ;              ;         ; --         ; --          ;                 ;
; E11      ;            ;          ; NC                        ;        ;              ;         ; --         ; --          ;                 ;
; E12      ;            ;          ; NC                        ;        ;              ;         ; --         ; --          ;                 ;
; E13      ; 408        ; 3        ; GND+                      ;        ;              ;         ; Column I/O ; --          ;                 ;
; E14      ; 421        ; 3        ; GND*                      ;        ;              ;         ; Column I/O ; --          ;                 ;
; E15      ; 426        ; 3        ; GND*                      ;        ;              ;         ; Column I/O ; --          ;                 ;
; E16      ; 430        ; 3        ; GND*                      ;        ;              ;         ; Column I/O ; --          ;                 ;
; E17      ; 437        ; 3        ; GND*                      ;        ;              ;         ; Column I/O ; --          ;                 ;
; E18      ; 443        ; 3        ; GND*                      ;        ;              ;         ; Column I/O ; --          ;                 ;
; E19      ; 2          ; 2        ; GND*                      ;        ;              ;         ; Row I/O    ; --          ;                 ;
; E20      ; 3          ; 2        ; GND*                      ;        ;              ;         ; Row I/O    ; --          ;                 ;
; E21      ; 4          ; 2        ; GND*                      ;        ;              ;         ; Row I/O    ; --          ;                 ;
; E22      ; 5          ; 2        ; GND*                      ;        ;              ;         ; Row I/O    ; --          ;                 ;
; F1       ; 299        ; 5        ; GND*                      ;        ;              ;         ; Row I/O    ; --          ;                 ;
; F2       ; 300        ; 5        ; GND*                      ;        ;              ;         ; Row I/O    ; --          ;                 ;
; F3       ; 326        ; 5        ; GND*                      ;        ;              ;         ; Row I/O    ; --          ;                 ;
; F4       ; 327        ; 5        ; GND*                      ;        ;              ;         ; Row I/O    ; --          ;                 ;
; F5       ; 322        ; 5        ; GND*                      ;        ;              ;         ; Row I/O    ; --          ;                 ;
; F6       ; 359        ; 4        ; GND*                      ;        ;              ;         ; Column I/O ; --          ;                 ;
; F7       ; 354        ; 4        ; GND*                      ;        ;              ;         ; Column I/O ; --          ;                 ;
; F8       ; 365        ; 4        ; GND*                      ;        ;              ;         ; Column I/O ; --          ;                 ;
; F9       ; 372        ; 4        ; GND*                      ;        ;              ;         ; Column I/O ; --          ;                 ;
; F10      ; 376        ; 4        ; GND*                      ;        ;              ;         ; Column I/O ; --          ;                 ;
; F11      ;            ; 1        ; VCCG_PLL5                 ; power  ;              ; 1.5V    ; --         ; --          ;                 ;
; F12      ;            ;          ; GNDA_PLL5                 ; gnd    ;              ;         ; --         ; --          ;                 ;
; F13      ;            ; 9        ; VCC_PLL5_OUTA             ; power  ;              ; 3.3V    ; --         ; --          ;                 ;
; F14      ; 420        ; 3        ; GND*                      ;        ;              ;         ; Column I/O ; --          ;                 ;
; F15      ; 427        ; 3        ; GND*                      ;        ;              ;         ; Column I/O ; --          ;                 ;
; F16      ; 435        ; 3        ; GND*                      ;        ;              ;         ; Column I/O ; --          ;                 ;
; F17      ; 439        ; 3        ; GND*                      ;        ;              ;         ; Column I/O ; --          ;                 ;
; F18      ; 7          ; 2        ; GND*                      ;        ;              ;         ; Row I/O    ; --          ;                 ;
; F19      ;            ;          ; NC                        ;        ;              ;         ; --         ; --          ;                 ;
; F20      ;            ;          ; NC                        ;        ;              ;         ; --         ; --          ;                 ;
; F21      ; 29         ; 2        ; GND*                      ;        ;              ;         ; Row I/O    ; --          ;                 ;
; F22      ; 30         ; 2        ; GND*                      ;        ;              ;         ; Row I/O    ; --          ;                 ;
; G1       ; 296        ; 5        ; GND*                      ;        ;              ;         ; Row I/O    ; --          ;                 ;
; G2       ; 295        ; 5        ; GND*                      ;        ;              ;         ; Row I/O    ; --          ;                 ;
; G3       ; 313        ; 5        ; GND*                      ;        ;              ;         ; Row I/O    ; --          ;                 ;
; G4       ; 314        ; 5        ; GND*                      ;        ;              ;         ; Row I/O    ; --          ;                 ;
; G5       ; 318        ; 5        ; GND*                      ;        ;              ;         ; Row I/O    ; --          ;                 ;
; G6       ;            ;          ; GND                       ; gnd    ;              ;         ; --         ; --          ;                 ;
; G7       ; 330        ; 4        ; GND*                      ;        ;              ;         ; Column I/O ; --          ;                 ;
; G8       ; 361        ; 4        ; GND*                      ;        ;              ;         ; Column I/O ; --          ;                 ;
; G9       ; 384        ; 4        ; GND*                      ;        ;              ;         ; Column I/O ; --          ;                 ;
; G10      ; 380        ; 4        ; #TMS                      ; input  ;              ;         ; --         ; --          ;                 ;
; G11      ;            ;          ; GNDG_PLL5                 ; gnd    ;              ;         ; --         ; --          ;                 ;
; G12      ;            ;          ; TEMPDIODEp                ;        ;              ;         ; --         ; --          ;                 ;
; G13      ;            ;          ; VCCA_PLL5                 ; power  ;              ; 1.5V    ; --         ; --          ;                 ;
; G14      ; 412        ; 3        ; GND*                      ;        ;              ;         ; Column I/O ; --          ;                 ;
; G15      ;            ;          ; GND                       ; gnd    ;              ;         ; --         ; --          ;                 ;
; G16      ; 431        ; 3        ; GND*                      ;        ;              ;         ; Column I/O ; --          ;                 ;
; G17      ;            ;          ; GND                       ; gnd    ;              ;         ; --         ; --          ;                 ;
; G18      ; 11         ; 2        ; GND*                      ;        ;              ;         ; Row I/O    ; --          ;                 ;
; G19      ; 15         ; 2        ; GND*                      ;        ;              ;         ; Row I/O    ; --          ;                 ;
; G20      ; 16         ; 2        ; GND*                      ;        ;              ;         ; Row I/O    ; --          ;                 ;
; G21      ; 34         ; 2        ; GND*                      ;        ;              ;         ; Row I/O    ; --          ;                 ;
; G22      ; 33         ; 2        ; GND*                      ;        ;              ;         ; Row I/O    ; --          ;                 ;
; H1       ; 290        ; 5        ; GND*                      ;        ;              ;         ; Row I/O    ; --          ;                 ;
; H2       ; 291        ; 5        ; GND*                      ;        ;              ;         ; Row I/O    ; --          ;                 ;
; H3       ; 301        ; 5        ; GND*                      ;        ;              ;         ; Row I/O    ; --          ;                 ;
; H4       ; 302        ; 5        ; GND*                      ;        ;              ;         ; Row I/O    ; --          ;                 ;
; H5       ; 317        ;          ; GND                       ; gnd    ;              ;         ; --         ; --          ;                 ;
; H6       ; 342        ;          ; GND                       ; gnd    ;              ;         ; --         ; --          ;                 ;
; H7       ; 373        ;          ; GND                       ; gnd    ;              ;         ; --         ; --          ;                 ;
; H8       ; 362        ; 4        ; GND*                      ;        ;              ;         ; Column I/O ; --          ;                 ;
; H9       ;            ;          ; NC                        ;        ;              ;         ; --         ; --          ;                 ;
; H10      ; 379        ; 4        ; GND*                      ;        ;              ;         ; Column I/O ; --          ;                 ;
; H11      ; 387        ; 4        ; #TDO                      ; output ;              ;         ; --         ; --          ;                 ;
; H12      ;            ;          ; TEMPDIODEn                ;        ;              ;         ; --         ; --          ;                 ;
; H13      ; 403        ; 3        ; ^nCONFIG                  ;        ;              ;         ; --         ; --          ;                 ;
; H14      ; 410        ;          ; GND                       ; gnd    ;              ;         ; --         ; --          ;                 ;
; H15      ; 447        ;          ; GND                       ; gnd    ;              ;         ; --         ; --          ;                 ;
; H16      ;            ;          ; NC                        ;        ;              ;         ; --         ; --          ;                 ;
; H17      ; 24         ; 2        ; GND*                      ;        ;              ;         ; Row I/O    ; --          ;                 ;
; H18      ; 12         ;          ; GND                       ; gnd    ;              ;         ; --         ; --          ;                 ;
; H19      ; 27         ; 2        ; GND*                      ;        ;              ;         ; Row I/O    ; --          ;                 ;
; H20      ; 28         ; 2        ; GND*                      ;        ;              ;         ; Row I/O    ; --          ;                 ;
; H21      ; 38         ; 2        ; GND*                      ;        ;              ;         ; Row I/O    ; --          ;                 ;
; H22      ; 39         ; 2        ; GND*                      ;        ;              ;         ; Row I/O    ; --          ;                 ;
; J1       ;            ;          ; GND                       ; gnd    ;              ;         ; --         ; --          ;                 ;
; J2       ; 288        ; 5        ; GND*                      ;        ;              ;         ; Row I/O    ; --          ;                 ;
; J3       ; 289        ; 5        ; GND*                      ;        ;              ;         ; Row I/O    ; --          ;                 ;
; J4       ; 305        ; 5        ; GND*                      ;        ;              ;         ; Row I/O    ; --          ;                 ;
; J5       ; 292        ;          ; GND                       ; gnd    ;              ;         ; --         ; --          ;                 ;
; J6       ; 309        ; 5        ; GND*                      ;        ;              ;         ; Row I/O    ; --          ;                 ;
; J7       ; 340        ; 4        ; GND*                      ;        ;              ;         ; Column I/O ; --          ;                 ;
; J8       ; 374        ; 4        ; GND*                      ;        ;              ;         ; Column I/O ; --          ;                 ;
; J9       ; 378        ; 4        ; GND*                      ;        ;              ;         ; Column I/O ; --          ;                 ;
; J10      ; 381        ; 4        ; #TRST                     ; input  ;              ;         ; --         ; --          ;                 ;
; J11      ; 386        ; 4        ; #TDI                      ; input  ;              ;         ; --         ; --          ;                 ;
; J12      ; 402        ; 3        ; ^nSTATUS                  ;        ;              ;         ; --         ; --          ;                 ;
; J13      ; 404        ; 3        ; ^DCLK                     ;        ;              ;         ; --         ; --          ;                 ;
; J14      ; 448        ; 3        ; GND*                      ;        ;              ;         ; Column I/O ; --          ;                 ;
; J15      ; 418        ; 3        ; GND*                      ;        ;              ;         ; Column I/O ; --          ;                 ;
; J16      ; 424        ; 3        ; GND*                      ;        ;              ;         ; Column I/O ; --          ;                 ;
; J17      ; 14         ; 2        ; GND*                      ;        ;              ;         ; Row I/O    ; --          ;                 ;
; J18      ; 37         ;          ; GND                       ; gnd    ;              ;         ; --         ; --          ;                 ;
; J19      ; 20         ; 2        ; GND*                      ;        ;              ;         ; Row I/O    ; --          ;                 ;
; J20      ; 40         ; 2        ; GND*                      ;        ;              ;         ; Row I/O    ; --          ;                 ;
; J21      ; 41         ; 2        ; GND*                      ;        ;              ;         ; Row I/O    ; --          ;                 ;
; J22      ;            ;          ; GND                       ; gnd    ;              ;         ; --         ; --          ;                 ;
; K1       ;            ; 5        ; VCCIO5                    ; power  ;              ; 3.3V    ; --         ; --          ;                 ;
; K2       ; 284        ; 5        ; GND*                      ;        ;              ;         ; Row I/O    ; --          ;                 ;
; K3       ; 285        ; 5        ; GND*                      ;        ;              ;         ; Row I/O    ; --          ;                 ;
; K4       ;            ;          ; VCCA_PLL4                 ; power  ;              ; 1.5V    ; --         ; --          ;                 ;
; K5       ;            ; 1        ; VCCG_PLL4                 ; power  ;              ; 1.5V    ; --         ; --          ;                 ;
; K6       ; 297        ; 5        ; GND*                      ;        ;              ;         ; Row I/O    ; --          ;                 ;
; K7       ; 341        ; 4        ; GND*                      ;        ;              ;         ; Column I/O ; --          ;                 ;
; K8       ; 375        ; 4        ; GND*                      ;        ;              ;         ; Column I/O ; --          ;                 ;
; K9       ; 382        ; 4        ; #TCK                      ; input  ;              ;         ; --         ; --          ;                 ;
; K10      ; 383        ; 4        ; GND*                      ;        ;              ;         ; Column I/O ; --          ;                 ;
; K11      ;            ;          ; GND                       ; gnd    ;              ;         ; --         ; --          ;                 ;
; K12      ;            ;          ; VCCINT                    ; power  ;              ; 1.5V    ; --         ; --          ;                 ;
; K13      ; 405        ; 3        ; ^CONF_DONE                ;        ;              ;         ; --         ; --          ;                 ;
; K14      ; 411        ; 3        ; GND*                      ;        ;              ;         ; Column I/O ; --          ;                 ;
; K15      ; 413        ; 3        ; GND*                      ;        ;              ;         ; Column I/O ; --          ;                 ;
; K16      ; 423        ; 3        ; GND*                      ;        ;              ;         ; Column I/O ; --          ;                 ;
; K17      ; 32         ; 2        ; GND*                      ;        ;              ;         ; Row I/O    ; --          ;                 ;
; K18      ;            ; 1        ; VCCG_PLL1                 ; power  ;              ; 1.5V    ; --         ; --          ;                 ;
; K19      ;            ;          ; VCCA_PLL1                 ; power  ;              ; 1.5V    ; --         ; --          ;                 ;
; K20      ; 44         ; 2        ; GND*                      ;        ;              ;         ; Row I/O    ; --          ;                 ;
; K21      ; 45         ; 2        ; GND*                      ;        ;              ;         ; Row I/O    ; --          ;                 ;
; K22      ;            ; 2        ; VCCIO2                    ; power  ;              ; 3.3V    ; --         ; --          ;                 ;
; L1       ; 283        ; 5        ; GND+                      ;        ;              ;         ; Row I/O    ; --          ;                 ;
; L2       ; 282        ; 5        ; GND+                      ;        ;              ;         ; Row I/O    ; --          ;                 ;
; L3       ; 280        ; 5        ; GND+                      ;        ;              ;         ; Row I/O    ; --          ;                 ;
; L4       ;            ;          ; GNDA_PLL4                 ; gnd    ;              ;         ; --         ; --          ;                 ;
; L5       ;            ;          ; GNDG_PLL4                 ; gnd    ;              ;         ; --         ; --          ;                 ;
; L6       ; 293        ; 5        ; GND*                      ;        ;              ;         ; Row I/O    ; --          ;                 ;
; L7       ; 370        ; 4        ; GND*                      ;        ;              ;         ; Column I/O ; --          ;                 ;
; L8       ; 377        ; 4        ; +~DATA0~ / RESERVED_INPUT ; input  ; LVTTL        ;         ; Column I/O ; Off         ; N               ;
; L9       ;            ;          ; VCCINT                    ; power  ;              ; 1.5V    ; --         ; --          ;                 ;
; L10      ;            ;          ; GND                       ; gnd    ;              ;         ; --         ; --          ;                 ;
; L11      ;            ;          ; VCCINT                    ; power  ;              ; 1.5V    ; --         ; --          ;                 ;
; L12      ;            ;          ; GND                       ; gnd    ;              ;         ; --         ; --          ;                 ;
; L13      ;            ;          ; VCCINT                    ; power  ;              ; 1.5V    ; --         ; --          ;                 ;
; L14      ;            ;          ; GND                       ; gnd    ;              ;         ; --         ; --          ;                 ;
; L15      ; 415        ; 3        ; GND*                      ;        ;              ;         ; Column I/O ; --          ;                 ;
; L16      ; 422        ; 3        ; GND*                      ;        ;              ;         ; Column I/O ; --          ;                 ;
; L17      ; 35         ; 2        ; GND*                      ;        ;              ;         ; Row I/O    ; --          ;                 ;
; L18      ;            ;          ; GNDG_PLL1                 ; gnd    ;              ;         ; --         ; --          ;                 ;
; L19      ;            ;          ; GNDA_PLL1                 ; gnd    ;              ;         ; --         ; --          ;                 ;
; L20      ; 49         ; 2        ; GND+                      ;        ;              ;         ; Row I/O    ; --          ;                 ;
; L21      ; 47         ; 2        ; GND+                      ;        ;              ;         ; Row I/O    ; --          ;                 ;
; L22      ; 46         ; 2        ; GND+                      ;        ;              ;         ; Row I/O    ; --          ;                 ;
; M1       ; 278        ; 6        ; GND+                      ;        ;              ;         ; Row I/O    ; --          ;                 ;
; M2       ; 279        ; 6        ; GND+                      ;        ;              ;         ; Row I/O    ; --          ;                 ;
; M3       ; 277        ; 6        ; GND+                      ;        ;              ;         ; Row I/O    ; --          ;                 ;
; M4       ;            ;          ; GNDA_PLL3                 ; gnd    ;              ;         ; --         ; --          ;                 ;
; M5       ;            ;          ; VCCA_PLL3                 ; power  ;              ; 1.5V    ; --         ; --          ;                 ;
; M6       ; 263        ; 6        ; r[7]                      ; input  ; LVTTL        ;         ; Row I/O    ; Off         ; N               ;
; M7       ; 198        ; 7        ; ei                        ; input  ; LVTTL        ;         ; Column I/O ; Off         ; N               ;
; M8       ; 183        ; 7        ; r[52]                     ; input  ; LVTTL        ;         ; Column I/O ; Off         ; N               ;
; M9       ;            ;          ; GND                       ; gnd    ;              ;         ; --         ; --          ;                 ;
; M10      ;            ;          ; VCCINT                    ; power  ;              ; 1.5V    ; --         ; --          ;                 ;
; M11      ;            ;          ; GND                       ; gnd    ;              ;         ; --         ; --          ;                 ;
; M12      ;            ;          ; VCCINT                    ; power  ;              ; 1.5V    ; --         ; --          ;                 ;
; M13      ;            ;          ; GND                       ; gnd    ;              ;         ; --         ; --          ;                 ;
; M14      ;            ;          ; VCCINT                    ; power  ;              ; 1.5V    ; --         ; --          ;                 ;
; M15      ; 414        ; 3        ; GND*                      ;        ;              ;         ; Column I/O ; --          ;                 ;
; M16      ; 459        ; 3        ; GND*                      ;        ;              ;         ; Column I/O ; --          ;                 ;
; M17      ; 66         ; 1        ; GND*                      ;        ;              ;         ; Row I/O    ; --          ;                 ;
; M18      ;            ;          ; VCCA_PLL2                 ; power  ;              ; 1.5V    ; --         ; --          ;                 ;
; M19      ;            ;          ; GNDA_PLL2                 ; gnd    ;              ;         ; --         ; --          ;                 ;
; M20      ; 52         ; 1        ; GND+                      ;        ;              ;         ; Row I/O    ; --          ;                 ;
; M21      ; 50         ; 1        ; GND+                      ;        ;              ;         ; Row I/O    ; --          ;                 ;
; M22      ; 51         ; 1        ; GND+                      ;        ;              ;         ; Row I/O    ; --          ;                 ;
; N1       ;            ; 6        ; VCCIO6                    ; power  ;              ; 3.3V    ; --         ; --          ;                 ;
; N2       ; 273        ; 6        ; r[15]                     ; input  ; LVTTL        ;         ; Row I/O    ; Off         ; N               ;
; N3       ; 272        ; 6        ; r[12]                     ; input  ; LVTTL        ;         ; Row I/O    ; Off         ; N               ;
; N4       ;            ;          ; GNDG_PLL3                 ; gnd    ;              ;         ; --         ; --          ;                 ;
; N5       ;            ; 1        ; VCCG_PLL3                 ; power  ;              ; 1.5V    ; --         ; --          ;                 ;
; N6       ; 259        ; 6        ; r[6]                      ; input  ; LVTTL        ;         ; Row I/O    ; Off         ; N               ;
; N7       ; 218        ; 7        ; r[17]                     ; input  ; LVTTL        ;         ; Column I/O ; Off         ; N               ;
; N8       ; 185        ; 7        ; r[54]                     ; input  ; LVTTL        ;         ; Column I/O ; Off         ; N               ;
; N9       ; 177        ; 7        ; ^nIO_PULLUP               ;        ;              ;         ; --         ; --          ;                 ;
; N10      ; 176        ; 7        ; r[50]                     ; input  ; LVTTL        ;         ; Column I/O ; Off         ; N               ;
; N11      ;            ;          ; VCCINT                    ; power  ;              ; 1.5V    ; --         ; --          ;                 ;
; N12      ;            ;          ; GND                       ; gnd    ;              ;         ; --         ; --          ;                 ;
; N13      ; 128        ; 8        ; GND*                      ;        ;              ;         ; Column I/O ; --          ;                 ;
; N14      ; 140        ; 8        ; GND*                      ;        ;              ;         ; Column I/O ; --          ;                 ;
; N15      ; 144        ; 8        ; GND*                      ;        ;              ;         ; Column I/O ; --          ;                 ;
; N16      ; 126        ; 8        ; GND*                      ;        ;              ;         ; Column I/O ; --          ;                 ;
; N17      ; 70         ; 1        ; GND*                      ;        ;              ;         ; Row I/O    ; --          ;                 ;
; N18      ;            ; 1        ; VCCG_PLL2                 ; power  ;              ; 1.5V    ; --         ; --          ;                 ;
; N19      ;            ;          ; GNDG_PLL2                 ; gnd    ;              ;         ; --         ; --          ;                 ;
; N20      ; 57         ; 1        ; GND*                      ;        ;              ;         ; Row I/O    ; --          ;                 ;
; N21      ; 56         ; 1        ; GND*                      ;        ;              ;         ; Row I/O    ; --          ;                 ;
; N22      ;            ; 1        ; VCCIO1                    ; power  ;              ; 3.3V    ; --         ; --          ;                 ;
; P1       ;            ;          ; GND                       ; gnd    ;              ;         ; --         ; --          ;                 ;
; P2       ; 269        ; 6        ; r[0]                      ; input  ; LVTTL        ;         ; Row I/O    ; Off         ; N               ;
; P3       ; 268        ; 6        ; r[4]                      ; input  ; LVTTL        ;         ; Row I/O    ; Off         ; N               ;
; P4       ; 251        ; 6        ; a[1]                      ; output ; LVTTL        ;         ; Row I/O    ; Off         ; N               ;
; P5       ; 267        ;          ; GND                       ; gnd    ;              ;         ; --         ; --          ;                 ;
; P6       ; 247        ; 6        ; r[10]                     ; input  ; LVTTL        ;         ; Row I/O    ; Off         ; N               ;
; P7       ; 219        ; 7        ; g                         ; output ; LVTTL        ;         ; Column I/O ; Off         ; N               ;
; P8       ; 190        ; 7        ; r[58]                     ; input  ; LVTTL        ;         ; Column I/O ; Off         ; N               ;
; P9       ; 182        ; 7        ; r[55]                     ; input  ; LVTTL        ;         ; Column I/O ; Off         ; N               ;
; P10      ; 180        ; 7        ; r[53]                     ; input  ; LVTTL        ;         ; Column I/O ; Off         ; N               ;
; P11      ; 173        ; 7        ; ^nCEO                     ;        ;              ;         ; --         ; --          ;                 ;
; P12      ; 156        ; 8        ; ^MSEL1                    ;        ;              ;         ; --         ; --          ;                 ;
; P13      ; 148        ; 8        ; GND*                      ;        ;              ;         ; Column I/O ; --          ;                 ;
; P14      ; 146        ; 8        ; GND*                      ;        ;              ;         ; Column I/O ; --          ;                 ;
; P15      ; 143        ; 8        ; GND*                      ;        ;              ;         ; Column I/O ; --          ;                 ;
; P16      ; 135        ; 8        ; GND*                      ;        ;              ;         ; Column I/O ; --          ;                 ;
; P17      ; 82         ; 1        ; GND*                      ;        ;              ;         ; Row I/O    ; --          ;                 ;
; P18      ; 62         ;          ; GND                       ; gnd    ;              ;         ; --         ; --          ;                 ;
; P19      ; 86         ; 1        ; GND*                      ;        ;              ;         ; Row I/O    ; --          ;                 ;
; P20      ; 61         ; 1        ; GND*                      ;        ;              ;         ; Row I/O    ; --          ;                 ;
; P21      ; 60         ; 1        ; GND*                      ;        ;              ;         ; Row I/O    ; --          ;                 ;
; P22      ;            ;          ; GND                       ; gnd    ;              ;         ; --         ; --          ;                 ;
; R1       ; 271        ; 6        ; a[3]                      ; output ; LVTTL        ;         ; Row I/O    ; Off         ; N               ;
; R2       ; 270        ; 6        ; r[2]                      ; input  ; LVTTL        ;         ; Row I/O    ; Off         ; N               ;
; R3       ; 255        ; 6        ; r[8]                      ; input  ; LVTTL        ;         ; Row I/O    ; Off         ; N               ;
; R4       ; 256        ; 6        ; r[9]                      ; input  ; LVTTL        ;         ; Row I/O    ; Off         ; N               ;
; R5       ;            ;          ; NC                        ;        ;              ;         ; --         ; --          ;                 ;
; R6       ; 242        ;          ; GND                       ; gnd    ;              ;         ; --         ; --          ;                 ;
; R7       ; 217        ;          ; GND                       ; gnd    ;              ;         ; --         ; --          ;                 ;
; R8       ; 175        ; 7        ; r[59]                     ; input  ; LVTTL        ;         ; Column I/O ; Off         ; N               ;
; R9       ; 186        ;          ; GND                       ; gnd    ;              ;         ; --         ; --          ;                 ;
; R10      ; 178        ; 7        ; ^VCCSEL                   ;        ;              ;         ; --         ; --          ;                 ;
; R11      ; 172        ; 7        ; ^nCE                      ;        ;              ;         ; --         ; --          ;                 ;
; R12      ; 157        ; 8        ; ^MSEL2                    ;        ;              ;         ; --         ; --          ;                 ;
; R13      ; 154        ; 8        ; PLL_ENA                   ;        ;              ;         ; --         ; --          ;                 ;
; R14      ;            ;          ; NC                        ;        ;              ;         ; --         ; --          ;                 ;
; R15      ; 134        ; 8        ; GND*                      ;        ;              ;         ; Column I/O ; --          ;                 ;
; R16      ; 149        ;          ; GND                       ; gnd    ;              ;         ; --         ; --          ;                 ;
; R17      ; 87         ;          ; GND                       ; gnd    ;              ;         ; --         ; --          ;                 ;
; R18      ; 112        ;          ; GND                       ; gnd    ;              ;         ; --         ; --          ;                 ;
; R19      ; 74         ; 1        ; GND*                      ;        ;              ;         ; Row I/O    ; --          ;                 ;
; R20      ; 73         ; 1        ; GND*                      ;        ;              ;         ; Row I/O    ; --          ;                 ;
; R21      ; 59         ; 1        ; GND*                      ;        ;              ;         ; Row I/O    ; --          ;                 ;
; R22      ; 58         ; 1        ; GND*                      ;        ;              ;         ; Row I/O    ; --          ;                 ;
; T1       ; 266        ; 6        ; r[3]                      ; input  ; LVTTL        ;         ; Row I/O    ; Off         ; N               ;
; T2       ; 265        ; 6        ; r[1]                      ; input  ; LVTTL        ;         ; Row I/O    ; Off         ; N               ;
; T3       ; 244        ; 6        ; r[29]                     ; input  ; LVTTL        ;         ; Row I/O    ; Off         ; N               ;
; T4       ; 243        ; 6        ; r[30]                     ; input  ; LVTTL        ;         ; Row I/O    ; Off         ; N               ;
; T5       ; 234        ; 6        ; r[31]                     ; input  ; LVTTL        ;         ; Row I/O    ; Off         ; N               ;
; T6       ;            ;          ; GND                       ; gnd    ;              ;         ; --         ; --          ;                 ;
; T7       ; 229        ; 7        ; r[23]                     ; input  ; LVTTL        ;         ; Column I/O ; Off         ; N               ;
; T8       ; 197        ; 7        ; GND*                      ;        ;              ;         ; Column I/O ; --          ;                 ;
; T9       ; 184        ; 7        ; r[49]                     ; input  ; LVTTL        ;         ; Column I/O ; Off         ; N               ;
; T10      ; 181        ; 7        ; r[48]                     ; input  ; LVTTL        ;         ; Column I/O ; Off         ; N               ;
; T11      ;            ;          ; GNDG_PLL6                 ; gnd    ;              ;         ; --         ; --          ;                 ;
; T12      ;            ;          ; VCCA_PLL6                 ; power  ;              ; 1.5V    ; --         ; --          ;                 ;
; T13      ; 155        ; 8        ; ^MSEL0                    ;        ;              ;         ; --         ; --          ;                 ;
; T14      ; 147        ; 8        ; GND*                      ;        ;              ;         ; Column I/O ; --          ;                 ;
; T15      ; 136        ; 8        ; GND*                      ;        ;              ;         ; Column I/O ; --          ;                 ;
; T16      ; 119        ; 8        ; GND*                      ;        ;              ;         ; Column I/O ; --          ;                 ;
; T17      ;            ;          ; GND                       ; gnd    ;              ;         ; --         ; --          ;                 ;
; T18      ; 95         ; 1        ; GND*                      ;        ;              ;         ; Row I/O    ; --          ;                 ;
; T19      ; 78         ; 1        ; GND*                      ;        ;              ;         ; Row I/O    ; --          ;                 ;
; T20      ; 77         ; 1        ; GND*                      ;        ;              ;         ; Row I/O    ; --          ;                 ;
; T21      ; 64         ; 1        ; GND*                      ;        ;              ;         ; Row I/O    ; --          ;                 ;
; T22      ; 63         ; 1        ; GND*                      ;        ;              ;         ; Row I/O    ; --          ;                 ;
; U1       ; 261        ; 6        ; r[5]                      ; input  ; LVTTL        ;         ; Row I/O    ; Off         ; N               ;
; U2       ; 262        ; 6        ; r[13]                     ; input  ; LVTTL        ;         ; Row I/O    ; Off         ; N               ;
; U3       ;            ;          ; NC                        ;        ;              ;         ; --         ; --          ;                 ;
; U4       ;            ;          ; NC                        ;        ;              ;         ; --         ; --          ;                 ;
; U5       ; 238        ; 6        ; r[27]                     ; input  ; LVTTL        ;         ; Row I/O    ; Off         ; N               ;
; U6       ; 200        ; 7        ; r[39]                     ; input  ; LVTTL        ;         ; Column I/O ; Off         ; N               ;
; U7       ; 205        ; 7        ; r[38]                     ; input  ; LVTTL        ;         ; Column I/O ; Off         ; N               ;
; U8       ; 196        ; 7        ; GND*                      ;        ;              ;         ; Column I/O ; --          ;                 ;
; U9       ; 191        ; 7        ; r[63]                     ; input  ; LVTTL        ;         ; Column I/O ; Off         ; N               ;
; U10      ; 179        ; 7        ; ^PORSEL                   ;        ;              ;         ; --         ; --          ;                 ;
; U11      ;            ; 1        ; VCCG_PLL6                 ; power  ;              ; 1.5V    ; --         ; --          ;                 ;
; U12      ;            ;          ; GNDA_PLL6                 ; gnd    ;              ;         ; --         ; --          ;                 ;
; U13      ;            ; 11       ; VCC_PLL6_OUTA             ; power  ;              ; 3.3V    ; --         ; --          ;                 ;
; U14      ; 139        ; 8        ; GND*                      ;        ;              ;         ; Column I/O ; --          ;                 ;
; U15      ; 137        ; 8        ; GND*                      ;        ;              ;         ; Column I/O ; --          ;                 ;
; U16      ; 121        ; 8        ; GND*                      ;        ;              ;         ; Column I/O ; --          ;                 ;
; U17      ; 120        ; 8        ; GND*                      ;        ;              ;         ; Column I/O ; --          ;                 ;
; U18      ; 91         ; 1        ; GND*                      ;        ;              ;         ; Row I/O    ; --          ;                 ;
; U19      ; 99         ; 1        ; GND*                      ;        ;              ;         ; Row I/O    ; --          ;                 ;
; U20      ; 98         ; 1        ; GND*                      ;        ;              ;         ; Row I/O    ; --          ;                 ;
; U21      ; 67         ; 1        ; GND*                      ;        ;              ;         ; Row I/O    ; --          ;                 ;
; U22      ; 68         ; 1        ; GND*                      ;        ;              ;         ; Row I/O    ; --          ;                 ;
; V1       ; 250        ; 6        ; r[14]                     ; input  ; LVTTL        ;         ; Row I/O    ; Off         ; N               ;
; V2       ; 249        ; 6        ; r[11]                     ; input  ; LVTTL        ;         ; Row I/O    ; Off         ; N               ;
; V3       ; 231        ; 6        ; a[0]                      ; output ; LVTTL        ;         ; Row I/O    ; Off         ; N               ;
; V4       ; 230        ; 6        ; r[28]                     ; input  ; LVTTL        ;         ; Row I/O    ; Off         ; N               ;
; V5       ; 208        ; 7        ; r[34]                     ; input  ; LVTTL        ;         ; Column I/O ; Off         ; N               ;
; V6       ; 202        ; 7        ; r[42]                     ; input  ; LVTTL        ;         ; Column I/O ; Off         ; N               ;
; V7       ; 207        ; 7        ; r[41]                     ; input  ; LVTTL        ;         ; Column I/O ; Off         ; N               ;
; V8       ; 195        ; 7        ; r[61]                     ; input  ; LVTTL        ;         ; Column I/O ; Off         ; N               ;
; V9       ; 192        ; 7        ; r[60]                     ; input  ; LVTTL        ;         ; Column I/O ; Off         ; N               ;
; V10      ;            ;          ; NC                        ;        ;              ;         ; --         ; --          ;                 ;
; V11      ;            ;          ; NC                        ;        ;              ;         ; --         ; --          ;                 ;
; V12      ;            ;          ; NC                        ;        ;              ;         ; --         ; --          ;                 ;
; V13      ; 151        ; 8        ; GND+                      ;        ;              ;         ; Column I/O ; --          ;                 ;
; V14      ; 142        ; 8        ; GND*                      ;        ;              ;         ; Column I/O ; --          ;                 ;
; V15      ; 133        ; 8        ; GND*                      ;        ;              ;         ; Column I/O ; --          ;                 ;
; V16      ; 123        ; 8        ; GND*                      ;        ;              ;         ; Column I/O ; --          ;                 ;
; V17      ; 122        ; 8        ; GND*                      ;        ;              ;         ; Column I/O ; --          ;                 ;
; V18      ; 114        ; 8        ; GND*                      ;        ;              ;         ; Column I/O ; --          ;                 ;
; V19      ;            ;          ; NC                        ;        ;              ;         ; --         ; --          ;                 ;
; V20      ;            ;          ; NC                        ;        ;              ;         ; --         ; --          ;                 ;
; V21      ; 76         ; 1        ; GND*                      ;        ;              ;         ; Row I/O    ; --          ;                 ;
; V22      ; 75         ; 1        ; GND*                      ;        ;              ;         ; Row I/O    ; --          ;                 ;
; W1       ; 236        ; 6        ; r[25]                     ; input  ; LVTTL        ;         ; Row I/O    ; Off         ; N               ;
; W2       ; 237        ; 6        ; r[26]                     ; input  ; LVTTL        ;         ; Row I/O    ; Off         ; N               ;
; W3       ; 226        ; 7        ; r[21]                     ; input  ; LVTTL        ;         ; Column I/O ; Off         ; N               ;
; W4       ; 227        ; 7        ; r[24]                     ; input  ; LVTTL        ;         ; Column I/O ; Off         ; N               ;
; W5       ; 214        ; 7        ; r[46]                     ; input  ; LVTTL        ;         ; Column I/O ; Off         ; N               ;
; W6       ; 211        ; 7        ; r[47]                     ; input  ; LVTTL        ;         ; Column I/O ; Off         ; N               ;
; W7       ; 199        ; 7        ; r[35]                     ; input  ; LVTTL        ;         ; Column I/O ; Off         ; N               ;
; W8       ; 193        ; 7        ; GND*                      ;        ;              ;         ; Column I/O ; --          ;                 ;
; W9       ; 194        ; 7        ; GND*                      ;        ;              ;         ; Column I/O ; --          ;                 ;
; W10      ;            ;          ; NC                        ;        ;              ;         ; --         ; --          ;                 ;
; W11      ;            ;          ; NC                        ;        ;              ;         ; --         ; --          ;                 ;
; W12      ; 163        ; 11       ; GND*                      ;        ;              ;         ; Column I/O ; --          ;                 ;
; W13      ; 150        ; 8        ; GND*                      ;        ;              ;         ; Column I/O ; --          ;                 ;
; W14      ; 141        ; 8        ; GND*                      ;        ;              ;         ; Column I/O ; --          ;                 ;
; W15      ; 138        ; 8        ; GND*                      ;        ;              ;         ; Column I/O ; --          ;                 ;
; W16      ; 127        ; 8        ; GND*                      ;        ;              ;         ; Column I/O ; --          ;                 ;
; W17      ; 116        ; 8        ; GND*                      ;        ;              ;         ; Column I/O ; --          ;                 ;
; W18      ; 107        ; 8        ; GND*                      ;        ;              ;         ; Column I/O ; --          ;                 ;
; W19      ; 101        ; 8        ; GND*                      ;        ;              ;         ; Column I/O ; --          ;                 ;
; W20      ; 100        ; 8        ; GND*                      ;        ;              ;         ; Column I/O ; --          ;                 ;
; W21      ; 92         ; 1        ; GND*                      ;        ;              ;         ; Row I/O    ; --          ;                 ;
; W22      ; 93         ; 1        ; GND*                      ;        ;              ;         ; Row I/O    ; --          ;                 ;
; Y1       ;            ; 6        ; VCCIO6                    ; power  ;              ; 3.3V    ; --         ; --          ;                 ;
; Y2       ; 222        ; 7        ; eo                        ; output ; LVTTL        ;         ; Column I/O ; Off         ; N               ;
; Y3       ; 228        ; 7        ; r[18]                     ; input  ; LVTTL        ;         ; Column I/O ; Off         ; N               ;
; Y4       ; 223        ; 7        ; a[2]                      ; output ; LVTTL        ;         ; Column I/O ; Off         ; N               ;
; Y5       ; 215        ; 7        ; r[22]                     ; input  ; LVTTL        ;         ; Column I/O ; Off         ; N               ;
; Y6       ; 206        ; 7        ; r[36]                     ; input  ; LVTTL        ;         ; Column I/O ; Off         ; N               ;
; Y7       ; 209        ; 7        ; r[33]                     ; input  ; LVTTL        ;         ; Column I/O ; Off         ; N               ;
; Y8       ; 189        ; 7        ; r[62]                     ; input  ; LVTTL        ;         ; Column I/O ; Off         ; N               ;
; Y9       ; 188        ; 7        ; r[56]                     ; input  ; LVTTL        ;         ; Column I/O ; Off         ; N               ;
; Y10      ;            ;          ; NC                        ;        ;              ;         ; --         ; --          ;                 ;
; Y11      ;            ;          ; NC                        ;        ;              ;         ; --         ; --          ;                 ;
; Y12      ; 162        ; 11       ; GND*                      ;        ;              ;         ; Column I/O ; --          ;                 ;
; Y13      ; 166        ; 11       ; GND*                      ;        ;              ;         ; Column I/O ; --          ;                 ;
; Y14      ; 152        ; 8        ; GND*                      ;        ;              ;         ; Column I/O ; --          ;                 ;
; Y15      ; 130        ; 8        ; GND*                      ;        ;              ;         ; Column I/O ; --          ;                 ;
; Y16      ; 124        ; 8        ; GND*                      ;        ;              ;         ; Column I/O ; --          ;                 ;
; Y17      ; 117        ; 8        ; GND*                      ;        ;              ;         ; Column I/O ; --          ;                 ;
; Y18      ; 115        ; 8        ; GND*                      ;        ;              ;         ; Column I/O ; --          ;                 ;
; Y19      ; 106        ; 8        ; GND*                      ;        ;              ;         ; Column I/O ; --          ;                 ;
; Y20      ; 105        ; 8        ; GND*                      ;        ;              ;         ; Column I/O ; --          ;                 ;
; Y21      ; 104        ; 8        ; GND*                      ;        ;              ;         ; Column I/O ; --          ;                 ;
; Y22      ;            ; 1        ; VCCIO1                    ; power  ;              ; 3.3V    ; --         ; --          ;                 ;
+----------+------------+----------+---------------------------+--------+--------------+---------+------------+-------------+-----------------+


+-------------------------------------------------------------------------------+
; Output Pin Default Load For Reported TCO                                      ;
+----------------------------------+-------+------------------------------------+
; I/O Standard                     ; Load  ; Termination Resistance             ;
+----------------------------------+-------+------------------------------------+
; LVTTL                            ; 10 pF ; Not Available                      ;
; LVCMOS                           ; 10 pF ; Not Available                      ;
; 2.5 V                            ; 10 pF ; Not Available                      ;
; 1.8 V                            ; 10 pF ; Not Available                      ;
; 1.5 V                            ; 10 pF ; Not Available                      ;
; GTL                              ; 30 pF ; 25 Ohm (Parallel)                  ;
; GTL+                             ; 30 pF ; 25 Ohm (Parallel)                  ;
; 3.3-V PCI                        ; 10 pF ; 25 Ohm (Parallel)                  ;
; 3.3-V PCI-X                      ; 8 pF  ; 25 Ohm (Parallel)                  ;
; Compact PCI                      ; 10 pF ; 25 Ohm (Parallel)                  ;
; AGP 1X                           ; 10 pF ; Not Available                      ;
; AGP 2X                           ; 10 pF ; Not Available                      ;
; CTT                              ; 30 pF ; 50 Ohm (Parallel)                  ;
; SSTL-3 Class I                   ; 30 pF ; 50 Ohm (Parallel), 25 Ohm (Serial) ;
; SSTL-3 Class II                  ; 30 pF ; 25 Ohm (Parallel), 25 Ohm (Serial) ;
; SSTL-2 Class I                   ; 30 pF ; 50 Ohm (Parallel), 25 Ohm (Serial) ;
; SSTL-2 Class II                  ; 30 pF ; 25 Ohm (Parallel), 25 Ohm (Serial) ;
; SSTL-18 Class I                  ; 30 pF ; 50 Ohm (Parallel), 25 Ohm (Serial) ;
; SSTL-18 Class II                 ; 30 pF ; 25 Ohm (Parallel), 25 Ohm (Serial) ;
; 1.5-V HSTL Class I               ; 20 pF ; 50 Ohm (Parallel)                  ;
; 1.5-V HSTL Class II              ; 20 pF ; 25 Ohm (Parallel)                  ;
; 1.8-V HSTL Class I               ; 20 pF ; 50 Ohm (Parallel)                  ;
; 1.8-V HSTL Class II              ; 20 pF ; 25 Ohm (Parallel)                  ;
; LVDS                             ; 4 pF  ; 100 Ohm (Differential)             ;
; Differential LVPECL              ; 4 pF  ; 100 Ohm (Differential)             ;
; 3.3-V PCML                       ; 4 pF  ; 50 Ohm (Parallel)                  ;
; HyperTransport                   ; 4 pF  ; 100 Ohm (Differential)             ;
; Differential 1.5-V HSTL Class I  ; 0 pF  ; (See 1.5-V HSTL Class I)           ;
; Differential 1.5-V HSTL Class II ; 0 pF  ; (See 1.5-V HSTL Class II)          ;
; Differential 1.8-V HSTL Class I  ; 0 pF  ; (See 1.8-V HSTL Class I)           ;
; Differential 1.8-V HSTL Class II ; 0 pF  ; (See 1.8-V HSTL Class II)          ;
; Differential SSTL-2              ; 30 pF ; (See SSTL-2)                       ;
+----------------------------------+-------+------------------------------------+
Note: User assignments will override these defaults. The user specified values are listed in the Output Pins and Bidir Pins tables.


+---------------------------------------------------------------------------------------------------------------------------------------------------------------------------------------------------------------------------------------------+
; Fitter Resource Utilization by Entity                                                                                                                                                                                                       ;
+----------------------------+-------------+--------------+-------------+--------------+---------+-----------+-----------+------+--------------+--------------+-------------------+------------------+-----------------+----------------------+
; Compilation Hierarchy Node ; Logic Cells ; LC Registers ; Memory Bits ; DSP Elements ; DSP 9x9 ; DSP 18x18 ; DSP 36x36 ; Pins ; Virtual Pins ; LUT-Only LCs ; Register-Only LCs ; LUT/Register LCs ; Carry Chain LCs ; Full Hierarchy Name  ;
+----------------------------+-------------+--------------+-------------+--------------+---------+-----------+-----------+------+--------------+--------------+-------------------+------------------+-----------------+----------------------+
; |cip64_6l                  ; 84 (67)     ; 0            ; 0           ; 0            ; 0       ; 0         ; 0         ; 73   ; 0            ; 84 (67)      ; 0 (0)             ; 0 (0)            ; 0 (0)           ; |cip64_6l            ;
;    |cip8_3l:c1|            ; 1 (1)       ; 0            ; 0           ; 0            ; 0       ; 0         ; 0         ; 0    ; 0            ; 1 (1)        ; 0 (0)             ; 0 (0)            ; 0 (0)           ; |cip64_6l|cip8_3l:c1 ;
;    |cip8_3l:c2|            ; 3 (3)       ; 0            ; 0           ; 0            ; 0       ; 0         ; 0         ; 0    ; 0            ; 3 (3)        ; 0 (0)             ; 0 (0)            ; 0 (0)           ; |cip64_6l|cip8_3l:c2 ;
;    |cip8_3l:c3|            ; 2 (2)       ; 0            ; 0           ; 0            ; 0       ; 0         ; 0         ; 0    ; 0            ; 2 (2)        ; 0 (0)             ; 0 (0)            ; 0 (0)           ; |cip64_6l|cip8_3l:c3 ;
;    |cip8_3l:c4|            ; 4 (4)       ; 0            ; 0           ; 0            ; 0       ; 0         ; 0         ; 0    ; 0            ; 4 (4)        ; 0 (0)             ; 0 (0)            ; 0 (0)           ; |cip64_6l|cip8_3l:c4 ;
;    |cip8_3l:c5|            ; 1 (1)       ; 0            ; 0           ; 0            ; 0       ; 0         ; 0         ; 0    ; 0            ; 1 (1)        ; 0 (0)             ; 0 (0)            ; 0 (0)           ; |cip64_6l|cip8_3l:c5 ;
;    |cip8_3l:c6|            ; 3 (3)       ; 0            ; 0           ; 0            ; 0       ; 0         ; 0         ; 0    ; 0            ; 3 (3)        ; 0 (0)             ; 0 (0)            ; 0 (0)           ; |cip64_6l|cip8_3l:c6 ;
;    |cip8_3l:c7|            ; 1 (1)       ; 0            ; 0           ; 0            ; 0       ; 0         ; 0         ; 0    ; 0            ; 1 (1)        ; 0 (0)             ; 0 (0)            ; 0 (0)           ; |cip64_6l|cip8_3l:c7 ;
;    |cip8_3l:c8|            ; 2 (2)       ; 0            ; 0           ; 0            ; 0       ; 0         ; 0         ; 0    ; 0            ; 2 (2)        ; 0 (0)             ; 0 (0)            ; 0 (0)           ; |cip64_6l|cip8_3l:c8 ;
+----------------------------+-------------+--------------+-------------+--------------+---------+-----------+-----------+------+--------------+--------------+-------------------+------------------+-----------------+----------------------+
Note: For table entries with two numbers listed, the numbers in parentheses indicate the number of resources of the given type used by the specific entity alone. The numbers listed outside of parentheses indicate the total resources of the given type used by the specific entity and all of its sub-entities in the hierarchy.


+----------------------------------------------------------------------------------------------------------------------------------------------------------------------------------------------------------------------------------------------------------+
; Delay Chain Summary                                                                                                                                                                                                                                      ;
+-------+----------+---------------+---------------+-----------------------+-------------------------+----------------------------------------+---------------------------------+--------------------------------+-----+------+----------------------------+
; Name  ; Pin Type ; Pad to Core 0 ; Pad to Core 1 ; Pad to Input Register ; Core to Output Register ; Clock Enable to Output Enable Register ; Clock Enable to Output Register ; Clock Enable to Input Register ; TCO ; TCOE ; Falling Edge Output Enable ;
+-------+----------+---------------+---------------+-----------------------+-------------------------+----------------------------------------+---------------------------------+--------------------------------+-----+------+----------------------------+
; ei    ; Input    ; ON            ; ON            ; --                    ; --                      ; --                                     ; --                              ; --                             ; --  ; --   ; --                         ;
; r[61] ; Input    ; ON            ; ON            ; --                    ; --                      ; --                                     ; --                              ; --                             ; --  ; --   ; --                         ;
; r[60] ; Input    ; ON            ; ON            ; --                    ; --                      ; --                                     ; --                              ; --                             ; --  ; --   ; --                         ;
; r[63] ; Input    ; ON            ; ON            ; --                    ; --                      ; --                                     ; --                              ; --                             ; --  ; --   ; --                         ;
; r[62] ; Input    ; ON            ; ON            ; --                    ; --                      ; --                                     ; --                              ; --                             ; --  ; --   ; --                         ;
; r[59] ; Input    ; ON            ; ON            ; --                    ; --                      ; --                                     ; --                              ; --                             ; --  ; --   ; --                         ;
; r[58] ; Input    ; ON            ; ON            ; --                    ; --                      ; --                                     ; --                              ; --                             ; --  ; --   ; --                         ;
; r[57] ; Input    ; ON            ; ON            ; --                    ; --                      ; --                                     ; --                              ; --                             ; --  ; --   ; --                         ;
; r[56] ; Input    ; ON            ; ON            ; --                    ; --                      ; --                                     ; --                              ; --                             ; --  ; --   ; --                         ;
; r[53] ; Input    ; ON            ; ON            ; --                    ; --                      ; --                                     ; --                              ; --                             ; --  ; --   ; --                         ;
; r[52] ; Input    ; ON            ; ON            ; --                    ; --                      ; --                                     ; --                              ; --                             ; --  ; --   ; --                         ;
; r[55] ; Input    ; ON            ; ON            ; --                    ; --                      ; --                                     ; --                              ; --                             ; --  ; --   ; --                         ;
; r[54] ; Input    ; ON            ; ON            ; --                    ; --                      ; --                                     ; --                              ; --                             ; --  ; --   ; --                         ;
; r[49] ; Input    ; ON            ; ON            ; --                    ; --                      ; --                                     ; --                              ; --                             ; --  ; --   ; --                         ;
; r[48] ; Input    ; ON            ; ON            ; --                    ; --                      ; --                                     ; --                              ; --                             ; --  ; --   ; --                         ;
; r[51] ; Input    ; ON            ; ON            ; --                    ; --                      ; --                                     ; --                              ; --                             ; --  ; --   ; --                         ;
; r[50] ; Input    ; ON            ; ON            ; --                    ; --                      ; --                                     ; --                              ; --                             ; --  ; --   ; --                         ;
; r[47] ; Input    ; ON            ; ON            ; --                    ; --                      ; --                                     ; --                              ; --                             ; --  ; --   ; --                         ;
; r[45] ; Input    ; ON            ; ON            ; --                    ; --                      ; --                                     ; --                              ; --                             ; --  ; --   ; --                         ;
; r[43] ; Input    ; ON            ; ON            ; --                    ; --                      ; --                                     ; --                              ; --                             ; --  ; --   ; --                         ;
; r[41] ; Input    ; ON            ; ON            ; --                    ; --                      ; --                                     ; --                              ; --                             ; --  ; --   ; --                         ;
; r[39] ; Input    ; ON            ; ON            ; --                    ; --                      ; --                                     ; --                              ; --                             ; --  ; --   ; --                         ;
; r[37] ; Input    ; ON            ; ON            ; --                    ; --                      ; --                                     ; --                              ; --                             ; --  ; --   ; --                         ;
; r[35] ; Input    ; ON            ; ON            ; --                    ; --                      ; --                                     ; --                              ; --                             ; --  ; --   ; --                         ;
; r[33] ; Input    ; ON            ; ON            ; --                    ; --                      ; --                                     ; --                              ; --                             ; --  ; --   ; --                         ;
; r[34] ; Input    ; ON            ; ON            ; --                    ; --                      ; --                                     ; --                              ; --                             ; --  ; --   ; --                         ;
; r[36] ; Input    ; ON            ; ON            ; --                    ; --                      ; --                                     ; --                              ; --                             ; --  ; --   ; --                         ;
; r[38] ; Input    ; ON            ; ON            ; --                    ; --                      ; --                                     ; --                              ; --                             ; --  ; --   ; --                         ;
; r[40] ; Input    ; ON            ; ON            ; --                    ; --                      ; --                                     ; --                              ; --                             ; --  ; --   ; --                         ;
; r[42] ; Input    ; ON            ; ON            ; --                    ; --                      ; --                                     ; --                              ; --                             ; --  ; --   ; --                         ;
; r[44] ; Input    ; ON            ; ON            ; --                    ; --                      ; --                                     ; --                              ; --                             ; --  ; --   ; --                         ;
; r[46] ; Input    ; ON            ; ON            ; --                    ; --                      ; --                                     ; --                              ; --                             ; --  ; --   ; --                         ;
; r[32] ; Input    ; ON            ; ON            ; --                    ; --                      ; --                                     ; --                              ; --                             ; --  ; --   ; --                         ;
; r[31] ; Input    ; ON            ; ON            ; --                    ; --                      ; --                                     ; --                              ; --                             ; --  ; --   ; --                         ;
; r[29] ; Input    ; ON            ; ON            ; --                    ; --                      ; --                                     ; --                              ; --                             ; --  ; --   ; --                         ;
; r[27] ; Input    ; ON            ; ON            ; --                    ; --                      ; --                                     ; --                              ; --                             ; --  ; --   ; --                         ;
; r[25] ; Input    ; ON            ; ON            ; --                    ; --                      ; --                                     ; --                              ; --                             ; --  ; --   ; --                         ;
; r[23] ; Input    ; ON            ; ON            ; --                    ; --                      ; --                                     ; --                              ; --                             ; --  ; --   ; --                         ;
; r[21] ; Input    ; ON            ; ON            ; --                    ; --                      ; --                                     ; --                              ; --                             ; --  ; --   ; --                         ;
; r[19] ; Input    ; ON            ; ON            ; --                    ; --                      ; --                                     ; --                              ; --                             ; --  ; --   ; --                         ;
; r[17] ; Input    ; ON            ; ON            ; --                    ; --                      ; --                                     ; --                              ; --                             ; --  ; --   ; --                         ;
; r[18] ; Input    ; ON            ; ON            ; --                    ; --                      ; --                                     ; --                              ; --                             ; --  ; --   ; --                         ;
; r[20] ; Input    ; ON            ; ON            ; --                    ; --                      ; --                                     ; --                              ; --                             ; --  ; --   ; --                         ;
; r[22] ; Input    ; ON            ; ON            ; --                    ; --                      ; --                                     ; --                              ; --                             ; --  ; --   ; --                         ;
; r[24] ; Input    ; ON            ; ON            ; --                    ; --                      ; --                                     ; --                              ; --                             ; --  ; --   ; --                         ;
; r[26] ; Input    ; ON            ; ON            ; --                    ; --                      ; --                                     ; --                              ; --                             ; --  ; --   ; --                         ;
; r[28] ; Input    ; ON            ; ON            ; --                    ; --                      ; --                                     ; --                              ; --                             ; --  ; --   ; --                         ;
; r[30] ; Input    ; ON            ; ON            ; --                    ; --                      ; --                                     ; --                              ; --                             ; --  ; --   ; --                         ;
; r[16] ; Input    ; ON            ; ON            ; --                    ; --                      ; --                                     ; --                              ; --                             ; --  ; --   ; --                         ;
; r[15] ; Input    ; ON            ; ON            ; --                    ; --                      ; --                                     ; --                              ; --                             ; --  ; --   ; --                         ;
; r[13] ; Input    ; ON            ; ON            ; --                    ; --                      ; --                                     ; --                              ; --                             ; --  ; --   ; --                         ;
; r[11] ; Input    ; ON            ; ON            ; --                    ; --                      ; --                                     ; --                              ; --                             ; --  ; --   ; --                         ;
; r[9]  ; Input    ; ON            ; ON            ; --                    ; --                      ; --                                     ; --                              ; --                             ; --  ; --   ; --                         ;
; r[7]  ; Input    ; ON            ; ON            ; --                    ; --                      ; --                                     ; --                              ; --                             ; --  ; --   ; --                         ;
; r[5]  ; Input    ; ON            ; ON            ; --                    ; --                      ; --                                     ; --                              ; --                             ; --  ; --   ; --                         ;
; r[3]  ; Input    ; ON            ; ON            ; --                    ; --                      ; --                                     ; --                              ; --                             ; --  ; --   ; --                         ;
; r[1]  ; Input    ; ON            ; ON            ; --                    ; --                      ; --                                     ; --                              ; --                             ; --  ; --   ; --                         ;
; r[2]  ; Input    ; ON            ; ON            ; --                    ; --                      ; --                                     ; --                              ; --                             ; --  ; --   ; --                         ;
; r[4]  ; Input    ; ON            ; ON            ; --                    ; --                      ; --                                     ; --                              ; --                             ; --  ; --   ; --                         ;
; r[6]  ; Input    ; ON            ; ON            ; --                    ; --                      ; --                                     ; --                              ; --                             ; --  ; --   ; --                         ;
; r[8]  ; Input    ; ON            ; ON            ; --                    ; --                      ; --                                     ; --                              ; --                             ; --  ; --   ; --                         ;
; r[10] ; Input    ; ON            ; ON            ; --                    ; --                      ; --                                     ; --                              ; --                             ; --  ; --   ; --                         ;
; r[12] ; Input    ; ON            ; ON            ; --                    ; --                      ; --                                     ; --                              ; --                             ; --  ; --   ; --                         ;
; r[14] ; Input    ; ON            ; ON            ; --                    ; --                      ; --                                     ; --                              ; --                             ; --  ; --   ; --                         ;
; r[0]  ; Input    ; ON            ; ON            ; --                    ; --                      ; --                                     ; --                              ; --                             ; --  ; --   ; --                         ;
; a[0]  ; Output   ; --            ; --            ; --                    ; --                      ; --                                     ; --                              ; --                             ; --  ; OFF  ; OFF                        ;
; a[1]  ; Output   ; --            ; --            ; --                    ; --                      ; --                                     ; --                              ; --                             ; --  ; OFF  ; OFF                        ;
; a[2]  ; Output   ; --            ; --            ; --                    ; --                      ; --                                     ; --                              ; --                             ; --  ; OFF  ; OFF                        ;
; a[3]  ; Output   ; --            ; --            ; --                    ; --                      ; --                                     ; --                              ; --                             ; --  ; OFF  ; OFF                        ;
; a[4]  ; Output   ; --            ; --            ; --                    ; --                      ; --                                     ; --                              ; --                             ; --  ; OFF  ; OFF                        ;
; a[5]  ; Output   ; --            ; --            ; --                    ; --                      ; --                                     ; --                              ; --                             ; --  ; OFF  ; OFF                        ;
; g     ; Output   ; --            ; --            ; --                    ; --                      ; --                                     ; --                              ; --                             ; --  ; OFF  ; OFF                        ;
; eo    ; Output   ; --            ; --            ; --                    ; --                      ; --                                     ; --                              ; --                             ; --  ; OFF  ; OFF                        ;
+-------+----------+---------------+---------------+-----------------------+-------------------------+----------------------------------------+---------------------------------+--------------------------------+-----+------+----------------------------+


+--------------------------------------------------------------+
; Pad To Core Delay Chain Fanout                               ;
+--------------------------------+-------------------+---------+
; Source Pin / Fanout            ; Pad To Core Index ; Setting ;
+--------------------------------+-------------------+---------+
; ei                             ;                   ;         ;
;      - ei2_2~16                ; 0                 ; ON      ;
;      - ei3_1~15                ; 0                 ; ON      ;
;      - a4_1~2755               ; 0                 ; ON      ;
;      - ei2_1~13                ; 0                 ; ON      ;
;      - a4_1~2776               ; 0                 ; ON      ;
;      - cip8_3l:c3|a[2]~57      ; 0                 ; ON      ;
;      - a4_1~2786               ; 0                 ; ON      ;
;      - cip8_3l:c4|g~30         ; 0                 ; ON      ;
;      - a4_1~2787               ; 0                 ; ON      ;
;      - g2_2~124                ; 0                 ; ON      ;
;      - g3_2~69                 ; 0                 ; ON      ;
;      - g4_1~71                 ; 0                 ; ON      ;
;      - a4_1~4                  ; 0                 ; ON      ;
; r[61]                          ;                   ;         ;
;      - cip8_3l:c8|process0~5   ; 0                 ; ON      ;
;      - a4_1~2754               ; 0                 ; ON      ;
;      - a4_1~2774               ; 0                 ; ON      ;
; r[60]                          ;                   ;         ;
;      - cip8_3l:c8|process0~5   ; 1                 ; ON      ;
;      - a4_1~2754               ; 1                 ; ON      ;
;      - a4_1~2775               ; 1                 ; ON      ;
; r[63]                          ;                   ;         ;
;      - cip8_3l:c8|process0~5   ; 0                 ; ON      ;
;      - a4_1~2755               ; 0                 ; ON      ;
;      - a4_1~2775               ; 0                 ; ON      ;
; r[62]                          ;                   ;         ;
;      - cip8_3l:c8|process0~5   ; 1                 ; ON      ;
;      - a4_1~2755               ; 1                 ; ON      ;
;      - a4_1~2775               ; 1                 ; ON      ;
; r[59]                          ;                   ;         ;
;      - cip8_3l:c8|process0~20  ; 1                 ; ON      ;
;      - a4_1~2754               ; 1                 ; ON      ;
;      - a4_1~2774               ; 1                 ; ON      ;
; r[58]                          ;                   ;         ;
;      - cip8_3l:c8|process0~20  ; 0                 ; ON      ;
;      - a4_1~2753               ; 0                 ; ON      ;
;      - a4_1~2774               ; 0                 ; ON      ;
; r[57]                          ;                   ;         ;
;      - a4_1~2738               ; 1                 ; ON      ;
;      - a4_1~2753               ; 1                 ; ON      ;
; r[56]                          ;                   ;         ;
;      - a4_1~2738               ; 1                 ; ON      ;
;      - a4_1~2753               ; 1                 ; ON      ;
; r[53]                          ;                   ;         ;
;      - cip8_3l:c7|process0~5   ; 0                 ; ON      ;
;      - a4_1~2752               ; 0                 ; ON      ;
;      - a4_1~2789               ; 0                 ; ON      ;
; r[52]                          ;                   ;         ;
;      - cip8_3l:c7|process0~5   ; 0                 ; ON      ;
;      - a4_1~2751               ; 0                 ; ON      ;
;      - a4_1~2789               ; 0                 ; ON      ;
; r[55]                          ;                   ;         ;
;      - cip8_3l:c7|process0~5   ; 1                 ; ON      ;
;      - a4_1~2752               ; 1                 ; ON      ;
;      - a4_1~2773               ; 1                 ; ON      ;
; r[54]                          ;                   ;         ;
;      - cip8_3l:c7|process0~5   ; 1                 ; ON      ;
;      - a4_1~2752               ; 1                 ; ON      ;
;      - a4_1~2773               ; 1                 ; ON      ;
; r[49]                          ;                   ;         ;
;      - g2_4~106                ; 0                 ; ON      ;
;      - a4_1~2751               ; 0                 ; ON      ;
; r[48]                          ;                   ;         ;
;      - g2_4~106                ; 1                 ; ON      ;
; r[51]                          ;                   ;         ;
;      - a4_1~2739               ; 0                 ; ON      ;
;      - a4_1~2751               ; 0                 ; ON      ;
;      - a4_1~2789               ; 0                 ; ON      ;
; r[50]                          ;                   ;         ;
;      - a4_1~2739               ; 1                 ; ON      ;
;      - a4_1~2751               ; 1                 ; ON      ;
;      - a4_1~2789               ; 1                 ; ON      ;
; r[47]                          ;                   ;         ;
;      - a4_1~2744               ; 1                 ; ON      ;
;      - cip8_3l:c6|process0~5   ; 1                 ; ON      ;
;      - a4_1~2772               ; 1                 ; ON      ;
; r[45]                          ;                   ;         ;
;      - a4_1~2743               ; 1                 ; ON      ;
;      - cip8_3l:c6|process0~5   ; 1                 ; ON      ;
;      - a4_1~2768               ; 1                 ; ON      ;
; r[43]                          ;                   ;         ;
;      - a4_1~2743               ; 1                 ; ON      ;
;      - cip8_3l:c6|process0~129 ; 1                 ; ON      ;
; r[41]                          ;                   ;         ;
;      - a4_1~2742               ; 0                 ; ON      ;
;      - cip8_3l:c6|process0~20  ; 0                 ; ON      ;
;      - a4_1~2771               ; 0                 ; ON      ;
; r[39]                          ;                   ;         ;
;      - a4_1~2741               ; 1                 ; ON      ;
;      - cip8_3l:c5|process0~5   ; 1                 ; ON      ;
;      - a4_1~2770               ; 1                 ; ON      ;
; r[37]                          ;                   ;         ;
;      - a4_1~2741               ; 0                 ; ON      ;
;      - cip8_3l:c5|process0~5   ; 0                 ; ON      ;
;      - a4_1~2769               ; 0                 ; ON      ;
; r[35]                          ;                   ;         ;
;      - a4_1~2740               ; 1                 ; ON      ;
;      - a4_1~2745               ; 1                 ; ON      ;
; r[33]                          ;                   ;         ;
;      - a4_1~2740               ; 0                 ; ON      ;
;      - g3_2~67                 ; 0                 ; ON      ;
; r[34]                          ;                   ;         ;
;      - a4_1~2740               ; 0                 ; ON      ;
;      - a4_1~2745               ; 0                 ; ON      ;
; r[36]                          ;                   ;         ;
;      - a4_1~2740               ; 1                 ; ON      ;
;      - cip8_3l:c5|process0~5   ; 1                 ; ON      ;
;      - a4_1~2769               ; 1                 ; ON      ;
; r[38]                          ;                   ;         ;
;      - a4_1~2741               ; 0                 ; ON      ;
;      - cip8_3l:c5|process0~5   ; 0                 ; ON      ;
;      - a4_1~2770               ; 0                 ; ON      ;
; r[40]                          ;                   ;         ;
;      - a4_1~2742               ; 0                 ; ON      ;
;      - cip8_3l:c6|process0~20  ; 0                 ; ON      ;
;      - a4_1~2771               ; 0                 ; ON      ;
; r[42]                          ;                   ;         ;
;      - a4_1~2742               ; 0                 ; ON      ;
;      - cip8_3l:c6|process0~129 ; 0                 ; ON      ;
; r[44]                          ;                   ;         ;
;      - a4_1~2743               ; 0                 ; ON      ;
;      - cip8_3l:c6|process0~5   ; 0                 ; ON      ;
;      - a4_1~2768               ; 0                 ; ON      ;
; r[46]                          ;                   ;         ;
;      - a4_1~2744               ; 0                 ; ON      ;
;      - cip8_3l:c6|process0~5   ; 0                 ; ON      ;
;      - a4_1~2772               ; 0                 ; ON      ;
; r[32]                          ;                   ;         ;
;      - g3_2~67                 ; 1                 ; ON      ;
; r[31]                          ;                   ;         ;
;      - a4_1~2750               ; 1                 ; ON      ;
;      - cip8_3l:c4|process0~5   ; 1                 ; ON      ;
;      - a4_1~2781               ; 1                 ; ON      ;
; r[29]                          ;                   ;         ;
;      - a4_1~2749               ; 1                 ; ON      ;
;      - cip8_3l:c4|process0~5   ; 1                 ; ON      ;
;      - a4_1~2777               ; 1                 ; ON      ;
; r[27]                          ;                   ;         ;
;      - a4_1~2749               ; 0                 ; ON      ;
;      - cip8_3l:c4|process0~129 ; 0                 ; ON      ;
; r[25]                          ;                   ;         ;
;      - a4_1~2748               ; 1                 ; ON      ;
;      - cip8_3l:c4|process0~20  ; 1                 ; ON      ;
;      - a4_1~2780               ; 1                 ; ON      ;
; r[23]                          ;                   ;         ;
;      - a4_1~2747               ; 1                 ; ON      ;
;      - cip8_3l:c3|process0~5   ; 1                 ; ON      ;
;      - a4_1~2779               ; 1                 ; ON      ;
; r[21]                          ;                   ;         ;
;      - a4_1~2747               ; 1                 ; ON      ;
;      - cip8_3l:c3|process0~5   ; 1                 ; ON      ;
;      - a4_1~2778               ; 1                 ; ON      ;
; r[19]                          ;                   ;         ;
;      - a4_1~2746               ; 1                 ; ON      ;
;      - a4_1~2756               ; 1                 ; ON      ;
; r[17]                          ;                   ;         ;
;      - a4_1~2746               ; 0                 ; ON      ;
;      - g2_2~123                ; 0                 ; ON      ;
; r[18]                          ;                   ;         ;
;      - a4_1~2746               ; 0                 ; ON      ;
;      - a4_1~2756               ; 0                 ; ON      ;
; r[20]                          ;                   ;         ;
;      - a4_1~2746               ; 0                 ; ON      ;
;      - cip8_3l:c3|process0~5   ; 0                 ; ON      ;
;      - a4_1~2778               ; 0                 ; ON      ;
; r[22]                          ;                   ;         ;
;      - a4_1~2747               ; 0                 ; ON      ;
;      - cip8_3l:c3|process0~5   ; 0                 ; ON      ;
;      - a4_1~2779               ; 0                 ; ON      ;
; r[24]                          ;                   ;         ;
;      - a4_1~2748               ; 0                 ; ON      ;
;      - cip8_3l:c4|process0~20  ; 0                 ; ON      ;
;      - a4_1~2780               ; 0                 ; ON      ;
; r[26]                          ;                   ;         ;
;      - a4_1~2748               ; 1                 ; ON      ;
;      - cip8_3l:c4|process0~129 ; 1                 ; ON      ;
; r[28]                          ;                   ;         ;
;      - a4_1~2749               ; 1                 ; ON      ;
;      - cip8_3l:c4|process0~5   ; 1                 ; ON      ;
;      - a4_1~2777               ; 1                 ; ON      ;
; r[30]                          ;                   ;         ;
;      - a4_1~2750               ; 1                 ; ON      ;
;      - cip8_3l:c4|process0~5   ; 1                 ; ON      ;
;      - a4_1~2781               ; 1                 ; ON      ;
; r[16]                          ;                   ;         ;
;      - g2_2~123                ; 0                 ; ON      ;
; r[15]                          ;                   ;         ;
;      - a4_1~2761               ; 1                 ; ON      ;
;      - a4_1~2767               ; 1                 ; ON      ;
;      - cip8_3l:c2|process0~5   ; 1                 ; ON      ;
; r[13]                          ;                   ;         ;
;      - a4_1~2760               ; 0                 ; ON      ;
;      - a4_1~2766               ; 0                 ; ON      ;
;      - cip8_3l:c2|process0~5   ; 0                 ; ON      ;
; r[11]                          ;                   ;         ;
;      - a4_1~2760               ; 1                 ; ON      ;
;      - cip8_3l:c2|process0~127 ; 1                 ; ON      ;
; r[9]                           ;                   ;         ;
;      - a4_1~2759               ; 0                 ; ON      ;
;      - a4_1~2765               ; 0                 ; ON      ;
;      - cip8_3l:c2|process0~20  ; 0                 ; ON      ;
; r[7]                           ;                   ;         ;
;      - a4_1~2758               ; 0                 ; ON      ;
;      - a4_1~2764               ; 0                 ; ON      ;
;      - cip8_3l:c1|process0~5   ; 0                 ; ON      ;
; r[5]                           ;                   ;         ;
;      - a4_1~2758               ; 0                 ; ON      ;
;      - a4_1~2763               ; 0                 ; ON      ;
;      - cip8_3l:c1|process0~5   ; 0                 ; ON      ;
; r[3]                           ;                   ;         ;
;      - a4_1~2757               ; 1                 ; ON      ;
;      - a4_1~2763               ; 1                 ; ON      ;
;      - g4_1~69                 ; 1                 ; ON      ;
; r[1]                           ;                   ;         ;
;      - a4_1~2757               ; 1                 ; ON      ;
;      - g4_1~69                 ; 1                 ; ON      ;
; r[2]                           ;                   ;         ;
;      - a4_1~2757               ; 1                 ; ON      ;
;      - a4_1~2763               ; 1                 ; ON      ;
;      - g4_1~69                 ; 1                 ; ON      ;
; r[4]                           ;                   ;         ;
;      - a4_1~2757               ; 0                 ; ON      ;
;      - a4_1~2763               ; 0                 ; ON      ;
;      - cip8_3l:c1|process0~5   ; 0                 ; ON      ;
; r[6]                           ;                   ;         ;
;      - a4_1~2758               ; 1                 ; ON      ;
;      - a4_1~2764               ; 1                 ; ON      ;
;      - cip8_3l:c1|process0~5   ; 1                 ; ON      ;
; r[8]                           ;                   ;         ;
;      - a4_1~2759               ; 0                 ; ON      ;
;      - a4_1~2765               ; 0                 ; ON      ;
;      - cip8_3l:c2|process0~20  ; 0                 ; ON      ;
; r[10]                          ;                   ;         ;
;      - a4_1~2759               ; 1                 ; ON      ;
;      - cip8_3l:c2|process0~127 ; 1                 ; ON      ;
; r[12]                          ;                   ;         ;
;      - a4_1~2760               ; 1                 ; ON      ;
;      - a4_1~2766               ; 1                 ; ON      ;
;      - cip8_3l:c2|process0~5   ; 1                 ; ON      ;
; r[14]                          ;                   ;         ;
;      - a4_1~2761               ; 0                 ; ON      ;
;      - a4_1~2767               ; 0                 ; ON      ;
;      - cip8_3l:c2|process0~5   ; 0                 ; ON      ;
; r[0]                           ;                   ;         ;
;      - g4_1~69                 ; 1                 ; ON      ;
+--------------------------------+-------------------+---------+


+----------------------------------+
; Non-Global High Fan-Out Signals  ;
+------------------------+---------+
; Name                   ; Fan-Out ;
+------------------------+---------+
; ei                     ; 13      ;
; g3_2~68                ; 6       ;
; cip8_3l:c8|process0~20 ; 6       ;
; ei2_1~13               ; 5       ;
; g2_4~106               ; 5       ;
; cip8_3l:c4|process0~20 ; 4       ;
; cip8_3l:c6|process0~20 ; 4       ;
; r[14]                  ; 3       ;
; r[12]                  ; 3       ;
; r[8]                   ; 3       ;
; r[6]                   ; 3       ;
; r[4]                   ; 3       ;
; r[2]                   ; 3       ;
; r[3]                   ; 3       ;
; r[5]                   ; 3       ;
; r[7]                   ; 3       ;
; r[9]                   ; 3       ;
; r[13]                  ; 3       ;
; r[15]                  ; 3       ;
; r[30]                  ; 3       ;
; r[28]                  ; 3       ;
; r[24]                  ; 3       ;
; r[22]                  ; 3       ;
; r[20]                  ; 3       ;
; r[21]                  ; 3       ;
; r[23]                  ; 3       ;
; r[25]                  ; 3       ;
; r[29]                  ; 3       ;
; r[31]                  ; 3       ;
; r[46]                  ; 3       ;
; r[44]                  ; 3       ;
; r[40]                  ; 3       ;
; r[38]                  ; 3       ;
; r[36]                  ; 3       ;
; r[37]                  ; 3       ;
; r[39]                  ; 3       ;
; r[41]                  ; 3       ;
; r[45]                  ; 3       ;
; r[47]                  ; 3       ;
; r[50]                  ; 3       ;
; r[51]                  ; 3       ;
; r[54]                  ; 3       ;
; r[55]                  ; 3       ;
; r[52]                  ; 3       ;
; r[53]                  ; 3       ;
; r[58]                  ; 3       ;
; r[59]                  ; 3       ;
; r[62]                  ; 3       ;
; r[63]                  ; 3       ;
; r[60]                  ; 3       ;
+------------------------+---------+


+-----------------------------------------------------+
; Interconnect Usage Summary                          ;
+-----------------------------+-----------------------+
; Interconnect Resource Type  ; Usage                 ;
+-----------------------------+-----------------------+
; C16 interconnects           ; 7 / 2,286 ( < 1 % )   ;
; C4 interconnects            ; 60 / 31,320 ( < 1 % ) ;
; C8 interconnects            ; 29 / 7,272 ( < 1 % )  ;
; DIFFIOCLKs                  ; 0 / 16 ( 0 % )        ;
; DQS bus muxes               ; 0 / 56 ( 0 % )        ;
; DQS-32 I/O buses            ; 0 / 4 ( 0 % )         ;
; DQS-8 I/O buses             ; 0 / 16 ( 0 % )        ;
; Direct links                ; 9 / 44,740 ( < 1 % )  ;
; Fast regional clocks        ; 0 / 8 ( 0 % )         ;
; Global clocks               ; 0 / 16 ( 0 % )        ;
; I/O buses                   ; 0 / 208 ( 0 % )       ;
; LUT chains                  ; 13 / 9,513 ( < 1 % )  ;
; Local routing interconnects ; 37 / 10,570 ( < 1 % ) ;
; R24 interconnects           ; 1 / 2,280 ( < 1 % )   ;
; R4 interconnects            ; 31 / 62,520 ( < 1 % ) ;
; R8 interconnects            ; 31 / 10,410 ( < 1 % ) ;
; Regional clocks             ; 0 / 16 ( 0 % )        ;
+-----------------------------+-----------------------+


+---------------------------------------------------------------------------+
; LAB Logic Elements                                                        ;
+--------------------------------------------+------------------------------+
; Number of Logic Elements  (Average = 6.46) ; Number of LABs  (Total = 13) ;
+--------------------------------------------+------------------------------+
; 1                                          ; 4                            ;
; 2                                          ; 0                            ;
; 3                                          ; 0                            ;
; 4                                          ; 0                            ;
; 5                                          ; 1                            ;
; 6                                          ; 1                            ;
; 7                                          ; 0                            ;
; 8                                          ; 0                            ;
; 9                                          ; 1                            ;
; 10                                         ; 6                            ;
+--------------------------------------------+------------------------------+


+----------------------------------------------------------------------------+
; LAB Signals Sourced                                                        ;
+---------------------------------------------+------------------------------+
; Number of Signals Sourced  (Average = 6.46) ; Number of LABs  (Total = 13) ;
+---------------------------------------------+------------------------------+
; 0                                           ; 0                            ;
; 1                                           ; 4                            ;
; 2                                           ; 0                            ;
; 3                                           ; 0                            ;
; 4                                           ; 0                            ;
; 5                                           ; 1                            ;
; 6                                           ; 1                            ;
; 7                                           ; 0                            ;
; 8                                           ; 0                            ;
; 9                                           ; 1                            ;
; 10                                          ; 6                            ;
+---------------------------------------------+------------------------------+


+--------------------------------------------------------------------------------+
; LAB Signals Sourced Out                                                        ;
+-------------------------------------------------+------------------------------+
; Number of Signals Sourced Out  (Average = 3.46) ; Number of LABs  (Total = 13) ;
+-------------------------------------------------+------------------------------+
; 0                                               ; 0                            ;
; 1                                               ; 4                            ;
; 2                                               ; 0                            ;
; 3                                               ; 0                            ;
; 4                                               ; 5                            ;
; 5                                               ; 3                            ;
; 6                                               ; 1                            ;
+-------------------------------------------------+------------------------------+


+----------------------------------------------------------------------------+
; LAB Distinct Inputs                                                        ;
+---------------------------------------------+------------------------------+
; Number of Distinct Inputs  (Average = 9.85) ; Number of LABs  (Total = 13) ;
+---------------------------------------------+------------------------------+
; 0                                           ; 0                            ;
; 1                                           ; 0                            ;
; 2                                           ; 4                            ;
; 3                                           ; 0                            ;
; 4                                           ; 0                            ;
; 5                                           ; 0                            ;
; 6                                           ; 0                            ;
; 7                                           ; 1                            ;
; 8                                           ; 1                            ;
; 9                                           ; 0                            ;
; 10                                          ; 0                            ;
; 11                                          ; 0                            ;
; 12                                          ; 0                            ;
; 13                                          ; 0                            ;
; 14                                          ; 3                            ;
; 15                                          ; 2                            ;
; 16                                          ; 1                            ;
; 17                                          ; 1                            ;
+---------------------------------------------+------------------------------+


+-----------------+
; Fitter Messages ;
+-----------------+
Info: *******************************************************************
Info: Running Quartus II Fitter
    Info: Version 5.0 Build 148 04/26/2005 SJ Full Version
    Info: Processing started: Mon Nov 09 21:41:50 2020
Info: Command: quartus_fit --read_settings_files=off --write_settings_files=off cip64_6l -c cip64_6l
Info: Auto device selection -- successful I/O standard check for EP1S10F484C5
Info: Auto device selection -- successful PCI I/O clamp diode check for EP1S10F484C5
Info: Automatically selected device EP1S10F484C5 for design cip64_6l
Info: Fitter is performing an Auto Fit compilation, which may decrease Fitter effort to reduce compilation time
Info: Device migration not selected. If you intend to use device migration later, you may need to change the pin assignments as they may be incompatible with other devices. 
    Info: Device EP1S20F484C5 is compatible
Info: No exact pin location assignment(s) for 73 pins of 73 total pins
    Info: Pin a[0] not assigned to an exact location on the device
    Info: Pin a[1] not assigned to an exact location on the device
    Info: Pin a[2] not assigned to an exact location on the device
    Info: Pin a[3] not assigned to an exact location on the device
    Info: Pin a[4] not assigned to an exact location on the device
    Info: Pin a[5] not assigned to an exact location on the device
    Info: Pin g not assigned to an exact location on the device
    Info: Pin eo not assigned to an exact location on the device
    Info: Pin ei not assigned to an exact location on the device
    Info: Pin r[61] not assigned to an exact location on the device
    Info: Pin r[60] not assigned to an exact location on the device
    Info: Pin r[63] not assigned to an exact location on the device
    Info: Pin r[62] not assigned to an exact location on the device
    Info: Pin r[59] not assigned to an exact location on the device
    Info: Pin r[58] not assigned to an exact location on the device
    Info: Pin r[57] not assigned to an exact location on the device
    Info: Pin r[56] not assigned to an exact location on the device
    Info: Pin r[53] not assigned to an exact location on the device
    Info: Pin r[52] not assigned to an exact location on the device
    Info: Pin r[55] not assigned to an exact location on the device
    Info: Pin r[54] not assigned to an exact location on the device
    Info: Pin r[49] not assigned to an exact location on the device
    Info: Pin r[48] not assigned to an exact location on the device
    Info: Pin r[51] not assigned to an exact location on the device
    Info: Pin r[50] not assigned to an exact location on the device
    Info: Pin r[47] not assigned to an exact location on the device
    Info: Pin r[45] not assigned to an exact location on the device
    Info: Pin r[43] not assigned to an exact location on the device
    Info: Pin r[41] not assigned to an exact location on the device
    Info: Pin r[39] not assigned to an exact location on the device
    Info: Pin r[37] not assigned to an exact location on the device
    Info: Pin r[35] not assigned to an exact location on the device
    Info: Pin r[33] not assigned to an exact location on the device
    Info: Pin r[34] not assigned to an exact location on the device
    Info: Pin r[36] not assigned to an exact location on the device
    Info: Pin r[38] not assigned to an exact location on the device
    Info: Pin r[40] not assigned to an exact location on the device
    Info: Pin r[42] not assigned to an exact location on the device
    Info: Pin r[44] not assigned to an exact location on the device
    Info: Pin r[46] not assigned to an exact location on the device
    Info: Pin r[32] not assigned to an exact location on the device
    Info: Pin r[31] not assigned to an exact location on the device
    Info: Pin r[29] not assigned to an exact location on the device
    Info: Pin r[27] not assigned to an exact location on the device
    Info: Pin r[25] not assigned to an exact location on the device
    Info: Pin r[23] not assigned to an exact location on the device
    Info: Pin r[21] not assigned to an exact location on the device
    Info: Pin r[19] not assigned to an exact location on the device
    Info: Pin r[17] not assigned to an exact location on the device
    Info: Pin r[18] not assigned to an exact location on the device
    Info: Pin r[20] not assigned to an exact location on the device
    Info: Pin r[22] not assigned to an exact location on the device
    Info: Pin r[24] not assigned to an exact location on the device
    Info: Pin r[26] not assigned to an exact location on the device
    Info: Pin r[28] not assigned to an exact location on the device
    Info: Pin r[30] not assigned to an exact location on the device
    Info: Pin r[16] not assigned to an exact location on the device
    Info: Pin r[15] not assigned to an exact location on the device
    Info: Pin r[13] not assigned to an exact location on the device
    Info: Pin r[11] not assigned to an exact location on the device
    Info: Pin r[9] not assigned to an exact location on the device
    Info: Pin r[7] not assigned to an exact location on the device
    Info: Pin r[5] not assigned to an exact location on the device
    Info: Pin r[3] not assigned to an exact location on the device
    Info: Pin r[1] not assigned to an exact location on the device
    Info: Pin r[2] not assigned to an exact location on the device
    Info: Pin r[4] not assigned to an exact location on the device
    Info: Pin r[6] not assigned to an exact location on the device
    Info: Pin r[8] not assigned to an exact location on the device
    Info: Pin r[10] not assigned to an exact location on the device
    Info: Pin r[12] not assigned to an exact location on the device
    Info: Pin r[14] not assigned to an exact location on the device
    Info: Pin r[0] not assigned to an exact location on the device
Info: Timing requirements not specified -- optimizing circuit to achieve the following default global requirements
    Info: Assuming a global fmax requirement of 1 MHz
    Info: Not setting a global tsu requirement
    Info: Not setting a global tco requirement
    Info: Not setting a global tpd requirement
Info: Performing register packing on registers with non-logic cell location assignments
Info: Completed register packing on registers with non-logic cell location assignments
Info: Completed User Assigned Global Signals Promotion Operation
Info: Completed Auto Global Promotion Operation
Info: Starting register packing
Info: Started Fast Input/Output/OE register processing
Info: Finished Fast Input/Output/OE register processing
Info: Start inferring scan chains for DSP blocks
Info: Inferring scan chains for DSP blocks is complete
Info: Fitter is using Normal packing mode for logic elements with Auto setting for Auto Packed Registers logic option
Info: Moving registers into I/O cells, LUTs, RAM blocks, and DSP blocks to improve timing and density
Info: Finished moving registers into LUTs, I/O cells, DSP blocks, and RAM blocks
Info: Finished register packing
Info: Statistics of I/O pins that need to be placed that use the same VCCIO and VREF, before I/O pin placement
    Info: Number of I/O pins in group: 73 (unused VREF, 3.30 VCCIO, 65 input, 8 output, 0 bidirectional)
        Info: I/O standards used: LVTTL.
Info: I/O bank details before I/O pin placement
    Info: Statistics of I/O banks
        Info: I/O bank number 1 does not use VREF pins and has unused VCCIO pins. 0 total pin(s) used --  29 pins available
        Info: I/O bank number 2 does not use VREF pins and has unused VCCIO pins. 0 total pin(s) used --  30 pins available
        Info: I/O bank number 3 does not use VREF pins and has unused VCCIO pins. 0 total pin(s) used --  51 pins available
        Info: I/O bank number 4 does not use VREF pins and has unused VCCIO pins. 1 total pin(s) used --  51 pins available
        Info: I/O bank number 5 does not use VREF pins and has unused VCCIO pins. 0 total pin(s) used --  29 pins available
        Info: I/O bank number 6 does not use VREF pins and has unused VCCIO pins. 0 total pin(s) used --  29 pins available
        Info: I/O bank number 7 does not use VREF pins and has unused VCCIO pins. 0 total pin(s) used --  52 pins available
        Info: I/O bank number 8 does not use VREF pins and has unused VCCIO pins. 0 total pin(s) used --  51 pins available
        Info: I/O bank number 9 does not use VREF pins and has unused VCCIO pins. 0 total pin(s) used --  6 pins available
        Info: I/O bank number 10 does not use VREF pins and has unused VCCIO pins. 0 total pin(s) used --  0 pins available
        Info: I/O bank number 11 does not use VREF pins and has unused VCCIO pins. 0 total pin(s) used --  6 pins available
        Info: I/O bank number 12 does not use VREF pins and has unused VCCIO pins. 0 total pin(s) used --  0 pins available
Info: Fitter placement preparation operations beginning
Info: Fitter placement preparation operations ending: elapsed time is 00:00:00
Info: Fitter placement operations beginning
Info: Fitter placement was successful
Info: Fitter placement operations ending: elapsed time is 00:00:00
Info: Fitter routing operations beginning
Info: Average interconnect usage is 0% of the available device resources. Peak interconnect usage is 1%.
Info: Fitter routing operations ending: elapsed time is 00:00:00
Info: Fitter performed an Auto Fit compilation. Optimizations were skipped to reduce compilation time.
Info: Completed Fixed Delay Chain Operation
Info: Started post-fitting delay annotation
Info: Delay annotation completed successfully
Info: Completed Auto Delay Chain Operation
Info: Quartus II Fitter was successful. 0 errors, 0 warnings
    Info: Processing ended: Mon Nov 09 21:41:53 2020
    Info: Elapsed time: 00:00:03


