Timing Analyzer report for laba1_vhdl
Tue Feb 26 23:00:25 2019
Version 5.0 Build 148 04/26/2005 SJ Full Version


---------------------
; Table of Contents ;
---------------------
  1. Legal Notice
  2. Timing Analyzer Summary
  3. Timing Analyzer Settings
  4. Clock Settings Summary
  5. Clock Setup: 'clock'
  6. tsu
  7. tco
  8. tpd
  9. th
 10. Timing Analyzer Messages



----------------
; Legal Notice ;
----------------
Copyright (C) 1991-2005 Altera Corporation
Your use of Altera Corporation's design tools, logic functions 
and other software and tools, and its AMPP partner logic       
functions, and any output files any of the foregoing           
(including device programming or simulation files), and any    
associated documentation or information are expressly subject  
to the terms and conditions of the Altera Program License      
Subscription Agreement, Altera MegaCore Function License       
Agreement, or other applicable license agreement, including,   
without limitation, that your use is for the sole purpose of   
programming logic devices manufactured by Altera and sold by   
Altera or its authorized distributors.  Please refer to the    
applicable agreement for further details.



+----------------------------------------------------------------------------------------------------------------------------------------------------------------------------------------------------------------------------------------------------------------------------------------------------------------------------------------------+
; Timing Analyzer Summary                                                                                                                                                                                                                                                                                                                      ;
+------------------------------+-------+---------------+----------------------------------+------------------------------------------------------------------------------------------+------------------------------------------------------------------------------------------------------------------+------------+----------+--------------+
; Type                         ; Slack ; Required Time ; Actual Time                      ; From                                                                                     ; To                                                                                                               ; From Clock ; To Clock ; Failed Paths ;
+------------------------------+-------+---------------+----------------------------------+------------------------------------------------------------------------------------------+------------------------------------------------------------------------------------------------------------------+------------+----------+--------------+
; Worst-case tsu               ; N/A   ; None          ; 7.638 ns                         ; query                                                                                    ; altshift_taps:dffs_rtl_0|shift_taps_ujg:auto_generated|altsyncram_uru:altsyncram2|ram_block3a0~porta_datain_reg6 ;            ; clock    ; 0            ;
; Worst-case tco               ; N/A   ; None          ; 8.778 ns                         ; altshift_taps:dffs_rtl_0|shift_taps_ujg:auto_generated|altsyncram_uru:altsyncram2|q_b[6] ; synchro                                                                                                          ; clock      ;          ; 0            ;
; Worst-case tpd               ; N/A   ; None          ; 10.056 ns                        ; kks[5]                                                                                   ; synchro                                                                                                          ;            ;          ; 0            ;
; Worst-case th                ; N/A   ; None          ; -2.296 ns                        ; query                                                                                    ; get~reg0                                                                                                         ;            ; clock    ; 0            ;
; Clock Setup: 'clock'         ; N/A   ; None          ; 173.13 MHz ( period = 5.776 ns ) ; getVal                                                                                   ; altshift_taps:dffs_rtl_0|shift_taps_ujg:auto_generated|altsyncram_uru:altsyncram2|ram_block3a0~porta_datain_reg6 ; clock      ; clock    ; 0            ;
; Total number of failed paths ;       ;               ;                                  ;                                                                                          ;                                                                                                                  ;            ;          ; 0            ;
+------------------------------+-------+---------------+----------------------------------+------------------------------------------------------------------------------------------+------------------------------------------------------------------------------------------------------------------+------------+----------+--------------+


+------------------------------------------------------------------------------------------------------+
; Timing Analyzer Settings                                                                             ;
+-------------------------------------------------------+--------------------+------+----+-------------+
; Option                                                ; Setting            ; From ; To ; Entity Name ;
+-------------------------------------------------------+--------------------+------+----+-------------+
; Device Name                                           ; EP1S10F484C5       ;      ;    ;             ;
; Timing Models                                         ; Final              ;      ;    ;             ;
; Number of source nodes to report per destination node ; 10                 ;      ;    ;             ;
; Number of destination nodes to report                 ; 10                 ;      ;    ;             ;
; Number of paths to report                             ; 200                ;      ;    ;             ;
; Report Minimum Timing Checks                          ; Off                ;      ;    ;             ;
; Use Fast Timing Models                                ; Off                ;      ;    ;             ;
; Report IO Paths Separately                            ; Off                ;      ;    ;             ;
; Default hold multicycle                               ; Same as Multicycle ;      ;    ;             ;
; Cut paths between unrelated clock domains             ; On                 ;      ;    ;             ;
; Cut off read during write signal paths                ; On                 ;      ;    ;             ;
; Cut off feedback from I/O pins                        ; On                 ;      ;    ;             ;
; Report Combined Fast/Slow Timing                      ; Off                ;      ;    ;             ;
; Ignore Clock Settings                                 ; Off                ;      ;    ;             ;
; Analyze latches as synchronous elements               ; Off                ;      ;    ;             ;
; Enable Recovery/Removal analysis                      ; Off                ;      ;    ;             ;
; Enable Clock Latency                                  ; Off                ;      ;    ;             ;
+-------------------------------------------------------+--------------------+------+----+-------------+


+------------------------------------------------------------------------------------------------------------------------------------------------------------------------------------+
; Clock Settings Summary                                                                                                                                                             ;
+-----------------+--------------------+----------+------------------+---------------+--------------+----------+-----------------------+---------------------+--------+--------------+
; Clock Node Name ; Clock Setting Name ; Type     ; Fmax Requirement ; Early Latency ; Late Latency ; Based on ; Multiply Base Fmax by ; Divide Base Fmax by ; Offset ; Phase offset ;
+-----------------+--------------------+----------+------------------+---------------+--------------+----------+-----------------------+---------------------+--------+--------------+
; clock           ;                    ; User Pin ; NONE             ; 0.000 ns      ; 0.000 ns     ; NONE     ; N/A                   ; N/A                 ; N/A    ;              ;
+-----------------+--------------------+----------+------------------+---------------+--------------+----------+-----------------------+---------------------+--------+--------------+


+--------------------------------------------------------------------------------------------------------------------------------------------------------------------------------------------------------------------------------------------------------------------------------------------------------------------------------------------------------------------------------------------------------------------------------------------------+
; Clock Setup: 'clock'                                                                                                                                                                                                                                                                                                                                                                                                                             ;
+-----------------------------------------+-----------------------------------------------------+-------------------------------------------------------------------------------------------------------------------+------------------------------------------------------------------------------------------------------------------+------------+----------+-----------------------------+---------------------------+-------------------------+
; Slack                                   ; Actual fmax (period)                                ; From                                                                                                              ; To                                                                                                               ; From Clock ; To Clock ; Required Setup Relationship ; Required Longest P2P Time ; Actual Longest P2P Time ;
+-----------------------------------------+-----------------------------------------------------+-------------------------------------------------------------------------------------------------------------------+------------------------------------------------------------------------------------------------------------------+------------+----------+-----------------------------+---------------------------+-------------------------+
; N/A                                     ; 173.13 MHz ( period = 5.776 ns )                    ; getVal                                                                                                            ; altshift_taps:dffs_rtl_0|shift_taps_ujg:auto_generated|altsyncram_uru:altsyncram2|ram_block3a0~porta_datain_reg6 ; clock      ; clock    ; None                        ; None                      ; 5.287 ns                ;
; N/A                                     ; 175.96 MHz ( period = 5.683 ns )                    ; getVal                                                                                                            ; altshift_taps:dffs_rtl_0|shift_taps_ujg:auto_generated|altsyncram_uru:altsyncram2|ram_block3a0~porta_datain_reg4 ; clock      ; clock    ; None                        ; None                      ; 5.194 ns                ;
; N/A                                     ; 176.74 MHz ( period = 5.658 ns )                    ; getVal                                                                                                            ; altshift_taps:dffs_rtl_0|shift_taps_ujg:auto_generated|altsyncram_uru:altsyncram2|ram_block3a0~porta_datain_reg1 ; clock      ; clock    ; None                        ; None                      ; 5.169 ns                ;
; N/A                                     ; 177.59 MHz ( period = 5.631 ns )                    ; getVal                                                                                                            ; altshift_taps:dffs_rtl_0|shift_taps_ujg:auto_generated|altsyncram_uru:altsyncram2|ram_block3a0~porta_datain_reg7 ; clock      ; clock    ; None                        ; None                      ; 5.142 ns                ;
; N/A                                     ; 177.78 MHz ( period = 5.625 ns )                    ; getVal                                                                                                            ; altshift_taps:dffs_rtl_0|shift_taps_ujg:auto_generated|altsyncram_uru:altsyncram2|ram_block3a0~porta_datain_reg2 ; clock      ; clock    ; None                        ; None                      ; 5.136 ns                ;
; N/A                                     ; 177.81 MHz ( period = 5.624 ns )                    ; getVal                                                                                                            ; altshift_taps:dffs_rtl_0|shift_taps_ujg:auto_generated|altsyncram_uru:altsyncram2|ram_block3a0~porta_datain_reg5 ; clock      ; clock    ; None                        ; None                      ; 5.135 ns                ;
; N/A                                     ; 179.31 MHz ( period = 5.577 ns )                    ; getVal                                                                                                            ; altshift_taps:dffs_rtl_0|shift_taps_ujg:auto_generated|altsyncram_uru:altsyncram2|ram_block3a0~porta_datain_reg3 ; clock      ; clock    ; None                        ; None                      ; 5.088 ns                ;
; N/A                                     ; 181.46 MHz ( period = 5.511 ns )                    ; altshift_taps:dffs_rtl_0|shift_taps_ujg:auto_generated|altsyncram_uru:altsyncram2|q_b[6]                          ; altshift_taps:dffs_rtl_0|shift_taps_ujg:auto_generated|altsyncram_uru:altsyncram2|ram_block3a0~porta_datain_reg6 ; clock      ; clock    ; None                        ; None                      ; 4.877 ns                ;
; N/A                                     ; 181.72 MHz ( period = 5.503 ns )                    ; altshift_taps:dffs_rtl_0|shift_taps_ujg:auto_generated|altsyncram_uru:altsyncram2|q_b[5]                          ; altshift_taps:dffs_rtl_0|shift_taps_ujg:auto_generated|altsyncram_uru:altsyncram2|ram_block3a0~porta_datain_reg6 ; clock      ; clock    ; None                        ; None                      ; 4.869 ns                ;
; N/A                                     ; 183.22 MHz ( period = 5.458 ns )                    ; getVal                                                                                                            ; altshift_taps:dffs_rtl_0|shift_taps_ujg:auto_generated|altsyncram_uru:altsyncram2|ram_block3a0~porta_datain_reg0 ; clock      ; clock    ; None                        ; None                      ; 4.969 ns                ;
; N/A                                     ; 184.57 MHz ( period = 5.418 ns )                    ; altshift_taps:dffs_rtl_0|shift_taps_ujg:auto_generated|altsyncram_uru:altsyncram2|q_b[6]                          ; altshift_taps:dffs_rtl_0|shift_taps_ujg:auto_generated|altsyncram_uru:altsyncram2|ram_block3a0~porta_datain_reg4 ; clock      ; clock    ; None                        ; None                      ; 4.784 ns                ;
; N/A                                     ; 184.84 MHz ( period = 5.410 ns )                    ; altshift_taps:dffs_rtl_0|shift_taps_ujg:auto_generated|altsyncram_uru:altsyncram2|q_b[5]                          ; altshift_taps:dffs_rtl_0|shift_taps_ujg:auto_generated|altsyncram_uru:altsyncram2|ram_block3a0~porta_datain_reg4 ; clock      ; clock    ; None                        ; None                      ; 4.776 ns                ;
; N/A                                     ; 185.43 MHz ( period = 5.393 ns )                    ; altshift_taps:dffs_rtl_0|shift_taps_ujg:auto_generated|altsyncram_uru:altsyncram2|q_b[6]                          ; altshift_taps:dffs_rtl_0|shift_taps_ujg:auto_generated|altsyncram_uru:altsyncram2|ram_block3a0~porta_datain_reg1 ; clock      ; clock    ; None                        ; None                      ; 4.759 ns                ;
; N/A                                     ; 185.70 MHz ( period = 5.385 ns )                    ; altshift_taps:dffs_rtl_0|shift_taps_ujg:auto_generated|altsyncram_uru:altsyncram2|q_b[5]                          ; altshift_taps:dffs_rtl_0|shift_taps_ujg:auto_generated|altsyncram_uru:altsyncram2|ram_block3a0~porta_datain_reg1 ; clock      ; clock    ; None                        ; None                      ; 4.751 ns                ;
; N/A                                     ; 185.77 MHz ( period = 5.383 ns )                    ; altshift_taps:dffs_rtl_0|shift_taps_ujg:auto_generated|altsyncram_uru:altsyncram2|q_b[7]                          ; altshift_taps:dffs_rtl_0|shift_taps_ujg:auto_generated|altsyncram_uru:altsyncram2|ram_block3a0~porta_datain_reg6 ; clock      ; clock    ; None                        ; None                      ; 4.749 ns                ;
; N/A                                     ; 186.36 MHz ( period = 5.366 ns )                    ; altshift_taps:dffs_rtl_0|shift_taps_ujg:auto_generated|altsyncram_uru:altsyncram2|q_b[6]                          ; altshift_taps:dffs_rtl_0|shift_taps_ujg:auto_generated|altsyncram_uru:altsyncram2|ram_block3a0~porta_datain_reg7 ; clock      ; clock    ; None                        ; None                      ; 4.732 ns                ;
; N/A                                     ; 186.57 MHz ( period = 5.360 ns )                    ; altshift_taps:dffs_rtl_0|shift_taps_ujg:auto_generated|altsyncram_uru:altsyncram2|q_b[6]                          ; altshift_taps:dffs_rtl_0|shift_taps_ujg:auto_generated|altsyncram_uru:altsyncram2|ram_block3a0~porta_datain_reg2 ; clock      ; clock    ; None                        ; None                      ; 4.726 ns                ;
; N/A                                     ; 186.60 MHz ( period = 5.359 ns )                    ; altshift_taps:dffs_rtl_0|shift_taps_ujg:auto_generated|altsyncram_uru:altsyncram2|q_b[6]                          ; altshift_taps:dffs_rtl_0|shift_taps_ujg:auto_generated|altsyncram_uru:altsyncram2|ram_block3a0~porta_datain_reg5 ; clock      ; clock    ; None                        ; None                      ; 4.725 ns                ;
; N/A                                     ; 186.64 MHz ( period = 5.358 ns )                    ; altshift_taps:dffs_rtl_0|shift_taps_ujg:auto_generated|altsyncram_uru:altsyncram2|q_b[5]                          ; altshift_taps:dffs_rtl_0|shift_taps_ujg:auto_generated|altsyncram_uru:altsyncram2|ram_block3a0~porta_datain_reg7 ; clock      ; clock    ; None                        ; None                      ; 4.724 ns                ;
; N/A                                     ; 186.85 MHz ( period = 5.352 ns )                    ; altshift_taps:dffs_rtl_0|shift_taps_ujg:auto_generated|altsyncram_uru:altsyncram2|q_b[5]                          ; altshift_taps:dffs_rtl_0|shift_taps_ujg:auto_generated|altsyncram_uru:altsyncram2|ram_block3a0~porta_datain_reg2 ; clock      ; clock    ; None                        ; None                      ; 4.718 ns                ;
; N/A                                     ; 186.88 MHz ( period = 5.351 ns )                    ; altshift_taps:dffs_rtl_0|shift_taps_ujg:auto_generated|altsyncram_uru:altsyncram2|q_b[5]                          ; altshift_taps:dffs_rtl_0|shift_taps_ujg:auto_generated|altsyncram_uru:altsyncram2|ram_block3a0~porta_datain_reg5 ; clock      ; clock    ; None                        ; None                      ; 4.717 ns                ;
; N/A                                     ; 187.79 MHz ( period = 5.325 ns )                    ; altshift_taps:dffs_rtl_0|shift_taps_ujg:auto_generated|altsyncram_uru:altsyncram2|q_b[4]                          ; altshift_taps:dffs_rtl_0|shift_taps_ujg:auto_generated|altsyncram_uru:altsyncram2|ram_block3a0~porta_datain_reg6 ; clock      ; clock    ; None                        ; None                      ; 4.691 ns                ;
; N/A                                     ; 188.25 MHz ( period = 5.312 ns )                    ; altshift_taps:dffs_rtl_0|shift_taps_ujg:auto_generated|altsyncram_uru:altsyncram2|q_b[6]                          ; altshift_taps:dffs_rtl_0|shift_taps_ujg:auto_generated|altsyncram_uru:altsyncram2|ram_block3a0~porta_datain_reg3 ; clock      ; clock    ; None                        ; None                      ; 4.678 ns                ;
; N/A                                     ; 188.54 MHz ( period = 5.304 ns )                    ; altshift_taps:dffs_rtl_0|shift_taps_ujg:auto_generated|altsyncram_uru:altsyncram2|q_b[5]                          ; altshift_taps:dffs_rtl_0|shift_taps_ujg:auto_generated|altsyncram_uru:altsyncram2|ram_block3a0~porta_datain_reg3 ; clock      ; clock    ; None                        ; None                      ; 4.670 ns                ;
; N/A                                     ; 189.04 MHz ( period = 5.290 ns )                    ; altshift_taps:dffs_rtl_0|shift_taps_ujg:auto_generated|altsyncram_uru:altsyncram2|q_b[7]                          ; altshift_taps:dffs_rtl_0|shift_taps_ujg:auto_generated|altsyncram_uru:altsyncram2|ram_block3a0~porta_datain_reg4 ; clock      ; clock    ; None                        ; None                      ; 4.656 ns                ;
; N/A                                     ; 189.29 MHz ( period = 5.283 ns )                    ; altshift_taps:dffs_rtl_0|shift_taps_ujg:auto_generated|altsyncram_uru:altsyncram2|q_b[1]                          ; altshift_taps:dffs_rtl_0|shift_taps_ujg:auto_generated|altsyncram_uru:altsyncram2|ram_block3a0~porta_datain_reg6 ; clock      ; clock    ; None                        ; None                      ; 4.649 ns                ;
; N/A                                     ; 189.93 MHz ( period = 5.265 ns )                    ; altshift_taps:dffs_rtl_0|shift_taps_ujg:auto_generated|altsyncram_uru:altsyncram2|q_b[7]                          ; altshift_taps:dffs_rtl_0|shift_taps_ujg:auto_generated|altsyncram_uru:altsyncram2|ram_block3a0~porta_datain_reg1 ; clock      ; clock    ; None                        ; None                      ; 4.631 ns                ;
; N/A                                     ; 190.91 MHz ( period = 5.238 ns )                    ; altshift_taps:dffs_rtl_0|shift_taps_ujg:auto_generated|altsyncram_uru:altsyncram2|q_b[7]                          ; altshift_taps:dffs_rtl_0|shift_taps_ujg:auto_generated|altsyncram_uru:altsyncram2|ram_block3a0~porta_datain_reg7 ; clock      ; clock    ; None                        ; None                      ; 4.604 ns                ;
; N/A                                     ; 191.13 MHz ( period = 5.232 ns )                    ; altshift_taps:dffs_rtl_0|shift_taps_ujg:auto_generated|altsyncram_uru:altsyncram2|q_b[4]                          ; altshift_taps:dffs_rtl_0|shift_taps_ujg:auto_generated|altsyncram_uru:altsyncram2|ram_block3a0~porta_datain_reg4 ; clock      ; clock    ; None                        ; None                      ; 4.598 ns                ;
; N/A                                     ; 191.13 MHz ( period = 5.232 ns )                    ; altshift_taps:dffs_rtl_0|shift_taps_ujg:auto_generated|altsyncram_uru:altsyncram2|q_b[7]                          ; altshift_taps:dffs_rtl_0|shift_taps_ujg:auto_generated|altsyncram_uru:altsyncram2|ram_block3a0~porta_datain_reg2 ; clock      ; clock    ; None                        ; None                      ; 4.598 ns                ;
; N/A                                     ; 191.17 MHz ( period = 5.231 ns )                    ; altshift_taps:dffs_rtl_0|shift_taps_ujg:auto_generated|altsyncram_uru:altsyncram2|q_b[7]                          ; altshift_taps:dffs_rtl_0|shift_taps_ujg:auto_generated|altsyncram_uru:altsyncram2|ram_block3a0~porta_datain_reg5 ; clock      ; clock    ; None                        ; None                      ; 4.597 ns                ;
; N/A                                     ; 192.05 MHz ( period = 5.207 ns )                    ; altshift_taps:dffs_rtl_0|shift_taps_ujg:auto_generated|altsyncram_uru:altsyncram2|q_b[4]                          ; altshift_taps:dffs_rtl_0|shift_taps_ujg:auto_generated|altsyncram_uru:altsyncram2|ram_block3a0~porta_datain_reg1 ; clock      ; clock    ; None                        ; None                      ; 4.573 ns                ;
; N/A                                     ; 192.57 MHz ( period = 5.193 ns )                    ; altshift_taps:dffs_rtl_0|shift_taps_ujg:auto_generated|altsyncram_uru:altsyncram2|q_b[6]                          ; altshift_taps:dffs_rtl_0|shift_taps_ujg:auto_generated|altsyncram_uru:altsyncram2|ram_block3a0~porta_datain_reg0 ; clock      ; clock    ; None                        ; None                      ; 4.559 ns                ;
; N/A                                     ; 192.68 MHz ( period = 5.190 ns )                    ; altshift_taps:dffs_rtl_0|shift_taps_ujg:auto_generated|altsyncram_uru:altsyncram2|q_b[1]                          ; altshift_taps:dffs_rtl_0|shift_taps_ujg:auto_generated|altsyncram_uru:altsyncram2|ram_block3a0~porta_datain_reg4 ; clock      ; clock    ; None                        ; None                      ; 4.556 ns                ;
; N/A                                     ; 192.86 MHz ( period = 5.185 ns )                    ; altshift_taps:dffs_rtl_0|shift_taps_ujg:auto_generated|altsyncram_uru:altsyncram2|q_b[5]                          ; altshift_taps:dffs_rtl_0|shift_taps_ujg:auto_generated|altsyncram_uru:altsyncram2|ram_block3a0~porta_datain_reg0 ; clock      ; clock    ; None                        ; None                      ; 4.551 ns                ;
; N/A                                     ; 192.90 MHz ( period = 5.184 ns )                    ; altshift_taps:dffs_rtl_0|shift_taps_ujg:auto_generated|altsyncram_uru:altsyncram2|q_b[7]                          ; altshift_taps:dffs_rtl_0|shift_taps_ujg:auto_generated|altsyncram_uru:altsyncram2|ram_block3a0~porta_datain_reg3 ; clock      ; clock    ; None                        ; None                      ; 4.550 ns                ;
; N/A                                     ; 193.05 MHz ( period = 5.180 ns )                    ; altshift_taps:dffs_rtl_0|shift_taps_ujg:auto_generated|altsyncram_uru:altsyncram2|q_b[4]                          ; altshift_taps:dffs_rtl_0|shift_taps_ujg:auto_generated|altsyncram_uru:altsyncram2|ram_block3a0~porta_datain_reg7 ; clock      ; clock    ; None                        ; None                      ; 4.546 ns                ;
; N/A                                     ; 193.27 MHz ( period = 5.174 ns )                    ; altshift_taps:dffs_rtl_0|shift_taps_ujg:auto_generated|altsyncram_uru:altsyncram2|q_b[4]                          ; altshift_taps:dffs_rtl_0|shift_taps_ujg:auto_generated|altsyncram_uru:altsyncram2|ram_block3a0~porta_datain_reg2 ; clock      ; clock    ; None                        ; None                      ; 4.540 ns                ;
; N/A                                     ; 193.31 MHz ( period = 5.173 ns )                    ; altshift_taps:dffs_rtl_0|shift_taps_ujg:auto_generated|altsyncram_uru:altsyncram2|q_b[4]                          ; altshift_taps:dffs_rtl_0|shift_taps_ujg:auto_generated|altsyncram_uru:altsyncram2|ram_block3a0~porta_datain_reg5 ; clock      ; clock    ; None                        ; None                      ; 4.539 ns                ;
; N/A                                     ; 193.54 MHz ( period = 5.167 ns )                    ; altshift_taps:dffs_rtl_0|shift_taps_ujg:auto_generated|altsyncram_uru:altsyncram2|q_b[0]                          ; altshift_taps:dffs_rtl_0|shift_taps_ujg:auto_generated|altsyncram_uru:altsyncram2|ram_block3a0~porta_datain_reg6 ; clock      ; clock    ; None                        ; None                      ; 4.533 ns                ;
; N/A                                     ; 193.61 MHz ( period = 5.165 ns )                    ; altshift_taps:dffs_rtl_0|shift_taps_ujg:auto_generated|altsyncram_uru:altsyncram2|q_b[1]                          ; altshift_taps:dffs_rtl_0|shift_taps_ujg:auto_generated|altsyncram_uru:altsyncram2|ram_block3a0~porta_datain_reg1 ; clock      ; clock    ; None                        ; None                      ; 4.531 ns                ;
; N/A                                     ; 194.63 MHz ( period = 5.138 ns )                    ; altshift_taps:dffs_rtl_0|shift_taps_ujg:auto_generated|altsyncram_uru:altsyncram2|q_b[1]                          ; altshift_taps:dffs_rtl_0|shift_taps_ujg:auto_generated|altsyncram_uru:altsyncram2|ram_block3a0~porta_datain_reg7 ; clock      ; clock    ; None                        ; None                      ; 4.504 ns                ;
; N/A                                     ; 194.86 MHz ( period = 5.132 ns )                    ; altshift_taps:dffs_rtl_0|shift_taps_ujg:auto_generated|altsyncram_uru:altsyncram2|q_b[1]                          ; altshift_taps:dffs_rtl_0|shift_taps_ujg:auto_generated|altsyncram_uru:altsyncram2|ram_block3a0~porta_datain_reg2 ; clock      ; clock    ; None                        ; None                      ; 4.498 ns                ;
; N/A                                     ; 194.89 MHz ( period = 5.131 ns )                    ; altshift_taps:dffs_rtl_0|shift_taps_ujg:auto_generated|altsyncram_uru:altsyncram2|q_b[1]                          ; altshift_taps:dffs_rtl_0|shift_taps_ujg:auto_generated|altsyncram_uru:altsyncram2|ram_block3a0~porta_datain_reg5 ; clock      ; clock    ; None                        ; None                      ; 4.497 ns                ;
; N/A                                     ; 195.08 MHz ( period = 5.126 ns )                    ; altshift_taps:dffs_rtl_0|shift_taps_ujg:auto_generated|altsyncram_uru:altsyncram2|q_b[4]                          ; altshift_taps:dffs_rtl_0|shift_taps_ujg:auto_generated|altsyncram_uru:altsyncram2|ram_block3a0~porta_datain_reg3 ; clock      ; clock    ; None                        ; None                      ; 4.492 ns                ;
; N/A                                     ; 195.62 MHz ( period = 5.112 ns )                    ; altshift_taps:dffs_rtl_0|shift_taps_ujg:auto_generated|altsyncram_uru:altsyncram2|q_b[2]                          ; altshift_taps:dffs_rtl_0|shift_taps_ujg:auto_generated|altsyncram_uru:altsyncram2|ram_block3a0~porta_datain_reg6 ; clock      ; clock    ; None                        ; None                      ; 4.478 ns                ;
; N/A                                     ; 196.70 MHz ( period = 5.084 ns )                    ; altshift_taps:dffs_rtl_0|shift_taps_ujg:auto_generated|altsyncram_uru:altsyncram2|q_b[1]                          ; altshift_taps:dffs_rtl_0|shift_taps_ujg:auto_generated|altsyncram_uru:altsyncram2|ram_block3a0~porta_datain_reg3 ; clock      ; clock    ; None                        ; None                      ; 4.450 ns                ;
; N/A                                     ; 197.08 MHz ( period = 5.074 ns )                    ; altshift_taps:dffs_rtl_0|shift_taps_ujg:auto_generated|altsyncram_uru:altsyncram2|q_b[0]                          ; altshift_taps:dffs_rtl_0|shift_taps_ujg:auto_generated|altsyncram_uru:altsyncram2|ram_block3a0~porta_datain_reg4 ; clock      ; clock    ; None                        ; None                      ; 4.440 ns                ;
; N/A                                     ; 197.43 MHz ( period = 5.065 ns )                    ; altshift_taps:dffs_rtl_0|shift_taps_ujg:auto_generated|altsyncram_uru:altsyncram2|q_b[7]                          ; altshift_taps:dffs_rtl_0|shift_taps_ujg:auto_generated|altsyncram_uru:altsyncram2|ram_block3a0~porta_datain_reg0 ; clock      ; clock    ; None                        ; None                      ; 4.431 ns                ;
; N/A                                     ; 198.06 MHz ( period = 5.049 ns )                    ; altshift_taps:dffs_rtl_0|shift_taps_ujg:auto_generated|altsyncram_uru:altsyncram2|q_b[0]                          ; altshift_taps:dffs_rtl_0|shift_taps_ujg:auto_generated|altsyncram_uru:altsyncram2|ram_block3a0~porta_datain_reg1 ; clock      ; clock    ; None                        ; None                      ; 4.415 ns                ;
; N/A                                     ; 199.12 MHz ( period = 5.022 ns )                    ; altshift_taps:dffs_rtl_0|shift_taps_ujg:auto_generated|altsyncram_uru:altsyncram2|q_b[0]                          ; altshift_taps:dffs_rtl_0|shift_taps_ujg:auto_generated|altsyncram_uru:altsyncram2|ram_block3a0~porta_datain_reg7 ; clock      ; clock    ; None                        ; None                      ; 4.388 ns                ;
; N/A                                     ; 199.24 MHz ( period = 5.019 ns )                    ; altshift_taps:dffs_rtl_0|shift_taps_ujg:auto_generated|altsyncram_uru:altsyncram2|q_b[2]                          ; altshift_taps:dffs_rtl_0|shift_taps_ujg:auto_generated|altsyncram_uru:altsyncram2|ram_block3a0~porta_datain_reg4 ; clock      ; clock    ; None                        ; None                      ; 4.385 ns                ;
; N/A                                     ; 199.36 MHz ( period = 5.016 ns )                    ; altshift_taps:dffs_rtl_0|shift_taps_ujg:auto_generated|altsyncram_uru:altsyncram2|q_b[0]                          ; altshift_taps:dffs_rtl_0|shift_taps_ujg:auto_generated|altsyncram_uru:altsyncram2|ram_block3a0~porta_datain_reg2 ; clock      ; clock    ; None                        ; None                      ; 4.382 ns                ;
; N/A                                     ; 199.40 MHz ( period = 5.015 ns )                    ; altshift_taps:dffs_rtl_0|shift_taps_ujg:auto_generated|altsyncram_uru:altsyncram2|q_b[0]                          ; altshift_taps:dffs_rtl_0|shift_taps_ujg:auto_generated|altsyncram_uru:altsyncram2|ram_block3a0~porta_datain_reg5 ; clock      ; clock    ; None                        ; None                      ; 4.381 ns                ;
; N/A                                     ; 199.72 MHz ( period = 5.007 ns )                    ; altshift_taps:dffs_rtl_0|shift_taps_ujg:auto_generated|altsyncram_uru:altsyncram2|q_b[4]                          ; altshift_taps:dffs_rtl_0|shift_taps_ujg:auto_generated|altsyncram_uru:altsyncram2|ram_block3a0~porta_datain_reg0 ; clock      ; clock    ; None                        ; None                      ; 4.373 ns                ;
; N/A                                     ; 200.24 MHz ( period = 4.994 ns )                    ; altshift_taps:dffs_rtl_0|shift_taps_ujg:auto_generated|altsyncram_uru:altsyncram2|q_b[2]                          ; altshift_taps:dffs_rtl_0|shift_taps_ujg:auto_generated|altsyncram_uru:altsyncram2|ram_block3a0~porta_datain_reg1 ; clock      ; clock    ; None                        ; None                      ; 4.360 ns                ;
; N/A                                     ; 201.29 MHz ( period = 4.968 ns )                    ; altshift_taps:dffs_rtl_0|shift_taps_ujg:auto_generated|altsyncram_uru:altsyncram2|q_b[0]                          ; altshift_taps:dffs_rtl_0|shift_taps_ujg:auto_generated|altsyncram_uru:altsyncram2|ram_block3a0~porta_datain_reg3 ; clock      ; clock    ; None                        ; None                      ; 4.334 ns                ;
; N/A                                     ; 201.33 MHz ( period = 4.967 ns )                    ; altshift_taps:dffs_rtl_0|shift_taps_ujg:auto_generated|altsyncram_uru:altsyncram2|q_b[2]                          ; altshift_taps:dffs_rtl_0|shift_taps_ujg:auto_generated|altsyncram_uru:altsyncram2|ram_block3a0~porta_datain_reg7 ; clock      ; clock    ; None                        ; None                      ; 4.333 ns                ;
; N/A                                     ; 201.41 MHz ( period = 4.965 ns )                    ; altshift_taps:dffs_rtl_0|shift_taps_ujg:auto_generated|altsyncram_uru:altsyncram2|q_b[1]                          ; altshift_taps:dffs_rtl_0|shift_taps_ujg:auto_generated|altsyncram_uru:altsyncram2|ram_block3a0~porta_datain_reg0 ; clock      ; clock    ; None                        ; None                      ; 4.331 ns                ;
; N/A                                     ; 201.57 MHz ( period = 4.961 ns )                    ; altshift_taps:dffs_rtl_0|shift_taps_ujg:auto_generated|altsyncram_uru:altsyncram2|q_b[2]                          ; altshift_taps:dffs_rtl_0|shift_taps_ujg:auto_generated|altsyncram_uru:altsyncram2|ram_block3a0~porta_datain_reg2 ; clock      ; clock    ; None                        ; None                      ; 4.327 ns                ;
; N/A                                     ; 201.61 MHz ( period = 4.960 ns )                    ; altshift_taps:dffs_rtl_0|shift_taps_ujg:auto_generated|altsyncram_uru:altsyncram2|q_b[2]                          ; altshift_taps:dffs_rtl_0|shift_taps_ujg:auto_generated|altsyncram_uru:altsyncram2|ram_block3a0~porta_datain_reg5 ; clock      ; clock    ; None                        ; None                      ; 4.326 ns                ;
; N/A                                     ; 203.54 MHz ( period = 4.913 ns )                    ; altshift_taps:dffs_rtl_0|shift_taps_ujg:auto_generated|altsyncram_uru:altsyncram2|q_b[2]                          ; altshift_taps:dffs_rtl_0|shift_taps_ujg:auto_generated|altsyncram_uru:altsyncram2|ram_block3a0~porta_datain_reg3 ; clock      ; clock    ; None                        ; None                      ; 4.279 ns                ;
; N/A                                     ; 206.23 MHz ( period = 4.849 ns )                    ; altshift_taps:dffs_rtl_0|shift_taps_ujg:auto_generated|altsyncram_uru:altsyncram2|q_b[0]                          ; altshift_taps:dffs_rtl_0|shift_taps_ujg:auto_generated|altsyncram_uru:altsyncram2|ram_block3a0~porta_datain_reg0 ; clock      ; clock    ; None                        ; None                      ; 4.215 ns                ;
; N/A                                     ; 207.73 MHz ( period = 4.814 ns )                    ; altshift_taps:dffs_rtl_0|shift_taps_ujg:auto_generated|altsyncram_uru:altsyncram2|q_b[3]                          ; altshift_taps:dffs_rtl_0|shift_taps_ujg:auto_generated|altsyncram_uru:altsyncram2|ram_block3a0~porta_datain_reg6 ; clock      ; clock    ; None                        ; None                      ; 4.180 ns                ;
; N/A                                     ; 208.59 MHz ( period = 4.794 ns )                    ; altshift_taps:dffs_rtl_0|shift_taps_ujg:auto_generated|altsyncram_uru:altsyncram2|q_b[2]                          ; altshift_taps:dffs_rtl_0|shift_taps_ujg:auto_generated|altsyncram_uru:altsyncram2|ram_block3a0~porta_datain_reg0 ; clock      ; clock    ; None                        ; None                      ; 4.160 ns                ;
; N/A                                     ; 211.82 MHz ( period = 4.721 ns )                    ; altshift_taps:dffs_rtl_0|shift_taps_ujg:auto_generated|altsyncram_uru:altsyncram2|q_b[3]                          ; altshift_taps:dffs_rtl_0|shift_taps_ujg:auto_generated|altsyncram_uru:altsyncram2|ram_block3a0~porta_datain_reg4 ; clock      ; clock    ; None                        ; None                      ; 4.087 ns                ;
; N/A                                     ; 212.95 MHz ( period = 4.696 ns )                    ; altshift_taps:dffs_rtl_0|shift_taps_ujg:auto_generated|altsyncram_uru:altsyncram2|q_b[3]                          ; altshift_taps:dffs_rtl_0|shift_taps_ujg:auto_generated|altsyncram_uru:altsyncram2|ram_block3a0~porta_datain_reg1 ; clock      ; clock    ; None                        ; None                      ; 4.062 ns                ;
; N/A                                     ; 212.99 MHz ( period = 4.695 ns )                    ; counter[3]                                                                                                        ; altshift_taps:dffs_rtl_0|shift_taps_ujg:auto_generated|altsyncram_uru:altsyncram2|ram_block3a0~porta_datain_reg6 ; clock      ; clock    ; None                        ; None                      ; 4.206 ns                ;
; N/A                                     ; 214.18 MHz ( period = 4.669 ns )                    ; altshift_taps:dffs_rtl_0|shift_taps_ujg:auto_generated|altsyncram_uru:altsyncram2|q_b[3]                          ; altshift_taps:dffs_rtl_0|shift_taps_ujg:auto_generated|altsyncram_uru:altsyncram2|ram_block3a0~porta_datain_reg7 ; clock      ; clock    ; None                        ; None                      ; 4.035 ns                ;
; N/A                                     ; 214.45 MHz ( period = 4.663 ns )                    ; altshift_taps:dffs_rtl_0|shift_taps_ujg:auto_generated|altsyncram_uru:altsyncram2|q_b[3]                          ; altshift_taps:dffs_rtl_0|shift_taps_ujg:auto_generated|altsyncram_uru:altsyncram2|ram_block3a0~porta_datain_reg2 ; clock      ; clock    ; None                        ; None                      ; 4.029 ns                ;
; N/A                                     ; 214.50 MHz ( period = 4.662 ns )                    ; altshift_taps:dffs_rtl_0|shift_taps_ujg:auto_generated|altsyncram_uru:altsyncram2|q_b[3]                          ; altshift_taps:dffs_rtl_0|shift_taps_ujg:auto_generated|altsyncram_uru:altsyncram2|ram_block3a0~porta_datain_reg5 ; clock      ; clock    ; None                        ; None                      ; 4.028 ns                ;
; N/A                                     ; 216.68 MHz ( period = 4.615 ns )                    ; altshift_taps:dffs_rtl_0|shift_taps_ujg:auto_generated|altsyncram_uru:altsyncram2|q_b[3]                          ; altshift_taps:dffs_rtl_0|shift_taps_ujg:auto_generated|altsyncram_uru:altsyncram2|ram_block3a0~porta_datain_reg3 ; clock      ; clock    ; None                        ; None                      ; 3.981 ns                ;
; N/A                                     ; 217.30 MHz ( period = 4.602 ns )                    ; counter[3]                                                                                                        ; altshift_taps:dffs_rtl_0|shift_taps_ujg:auto_generated|altsyncram_uru:altsyncram2|ram_block3a0~porta_datain_reg4 ; clock      ; clock    ; None                        ; None                      ; 4.113 ns                ;
; N/A                                     ; 218.48 MHz ( period = 4.577 ns )                    ; counter[3]                                                                                                        ; altshift_taps:dffs_rtl_0|shift_taps_ujg:auto_generated|altsyncram_uru:altsyncram2|ram_block3a0~porta_datain_reg1 ; clock      ; clock    ; None                        ; None                      ; 4.088 ns                ;
; N/A                                     ; 219.78 MHz ( period = 4.550 ns )                    ; counter[3]                                                                                                        ; altshift_taps:dffs_rtl_0|shift_taps_ujg:auto_generated|altsyncram_uru:altsyncram2|ram_block3a0~porta_datain_reg7 ; clock      ; clock    ; None                        ; None                      ; 4.061 ns                ;
; N/A                                     ; 220.07 MHz ( period = 4.544 ns )                    ; counter[3]                                                                                                        ; altshift_taps:dffs_rtl_0|shift_taps_ujg:auto_generated|altsyncram_uru:altsyncram2|ram_block3a0~porta_datain_reg2 ; clock      ; clock    ; None                        ; None                      ; 4.055 ns                ;
; N/A                                     ; 220.12 MHz ( period = 4.543 ns )                    ; counter[3]                                                                                                        ; altshift_taps:dffs_rtl_0|shift_taps_ujg:auto_generated|altsyncram_uru:altsyncram2|ram_block3a0~porta_datain_reg5 ; clock      ; clock    ; None                        ; None                      ; 4.054 ns                ;
; N/A                                     ; 222.42 MHz ( period = 4.496 ns )                    ; counter[3]                                                                                                        ; altshift_taps:dffs_rtl_0|shift_taps_ujg:auto_generated|altsyncram_uru:altsyncram2|ram_block3a0~porta_datain_reg3 ; clock      ; clock    ; None                        ; None                      ; 4.007 ns                ;
; N/A                                     ; 222.42 MHz ( period = 4.496 ns )                    ; altshift_taps:dffs_rtl_0|shift_taps_ujg:auto_generated|altsyncram_uru:altsyncram2|q_b[3]                          ; altshift_taps:dffs_rtl_0|shift_taps_ujg:auto_generated|altsyncram_uru:altsyncram2|ram_block3a0~porta_datain_reg0 ; clock      ; clock    ; None                        ; None                      ; 3.862 ns                ;
; N/A                                     ; 225.84 MHz ( period = 4.428 ns )                    ; counter[2]                                                                                                        ; altshift_taps:dffs_rtl_0|shift_taps_ujg:auto_generated|altsyncram_uru:altsyncram2|ram_block3a0~porta_datain_reg6 ; clock      ; clock    ; None                        ; None                      ; 3.939 ns                ;
; N/A                                     ; 228.31 MHz ( period = 4.380 ns )                    ; counter[0]                                                                                                        ; altshift_taps:dffs_rtl_0|shift_taps_ujg:auto_generated|altsyncram_uru:altsyncram2|ram_block3a0~porta_datain_reg6 ; clock      ; clock    ; None                        ; None                      ; 3.891 ns                ;
; N/A                                     ; 228.47 MHz ( period = 4.377 ns )                    ; counter[3]                                                                                                        ; altshift_taps:dffs_rtl_0|shift_taps_ujg:auto_generated|altsyncram_uru:altsyncram2|ram_block3a0~porta_datain_reg0 ; clock      ; clock    ; None                        ; None                      ; 3.888 ns                ;
; N/A                                     ; 230.68 MHz ( period = 4.335 ns )                    ; counter[2]                                                                                                        ; altshift_taps:dffs_rtl_0|shift_taps_ujg:auto_generated|altsyncram_uru:altsyncram2|ram_block3a0~porta_datain_reg4 ; clock      ; clock    ; None                        ; None                      ; 3.846 ns                ;
; N/A                                     ; 232.02 MHz ( period = 4.310 ns )                    ; counter[2]                                                                                                        ; altshift_taps:dffs_rtl_0|shift_taps_ujg:auto_generated|altsyncram_uru:altsyncram2|ram_block3a0~porta_datain_reg1 ; clock      ; clock    ; None                        ; None                      ; 3.821 ns                ;
; N/A                                     ; 233.26 MHz ( period = 4.287 ns )                    ; counter[0]                                                                                                        ; altshift_taps:dffs_rtl_0|shift_taps_ujg:auto_generated|altsyncram_uru:altsyncram2|ram_block3a0~porta_datain_reg4 ; clock      ; clock    ; None                        ; None                      ; 3.798 ns                ;
; N/A                                     ; 233.48 MHz ( period = 4.283 ns )                    ; counter[2]                                                                                                        ; altshift_taps:dffs_rtl_0|shift_taps_ujg:auto_generated|altsyncram_uru:altsyncram2|ram_block3a0~porta_datain_reg7 ; clock      ; clock    ; None                        ; None                      ; 3.794 ns                ;
; N/A                                     ; 233.81 MHz ( period = 4.277 ns )                    ; counter[2]                                                                                                        ; altshift_taps:dffs_rtl_0|shift_taps_ujg:auto_generated|altsyncram_uru:altsyncram2|ram_block3a0~porta_datain_reg2 ; clock      ; clock    ; None                        ; None                      ; 3.788 ns                ;
; N/A                                     ; 233.86 MHz ( period = 4.276 ns )                    ; counter[2]                                                                                                        ; altshift_taps:dffs_rtl_0|shift_taps_ujg:auto_generated|altsyncram_uru:altsyncram2|ram_block3a0~porta_datain_reg5 ; clock      ; clock    ; None                        ; None                      ; 3.787 ns                ;
; N/A                                     ; 234.63 MHz ( period = 4.262 ns )                    ; counter[0]                                                                                                        ; altshift_taps:dffs_rtl_0|shift_taps_ujg:auto_generated|altsyncram_uru:altsyncram2|ram_block3a0~porta_datain_reg1 ; clock      ; clock    ; None                        ; None                      ; 3.773 ns                ;
; N/A                                     ; 236.13 MHz ( period = 4.235 ns )                    ; counter[0]                                                                                                        ; altshift_taps:dffs_rtl_0|shift_taps_ujg:auto_generated|altsyncram_uru:altsyncram2|ram_block3a0~porta_datain_reg7 ; clock      ; clock    ; None                        ; None                      ; 3.746 ns                ;
; N/A                                     ; 236.46 MHz ( period = 4.229 ns )                    ; counter[2]                                                                                                        ; altshift_taps:dffs_rtl_0|shift_taps_ujg:auto_generated|altsyncram_uru:altsyncram2|ram_block3a0~porta_datain_reg3 ; clock      ; clock    ; None                        ; None                      ; 3.740 ns                ;
; N/A                                     ; 236.46 MHz ( period = 4.229 ns )                    ; counter[0]                                                                                                        ; altshift_taps:dffs_rtl_0|shift_taps_ujg:auto_generated|altsyncram_uru:altsyncram2|ram_block3a0~porta_datain_reg2 ; clock      ; clock    ; None                        ; None                      ; 3.740 ns                ;
; N/A                                     ; 236.52 MHz ( period = 4.228 ns )                    ; counter[0]                                                                                                        ; altshift_taps:dffs_rtl_0|shift_taps_ujg:auto_generated|altsyncram_uru:altsyncram2|ram_block3a0~porta_datain_reg5 ; clock      ; clock    ; None                        ; None                      ; 3.739 ns                ;
; N/A                                     ; 239.18 MHz ( period = 4.181 ns )                    ; counter[0]                                                                                                        ; altshift_taps:dffs_rtl_0|shift_taps_ujg:auto_generated|altsyncram_uru:altsyncram2|ram_block3a0~porta_datain_reg3 ; clock      ; clock    ; None                        ; None                      ; 3.692 ns                ;
; N/A                                     ; 242.31 MHz ( period = 4.127 ns )                    ; counter[1]                                                                                                        ; altshift_taps:dffs_rtl_0|shift_taps_ujg:auto_generated|altsyncram_uru:altsyncram2|ram_block3a0~porta_datain_reg6 ; clock      ; clock    ; None                        ; None                      ; 3.638 ns                ;
; N/A                                     ; 243.31 MHz ( period = 4.110 ns )                    ; counter[2]                                                                                                        ; altshift_taps:dffs_rtl_0|shift_taps_ujg:auto_generated|altsyncram_uru:altsyncram2|ram_block3a0~porta_datain_reg0 ; clock      ; clock    ; None                        ; None                      ; 3.621 ns                ;
; N/A                                     ; 246.18 MHz ( period = 4.062 ns )                    ; counter[0]                                                                                                        ; altshift_taps:dffs_rtl_0|shift_taps_ujg:auto_generated|altsyncram_uru:altsyncram2|ram_block3a0~porta_datain_reg0 ; clock      ; clock    ; None                        ; None                      ; 3.573 ns                ;
; N/A                                     ; 247.89 MHz ( period = 4.034 ns )                    ; counter[1]                                                                                                        ; altshift_taps:dffs_rtl_0|shift_taps_ujg:auto_generated|altsyncram_uru:altsyncram2|ram_block3a0~porta_datain_reg4 ; clock      ; clock    ; None                        ; None                      ; 3.545 ns                ;
; N/A                                     ; 249.44 MHz ( period = 4.009 ns )                    ; counter[1]                                                                                                        ; altshift_taps:dffs_rtl_0|shift_taps_ujg:auto_generated|altsyncram_uru:altsyncram2|ram_block3a0~porta_datain_reg1 ; clock      ; clock    ; None                        ; None                      ; 3.520 ns                ;
; N/A                                     ; 251.13 MHz ( period = 3.982 ns )                    ; counter[1]                                                                                                        ; altshift_taps:dffs_rtl_0|shift_taps_ujg:auto_generated|altsyncram_uru:altsyncram2|ram_block3a0~porta_datain_reg7 ; clock      ; clock    ; None                        ; None                      ; 3.493 ns                ;
; N/A                                     ; 251.51 MHz ( period = 3.976 ns )                    ; counter[1]                                                                                                        ; altshift_taps:dffs_rtl_0|shift_taps_ujg:auto_generated|altsyncram_uru:altsyncram2|ram_block3a0~porta_datain_reg2 ; clock      ; clock    ; None                        ; None                      ; 3.487 ns                ;
; N/A                                     ; 251.57 MHz ( period = 3.975 ns )                    ; counter[1]                                                                                                        ; altshift_taps:dffs_rtl_0|shift_taps_ujg:auto_generated|altsyncram_uru:altsyncram2|ram_block3a0~porta_datain_reg5 ; clock      ; clock    ; None                        ; None                      ; 3.486 ns                ;
; N/A                                     ; 253.87 MHz ( period = 3.939 ns )                    ; altshift_taps:dffs_rtl_0|shift_taps_ujg:auto_generated|altsyncram_uru:altsyncram2|q_b[6]                          ; counter[3]                                                                                                       ; clock      ; clock    ; None                        ; None                      ; 3.628 ns                ;
; N/A                                     ; 254.39 MHz ( period = 3.931 ns )                    ; altshift_taps:dffs_rtl_0|shift_taps_ujg:auto_generated|altsyncram_uru:altsyncram2|q_b[5]                          ; counter[3]                                                                                                       ; clock      ; clock    ; None                        ; None                      ; 3.620 ns                ;
; N/A                                     ; 254.58 MHz ( period = 3.928 ns )                    ; counter[1]                                                                                                        ; altshift_taps:dffs_rtl_0|shift_taps_ujg:auto_generated|altsyncram_uru:altsyncram2|ram_block3a0~porta_datain_reg3 ; clock      ; clock    ; None                        ; None                      ; 3.439 ns                ;
; N/A                                     ; 254.65 MHz ( period = 3.927 ns )                    ; altshift_taps:dffs_rtl_0|shift_taps_ujg:auto_generated|altsyncram_uru:altsyncram2|q_b[6]                          ; get~reg0                                                                                                         ; clock      ; clock    ; None                        ; None                      ; 3.616 ns                ;
; N/A                                     ; 255.17 MHz ( period = 3.919 ns )                    ; altshift_taps:dffs_rtl_0|shift_taps_ujg:auto_generated|altsyncram_uru:altsyncram2|q_b[5]                          ; get~reg0                                                                                                         ; clock      ; clock    ; None                        ; None                      ; 3.608 ns                ;
; N/A                                     ; 261.16 MHz ( period = 3.829 ns )                    ; getVal                                                                                                            ; getVal                                                                                                           ; clock      ; clock    ; None                        ; None                      ; 3.663 ns                ;
; N/A                                     ; 262.40 MHz ( period = 3.811 ns )                    ; altshift_taps:dffs_rtl_0|shift_taps_ujg:auto_generated|altsyncram_uru:altsyncram2|q_b[7]                          ; counter[3]                                                                                                       ; clock      ; clock    ; None                        ; None                      ; 3.500 ns                ;
; N/A                                     ; 262.54 MHz ( period = 3.809 ns )                    ; counter[1]                                                                                                        ; altshift_taps:dffs_rtl_0|shift_taps_ujg:auto_generated|altsyncram_uru:altsyncram2|ram_block3a0~porta_datain_reg0 ; clock      ; clock    ; None                        ; None                      ; 3.320 ns                ;
; N/A                                     ; 263.23 MHz ( period = 3.799 ns )                    ; altshift_taps:dffs_rtl_0|shift_taps_ujg:auto_generated|altsyncram_uru:altsyncram2|q_b[7]                          ; get~reg0                                                                                                         ; clock      ; clock    ; None                        ; None                      ; 3.488 ns                ;
; N/A                                     ; 266.45 MHz ( period = 3.753 ns )                    ; altshift_taps:dffs_rtl_0|shift_taps_ujg:auto_generated|altsyncram_uru:altsyncram2|q_b[4]                          ; counter[3]                                                                                                       ; clock      ; clock    ; None                        ; None                      ; 3.442 ns                ;
; N/A                                     ; 267.31 MHz ( period = 3.741 ns )                    ; altshift_taps:dffs_rtl_0|shift_taps_ujg:auto_generated|altsyncram_uru:altsyncram2|q_b[4]                          ; get~reg0                                                                                                         ; clock      ; clock    ; None                        ; None                      ; 3.430 ns                ;
; N/A                                     ; 269.47 MHz ( period = 3.711 ns )                    ; altshift_taps:dffs_rtl_0|shift_taps_ujg:auto_generated|altsyncram_uru:altsyncram2|q_b[1]                          ; counter[3]                                                                                                       ; clock      ; clock    ; None                        ; None                      ; 3.400 ns                ;
; N/A                                     ; 270.34 MHz ( period = 3.699 ns )                    ; altshift_taps:dffs_rtl_0|shift_taps_ujg:auto_generated|altsyncram_uru:altsyncram2|q_b[1]                          ; get~reg0                                                                                                         ; clock      ; clock    ; None                        ; None                      ; 3.388 ns                ;
; N/A                                     ; 278.16 MHz ( period = 3.595 ns )                    ; altshift_taps:dffs_rtl_0|shift_taps_ujg:auto_generated|altsyncram_uru:altsyncram2|q_b[0]                          ; counter[3]                                                                                                       ; clock      ; clock    ; None                        ; None                      ; 3.284 ns                ;
; N/A                                     ; 279.10 MHz ( period = 3.583 ns )                    ; altshift_taps:dffs_rtl_0|shift_taps_ujg:auto_generated|altsyncram_uru:altsyncram2|q_b[0]                          ; get~reg0                                                                                                         ; clock      ; clock    ; None                        ; None                      ; 3.272 ns                ;
; N/A                                     ; 280.58 MHz ( period = 3.564 ns )                    ; altshift_taps:dffs_rtl_0|shift_taps_ujg:auto_generated|altsyncram_uru:altsyncram2|q_b[6]                          ; getVal                                                                                                           ; clock      ; clock    ; None                        ; None                      ; 3.253 ns                ;
; N/A                                     ; 281.21 MHz ( period = 3.556 ns )                    ; altshift_taps:dffs_rtl_0|shift_taps_ujg:auto_generated|altsyncram_uru:altsyncram2|q_b[5]                          ; getVal                                                                                                           ; clock      ; clock    ; None                        ; None                      ; 3.245 ns                ;
; N/A                                     ; 282.49 MHz ( period = 3.540 ns )                    ; altshift_taps:dffs_rtl_0|shift_taps_ujg:auto_generated|altsyncram_uru:altsyncram2|q_b[2]                          ; counter[3]                                                                                                       ; clock      ; clock    ; None                        ; None                      ; 3.229 ns                ;
; N/A                                     ; 283.45 MHz ( period = 3.528 ns )                    ; altshift_taps:dffs_rtl_0|shift_taps_ujg:auto_generated|altsyncram_uru:altsyncram2|q_b[2]                          ; get~reg0                                                                                                         ; clock      ; clock    ; None                        ; None                      ; 3.217 ns                ;
; N/A                                     ; 287.44 MHz ( period = 3.479 ns )                    ; altshift_taps:dffs_rtl_0|shift_taps_ujg:auto_generated|altsyncram_uru:altsyncram2|q_b[6]                          ; counter[2]                                                                                                       ; clock      ; clock    ; None                        ; None                      ; 3.168 ns                ;
; N/A                                     ; 287.69 MHz ( period = 3.476 ns )                    ; altshift_taps:dffs_rtl_0|shift_taps_ujg:auto_generated|altsyncram_uru:altsyncram2|q_b[6]                          ; counter[1]                                                                                                       ; clock      ; clock    ; None                        ; None                      ; 3.165 ns                ;
; N/A                                     ; 288.10 MHz ( period = 3.471 ns )                    ; altshift_taps:dffs_rtl_0|shift_taps_ujg:auto_generated|altsyncram_uru:altsyncram2|q_b[5]                          ; counter[2]                                                                                                       ; clock      ; clock    ; None                        ; None                      ; 3.160 ns                ;
; N/A                                     ; 288.35 MHz ( period = 3.468 ns )                    ; altshift_taps:dffs_rtl_0|shift_taps_ujg:auto_generated|altsyncram_uru:altsyncram2|q_b[5]                          ; counter[1]                                                                                                       ; clock      ; clock    ; None                        ; None                      ; 3.157 ns                ;
; N/A                                     ; 291.04 MHz ( period = 3.436 ns )                    ; altshift_taps:dffs_rtl_0|shift_taps_ujg:auto_generated|altsyncram_uru:altsyncram2|q_b[7]                          ; getVal                                                                                                           ; clock      ; clock    ; None                        ; None                      ; 3.125 ns                ;
; N/A                                     ; 296.03 MHz ( period = 3.378 ns )                    ; altshift_taps:dffs_rtl_0|shift_taps_ujg:auto_generated|altsyncram_uru:altsyncram2|q_b[4]                          ; getVal                                                                                                           ; clock      ; clock    ; None                        ; None                      ; 3.067 ns                ;
; N/A                                     ; 298.42 MHz ( period = 3.351 ns )                    ; altshift_taps:dffs_rtl_0|shift_taps_ujg:auto_generated|altsyncram_uru:altsyncram2|q_b[7]                          ; counter[2]                                                                                                       ; clock      ; clock    ; None                        ; None                      ; 3.040 ns                ;
; N/A                                     ; 298.69 MHz ( period = 3.348 ns )                    ; altshift_taps:dffs_rtl_0|shift_taps_ujg:auto_generated|altsyncram_uru:altsyncram2|q_b[7]                          ; counter[1]                                                                                                       ; clock      ; clock    ; None                        ; None                      ; 3.037 ns                ;
; N/A                                     ; 299.76 MHz ( period = 3.336 ns )                    ; altshift_taps:dffs_rtl_0|shift_taps_ujg:auto_generated|altsyncram_uru:altsyncram2|q_b[1]                          ; getVal                                                                                                           ; clock      ; clock    ; None                        ; None                      ; 3.025 ns                ;
; N/A                                     ; 303.67 MHz ( period = 3.293 ns )                    ; altshift_taps:dffs_rtl_0|shift_taps_ujg:auto_generated|altsyncram_uru:altsyncram2|q_b[4]                          ; counter[2]                                                                                                       ; clock      ; clock    ; None                        ; None                      ; 2.982 ns                ;
; N/A                                     ; 303.95 MHz ( period = 3.290 ns )                    ; altshift_taps:dffs_rtl_0|shift_taps_ujg:auto_generated|altsyncram_uru:altsyncram2|q_b[4]                          ; counter[1]                                                                                                       ; clock      ; clock    ; None                        ; None                      ; 2.979 ns                ;
; N/A                                     ; 307.60 MHz ( period = 3.251 ns )                    ; altshift_taps:dffs_rtl_0|shift_taps_ujg:auto_generated|altsyncram_uru:altsyncram2|q_b[1]                          ; counter[2]                                                                                                       ; clock      ; clock    ; None                        ; None                      ; 2.940 ns                ;
; N/A                                     ; 307.88 MHz ( period = 3.248 ns )                    ; altshift_taps:dffs_rtl_0|shift_taps_ujg:auto_generated|altsyncram_uru:altsyncram2|q_b[1]                          ; counter[1]                                                                                                       ; clock      ; clock    ; None                        ; None                      ; 2.937 ns                ;
; N/A                                     ; 308.45 MHz ( period = 3.242 ns )                    ; altshift_taps:dffs_rtl_0|shift_taps_ujg:auto_generated|altsyncram_uru:altsyncram2|q_b[3]                          ; counter[3]                                                                                                       ; clock      ; clock    ; None                        ; None                      ; 2.931 ns                ;
; N/A                                     ; 309.60 MHz ( period = 3.230 ns )                    ; altshift_taps:dffs_rtl_0|shift_taps_ujg:auto_generated|altsyncram_uru:altsyncram2|q_b[3]                          ; get~reg0                                                                                                         ; clock      ; clock    ; None                        ; None                      ; 2.919 ns                ;
; N/A                                     ; 310.56 MHz ( period = 3.220 ns )                    ; altshift_taps:dffs_rtl_0|shift_taps_ujg:auto_generated|altsyncram_uru:altsyncram2|q_b[0]                          ; getVal                                                                                                           ; clock      ; clock    ; None                        ; None                      ; 2.909 ns                ;
; N/A                                     ; 313.19 MHz ( period = 3.193 ns )                    ; counter[3]                                                                                                        ; counter[3]                                                                                                       ; clock      ; clock    ; None                        ; None                      ; 3.027 ns                ;
; N/A                                     ; 314.37 MHz ( period = 3.181 ns )                    ; counter[3]                                                                                                        ; get~reg0                                                                                                         ; clock      ; clock    ; None                        ; None                      ; 3.015 ns                ;
; N/A                                     ; 315.96 MHz ( period = 3.165 ns )                    ; altshift_taps:dffs_rtl_0|shift_taps_ujg:auto_generated|altsyncram_uru:altsyncram2|q_b[2]                          ; getVal                                                                                                           ; clock      ; clock    ; None                        ; None                      ; 2.854 ns                ;
; N/A                                     ; 317.66 MHz ( period = 3.148 ns )                    ; altshift_taps:dffs_rtl_0|shift_taps_ujg:auto_generated|altsyncram_uru:altsyncram2|q_b[6]                          ; counter[0]                                                                                                       ; clock      ; clock    ; None                        ; None                      ; 2.837 ns                ;
; N/A                                     ; 317.76 MHz ( period = 3.147 ns )                    ; altshift_taps:dffs_rtl_0|shift_taps_ujg:auto_generated|altsyncram_uru:altsyncram2|ram_block3a0~portb_address_reg0 ; altshift_taps:dffs_rtl_0|shift_taps_ujg:auto_generated|altsyncram_uru:altsyncram2|q_b[1]                         ; clock      ; clock    ; None                        ; None                      ; 2.509 ns                ;
; N/A                                     ; 317.76 MHz ( period = 3.147 ns )                    ; altshift_taps:dffs_rtl_0|shift_taps_ujg:auto_generated|altsyncram_uru:altsyncram2|ram_block3a0~portb_address_reg1 ; altshift_taps:dffs_rtl_0|shift_taps_ujg:auto_generated|altsyncram_uru:altsyncram2|q_b[1]                         ; clock      ; clock    ; None                        ; None                      ; 2.509 ns                ;
; N/A                                     ; 317.76 MHz ( period = 3.147 ns )                    ; altshift_taps:dffs_rtl_0|shift_taps_ujg:auto_generated|altsyncram_uru:altsyncram2|ram_block3a0~portb_address_reg2 ; altshift_taps:dffs_rtl_0|shift_taps_ujg:auto_generated|altsyncram_uru:altsyncram2|q_b[1]                         ; clock      ; clock    ; None                        ; None                      ; 2.509 ns                ;
; N/A                                     ; 317.76 MHz ( period = 3.147 ns )                    ; altshift_taps:dffs_rtl_0|shift_taps_ujg:auto_generated|altsyncram_uru:altsyncram2|ram_block3a0~portb_address_reg0 ; altshift_taps:dffs_rtl_0|shift_taps_ujg:auto_generated|altsyncram_uru:altsyncram2|q_b[2]                         ; clock      ; clock    ; None                        ; None                      ; 2.509 ns                ;
; N/A                                     ; 317.76 MHz ( period = 3.147 ns )                    ; altshift_taps:dffs_rtl_0|shift_taps_ujg:auto_generated|altsyncram_uru:altsyncram2|ram_block3a0~portb_address_reg1 ; altshift_taps:dffs_rtl_0|shift_taps_ujg:auto_generated|altsyncram_uru:altsyncram2|q_b[2]                         ; clock      ; clock    ; None                        ; None                      ; 2.509 ns                ;
; N/A                                     ; 317.76 MHz ( period = 3.147 ns )                    ; altshift_taps:dffs_rtl_0|shift_taps_ujg:auto_generated|altsyncram_uru:altsyncram2|ram_block3a0~portb_address_reg2 ; altshift_taps:dffs_rtl_0|shift_taps_ujg:auto_generated|altsyncram_uru:altsyncram2|q_b[2]                         ; clock      ; clock    ; None                        ; None                      ; 2.509 ns                ;
; N/A                                     ; 317.76 MHz ( period = 3.147 ns )                    ; altshift_taps:dffs_rtl_0|shift_taps_ujg:auto_generated|altsyncram_uru:altsyncram2|ram_block3a0~portb_address_reg0 ; altshift_taps:dffs_rtl_0|shift_taps_ujg:auto_generated|altsyncram_uru:altsyncram2|q_b[3]                         ; clock      ; clock    ; None                        ; None                      ; 2.509 ns                ;
; N/A                                     ; 317.76 MHz ( period = 3.147 ns )                    ; altshift_taps:dffs_rtl_0|shift_taps_ujg:auto_generated|altsyncram_uru:altsyncram2|ram_block3a0~portb_address_reg1 ; altshift_taps:dffs_rtl_0|shift_taps_ujg:auto_generated|altsyncram_uru:altsyncram2|q_b[3]                         ; clock      ; clock    ; None                        ; None                      ; 2.509 ns                ;
; N/A                                     ; 317.76 MHz ( period = 3.147 ns )                    ; altshift_taps:dffs_rtl_0|shift_taps_ujg:auto_generated|altsyncram_uru:altsyncram2|ram_block3a0~portb_address_reg2 ; altshift_taps:dffs_rtl_0|shift_taps_ujg:auto_generated|altsyncram_uru:altsyncram2|q_b[3]                         ; clock      ; clock    ; None                        ; None                      ; 2.509 ns                ;
; N/A                                     ; 317.76 MHz ( period = 3.147 ns )                    ; altshift_taps:dffs_rtl_0|shift_taps_ujg:auto_generated|altsyncram_uru:altsyncram2|ram_block3a0~portb_address_reg0 ; altshift_taps:dffs_rtl_0|shift_taps_ujg:auto_generated|altsyncram_uru:altsyncram2|q_b[4]                         ; clock      ; clock    ; None                        ; None                      ; 2.509 ns                ;
; N/A                                     ; 317.76 MHz ( period = 3.147 ns )                    ; altshift_taps:dffs_rtl_0|shift_taps_ujg:auto_generated|altsyncram_uru:altsyncram2|ram_block3a0~portb_address_reg1 ; altshift_taps:dffs_rtl_0|shift_taps_ujg:auto_generated|altsyncram_uru:altsyncram2|q_b[4]                         ; clock      ; clock    ; None                        ; None                      ; 2.509 ns                ;
; N/A                                     ; 317.76 MHz ( period = 3.147 ns )                    ; altshift_taps:dffs_rtl_0|shift_taps_ujg:auto_generated|altsyncram_uru:altsyncram2|ram_block3a0~portb_address_reg2 ; altshift_taps:dffs_rtl_0|shift_taps_ujg:auto_generated|altsyncram_uru:altsyncram2|q_b[4]                         ; clock      ; clock    ; None                        ; None                      ; 2.509 ns                ;
; N/A                                     ; 317.76 MHz ( period = 3.147 ns )                    ; altshift_taps:dffs_rtl_0|shift_taps_ujg:auto_generated|altsyncram_uru:altsyncram2|ram_block3a0~portb_address_reg0 ; altshift_taps:dffs_rtl_0|shift_taps_ujg:auto_generated|altsyncram_uru:altsyncram2|q_b[5]                         ; clock      ; clock    ; None                        ; None                      ; 2.509 ns                ;
; N/A                                     ; 317.76 MHz ( period = 3.147 ns )                    ; altshift_taps:dffs_rtl_0|shift_taps_ujg:auto_generated|altsyncram_uru:altsyncram2|ram_block3a0~portb_address_reg1 ; altshift_taps:dffs_rtl_0|shift_taps_ujg:auto_generated|altsyncram_uru:altsyncram2|q_b[5]                         ; clock      ; clock    ; None                        ; None                      ; 2.509 ns                ;
; N/A                                     ; 317.76 MHz ( period = 3.147 ns )                    ; altshift_taps:dffs_rtl_0|shift_taps_ujg:auto_generated|altsyncram_uru:altsyncram2|ram_block3a0~portb_address_reg2 ; altshift_taps:dffs_rtl_0|shift_taps_ujg:auto_generated|altsyncram_uru:altsyncram2|q_b[5]                         ; clock      ; clock    ; None                        ; None                      ; 2.509 ns                ;
; N/A                                     ; 317.76 MHz ( period = 3.147 ns )                    ; altshift_taps:dffs_rtl_0|shift_taps_ujg:auto_generated|altsyncram_uru:altsyncram2|ram_block3a0~portb_address_reg0 ; altshift_taps:dffs_rtl_0|shift_taps_ujg:auto_generated|altsyncram_uru:altsyncram2|q_b[6]                         ; clock      ; clock    ; None                        ; None                      ; 2.509 ns                ;
; N/A                                     ; 317.76 MHz ( period = 3.147 ns )                    ; altshift_taps:dffs_rtl_0|shift_taps_ujg:auto_generated|altsyncram_uru:altsyncram2|ram_block3a0~portb_address_reg1 ; altshift_taps:dffs_rtl_0|shift_taps_ujg:auto_generated|altsyncram_uru:altsyncram2|q_b[6]                         ; clock      ; clock    ; None                        ; None                      ; 2.509 ns                ;
; N/A                                     ; 317.76 MHz ( period = 3.147 ns )                    ; altshift_taps:dffs_rtl_0|shift_taps_ujg:auto_generated|altsyncram_uru:altsyncram2|ram_block3a0~portb_address_reg2 ; altshift_taps:dffs_rtl_0|shift_taps_ujg:auto_generated|altsyncram_uru:altsyncram2|q_b[6]                         ; clock      ; clock    ; None                        ; None                      ; 2.509 ns                ;
; N/A                                     ; 317.76 MHz ( period = 3.147 ns )                    ; altshift_taps:dffs_rtl_0|shift_taps_ujg:auto_generated|altsyncram_uru:altsyncram2|ram_block3a0~portb_address_reg0 ; altshift_taps:dffs_rtl_0|shift_taps_ujg:auto_generated|altsyncram_uru:altsyncram2|q_b[7]                         ; clock      ; clock    ; None                        ; None                      ; 2.509 ns                ;
; N/A                                     ; 317.76 MHz ( period = 3.147 ns )                    ; altshift_taps:dffs_rtl_0|shift_taps_ujg:auto_generated|altsyncram_uru:altsyncram2|ram_block3a0~portb_address_reg1 ; altshift_taps:dffs_rtl_0|shift_taps_ujg:auto_generated|altsyncram_uru:altsyncram2|q_b[7]                         ; clock      ; clock    ; None                        ; None                      ; 2.509 ns                ;
; N/A                                     ; 317.76 MHz ( period = 3.147 ns )                    ; altshift_taps:dffs_rtl_0|shift_taps_ujg:auto_generated|altsyncram_uru:altsyncram2|ram_block3a0~portb_address_reg2 ; altshift_taps:dffs_rtl_0|shift_taps_ujg:auto_generated|altsyncram_uru:altsyncram2|q_b[7]                         ; clock      ; clock    ; None                        ; None                      ; 2.509 ns                ;
; N/A                                     ; 317.76 MHz ( period = 3.147 ns )                    ; altshift_taps:dffs_rtl_0|shift_taps_ujg:auto_generated|altsyncram_uru:altsyncram2|ram_block3a0~portb_address_reg0 ; altshift_taps:dffs_rtl_0|shift_taps_ujg:auto_generated|altsyncram_uru:altsyncram2|q_b[0]                         ; clock      ; clock    ; None                        ; None                      ; 2.509 ns                ;
; N/A                                     ; 317.76 MHz ( period = 3.147 ns )                    ; altshift_taps:dffs_rtl_0|shift_taps_ujg:auto_generated|altsyncram_uru:altsyncram2|ram_block3a0~portb_address_reg1 ; altshift_taps:dffs_rtl_0|shift_taps_ujg:auto_generated|altsyncram_uru:altsyncram2|q_b[0]                         ; clock      ; clock    ; None                        ; None                      ; 2.509 ns                ;
; N/A                                     ; 317.76 MHz ( period = 3.147 ns )                    ; altshift_taps:dffs_rtl_0|shift_taps_ujg:auto_generated|altsyncram_uru:altsyncram2|ram_block3a0~portb_address_reg2 ; altshift_taps:dffs_rtl_0|shift_taps_ujg:auto_generated|altsyncram_uru:altsyncram2|q_b[0]                         ; clock      ; clock    ; None                        ; None                      ; 2.509 ns                ;
; N/A                                     ; 318.47 MHz ( period = 3.140 ns )                    ; altshift_taps:dffs_rtl_0|shift_taps_ujg:auto_generated|altsyncram_uru:altsyncram2|q_b[5]                          ; counter[0]                                                                                                       ; clock      ; clock    ; None                        ; None                      ; 2.829 ns                ;
; N/A                                     ; 318.98 MHz ( period = 3.135 ns )                    ; altshift_taps:dffs_rtl_0|shift_taps_ujg:auto_generated|altsyncram_uru:altsyncram2|q_b[0]                          ; counter[2]                                                                                                       ; clock      ; clock    ; None                        ; None                      ; 2.824 ns                ;
; N/A                                     ; 319.18 MHz ( period = 3.133 ns )                    ; altshift_taps:dffs_rtl_0|shift_taps_ujg:auto_generated|altsyncram_uru:altsyncram2|ram_block3a0~porta_datain_reg7  ; altshift_taps:dffs_rtl_0|shift_taps_ujg:auto_generated|altsyncram_uru:altsyncram2|ram_block3a0~porta_memory_reg7 ; clock      ; clock    ; None                        ; None                      ; 2.509 ns                ;
; N/A                                     ; 319.18 MHz ( period = 3.133 ns )                    ; altshift_taps:dffs_rtl_0|shift_taps_ujg:auto_generated|altsyncram_uru:altsyncram2|ram_block3a0~porta_datain_reg6  ; altshift_taps:dffs_rtl_0|shift_taps_ujg:auto_generated|altsyncram_uru:altsyncram2|ram_block3a0~porta_memory_reg6 ; clock      ; clock    ; None                        ; None                      ; 2.509 ns                ;
; N/A                                     ; 319.18 MHz ( period = 3.133 ns )                    ; altshift_taps:dffs_rtl_0|shift_taps_ujg:auto_generated|altsyncram_uru:altsyncram2|ram_block3a0~porta_datain_reg5  ; altshift_taps:dffs_rtl_0|shift_taps_ujg:auto_generated|altsyncram_uru:altsyncram2|ram_block3a0~porta_memory_reg5 ; clock      ; clock    ; None                        ; None                      ; 2.509 ns                ;
; N/A                                     ; 319.18 MHz ( period = 3.133 ns )                    ; altshift_taps:dffs_rtl_0|shift_taps_ujg:auto_generated|altsyncram_uru:altsyncram2|ram_block3a0~porta_datain_reg4  ; altshift_taps:dffs_rtl_0|shift_taps_ujg:auto_generated|altsyncram_uru:altsyncram2|ram_block3a0~porta_memory_reg4 ; clock      ; clock    ; None                        ; None                      ; 2.509 ns                ;
; N/A                                     ; 319.18 MHz ( period = 3.133 ns )                    ; altshift_taps:dffs_rtl_0|shift_taps_ujg:auto_generated|altsyncram_uru:altsyncram2|ram_block3a0~porta_datain_reg3  ; altshift_taps:dffs_rtl_0|shift_taps_ujg:auto_generated|altsyncram_uru:altsyncram2|ram_block3a0~porta_memory_reg3 ; clock      ; clock    ; None                        ; None                      ; 2.509 ns                ;
; N/A                                     ; 319.18 MHz ( period = 3.133 ns )                    ; altshift_taps:dffs_rtl_0|shift_taps_ujg:auto_generated|altsyncram_uru:altsyncram2|ram_block3a0~porta_datain_reg2  ; altshift_taps:dffs_rtl_0|shift_taps_ujg:auto_generated|altsyncram_uru:altsyncram2|ram_block3a0~porta_memory_reg2 ; clock      ; clock    ; None                        ; None                      ; 2.509 ns                ;
; N/A                                     ; 319.18 MHz ( period = 3.133 ns )                    ; altshift_taps:dffs_rtl_0|shift_taps_ujg:auto_generated|altsyncram_uru:altsyncram2|ram_block3a0~porta_datain_reg1  ; altshift_taps:dffs_rtl_0|shift_taps_ujg:auto_generated|altsyncram_uru:altsyncram2|ram_block3a0~porta_memory_reg1 ; clock      ; clock    ; None                        ; None                      ; 2.509 ns                ;
; N/A                                     ; 319.18 MHz ( period = 3.133 ns )                    ; altshift_taps:dffs_rtl_0|shift_taps_ujg:auto_generated|altsyncram_uru:altsyncram2|ram_block3a0~porta_datain_reg0  ; altshift_taps:dffs_rtl_0|shift_taps_ujg:auto_generated|altsyncram_uru:altsyncram2|ram_block3a0~porta_memory_reg0 ; clock      ; clock    ; None                        ; None                      ; 2.509 ns                ;
; N/A                                     ; 319.28 MHz ( period = 3.132 ns )                    ; altshift_taps:dffs_rtl_0|shift_taps_ujg:auto_generated|altsyncram_uru:altsyncram2|q_b[0]                          ; counter[1]                                                                                                       ; clock      ; clock    ; None                        ; None                      ; 2.821 ns                ;
; N/A                                     ; 324.68 MHz ( period = 3.080 ns )                    ; altshift_taps:dffs_rtl_0|shift_taps_ujg:auto_generated|altsyncram_uru:altsyncram2|q_b[2]                          ; counter[2]                                                                                                       ; clock      ; clock    ; None                        ; None                      ; 2.769 ns                ;
; N/A                                     ; 324.99 MHz ( period = 3.077 ns )                    ; altshift_taps:dffs_rtl_0|shift_taps_ujg:auto_generated|altsyncram_uru:altsyncram2|q_b[2]                          ; counter[1]                                                                                                       ; clock      ; clock    ; None                        ; None                      ; 2.766 ns                ;
; N/A                                     ; 331.13 MHz ( period = 3.020 ns )                    ; altshift_taps:dffs_rtl_0|shift_taps_ujg:auto_generated|altsyncram_uru:altsyncram2|q_b[7]                          ; counter[0]                                                                                                       ; clock      ; clock    ; None                        ; None                      ; 2.709 ns                ;
; N/A                                     ; 337.61 MHz ( period = 2.962 ns )                    ; altshift_taps:dffs_rtl_0|shift_taps_ujg:auto_generated|altsyncram_uru:altsyncram2|q_b[4]                          ; counter[0]                                                                                                       ; clock      ; clock    ; None                        ; None                      ; 2.651 ns                ;
; N/A                                     ; 341.76 MHz ( period = 2.926 ns )                    ; counter[2]                                                                                                        ; counter[3]                                                                                                       ; clock      ; clock    ; None                        ; None                      ; 2.760 ns                ;
; N/A                                     ; 342.47 MHz ( period = 2.920 ns )                    ; altshift_taps:dffs_rtl_0|shift_taps_ujg:auto_generated|altsyncram_uru:altsyncram2|q_b[1]                          ; counter[0]                                                                                                       ; clock      ; clock    ; None                        ; None                      ; 2.609 ns                ;
; N/A                                     ; 343.17 MHz ( period = 2.914 ns )                    ; counter[2]                                                                                                        ; get~reg0                                                                                                         ; clock      ; clock    ; None                        ; None                      ; 2.748 ns                ;
; N/A                                     ; 347.46 MHz ( period = 2.878 ns )                    ; counter[0]                                                                                                        ; counter[3]                                                                                                       ; clock      ; clock    ; None                        ; None                      ; 2.712 ns                ;
; N/A                                     ; 348.80 MHz ( period = 2.867 ns )                    ; altshift_taps:dffs_rtl_0|shift_taps_ujg:auto_generated|altsyncram_uru:altsyncram2|q_b[3]                          ; getVal                                                                                                           ; clock      ; clock    ; None                        ; None                      ; 2.556 ns                ;
; N/A                                     ; 348.92 MHz ( period = 2.866 ns )                    ; counter[0]                                                                                                        ; get~reg0                                                                                                         ; clock      ; clock    ; None                        ; None                      ; 2.700 ns                ;
; N/A                                     ; 352.49 MHz ( period = 2.837 ns )                    ; getVal                                                                                                            ; get~reg0                                                                                                         ; clock      ; clock    ; None                        ; None                      ; 2.671 ns                ;
; N/A                                     ; 356.63 MHz ( period = 2.804 ns )                    ; altshift_taps:dffs_rtl_0|shift_taps_ujg:auto_generated|altsyncram_uru:altsyncram2|q_b[0]                          ; counter[0]                                                                                                       ; clock      ; clock    ; None                        ; None                      ; 2.493 ns                ;
; N/A                                     ; 359.45 MHz ( period = 2.782 ns )                    ; altshift_taps:dffs_rtl_0|shift_taps_ujg:auto_generated|altsyncram_uru:altsyncram2|q_b[3]                          ; counter[2]                                                                                                       ; clock      ; clock    ; None                        ; None                      ; 2.471 ns                ;
; N/A                                     ; 359.84 MHz ( period = 2.779 ns )                    ; altshift_taps:dffs_rtl_0|shift_taps_ujg:auto_generated|altsyncram_uru:altsyncram2|q_b[3]                          ; counter[1]                                                                                                       ; clock      ; clock    ; None                        ; None                      ; 2.468 ns                ;
; N/A                                     ; 363.77 MHz ( period = 2.749 ns )                    ; altshift_taps:dffs_rtl_0|shift_taps_ujg:auto_generated|altsyncram_uru:altsyncram2|q_b[2]                          ; counter[0]                                                                                                       ; clock      ; clock    ; None                        ; None                      ; 2.438 ns                ;
; N/A                                     ; 363.90 MHz ( period = 2.748 ns )                    ; counter[3]                                                                                                        ; getVal                                                                                                           ; clock      ; clock    ; None                        ; None                      ; 2.582 ns                ;
; N/A                                     ; 380.95 MHz ( period = 2.625 ns )                    ; counter[1]                                                                                                        ; counter[3]                                                                                                       ; clock      ; clock    ; None                        ; None                      ; 2.459 ns                ;
; N/A                                     ; 382.70 MHz ( period = 2.613 ns )                    ; counter[1]                                                                                                        ; get~reg0                                                                                                         ; clock      ; clock    ; None                        ; None                      ; 2.447 ns                ;
; N/A                                     ; 385.21 MHz ( period = 2.596 ns )                    ; altshift_taps:dffs_rtl_0|shift_taps_ujg:auto_generated|cntr_6gc:cntr1|safe_q[2]                                   ; altshift_taps:dffs_rtl_0|shift_taps_ujg:auto_generated|cntr_6gc:cntr1|safe_q[2]                                  ; clock      ; clock    ; None                        ; None                      ; 2.430 ns                ;
; N/A                                     ; 385.21 MHz ( period = 2.596 ns )                    ; altshift_taps:dffs_rtl_0|shift_taps_ujg:auto_generated|cntr_6gc:cntr1|safe_q[2]                                   ; altshift_taps:dffs_rtl_0|shift_taps_ujg:auto_generated|cntr_6gc:cntr1|safe_q[1]                                  ; clock      ; clock    ; None                        ; None                      ; 2.430 ns                ;
; N/A                                     ; 385.21 MHz ( period = 2.596 ns )                    ; altshift_taps:dffs_rtl_0|shift_taps_ujg:auto_generated|cntr_6gc:cntr1|safe_q[2]                                   ; altshift_taps:dffs_rtl_0|shift_taps_ujg:auto_generated|cntr_6gc:cntr1|safe_q[0]                                  ; clock      ; clock    ; None                        ; None                      ; 2.430 ns                ;
; N/A                                     ; 388.80 MHz ( period = 2.572 ns )                    ; altshift_taps:dffs_rtl_0|shift_taps_ujg:auto_generated|cntr_6gc:cntr1|safe_q[0]                                   ; altshift_taps:dffs_rtl_0|shift_taps_ujg:auto_generated|cntr_6gc:cntr1|safe_q[2]                                  ; clock      ; clock    ; None                        ; None                      ; 2.406 ns                ;
; N/A                                     ; 388.80 MHz ( period = 2.572 ns )                    ; altshift_taps:dffs_rtl_0|shift_taps_ujg:auto_generated|cntr_6gc:cntr1|safe_q[0]                                   ; altshift_taps:dffs_rtl_0|shift_taps_ujg:auto_generated|cntr_6gc:cntr1|safe_q[1]                                  ; clock      ; clock    ; None                        ; None                      ; 2.406 ns                ;
; N/A                                     ; 388.80 MHz ( period = 2.572 ns )                    ; altshift_taps:dffs_rtl_0|shift_taps_ujg:auto_generated|cntr_6gc:cntr1|safe_q[0]                                   ; altshift_taps:dffs_rtl_0|shift_taps_ujg:auto_generated|cntr_6gc:cntr1|safe_q[0]                                  ; clock      ; clock    ; None                        ; None                      ; 2.406 ns                ;
; Timing analysis restricted to 200 rows. ; To change the limit use Settings (Assignments menu) ;                                                                                                                   ;                                                                                                                  ;            ;          ;                             ;                           ;                         ;
+-----------------------------------------+-----------------------------------------------------+-------------------------------------------------------------------------------------------------------------------+------------------------------------------------------------------------------------------------------------------+------------+----------+-----------------------------+---------------------------+-------------------------+


+---------------------------------------------------------------------------------------------------------------------------------------------------------------------------+
; tsu                                                                                                                                                                       ;
+-------+--------------+------------+---------+------------------------------------------------------------------------------------------------------------------+----------+
; Slack ; Required tsu ; Actual tsu ; From    ; To                                                                                                               ; To Clock ;
+-------+--------------+------------+---------+------------------------------------------------------------------------------------------------------------------+----------+
; N/A   ; None         ; 7.638 ns   ; query   ; altshift_taps:dffs_rtl_0|shift_taps_ujg:auto_generated|altsyncram_uru:altsyncram2|ram_block3a0~porta_datain_reg6 ; clock    ;
; N/A   ; None         ; 7.545 ns   ; query   ; altshift_taps:dffs_rtl_0|shift_taps_ujg:auto_generated|altsyncram_uru:altsyncram2|ram_block3a0~porta_datain_reg4 ; clock    ;
; N/A   ; None         ; 7.520 ns   ; query   ; altshift_taps:dffs_rtl_0|shift_taps_ujg:auto_generated|altsyncram_uru:altsyncram2|ram_block3a0~porta_datain_reg1 ; clock    ;
; N/A   ; None         ; 7.493 ns   ; query   ; altshift_taps:dffs_rtl_0|shift_taps_ujg:auto_generated|altsyncram_uru:altsyncram2|ram_block3a0~porta_datain_reg7 ; clock    ;
; N/A   ; None         ; 7.487 ns   ; query   ; altshift_taps:dffs_rtl_0|shift_taps_ujg:auto_generated|altsyncram_uru:altsyncram2|ram_block3a0~porta_datain_reg2 ; clock    ;
; N/A   ; None         ; 7.486 ns   ; query   ; altshift_taps:dffs_rtl_0|shift_taps_ujg:auto_generated|altsyncram_uru:altsyncram2|ram_block3a0~porta_datain_reg5 ; clock    ;
; N/A   ; None         ; 7.439 ns   ; query   ; altshift_taps:dffs_rtl_0|shift_taps_ujg:auto_generated|altsyncram_uru:altsyncram2|ram_block3a0~porta_datain_reg3 ; clock    ;
; N/A   ; None         ; 7.320 ns   ; query   ; altshift_taps:dffs_rtl_0|shift_taps_ujg:auto_generated|altsyncram_uru:altsyncram2|ram_block3a0~porta_datain_reg0 ; clock    ;
; N/A   ; None         ; 6.789 ns   ; kks[5]  ; altshift_taps:dffs_rtl_0|shift_taps_ujg:auto_generated|altsyncram_uru:altsyncram2|ram_block3a0~porta_datain_reg6 ; clock    ;
; N/A   ; None         ; 6.696 ns   ; kks[5]  ; altshift_taps:dffs_rtl_0|shift_taps_ujg:auto_generated|altsyncram_uru:altsyncram2|ram_block3a0~porta_datain_reg4 ; clock    ;
; N/A   ; None         ; 6.671 ns   ; kks[5]  ; altshift_taps:dffs_rtl_0|shift_taps_ujg:auto_generated|altsyncram_uru:altsyncram2|ram_block3a0~porta_datain_reg1 ; clock    ;
; N/A   ; None         ; 6.644 ns   ; kks[5]  ; altshift_taps:dffs_rtl_0|shift_taps_ujg:auto_generated|altsyncram_uru:altsyncram2|ram_block3a0~porta_datain_reg7 ; clock    ;
; N/A   ; None         ; 6.638 ns   ; kks[5]  ; altshift_taps:dffs_rtl_0|shift_taps_ujg:auto_generated|altsyncram_uru:altsyncram2|ram_block3a0~porta_datain_reg2 ; clock    ;
; N/A   ; None         ; 6.637 ns   ; kks[5]  ; altshift_taps:dffs_rtl_0|shift_taps_ujg:auto_generated|altsyncram_uru:altsyncram2|ram_block3a0~porta_datain_reg5 ; clock    ;
; N/A   ; None         ; 6.590 ns   ; kks[5]  ; altshift_taps:dffs_rtl_0|shift_taps_ujg:auto_generated|altsyncram_uru:altsyncram2|ram_block3a0~porta_datain_reg3 ; clock    ;
; N/A   ; None         ; 6.583 ns   ; kks[6]  ; altshift_taps:dffs_rtl_0|shift_taps_ujg:auto_generated|altsyncram_uru:altsyncram2|ram_block3a0~porta_datain_reg6 ; clock    ;
; N/A   ; None         ; 6.490 ns   ; kks[6]  ; altshift_taps:dffs_rtl_0|shift_taps_ujg:auto_generated|altsyncram_uru:altsyncram2|ram_block3a0~porta_datain_reg4 ; clock    ;
; N/A   ; None         ; 6.471 ns   ; kks[5]  ; altshift_taps:dffs_rtl_0|shift_taps_ujg:auto_generated|altsyncram_uru:altsyncram2|ram_block3a0~porta_datain_reg0 ; clock    ;
; N/A   ; None         ; 6.465 ns   ; kks[6]  ; altshift_taps:dffs_rtl_0|shift_taps_ujg:auto_generated|altsyncram_uru:altsyncram2|ram_block3a0~porta_datain_reg1 ; clock    ;
; N/A   ; None         ; 6.438 ns   ; kks[6]  ; altshift_taps:dffs_rtl_0|shift_taps_ujg:auto_generated|altsyncram_uru:altsyncram2|ram_block3a0~porta_datain_reg7 ; clock    ;
; N/A   ; None         ; 6.432 ns   ; kks[6]  ; altshift_taps:dffs_rtl_0|shift_taps_ujg:auto_generated|altsyncram_uru:altsyncram2|ram_block3a0~porta_datain_reg2 ; clock    ;
; N/A   ; None         ; 6.431 ns   ; kks[6]  ; altshift_taps:dffs_rtl_0|shift_taps_ujg:auto_generated|altsyncram_uru:altsyncram2|ram_block3a0~porta_datain_reg5 ; clock    ;
; N/A   ; None         ; 6.384 ns   ; kks[6]  ; altshift_taps:dffs_rtl_0|shift_taps_ujg:auto_generated|altsyncram_uru:altsyncram2|ram_block3a0~porta_datain_reg3 ; clock    ;
; N/A   ; None         ; 6.282 ns   ; kks[7]  ; altshift_taps:dffs_rtl_0|shift_taps_ujg:auto_generated|altsyncram_uru:altsyncram2|ram_block3a0~porta_datain_reg6 ; clock    ;
; N/A   ; None         ; 6.265 ns   ; kks[6]  ; altshift_taps:dffs_rtl_0|shift_taps_ujg:auto_generated|altsyncram_uru:altsyncram2|ram_block3a0~porta_datain_reg0 ; clock    ;
; N/A   ; None         ; 6.265 ns   ; kks[0]  ; altshift_taps:dffs_rtl_0|shift_taps_ujg:auto_generated|altsyncram_uru:altsyncram2|ram_block3a0~porta_datain_reg6 ; clock    ;
; N/A   ; None         ; 6.189 ns   ; kks[7]  ; altshift_taps:dffs_rtl_0|shift_taps_ujg:auto_generated|altsyncram_uru:altsyncram2|ram_block3a0~porta_datain_reg4 ; clock    ;
; N/A   ; None         ; 6.172 ns   ; kks[0]  ; altshift_taps:dffs_rtl_0|shift_taps_ujg:auto_generated|altsyncram_uru:altsyncram2|ram_block3a0~porta_datain_reg4 ; clock    ;
; N/A   ; None         ; 6.164 ns   ; kks[7]  ; altshift_taps:dffs_rtl_0|shift_taps_ujg:auto_generated|altsyncram_uru:altsyncram2|ram_block3a0~porta_datain_reg1 ; clock    ;
; N/A   ; None         ; 6.147 ns   ; kks[0]  ; altshift_taps:dffs_rtl_0|shift_taps_ujg:auto_generated|altsyncram_uru:altsyncram2|ram_block3a0~porta_datain_reg1 ; clock    ;
; N/A   ; None         ; 6.137 ns   ; kks[7]  ; altshift_taps:dffs_rtl_0|shift_taps_ujg:auto_generated|altsyncram_uru:altsyncram2|ram_block3a0~porta_datain_reg7 ; clock    ;
; N/A   ; None         ; 6.135 ns   ; kks[2]  ; altshift_taps:dffs_rtl_0|shift_taps_ujg:auto_generated|altsyncram_uru:altsyncram2|ram_block3a0~porta_datain_reg6 ; clock    ;
; N/A   ; None         ; 6.131 ns   ; kks[7]  ; altshift_taps:dffs_rtl_0|shift_taps_ujg:auto_generated|altsyncram_uru:altsyncram2|ram_block3a0~porta_datain_reg2 ; clock    ;
; N/A   ; None         ; 6.130 ns   ; kks[7]  ; altshift_taps:dffs_rtl_0|shift_taps_ujg:auto_generated|altsyncram_uru:altsyncram2|ram_block3a0~porta_datain_reg5 ; clock    ;
; N/A   ; None         ; 6.120 ns   ; kks[0]  ; altshift_taps:dffs_rtl_0|shift_taps_ujg:auto_generated|altsyncram_uru:altsyncram2|ram_block3a0~porta_datain_reg7 ; clock    ;
; N/A   ; None         ; 6.114 ns   ; kks[0]  ; altshift_taps:dffs_rtl_0|shift_taps_ujg:auto_generated|altsyncram_uru:altsyncram2|ram_block3a0~porta_datain_reg2 ; clock    ;
; N/A   ; None         ; 6.113 ns   ; kks[0]  ; altshift_taps:dffs_rtl_0|shift_taps_ujg:auto_generated|altsyncram_uru:altsyncram2|ram_block3a0~porta_datain_reg5 ; clock    ;
; N/A   ; None         ; 6.108 ns   ; kks[4]  ; altshift_taps:dffs_rtl_0|shift_taps_ujg:auto_generated|altsyncram_uru:altsyncram2|ram_block3a0~porta_datain_reg6 ; clock    ;
; N/A   ; None         ; 6.098 ns   ; kks[1]  ; altshift_taps:dffs_rtl_0|shift_taps_ujg:auto_generated|altsyncram_uru:altsyncram2|ram_block3a0~porta_datain_reg6 ; clock    ;
; N/A   ; None         ; 6.083 ns   ; kks[7]  ; altshift_taps:dffs_rtl_0|shift_taps_ujg:auto_generated|altsyncram_uru:altsyncram2|ram_block3a0~porta_datain_reg3 ; clock    ;
; N/A   ; None         ; 6.066 ns   ; kks[0]  ; altshift_taps:dffs_rtl_0|shift_taps_ujg:auto_generated|altsyncram_uru:altsyncram2|ram_block3a0~porta_datain_reg3 ; clock    ;
; N/A   ; None         ; 6.058 ns   ; kks[3]  ; altshift_taps:dffs_rtl_0|shift_taps_ujg:auto_generated|altsyncram_uru:altsyncram2|ram_block3a0~porta_datain_reg6 ; clock    ;
; N/A   ; None         ; 6.042 ns   ; kks[2]  ; altshift_taps:dffs_rtl_0|shift_taps_ujg:auto_generated|altsyncram_uru:altsyncram2|ram_block3a0~porta_datain_reg4 ; clock    ;
; N/A   ; None         ; 6.017 ns   ; kks[2]  ; altshift_taps:dffs_rtl_0|shift_taps_ujg:auto_generated|altsyncram_uru:altsyncram2|ram_block3a0~porta_datain_reg1 ; clock    ;
; N/A   ; None         ; 6.015 ns   ; kks[4]  ; altshift_taps:dffs_rtl_0|shift_taps_ujg:auto_generated|altsyncram_uru:altsyncram2|ram_block3a0~porta_datain_reg4 ; clock    ;
; N/A   ; None         ; 6.005 ns   ; kks[1]  ; altshift_taps:dffs_rtl_0|shift_taps_ujg:auto_generated|altsyncram_uru:altsyncram2|ram_block3a0~porta_datain_reg4 ; clock    ;
; N/A   ; None         ; 5.990 ns   ; kks[2]  ; altshift_taps:dffs_rtl_0|shift_taps_ujg:auto_generated|altsyncram_uru:altsyncram2|ram_block3a0~porta_datain_reg7 ; clock    ;
; N/A   ; None         ; 5.990 ns   ; kks[4]  ; altshift_taps:dffs_rtl_0|shift_taps_ujg:auto_generated|altsyncram_uru:altsyncram2|ram_block3a0~porta_datain_reg1 ; clock    ;
; N/A   ; None         ; 5.984 ns   ; kks[2]  ; altshift_taps:dffs_rtl_0|shift_taps_ujg:auto_generated|altsyncram_uru:altsyncram2|ram_block3a0~porta_datain_reg2 ; clock    ;
; N/A   ; None         ; 5.983 ns   ; kks[2]  ; altshift_taps:dffs_rtl_0|shift_taps_ujg:auto_generated|altsyncram_uru:altsyncram2|ram_block3a0~porta_datain_reg5 ; clock    ;
; N/A   ; None         ; 5.980 ns   ; kks[1]  ; altshift_taps:dffs_rtl_0|shift_taps_ujg:auto_generated|altsyncram_uru:altsyncram2|ram_block3a0~porta_datain_reg1 ; clock    ;
; N/A   ; None         ; 5.965 ns   ; kks[3]  ; altshift_taps:dffs_rtl_0|shift_taps_ujg:auto_generated|altsyncram_uru:altsyncram2|ram_block3a0~porta_datain_reg4 ; clock    ;
; N/A   ; None         ; 5.964 ns   ; kks[7]  ; altshift_taps:dffs_rtl_0|shift_taps_ujg:auto_generated|altsyncram_uru:altsyncram2|ram_block3a0~porta_datain_reg0 ; clock    ;
; N/A   ; None         ; 5.963 ns   ; kks[4]  ; altshift_taps:dffs_rtl_0|shift_taps_ujg:auto_generated|altsyncram_uru:altsyncram2|ram_block3a0~porta_datain_reg7 ; clock    ;
; N/A   ; None         ; 5.957 ns   ; kks[4]  ; altshift_taps:dffs_rtl_0|shift_taps_ujg:auto_generated|altsyncram_uru:altsyncram2|ram_block3a0~porta_datain_reg2 ; clock    ;
; N/A   ; None         ; 5.956 ns   ; kks[4]  ; altshift_taps:dffs_rtl_0|shift_taps_ujg:auto_generated|altsyncram_uru:altsyncram2|ram_block3a0~porta_datain_reg5 ; clock    ;
; N/A   ; None         ; 5.953 ns   ; kks[1]  ; altshift_taps:dffs_rtl_0|shift_taps_ujg:auto_generated|altsyncram_uru:altsyncram2|ram_block3a0~porta_datain_reg7 ; clock    ;
; N/A   ; None         ; 5.947 ns   ; kks[0]  ; altshift_taps:dffs_rtl_0|shift_taps_ujg:auto_generated|altsyncram_uru:altsyncram2|ram_block3a0~porta_datain_reg0 ; clock    ;
; N/A   ; None         ; 5.947 ns   ; kks[1]  ; altshift_taps:dffs_rtl_0|shift_taps_ujg:auto_generated|altsyncram_uru:altsyncram2|ram_block3a0~porta_datain_reg2 ; clock    ;
; N/A   ; None         ; 5.946 ns   ; kks[1]  ; altshift_taps:dffs_rtl_0|shift_taps_ujg:auto_generated|altsyncram_uru:altsyncram2|ram_block3a0~porta_datain_reg5 ; clock    ;
; N/A   ; None         ; 5.940 ns   ; kks[3]  ; altshift_taps:dffs_rtl_0|shift_taps_ujg:auto_generated|altsyncram_uru:altsyncram2|ram_block3a0~porta_datain_reg1 ; clock    ;
; N/A   ; None         ; 5.936 ns   ; kks[2]  ; altshift_taps:dffs_rtl_0|shift_taps_ujg:auto_generated|altsyncram_uru:altsyncram2|ram_block3a0~porta_datain_reg3 ; clock    ;
; N/A   ; None         ; 5.913 ns   ; kks[3]  ; altshift_taps:dffs_rtl_0|shift_taps_ujg:auto_generated|altsyncram_uru:altsyncram2|ram_block3a0~porta_datain_reg7 ; clock    ;
; N/A   ; None         ; 5.909 ns   ; kks[4]  ; altshift_taps:dffs_rtl_0|shift_taps_ujg:auto_generated|altsyncram_uru:altsyncram2|ram_block3a0~porta_datain_reg3 ; clock    ;
; N/A   ; None         ; 5.907 ns   ; kks[3]  ; altshift_taps:dffs_rtl_0|shift_taps_ujg:auto_generated|altsyncram_uru:altsyncram2|ram_block3a0~porta_datain_reg2 ; clock    ;
; N/A   ; None         ; 5.906 ns   ; kks[3]  ; altshift_taps:dffs_rtl_0|shift_taps_ujg:auto_generated|altsyncram_uru:altsyncram2|ram_block3a0~porta_datain_reg5 ; clock    ;
; N/A   ; None         ; 5.899 ns   ; kks[1]  ; altshift_taps:dffs_rtl_0|shift_taps_ujg:auto_generated|altsyncram_uru:altsyncram2|ram_block3a0~porta_datain_reg3 ; clock    ;
; N/A   ; None         ; 5.859 ns   ; kks[3]  ; altshift_taps:dffs_rtl_0|shift_taps_ujg:auto_generated|altsyncram_uru:altsyncram2|ram_block3a0~porta_datain_reg3 ; clock    ;
; N/A   ; None         ; 5.817 ns   ; kks[2]  ; altshift_taps:dffs_rtl_0|shift_taps_ujg:auto_generated|altsyncram_uru:altsyncram2|ram_block3a0~porta_datain_reg0 ; clock    ;
; N/A   ; None         ; 5.790 ns   ; kks[4]  ; altshift_taps:dffs_rtl_0|shift_taps_ujg:auto_generated|altsyncram_uru:altsyncram2|ram_block3a0~porta_datain_reg0 ; clock    ;
; N/A   ; None         ; 5.780 ns   ; kks[1]  ; altshift_taps:dffs_rtl_0|shift_taps_ujg:auto_generated|altsyncram_uru:altsyncram2|ram_block3a0~porta_datain_reg0 ; clock    ;
; N/A   ; None         ; 5.740 ns   ; kks[3]  ; altshift_taps:dffs_rtl_0|shift_taps_ujg:auto_generated|altsyncram_uru:altsyncram2|ram_block3a0~porta_datain_reg0 ; clock    ;
; N/A   ; None         ; 5.691 ns   ; query   ; getVal                                                                                                           ; clock    ;
; N/A   ; None         ; 5.217 ns   ; kks[5]  ; counter[3]                                                                                                       ; clock    ;
; N/A   ; None         ; 5.205 ns   ; kks[5]  ; get~reg0                                                                                                         ; clock    ;
; N/A   ; None         ; 5.011 ns   ; kks[6]  ; counter[3]                                                                                                       ; clock    ;
; N/A   ; None         ; 4.999 ns   ; kks[6]  ; get~reg0                                                                                                         ; clock    ;
; N/A   ; None         ; 4.842 ns   ; kks[5]  ; getVal                                                                                                           ; clock    ;
; N/A   ; None         ; 4.757 ns   ; kks[5]  ; counter[2]                                                                                                       ; clock    ;
; N/A   ; None         ; 4.754 ns   ; kks[5]  ; counter[1]                                                                                                       ; clock    ;
; N/A   ; None         ; 4.710 ns   ; kks[7]  ; counter[3]                                                                                                       ; clock    ;
; N/A   ; None         ; 4.699 ns   ; query   ; get~reg0                                                                                                         ; clock    ;
; N/A   ; None         ; 4.698 ns   ; kks[7]  ; get~reg0                                                                                                         ; clock    ;
; N/A   ; None         ; 4.693 ns   ; kks[0]  ; counter[3]                                                                                                       ; clock    ;
; N/A   ; None         ; 4.681 ns   ; kks[0]  ; get~reg0                                                                                                         ; clock    ;
; N/A   ; None         ; 4.636 ns   ; kks[6]  ; getVal                                                                                                           ; clock    ;
; N/A   ; None         ; 4.563 ns   ; kks[2]  ; counter[3]                                                                                                       ; clock    ;
; N/A   ; None         ; 4.551 ns   ; kks[2]  ; get~reg0                                                                                                         ; clock    ;
; N/A   ; None         ; 4.551 ns   ; kks[6]  ; counter[2]                                                                                                       ; clock    ;
; N/A   ; None         ; 4.548 ns   ; kks[6]  ; counter[1]                                                                                                       ; clock    ;
; N/A   ; None         ; 4.536 ns   ; kks[4]  ; counter[3]                                                                                                       ; clock    ;
; N/A   ; None         ; 4.526 ns   ; kks[1]  ; counter[3]                                                                                                       ; clock    ;
; N/A   ; None         ; 4.524 ns   ; kks[4]  ; get~reg0                                                                                                         ; clock    ;
; N/A   ; None         ; 4.514 ns   ; kks[1]  ; get~reg0                                                                                                         ; clock    ;
; N/A   ; None         ; 4.486 ns   ; kks[3]  ; counter[3]                                                                                                       ; clock    ;
; N/A   ; None         ; 4.474 ns   ; kks[3]  ; get~reg0                                                                                                         ; clock    ;
; N/A   ; None         ; 4.428 ns   ; data[2] ; altshift_taps:dffs_rtl_0|shift_taps_ujg:auto_generated|altsyncram_uru:altsyncram2|ram_block3a0~porta_datain_reg2 ; clock    ;
; N/A   ; None         ; 4.426 ns   ; kks[5]  ; counter[0]                                                                                                       ; clock    ;
; N/A   ; None         ; 4.335 ns   ; kks[7]  ; getVal                                                                                                           ; clock    ;
; N/A   ; None         ; 4.318 ns   ; kks[0]  ; getVal                                                                                                           ; clock    ;
; N/A   ; None         ; 4.293 ns   ; data[5] ; altshift_taps:dffs_rtl_0|shift_taps_ujg:auto_generated|altsyncram_uru:altsyncram2|ram_block3a0~porta_datain_reg5 ; clock    ;
; N/A   ; None         ; 4.263 ns   ; data[3] ; altshift_taps:dffs_rtl_0|shift_taps_ujg:auto_generated|altsyncram_uru:altsyncram2|ram_block3a0~porta_datain_reg3 ; clock    ;
; N/A   ; None         ; 4.250 ns   ; kks[7]  ; counter[2]                                                                                                       ; clock    ;
; N/A   ; None         ; 4.247 ns   ; kks[7]  ; counter[1]                                                                                                       ; clock    ;
; N/A   ; None         ; 4.233 ns   ; kks[0]  ; counter[2]                                                                                                       ; clock    ;
; N/A   ; None         ; 4.230 ns   ; kks[0]  ; counter[1]                                                                                                       ; clock    ;
; N/A   ; None         ; 4.224 ns   ; data[6] ; altshift_taps:dffs_rtl_0|shift_taps_ujg:auto_generated|altsyncram_uru:altsyncram2|ram_block3a0~porta_datain_reg6 ; clock    ;
; N/A   ; None         ; 4.220 ns   ; kks[6]  ; counter[0]                                                                                                       ; clock    ;
; N/A   ; None         ; 4.188 ns   ; kks[2]  ; getVal                                                                                                           ; clock    ;
; N/A   ; None         ; 4.161 ns   ; kks[4]  ; getVal                                                                                                           ; clock    ;
; N/A   ; None         ; 4.151 ns   ; kks[1]  ; getVal                                                                                                           ; clock    ;
; N/A   ; None         ; 4.111 ns   ; kks[3]  ; getVal                                                                                                           ; clock    ;
; N/A   ; None         ; 4.110 ns   ; data[1] ; altshift_taps:dffs_rtl_0|shift_taps_ujg:auto_generated|altsyncram_uru:altsyncram2|ram_block3a0~porta_datain_reg1 ; clock    ;
; N/A   ; None         ; 4.103 ns   ; kks[2]  ; counter[2]                                                                                                       ; clock    ;
; N/A   ; None         ; 4.100 ns   ; kks[2]  ; counter[1]                                                                                                       ; clock    ;
; N/A   ; None         ; 4.076 ns   ; kks[4]  ; counter[2]                                                                                                       ; clock    ;
; N/A   ; None         ; 4.073 ns   ; kks[4]  ; counter[1]                                                                                                       ; clock    ;
; N/A   ; None         ; 4.066 ns   ; kks[1]  ; counter[2]                                                                                                       ; clock    ;
; N/A   ; None         ; 4.063 ns   ; kks[1]  ; counter[1]                                                                                                       ; clock    ;
; N/A   ; None         ; 4.054 ns   ; data[4] ; altshift_taps:dffs_rtl_0|shift_taps_ujg:auto_generated|altsyncram_uru:altsyncram2|ram_block3a0~porta_datain_reg4 ; clock    ;
; N/A   ; None         ; 4.026 ns   ; kks[3]  ; counter[2]                                                                                                       ; clock    ;
; N/A   ; None         ; 4.023 ns   ; kks[3]  ; counter[1]                                                                                                       ; clock    ;
; N/A   ; None         ; 3.974 ns   ; data[7] ; altshift_taps:dffs_rtl_0|shift_taps_ujg:auto_generated|altsyncram_uru:altsyncram2|ram_block3a0~porta_datain_reg7 ; clock    ;
; N/A   ; None         ; 3.947 ns   ; data[0] ; altshift_taps:dffs_rtl_0|shift_taps_ujg:auto_generated|altsyncram_uru:altsyncram2|ram_block3a0~porta_datain_reg0 ; clock    ;
; N/A   ; None         ; 3.919 ns   ; kks[7]  ; counter[0]                                                                                                       ; clock    ;
; N/A   ; None         ; 3.902 ns   ; kks[0]  ; counter[0]                                                                                                       ; clock    ;
; N/A   ; None         ; 3.772 ns   ; kks[2]  ; counter[0]                                                                                                       ; clock    ;
; N/A   ; None         ; 3.745 ns   ; kks[4]  ; counter[0]                                                                                                       ; clock    ;
; N/A   ; None         ; 3.735 ns   ; kks[1]  ; counter[0]                                                                                                       ; clock    ;
; N/A   ; None         ; 3.695 ns   ; kks[3]  ; counter[0]                                                                                                       ; clock    ;
+-------+--------------+------------+---------+------------------------------------------------------------------------------------------------------------------+----------+


+-----------------------------------------------------------------------------------------------------------------------------------------------------+
; tco                                                                                                                                                 ;
+-------+--------------+------------+------------------------------------------------------------------------------------------+---------+------------+
; Slack ; Required tco ; Actual tco ; From                                                                                     ; To      ; From Clock ;
+-------+--------------+------------+------------------------------------------------------------------------------------------+---------+------------+
; N/A   ; None         ; 8.778 ns   ; altshift_taps:dffs_rtl_0|shift_taps_ujg:auto_generated|altsyncram_uru:altsyncram2|q_b[6] ; synchro ; clock      ;
; N/A   ; None         ; 8.770 ns   ; altshift_taps:dffs_rtl_0|shift_taps_ujg:auto_generated|altsyncram_uru:altsyncram2|q_b[5] ; synchro ; clock      ;
; N/A   ; None         ; 8.650 ns   ; altshift_taps:dffs_rtl_0|shift_taps_ujg:auto_generated|altsyncram_uru:altsyncram2|q_b[7] ; synchro ; clock      ;
; N/A   ; None         ; 8.592 ns   ; altshift_taps:dffs_rtl_0|shift_taps_ujg:auto_generated|altsyncram_uru:altsyncram2|q_b[4] ; synchro ; clock      ;
; N/A   ; None         ; 8.550 ns   ; altshift_taps:dffs_rtl_0|shift_taps_ujg:auto_generated|altsyncram_uru:altsyncram2|q_b[1] ; synchro ; clock      ;
; N/A   ; None         ; 8.434 ns   ; altshift_taps:dffs_rtl_0|shift_taps_ujg:auto_generated|altsyncram_uru:altsyncram2|q_b[0] ; synchro ; clock      ;
; N/A   ; None         ; 8.379 ns   ; altshift_taps:dffs_rtl_0|shift_taps_ujg:auto_generated|altsyncram_uru:altsyncram2|q_b[2] ; synchro ; clock      ;
; N/A   ; None         ; 8.081 ns   ; altshift_taps:dffs_rtl_0|shift_taps_ujg:auto_generated|altsyncram_uru:altsyncram2|q_b[3] ; synchro ; clock      ;
; N/A   ; None         ; 7.400 ns   ; altshift_taps:dffs_rtl_0|shift_taps_ujg:auto_generated|altsyncram_uru:altsyncram2|q_b[6] ; q[6]    ; clock      ;
; N/A   ; None         ; 7.189 ns   ; altshift_taps:dffs_rtl_0|shift_taps_ujg:auto_generated|altsyncram_uru:altsyncram2|q_b[5] ; q[5]    ; clock      ;
; N/A   ; None         ; 7.187 ns   ; altshift_taps:dffs_rtl_0|shift_taps_ujg:auto_generated|altsyncram_uru:altsyncram2|q_b[4] ; q[4]    ; clock      ;
; N/A   ; None         ; 7.026 ns   ; altshift_taps:dffs_rtl_0|shift_taps_ujg:auto_generated|altsyncram_uru:altsyncram2|q_b[3] ; q[3]    ; clock      ;
; N/A   ; None         ; 7.021 ns   ; altshift_taps:dffs_rtl_0|shift_taps_ujg:auto_generated|altsyncram_uru:altsyncram2|q_b[1] ; q[1]    ; clock      ;
; N/A   ; None         ; 7.020 ns   ; altshift_taps:dffs_rtl_0|shift_taps_ujg:auto_generated|altsyncram_uru:altsyncram2|q_b[7] ; q[7]    ; clock      ;
; N/A   ; None         ; 6.998 ns   ; altshift_taps:dffs_rtl_0|shift_taps_ujg:auto_generated|altsyncram_uru:altsyncram2|q_b[0] ; q[0]    ; clock      ;
; N/A   ; None         ; 6.782 ns   ; altshift_taps:dffs_rtl_0|shift_taps_ujg:auto_generated|altsyncram_uru:altsyncram2|q_b[2] ; q[2]    ; clock      ;
; N/A   ; None         ; 6.674 ns   ; get~reg0                                                                                 ; get     ; clock      ;
+-------+--------------+------------+------------------------------------------------------------------------------------------+---------+------------+


+----------------------------------------------------------------+
; tpd                                                            ;
+-------+-------------------+-----------------+--------+---------+
; Slack ; Required P2P Time ; Actual P2P Time ; From   ; To      ;
+-------+-------------------+-----------------+--------+---------+
; N/A   ; None              ; 10.056 ns       ; kks[5] ; synchro ;
; N/A   ; None              ; 9.850 ns        ; kks[6] ; synchro ;
; N/A   ; None              ; 9.549 ns        ; kks[7] ; synchro ;
; N/A   ; None              ; 9.532 ns        ; kks[0] ; synchro ;
; N/A   ; None              ; 9.402 ns        ; kks[2] ; synchro ;
; N/A   ; None              ; 9.375 ns        ; kks[4] ; synchro ;
; N/A   ; None              ; 9.365 ns        ; kks[1] ; synchro ;
; N/A   ; None              ; 9.325 ns        ; kks[3] ; synchro ;
+-------+-------------------+-----------------+--------+---------+


+---------------------------------------------------------------------------------------------------------------------------------------------------------------------------------+
; th                                                                                                                                                                              ;
+---------------+-------------+-----------+---------+------------------------------------------------------------------------------------------------------------------+----------+
; Minimum Slack ; Required th ; Actual th ; From    ; To                                                                                                               ; To Clock ;
+---------------+-------------+-----------+---------+------------------------------------------------------------------------------------------------------------------+----------+
; N/A           ; None        ; -2.296 ns ; query   ; get~reg0                                                                                                         ; clock    ;
; N/A           ; None        ; -3.276 ns ; query   ; getVal                                                                                                           ; clock    ;
; N/A           ; None        ; -3.585 ns ; kks[3]  ; counter[0]                                                                                                       ; clock    ;
; N/A           ; None        ; -3.625 ns ; kks[1]  ; counter[0]                                                                                                       ; clock    ;
; N/A           ; None        ; -3.635 ns ; kks[4]  ; counter[0]                                                                                                       ; clock    ;
; N/A           ; None        ; -3.662 ns ; kks[2]  ; counter[0]                                                                                                       ; clock    ;
; N/A           ; None        ; -3.792 ns ; kks[0]  ; counter[0]                                                                                                       ; clock    ;
; N/A           ; None        ; -3.803 ns ; data[0] ; altshift_taps:dffs_rtl_0|shift_taps_ujg:auto_generated|altsyncram_uru:altsyncram2|ram_block3a0~porta_datain_reg0 ; clock    ;
; N/A           ; None        ; -3.809 ns ; kks[7]  ; counter[0]                                                                                                       ; clock    ;
; N/A           ; None        ; -3.830 ns ; data[7] ; altshift_taps:dffs_rtl_0|shift_taps_ujg:auto_generated|altsyncram_uru:altsyncram2|ram_block3a0~porta_datain_reg7 ; clock    ;
; N/A           ; None        ; -3.910 ns ; data[4] ; altshift_taps:dffs_rtl_0|shift_taps_ujg:auto_generated|altsyncram_uru:altsyncram2|ram_block3a0~porta_datain_reg4 ; clock    ;
; N/A           ; None        ; -3.913 ns ; kks[3]  ; counter[1]                                                                                                       ; clock    ;
; N/A           ; None        ; -3.916 ns ; kks[3]  ; counter[2]                                                                                                       ; clock    ;
; N/A           ; None        ; -3.953 ns ; kks[1]  ; counter[1]                                                                                                       ; clock    ;
; N/A           ; None        ; -3.956 ns ; kks[1]  ; counter[2]                                                                                                       ; clock    ;
; N/A           ; None        ; -3.963 ns ; kks[4]  ; counter[1]                                                                                                       ; clock    ;
; N/A           ; None        ; -3.966 ns ; data[1] ; altshift_taps:dffs_rtl_0|shift_taps_ujg:auto_generated|altsyncram_uru:altsyncram2|ram_block3a0~porta_datain_reg1 ; clock    ;
; N/A           ; None        ; -3.966 ns ; kks[4]  ; counter[2]                                                                                                       ; clock    ;
; N/A           ; None        ; -3.990 ns ; kks[2]  ; counter[1]                                                                                                       ; clock    ;
; N/A           ; None        ; -3.993 ns ; kks[2]  ; counter[2]                                                                                                       ; clock    ;
; N/A           ; None        ; -4.001 ns ; kks[3]  ; getVal                                                                                                           ; clock    ;
; N/A           ; None        ; -4.041 ns ; kks[1]  ; getVal                                                                                                           ; clock    ;
; N/A           ; None        ; -4.051 ns ; kks[4]  ; getVal                                                                                                           ; clock    ;
; N/A           ; None        ; -4.078 ns ; kks[2]  ; getVal                                                                                                           ; clock    ;
; N/A           ; None        ; -4.080 ns ; data[6] ; altshift_taps:dffs_rtl_0|shift_taps_ujg:auto_generated|altsyncram_uru:altsyncram2|ram_block3a0~porta_datain_reg6 ; clock    ;
; N/A           ; None        ; -4.110 ns ; kks[6]  ; counter[0]                                                                                                       ; clock    ;
; N/A           ; None        ; -4.119 ns ; data[3] ; altshift_taps:dffs_rtl_0|shift_taps_ujg:auto_generated|altsyncram_uru:altsyncram2|ram_block3a0~porta_datain_reg3 ; clock    ;
; N/A           ; None        ; -4.120 ns ; kks[0]  ; counter[1]                                                                                                       ; clock    ;
; N/A           ; None        ; -4.123 ns ; kks[0]  ; counter[2]                                                                                                       ; clock    ;
; N/A           ; None        ; -4.137 ns ; kks[7]  ; counter[1]                                                                                                       ; clock    ;
; N/A           ; None        ; -4.140 ns ; kks[7]  ; counter[2]                                                                                                       ; clock    ;
; N/A           ; None        ; -4.149 ns ; data[5] ; altshift_taps:dffs_rtl_0|shift_taps_ujg:auto_generated|altsyncram_uru:altsyncram2|ram_block3a0~porta_datain_reg5 ; clock    ;
; N/A           ; None        ; -4.208 ns ; kks[0]  ; getVal                                                                                                           ; clock    ;
; N/A           ; None        ; -4.225 ns ; kks[7]  ; getVal                                                                                                           ; clock    ;
; N/A           ; None        ; -4.284 ns ; data[2] ; altshift_taps:dffs_rtl_0|shift_taps_ujg:auto_generated|altsyncram_uru:altsyncram2|ram_block3a0~porta_datain_reg2 ; clock    ;
; N/A           ; None        ; -4.316 ns ; kks[5]  ; counter[0]                                                                                                       ; clock    ;
; N/A           ; None        ; -4.364 ns ; kks[3]  ; get~reg0                                                                                                         ; clock    ;
; N/A           ; None        ; -4.376 ns ; kks[3]  ; counter[3]                                                                                                       ; clock    ;
; N/A           ; None        ; -4.404 ns ; kks[1]  ; get~reg0                                                                                                         ; clock    ;
; N/A           ; None        ; -4.414 ns ; kks[4]  ; get~reg0                                                                                                         ; clock    ;
; N/A           ; None        ; -4.416 ns ; kks[1]  ; counter[3]                                                                                                       ; clock    ;
; N/A           ; None        ; -4.426 ns ; kks[4]  ; counter[3]                                                                                                       ; clock    ;
; N/A           ; None        ; -4.438 ns ; kks[6]  ; counter[1]                                                                                                       ; clock    ;
; N/A           ; None        ; -4.441 ns ; kks[2]  ; get~reg0                                                                                                         ; clock    ;
; N/A           ; None        ; -4.441 ns ; kks[6]  ; counter[2]                                                                                                       ; clock    ;
; N/A           ; None        ; -4.453 ns ; kks[2]  ; counter[3]                                                                                                       ; clock    ;
; N/A           ; None        ; -4.526 ns ; kks[6]  ; getVal                                                                                                           ; clock    ;
; N/A           ; None        ; -4.571 ns ; kks[0]  ; get~reg0                                                                                                         ; clock    ;
; N/A           ; None        ; -4.583 ns ; kks[0]  ; counter[3]                                                                                                       ; clock    ;
; N/A           ; None        ; -4.588 ns ; kks[7]  ; get~reg0                                                                                                         ; clock    ;
; N/A           ; None        ; -4.600 ns ; kks[7]  ; counter[3]                                                                                                       ; clock    ;
; N/A           ; None        ; -4.644 ns ; kks[5]  ; counter[1]                                                                                                       ; clock    ;
; N/A           ; None        ; -4.647 ns ; kks[5]  ; counter[2]                                                                                                       ; clock    ;
; N/A           ; None        ; -4.732 ns ; kks[5]  ; getVal                                                                                                           ; clock    ;
; N/A           ; None        ; -4.871 ns ; query   ; altshift_taps:dffs_rtl_0|shift_taps_ujg:auto_generated|altsyncram_uru:altsyncram2|ram_block3a0~porta_datain_reg0 ; clock    ;
; N/A           ; None        ; -4.889 ns ; kks[6]  ; get~reg0                                                                                                         ; clock    ;
; N/A           ; None        ; -4.901 ns ; kks[6]  ; counter[3]                                                                                                       ; clock    ;
; N/A           ; None        ; -4.990 ns ; query   ; altshift_taps:dffs_rtl_0|shift_taps_ujg:auto_generated|altsyncram_uru:altsyncram2|ram_block3a0~porta_datain_reg3 ; clock    ;
; N/A           ; None        ; -5.037 ns ; query   ; altshift_taps:dffs_rtl_0|shift_taps_ujg:auto_generated|altsyncram_uru:altsyncram2|ram_block3a0~porta_datain_reg5 ; clock    ;
; N/A           ; None        ; -5.038 ns ; query   ; altshift_taps:dffs_rtl_0|shift_taps_ujg:auto_generated|altsyncram_uru:altsyncram2|ram_block3a0~porta_datain_reg2 ; clock    ;
; N/A           ; None        ; -5.044 ns ; query   ; altshift_taps:dffs_rtl_0|shift_taps_ujg:auto_generated|altsyncram_uru:altsyncram2|ram_block3a0~porta_datain_reg7 ; clock    ;
; N/A           ; None        ; -5.071 ns ; query   ; altshift_taps:dffs_rtl_0|shift_taps_ujg:auto_generated|altsyncram_uru:altsyncram2|ram_block3a0~porta_datain_reg1 ; clock    ;
; N/A           ; None        ; -5.095 ns ; kks[5]  ; get~reg0                                                                                                         ; clock    ;
; N/A           ; None        ; -5.096 ns ; query   ; altshift_taps:dffs_rtl_0|shift_taps_ujg:auto_generated|altsyncram_uru:altsyncram2|ram_block3a0~porta_datain_reg4 ; clock    ;
; N/A           ; None        ; -5.107 ns ; kks[5]  ; counter[3]                                                                                                       ; clock    ;
; N/A           ; None        ; -5.189 ns ; query   ; altshift_taps:dffs_rtl_0|shift_taps_ujg:auto_generated|altsyncram_uru:altsyncram2|ram_block3a0~porta_datain_reg6 ; clock    ;
; N/A           ; None        ; -5.596 ns ; kks[3]  ; altshift_taps:dffs_rtl_0|shift_taps_ujg:auto_generated|altsyncram_uru:altsyncram2|ram_block3a0~porta_datain_reg0 ; clock    ;
; N/A           ; None        ; -5.636 ns ; kks[1]  ; altshift_taps:dffs_rtl_0|shift_taps_ujg:auto_generated|altsyncram_uru:altsyncram2|ram_block3a0~porta_datain_reg0 ; clock    ;
; N/A           ; None        ; -5.646 ns ; kks[4]  ; altshift_taps:dffs_rtl_0|shift_taps_ujg:auto_generated|altsyncram_uru:altsyncram2|ram_block3a0~porta_datain_reg0 ; clock    ;
; N/A           ; None        ; -5.673 ns ; kks[2]  ; altshift_taps:dffs_rtl_0|shift_taps_ujg:auto_generated|altsyncram_uru:altsyncram2|ram_block3a0~porta_datain_reg0 ; clock    ;
; N/A           ; None        ; -5.715 ns ; kks[3]  ; altshift_taps:dffs_rtl_0|shift_taps_ujg:auto_generated|altsyncram_uru:altsyncram2|ram_block3a0~porta_datain_reg3 ; clock    ;
; N/A           ; None        ; -5.755 ns ; kks[1]  ; altshift_taps:dffs_rtl_0|shift_taps_ujg:auto_generated|altsyncram_uru:altsyncram2|ram_block3a0~porta_datain_reg3 ; clock    ;
; N/A           ; None        ; -5.762 ns ; kks[3]  ; altshift_taps:dffs_rtl_0|shift_taps_ujg:auto_generated|altsyncram_uru:altsyncram2|ram_block3a0~porta_datain_reg5 ; clock    ;
; N/A           ; None        ; -5.763 ns ; kks[3]  ; altshift_taps:dffs_rtl_0|shift_taps_ujg:auto_generated|altsyncram_uru:altsyncram2|ram_block3a0~porta_datain_reg2 ; clock    ;
; N/A           ; None        ; -5.765 ns ; kks[4]  ; altshift_taps:dffs_rtl_0|shift_taps_ujg:auto_generated|altsyncram_uru:altsyncram2|ram_block3a0~porta_datain_reg3 ; clock    ;
; N/A           ; None        ; -5.769 ns ; kks[3]  ; altshift_taps:dffs_rtl_0|shift_taps_ujg:auto_generated|altsyncram_uru:altsyncram2|ram_block3a0~porta_datain_reg7 ; clock    ;
; N/A           ; None        ; -5.792 ns ; kks[2]  ; altshift_taps:dffs_rtl_0|shift_taps_ujg:auto_generated|altsyncram_uru:altsyncram2|ram_block3a0~porta_datain_reg3 ; clock    ;
; N/A           ; None        ; -5.796 ns ; kks[3]  ; altshift_taps:dffs_rtl_0|shift_taps_ujg:auto_generated|altsyncram_uru:altsyncram2|ram_block3a0~porta_datain_reg1 ; clock    ;
; N/A           ; None        ; -5.802 ns ; kks[1]  ; altshift_taps:dffs_rtl_0|shift_taps_ujg:auto_generated|altsyncram_uru:altsyncram2|ram_block3a0~porta_datain_reg5 ; clock    ;
; N/A           ; None        ; -5.803 ns ; kks[0]  ; altshift_taps:dffs_rtl_0|shift_taps_ujg:auto_generated|altsyncram_uru:altsyncram2|ram_block3a0~porta_datain_reg0 ; clock    ;
; N/A           ; None        ; -5.803 ns ; kks[1]  ; altshift_taps:dffs_rtl_0|shift_taps_ujg:auto_generated|altsyncram_uru:altsyncram2|ram_block3a0~porta_datain_reg2 ; clock    ;
; N/A           ; None        ; -5.809 ns ; kks[1]  ; altshift_taps:dffs_rtl_0|shift_taps_ujg:auto_generated|altsyncram_uru:altsyncram2|ram_block3a0~porta_datain_reg7 ; clock    ;
; N/A           ; None        ; -5.812 ns ; kks[4]  ; altshift_taps:dffs_rtl_0|shift_taps_ujg:auto_generated|altsyncram_uru:altsyncram2|ram_block3a0~porta_datain_reg5 ; clock    ;
; N/A           ; None        ; -5.813 ns ; kks[4]  ; altshift_taps:dffs_rtl_0|shift_taps_ujg:auto_generated|altsyncram_uru:altsyncram2|ram_block3a0~porta_datain_reg2 ; clock    ;
; N/A           ; None        ; -5.819 ns ; kks[4]  ; altshift_taps:dffs_rtl_0|shift_taps_ujg:auto_generated|altsyncram_uru:altsyncram2|ram_block3a0~porta_datain_reg7 ; clock    ;
; N/A           ; None        ; -5.820 ns ; kks[7]  ; altshift_taps:dffs_rtl_0|shift_taps_ujg:auto_generated|altsyncram_uru:altsyncram2|ram_block3a0~porta_datain_reg0 ; clock    ;
; N/A           ; None        ; -5.821 ns ; kks[3]  ; altshift_taps:dffs_rtl_0|shift_taps_ujg:auto_generated|altsyncram_uru:altsyncram2|ram_block3a0~porta_datain_reg4 ; clock    ;
; N/A           ; None        ; -5.836 ns ; kks[1]  ; altshift_taps:dffs_rtl_0|shift_taps_ujg:auto_generated|altsyncram_uru:altsyncram2|ram_block3a0~porta_datain_reg1 ; clock    ;
; N/A           ; None        ; -5.839 ns ; kks[2]  ; altshift_taps:dffs_rtl_0|shift_taps_ujg:auto_generated|altsyncram_uru:altsyncram2|ram_block3a0~porta_datain_reg5 ; clock    ;
; N/A           ; None        ; -5.840 ns ; kks[2]  ; altshift_taps:dffs_rtl_0|shift_taps_ujg:auto_generated|altsyncram_uru:altsyncram2|ram_block3a0~porta_datain_reg2 ; clock    ;
; N/A           ; None        ; -5.846 ns ; kks[2]  ; altshift_taps:dffs_rtl_0|shift_taps_ujg:auto_generated|altsyncram_uru:altsyncram2|ram_block3a0~porta_datain_reg7 ; clock    ;
; N/A           ; None        ; -5.846 ns ; kks[4]  ; altshift_taps:dffs_rtl_0|shift_taps_ujg:auto_generated|altsyncram_uru:altsyncram2|ram_block3a0~porta_datain_reg1 ; clock    ;
; N/A           ; None        ; -5.861 ns ; kks[1]  ; altshift_taps:dffs_rtl_0|shift_taps_ujg:auto_generated|altsyncram_uru:altsyncram2|ram_block3a0~porta_datain_reg4 ; clock    ;
; N/A           ; None        ; -5.871 ns ; kks[4]  ; altshift_taps:dffs_rtl_0|shift_taps_ujg:auto_generated|altsyncram_uru:altsyncram2|ram_block3a0~porta_datain_reg4 ; clock    ;
; N/A           ; None        ; -5.873 ns ; kks[2]  ; altshift_taps:dffs_rtl_0|shift_taps_ujg:auto_generated|altsyncram_uru:altsyncram2|ram_block3a0~porta_datain_reg1 ; clock    ;
; N/A           ; None        ; -5.898 ns ; kks[2]  ; altshift_taps:dffs_rtl_0|shift_taps_ujg:auto_generated|altsyncram_uru:altsyncram2|ram_block3a0~porta_datain_reg4 ; clock    ;
; N/A           ; None        ; -5.914 ns ; kks[3]  ; altshift_taps:dffs_rtl_0|shift_taps_ujg:auto_generated|altsyncram_uru:altsyncram2|ram_block3a0~porta_datain_reg6 ; clock    ;
; N/A           ; None        ; -5.922 ns ; kks[0]  ; altshift_taps:dffs_rtl_0|shift_taps_ujg:auto_generated|altsyncram_uru:altsyncram2|ram_block3a0~porta_datain_reg3 ; clock    ;
; N/A           ; None        ; -5.939 ns ; kks[7]  ; altshift_taps:dffs_rtl_0|shift_taps_ujg:auto_generated|altsyncram_uru:altsyncram2|ram_block3a0~porta_datain_reg3 ; clock    ;
; N/A           ; None        ; -5.954 ns ; kks[1]  ; altshift_taps:dffs_rtl_0|shift_taps_ujg:auto_generated|altsyncram_uru:altsyncram2|ram_block3a0~porta_datain_reg6 ; clock    ;
; N/A           ; None        ; -5.964 ns ; kks[4]  ; altshift_taps:dffs_rtl_0|shift_taps_ujg:auto_generated|altsyncram_uru:altsyncram2|ram_block3a0~porta_datain_reg6 ; clock    ;
; N/A           ; None        ; -5.969 ns ; kks[0]  ; altshift_taps:dffs_rtl_0|shift_taps_ujg:auto_generated|altsyncram_uru:altsyncram2|ram_block3a0~porta_datain_reg5 ; clock    ;
; N/A           ; None        ; -5.970 ns ; kks[0]  ; altshift_taps:dffs_rtl_0|shift_taps_ujg:auto_generated|altsyncram_uru:altsyncram2|ram_block3a0~porta_datain_reg2 ; clock    ;
; N/A           ; None        ; -5.976 ns ; kks[0]  ; altshift_taps:dffs_rtl_0|shift_taps_ujg:auto_generated|altsyncram_uru:altsyncram2|ram_block3a0~porta_datain_reg7 ; clock    ;
; N/A           ; None        ; -5.986 ns ; kks[7]  ; altshift_taps:dffs_rtl_0|shift_taps_ujg:auto_generated|altsyncram_uru:altsyncram2|ram_block3a0~porta_datain_reg5 ; clock    ;
; N/A           ; None        ; -5.987 ns ; kks[7]  ; altshift_taps:dffs_rtl_0|shift_taps_ujg:auto_generated|altsyncram_uru:altsyncram2|ram_block3a0~porta_datain_reg2 ; clock    ;
; N/A           ; None        ; -5.991 ns ; kks[2]  ; altshift_taps:dffs_rtl_0|shift_taps_ujg:auto_generated|altsyncram_uru:altsyncram2|ram_block3a0~porta_datain_reg6 ; clock    ;
; N/A           ; None        ; -5.993 ns ; kks[7]  ; altshift_taps:dffs_rtl_0|shift_taps_ujg:auto_generated|altsyncram_uru:altsyncram2|ram_block3a0~porta_datain_reg7 ; clock    ;
; N/A           ; None        ; -6.003 ns ; kks[0]  ; altshift_taps:dffs_rtl_0|shift_taps_ujg:auto_generated|altsyncram_uru:altsyncram2|ram_block3a0~porta_datain_reg1 ; clock    ;
; N/A           ; None        ; -6.020 ns ; kks[7]  ; altshift_taps:dffs_rtl_0|shift_taps_ujg:auto_generated|altsyncram_uru:altsyncram2|ram_block3a0~porta_datain_reg1 ; clock    ;
; N/A           ; None        ; -6.028 ns ; kks[0]  ; altshift_taps:dffs_rtl_0|shift_taps_ujg:auto_generated|altsyncram_uru:altsyncram2|ram_block3a0~porta_datain_reg4 ; clock    ;
; N/A           ; None        ; -6.045 ns ; kks[7]  ; altshift_taps:dffs_rtl_0|shift_taps_ujg:auto_generated|altsyncram_uru:altsyncram2|ram_block3a0~porta_datain_reg4 ; clock    ;
; N/A           ; None        ; -6.121 ns ; kks[6]  ; altshift_taps:dffs_rtl_0|shift_taps_ujg:auto_generated|altsyncram_uru:altsyncram2|ram_block3a0~porta_datain_reg0 ; clock    ;
; N/A           ; None        ; -6.121 ns ; kks[0]  ; altshift_taps:dffs_rtl_0|shift_taps_ujg:auto_generated|altsyncram_uru:altsyncram2|ram_block3a0~porta_datain_reg6 ; clock    ;
; N/A           ; None        ; -6.138 ns ; kks[7]  ; altshift_taps:dffs_rtl_0|shift_taps_ujg:auto_generated|altsyncram_uru:altsyncram2|ram_block3a0~porta_datain_reg6 ; clock    ;
; N/A           ; None        ; -6.240 ns ; kks[6]  ; altshift_taps:dffs_rtl_0|shift_taps_ujg:auto_generated|altsyncram_uru:altsyncram2|ram_block3a0~porta_datain_reg3 ; clock    ;
; N/A           ; None        ; -6.287 ns ; kks[6]  ; altshift_taps:dffs_rtl_0|shift_taps_ujg:auto_generated|altsyncram_uru:altsyncram2|ram_block3a0~porta_datain_reg5 ; clock    ;
; N/A           ; None        ; -6.288 ns ; kks[6]  ; altshift_taps:dffs_rtl_0|shift_taps_ujg:auto_generated|altsyncram_uru:altsyncram2|ram_block3a0~porta_datain_reg2 ; clock    ;
; N/A           ; None        ; -6.294 ns ; kks[6]  ; altshift_taps:dffs_rtl_0|shift_taps_ujg:auto_generated|altsyncram_uru:altsyncram2|ram_block3a0~porta_datain_reg7 ; clock    ;
; N/A           ; None        ; -6.321 ns ; kks[6]  ; altshift_taps:dffs_rtl_0|shift_taps_ujg:auto_generated|altsyncram_uru:altsyncram2|ram_block3a0~porta_datain_reg1 ; clock    ;
; N/A           ; None        ; -6.327 ns ; kks[5]  ; altshift_taps:dffs_rtl_0|shift_taps_ujg:auto_generated|altsyncram_uru:altsyncram2|ram_block3a0~porta_datain_reg0 ; clock    ;
; N/A           ; None        ; -6.346 ns ; kks[6]  ; altshift_taps:dffs_rtl_0|shift_taps_ujg:auto_generated|altsyncram_uru:altsyncram2|ram_block3a0~porta_datain_reg4 ; clock    ;
; N/A           ; None        ; -6.439 ns ; kks[6]  ; altshift_taps:dffs_rtl_0|shift_taps_ujg:auto_generated|altsyncram_uru:altsyncram2|ram_block3a0~porta_datain_reg6 ; clock    ;
; N/A           ; None        ; -6.446 ns ; kks[5]  ; altshift_taps:dffs_rtl_0|shift_taps_ujg:auto_generated|altsyncram_uru:altsyncram2|ram_block3a0~porta_datain_reg3 ; clock    ;
; N/A           ; None        ; -6.493 ns ; kks[5]  ; altshift_taps:dffs_rtl_0|shift_taps_ujg:auto_generated|altsyncram_uru:altsyncram2|ram_block3a0~porta_datain_reg5 ; clock    ;
; N/A           ; None        ; -6.494 ns ; kks[5]  ; altshift_taps:dffs_rtl_0|shift_taps_ujg:auto_generated|altsyncram_uru:altsyncram2|ram_block3a0~porta_datain_reg2 ; clock    ;
; N/A           ; None        ; -6.500 ns ; kks[5]  ; altshift_taps:dffs_rtl_0|shift_taps_ujg:auto_generated|altsyncram_uru:altsyncram2|ram_block3a0~porta_datain_reg7 ; clock    ;
; N/A           ; None        ; -6.527 ns ; kks[5]  ; altshift_taps:dffs_rtl_0|shift_taps_ujg:auto_generated|altsyncram_uru:altsyncram2|ram_block3a0~porta_datain_reg1 ; clock    ;
; N/A           ; None        ; -6.552 ns ; kks[5]  ; altshift_taps:dffs_rtl_0|shift_taps_ujg:auto_generated|altsyncram_uru:altsyncram2|ram_block3a0~porta_datain_reg4 ; clock    ;
; N/A           ; None        ; -6.645 ns ; kks[5]  ; altshift_taps:dffs_rtl_0|shift_taps_ujg:auto_generated|altsyncram_uru:altsyncram2|ram_block3a0~porta_datain_reg6 ; clock    ;
+---------------+-------------+-----------+---------+------------------------------------------------------------------------------------------------------------------+----------+


+--------------------------+
; Timing Analyzer Messages ;
+--------------------------+
Info: *******************************************************************
Info: Running Quartus II Timing Analyzer
    Info: Version 5.0 Build 148 04/26/2005 SJ Full Version
    Info: Processing started: Tue Feb 26 23:00:25 2019
Info: Command: quartus_tan --read_settings_files=off --write_settings_files=off laba1_vhdl -c laba1_vhdl --timing_analysis_only
Warning: Timing Analysis found one or more latches implemented as combinational loops
    Warning: Node "gde_detonator" is a latch
Info: Found combinational loop of 1 nodes
    Info: Node "gde_detonator"
Warning: Found pins functioning as undefined clocks and/or memory enables
    Info: Assuming node "clock" is an undefined clock
Info: Clock "clock" has Internal fmax of 173.13 MHz between source register "getVal" and destination memory "altshift_taps:dffs_rtl_0|shift_taps_ujg:auto_generated|altsyncram_uru:altsyncram2|ram_block3a0~porta_datain_reg6" (period= 5.776 ns)
    Info: + Longest register to memory delay is 5.287 ns
        Info: 1: + IC(0.000 ns) + CELL(0.000 ns) = 0.000 ns; Loc. = LC_X13_Y24_N2; Fanout = 6; REG Node = 'getVal'
        Info: 2: + IC(0.000 ns) + CELL(0.230 ns) = 0.230 ns; Loc. = LC_X13_Y24_N2; Fanout = 2; COMB Node = 'process0~9'
        Info: 3: + IC(0.000 ns) + CELL(1.117 ns) = 1.347 ns; Loc. = LC_X13_Y25_N2; Fanout = 3; COMB LOOP Node = 'gde_detonator'
            Info: Loc. = LC_X13_Y25_N2; Node "gde_detonator"
        Info: 4: + IC(1.005 ns) + CELL(0.183 ns) = 2.535 ns; Loc. = LC_X13_Y24_N7; Fanout = 1; COMB Node = 'gde_detonator~28'
        Info: 5: + IC(0.331 ns) + CELL(0.183 ns) = 3.049 ns; Loc. = LC_X13_Y24_N9; Fanout = 9; COMB Node = 'getVal~17'
        Info: 6: + IC(0.594 ns) + CELL(0.183 ns) = 3.826 ns; Loc. = LC_X14_Y24_N5; Fanout = 1; COMB Node = 'dffs~143'
        Info: 7: + IC(1.189 ns) + CELL(0.272 ns) = 5.287 ns; Loc. = M512_X20_Y24; Fanout = 1; MEM Node = 'altshift_taps:dffs_rtl_0|shift_taps_ujg:auto_generated|altsyncram_uru:altsyncram2|ram_block3a0~porta_datain_reg6'
        Info: Total cell delay = 2.168 ns ( 41.01 % )
        Info: Total interconnect delay = 3.119 ns ( 58.99 % )
    Info: - Smallest clock skew is -0.223 ns
        Info: + Shortest clock path from clock "clock" to destination memory is 2.607 ns
            Info: 1: + IC(0.000 ns) + CELL(0.725 ns) = 0.725 ns; Loc. = PIN_L2; Fanout = 39; CLK Node = 'clock'
            Info: 2: + IC(1.552 ns) + CELL(0.330 ns) = 2.607 ns; Loc. = M512_X20_Y24; Fanout = 1; MEM Node = 'altshift_taps:dffs_rtl_0|shift_taps_ujg:auto_generated|altsyncram_uru:altsyncram2|ram_block3a0~porta_datain_reg6'
            Info: Total cell delay = 1.055 ns ( 40.47 % )
            Info: Total interconnect delay = 1.552 ns ( 59.53 % )
        Info: - Longest clock path from clock "clock" to source register is 2.830 ns
            Info: 1: + IC(0.000 ns) + CELL(0.725 ns) = 0.725 ns; Loc. = PIN_L2; Fanout = 39; CLK Node = 'clock'
            Info: 2: + IC(1.563 ns) + CELL(0.542 ns) = 2.830 ns; Loc. = LC_X13_Y24_N2; Fanout = 6; REG Node = 'getVal'
            Info: Total cell delay = 1.267 ns ( 44.77 % )
            Info: Total interconnect delay = 1.563 ns ( 55.23 % )
    Info: + Micro clock to output delay of source is 0.156 ns
    Info: + Micro setup delay of destination is 0.110 ns
Info: tsu for memory "altshift_taps:dffs_rtl_0|shift_taps_ujg:auto_generated|altsyncram_uru:altsyncram2|ram_block3a0~porta_datain_reg6" (data pin = "query", clock pin = "clock") is 7.638 ns
    Info: + Longest pin to memory delay is 10.135 ns
        Info: 1: + IC(0.000 ns) + CELL(1.087 ns) = 1.087 ns; Loc. = PIN_D16; Fanout = 3; PIN Node = 'query'
        Info: 2: + IC(3.916 ns) + CELL(0.075 ns) = 5.078 ns; Loc. = LC_X13_Y24_N2; Fanout = 2; COMB Node = 'process0~9'
        Info: 3: + IC(0.000 ns) + CELL(1.117 ns) = 6.195 ns; Loc. = LC_X13_Y25_N2; Fanout = 3; COMB LOOP Node = 'gde_detonator'
            Info: Loc. = LC_X13_Y25_N2; Node "gde_detonator"
        Info: 4: + IC(1.005 ns) + CELL(0.183 ns) = 7.383 ns; Loc. = LC_X13_Y24_N7; Fanout = 1; COMB Node = 'gde_detonator~28'
        Info: 5: + IC(0.331 ns) + CELL(0.183 ns) = 7.897 ns; Loc. = LC_X13_Y24_N9; Fanout = 9; COMB Node = 'getVal~17'
        Info: 6: + IC(0.594 ns) + CELL(0.183 ns) = 8.674 ns; Loc. = LC_X14_Y24_N5; Fanout = 1; COMB Node = 'dffs~143'
        Info: 7: + IC(1.189 ns) + CELL(0.272 ns) = 10.135 ns; Loc. = M512_X20_Y24; Fanout = 1; MEM Node = 'altshift_taps:dffs_rtl_0|shift_taps_ujg:auto_generated|altsyncram_uru:altsyncram2|ram_block3a0~porta_datain_reg6'
        Info: Total cell delay = 3.100 ns ( 30.59 % )
        Info: Total interconnect delay = 7.035 ns ( 69.41 % )
    Info: + Micro setup delay of destination is 0.110 ns
    Info: - Shortest clock path from clock "clock" to destination memory is 2.607 ns
        Info: 1: + IC(0.000 ns) + CELL(0.725 ns) = 0.725 ns; Loc. = PIN_L2; Fanout = 39; CLK Node = 'clock'
        Info: 2: + IC(1.552 ns) + CELL(0.330 ns) = 2.607 ns; Loc. = M512_X20_Y24; Fanout = 1; MEM Node = 'altshift_taps:dffs_rtl_0|shift_taps_ujg:auto_generated|altsyncram_uru:altsyncram2|ram_block3a0~porta_datain_reg6'
        Info: Total cell delay = 1.055 ns ( 40.47 % )
        Info: Total interconnect delay = 1.552 ns ( 59.53 % )
Info: tco from clock "clock" to destination pin "synchro" through memory "altshift_taps:dffs_rtl_0|shift_taps_ujg:auto_generated|altsyncram_uru:altsyncram2|q_b[6]" is 8.778 ns
    Info: + Longest clock path from clock "clock" to source memory is 2.612 ns
        Info: 1: + IC(0.000 ns) + CELL(0.725 ns) = 0.725 ns; Loc. = PIN_L2; Fanout = 39; CLK Node = 'clock'
        Info: 2: + IC(1.552 ns) + CELL(0.335 ns) = 2.612 ns; Loc. = M512_X20_Y24; Fanout = 3; MEM Node = 'altshift_taps:dffs_rtl_0|shift_taps_ujg:auto_generated|altsyncram_uru:altsyncram2|q_b[6]'
        Info: Total cell delay = 1.060 ns ( 40.58 % )
        Info: Total interconnect delay = 1.552 ns ( 59.42 % )
    Info: + Micro clock to output delay of source is 0.519 ns
    Info: + Longest memory to pin delay is 5.647 ns
        Info: 1: + IC(0.000 ns) + CELL(0.089 ns) = 0.089 ns; Loc. = M512_X20_Y24; Fanout = 3; MEM Node = 'altshift_taps:dffs_rtl_0|shift_taps_ujg:auto_generated|altsyncram_uru:altsyncram2|q_b[6]'
        Info: 2: + IC(1.071 ns) + CELL(0.366 ns) = 1.526 ns; Loc. = LC_X13_Y24_N3; Fanout = 1; COMB Node = 'reduce_nor~54'
        Info: 3: + IC(0.333 ns) + CELL(0.183 ns) = 2.042 ns; Loc. = LC_X13_Y24_N5; Fanout = 6; COMB Node = 'reduce_nor~55'
        Info: 4: + IC(1.201 ns) + CELL(2.404 ns) = 5.647 ns; Loc. = PIN_B15; Fanout = 0; PIN Node = 'synchro'
        Info: Total cell delay = 3.042 ns ( 53.87 % )
        Info: Total interconnect delay = 2.605 ns ( 46.13 % )
Info: Longest tpd from source pin "kks[5]" to destination pin "synchro" is 10.056 ns
    Info: 1: + IC(0.000 ns) + CELL(1.087 ns) = 1.087 ns; Loc. = PIN_B16; Fanout = 1; PIN Node = 'kks[5]'
    Info: 2: + IC(4.298 ns) + CELL(0.366 ns) = 5.751 ns; Loc. = LC_X13_Y24_N8; Fanout = 1; COMB Node = 'reduce_nor~52'
    Info: 3: + IC(0.334 ns) + CELL(0.366 ns) = 6.451 ns; Loc. = LC_X13_Y24_N5; Fanout = 6; COMB Node = 'reduce_nor~55'
    Info: 4: + IC(1.201 ns) + CELL(2.404 ns) = 10.056 ns; Loc. = PIN_B15; Fanout = 0; PIN Node = 'synchro'
    Info: Total cell delay = 4.223 ns ( 41.99 % )
    Info: Total interconnect delay = 5.833 ns ( 58.01 % )
Info: th for register "get~reg0" (data pin = "query", clock pin = "clock") is -2.296 ns
    Info: + Longest clock path from clock "clock" to destination register is 2.830 ns
        Info: 1: + IC(0.000 ns) + CELL(0.725 ns) = 0.725 ns; Loc. = PIN_L2; Fanout = 39; CLK Node = 'clock'
        Info: 2: + IC(1.563 ns) + CELL(0.542 ns) = 2.830 ns; Loc. = LC_X13_Y24_N7; Fanout = 1; REG Node = 'get~reg0'
        Info: Total cell delay = 1.267 ns ( 44.77 % )
        Info: Total interconnect delay = 1.563 ns ( 55.23 % )
    Info: + Micro hold delay of destination is 0.100 ns
    Info: - Shortest pin to register delay is 5.226 ns
        Info: 1: + IC(0.000 ns) + CELL(1.087 ns) = 1.087 ns; Loc. = PIN_D16; Fanout = 3; PIN Node = 'query'
        Info: 2: + IC(3.916 ns) + CELL(0.223 ns) = 5.226 ns; Loc. = LC_X13_Y24_N7; Fanout = 1; REG Node = 'get~reg0'
        Info: Total cell delay = 1.310 ns ( 25.07 % )
        Info: Total interconnect delay = 3.916 ns ( 74.93 % )
Info: Quartus II Timing Analyzer was successful. 0 errors, 3 warnings
    Info: Processing ended: Tue Feb 26 23:00:25 2019
    Info: Elapsed time: 00:00:00


