Fitter report for mux64_1s
Tue Nov 13 16:54:59 2018
Version 5.0 Build 148 04/26/2005 SJ Full Version


---------------------
; Table of Contents ;
---------------------
  1. Legal Notice
  2. Fitter Summary
  3. Fitter Settings
  4. Fitter Device Options
  5. Fitter Equations
  6. Pin-Out File
  7. Fitter Resource Usage Summary
  8. Input Pins
  9. Output Pins
 10. I/O Bank Usage
 11. All Package Pins
 12. Output Pin Default Load For Reported TCO
 13. Fitter Resource Utilization by Entity
 14. Delay Chain Summary
 15. Pad To Core Delay Chain Fanout
 16. Non-Global High Fan-Out Signals
 17. Interconnect Usage Summary
 18. LAB Logic Elements
 19. LAB Signals Sourced
 20. LAB Signals Sourced Out
 21. LAB Distinct Inputs
 22. Fitter Messages



----------------
; Legal Notice ;
----------------
Copyright (C) 1991-2005 Altera Corporation
Your use of Altera Corporation's design tools, logic functions 
and other software and tools, and its AMPP partner logic       
functions, and any output files any of the foregoing           
(including device programming or simulation files), and any    
associated documentation or information are expressly subject  
to the terms and conditions of the Altera Program License      
Subscription Agreement, Altera MegaCore Function License       
Agreement, or other applicable license agreement, including,   
without limitation, that your use is for the sole purpose of   
programming logic devices manufactured by Altera and sold by   
Altera or its authorized distributors.  Please refer to the    
applicable agreement for further details.



+---------------------------------------------------------------------+
; Fitter Summary                                                      ;
+--------------------------+------------------------------------------+
; Fitter Status            ; Successful - Tue Nov 13 16:54:59 2018    ;
; Quartus II Version       ; 5.0 Build 148 04/26/2005 SJ Full Version ;
; Revision Name            ; mux64_1s                                 ;
; Top-level Entity Name    ; mux64_1s                                 ;
; Family                   ; Stratix                                  ;
; Device                   ; EP1S10F484C5                             ;
; Timing Models            ; Final                                    ;
; Total logic elements     ; 58 / 10,570 ( < 1 % )                    ;
; Total pins               ; 72 / 336 ( 21 % )                        ;
; Total virtual pins       ; 0                                        ;
; Total memory bits        ; 0 / 920,448 ( 0 % )                      ;
; DSP block 9-bit elements ; 0 / 48 ( 0 % )                           ;
; Total PLLs               ; 0 / 6 ( 0 % )                            ;
; Total DLLs               ; 0 / 2 ( 0 % )                            ;
+--------------------------+------------------------------------------+


+----------------------------------------------------------------------------------------------------------------------+
; Fitter Settings                                                                                                      ;
+----------------------------------------------------+--------------------------------+--------------------------------+
; Option                                             ; Setting                        ; Default Value                  ;
+----------------------------------------------------+--------------------------------+--------------------------------+
; Device                                             ; AUTO                           ;                                ;
; Use smart compilation                              ; Off                            ; Off                            ;
; Placement Effort Multiplier                        ; 1.0                            ; 1.0                            ;
; Router Effort Multiplier                           ; 1.0                            ; 1.0                            ;
; Optimize Hold Timing                               ; IO Paths and Minimum TPD Paths ; IO Paths and Minimum TPD Paths ;
; Optimize Fast-Corner Timing                        ; Off                            ; Off                            ;
; Optimize Timing                                    ; Normal compilation             ; Normal compilation             ;
; Optimize IOC Register Placement for Timing         ; On                             ; On                             ;
; Limit to One Fitting Attempt                       ; Off                            ; Off                            ;
; Final Placement Optimizations                      ; Automatically                  ; Automatically                  ;
; Fitter Initial Placement Seed                      ; 1                              ; 1                              ;
; Slow Slew Rate                                     ; Off                            ; Off                            ;
; PCI I/O                                            ; Off                            ; Off                            ;
; Weak Pull-Up Resistor                              ; Off                            ; Off                            ;
; Enable Bus-Hold Circuitry                          ; Off                            ; Off                            ;
; Auto Global Memory Control Signals                 ; Off                            ; Off                            ;
; Auto Packed Registers -- Stratix/Stratix GX        ; Auto                           ; Auto                           ;
; Auto Delay Chains                                  ; On                             ; On                             ;
; Auto Merge PLLs                                    ; On                             ; On                             ;
; Perform Physical Synthesis for Combinational Logic ; Off                            ; Off                            ;
; Perform Register Duplication                       ; Off                            ; Off                            ;
; Perform Register Retiming                          ; Off                            ; Off                            ;
; Fitter Effort                                      ; Auto Fit                       ; Auto Fit                       ;
; Physical Synthesis Effort Level                    ; Normal                         ; Normal                         ;
; Logic Cell Insertion - Logic Duplication           ; Auto                           ; Auto                           ;
; Auto Register Duplication                          ; Off                            ; Off                            ;
; Auto Global Clock                                  ; On                             ; On                             ;
; Auto Global Register Control Signals               ; On                             ; On                             ;
+----------------------------------------------------+--------------------------------+--------------------------------+


+-------------------------------------------------------------------------+
; Fitter Device Options                                                   ;
+----------------------------------------------+--------------------------+
; Option                                       ; Setting                  ;
+----------------------------------------------+--------------------------+
; Enable user-supplied start-up clock (CLKUSR) ; Off                      ;
; Enable device-wide reset (DEV_CLRn)          ; Off                      ;
; Enable device-wide output enable (DEV_OE)    ; Off                      ;
; Enable INIT_DONE output                      ; Off                      ;
; Configuration scheme                         ; Passive Serial           ;
; Error detection CRC                          ; Off                      ;
; Reserve Data[0] pin after configuration      ; As input tri-stated      ;
; Reserve all unused pins                      ; As output driving ground ;
; Base pin-out file on sameframe device        ; Off                      ;
+----------------------------------------------+--------------------------+


+------------------+
; Fitter Equations ;
+------------------+
The equations can be found in C:/altera_labs/laba8/mux64_1s/mux64_1s.fit.eqn.


+--------------+
; Pin-Out File ;
+--------------+
The pin-out file can be found in C:/altera_labs/laba8/mux64_1s/mux64_1s.pin.


+---------------------------------------------------------------------+
; Fitter Resource Usage Summary                                       ;
+---------------------------------------------+-----------------------+
; Resource                                    ; Usage                 ;
+---------------------------------------------+-----------------------+
; Total logic elements                        ; 58 / 10,570 ( < 1 % ) ;
;     -- Combinational with no register       ; 58                    ;
;     -- Register only                        ; 0                     ;
;     -- Combinational with a register        ; 0                     ;
;                                             ;                       ;
; Logic element usage by number of LUT inputs ;                       ;
;     -- 4 input functions                    ; 50                    ;
;     -- 3 input functions                    ; 1                     ;
;     -- 2 input functions                    ; 7                     ;
;     -- 1 input functions                    ; 0                     ;
;     -- 0 input functions                    ; 0                     ;
;                                             ;                       ;
; Logic elements by mode                      ;                       ;
;     -- normal mode                          ; 58                    ;
;     -- arithmetic mode                      ; 0                     ;
;     -- qfbk mode                            ; 0                     ;
;     -- register cascade mode                ; 0                     ;
;     -- synchronous clear/load mode          ; 0                     ;
;     -- asynchronous clear/load mode         ; 0                     ;
;                                             ;                       ;
; Total LABs                                  ; 7 / 1,057 ( < 1 % )   ;
; Logic elements in carry chains              ; 0                     ;
; User inserted logic elements                ; 0                     ;
; Virtual pins                                ; 0                     ;
; I/O pins                                    ; 72 / 336 ( 21 % )     ;
;     -- Clock pins                           ; 4 / 16 ( 25 % )       ;
; Global signals                              ; 0                     ;
; M512s                                       ; 0 / 94 ( 0 % )        ;
; M4Ks                                        ; 0 / 60 ( 0 % )        ;
; M-RAMs                                      ; 0 / 1 ( 0 % )         ;
; Total memory bits                           ; 0 / 920,448 ( 0 % )   ;
; Total RAM block bits                        ; 0 / 920,448 ( 0 % )   ;
; DSP block 9-bit elements                    ; 0 / 48 ( 0 % )        ;
; Global clocks                               ; 0 / 16 ( 0 % )        ;
; Regional clocks                             ; 0 / 16 ( 0 % )        ;
; Fast regional clocks                        ; 0 / 8 ( 0 % )         ;
; SERDES transmitters                         ; 0 / 44 ( 0 % )        ;
; SERDES receivers                            ; 0 / 44 ( 0 % )        ;
; Maximum fan-out node                        ; a[1]                  ;
; Maximum fan-out                             ; 24                    ;
; Total fan-out                               ; 218                   ;
; Average fan-out                             ; 1.66                  ;
+---------------------------------------------+-----------------------+


+-------------------------------------------------------------------------------------------------------------------------------------------------------------------------------------------------------------------------------------------------------------+
; Input Pins                                                                                                                                                                                                                                                  ;
+-------+-------+----------+--------------+--------------+-------------+-----------------------+--------------------+--------+----------------+---------------+-----------------+----------+--------------+--------------+-------------+----------------------+
; Name  ; Pin # ; I/O Bank ; X coordinate ; Y coordinate ; Cell number ; Combinational Fan-Out ; Registered Fan-Out ; Global ; Input Register ; Power Up High ; PCI I/O Enabled ; Bus Hold ; Weak Pull Up ; I/O Standard ; Termination ; Location assigned by ;
+-------+-------+----------+--------------+--------------+-------------+-----------------------+--------------------+--------+----------------+---------------+-----------------+----------+--------------+--------------+-------------+----------------------+
; a[0]  ; U15   ; 8        ; 17           ; 0            ; 1           ; 24                    ; 0                  ; no     ; no             ; no            ; no              ; no       ; Off          ; LVTTL        ; Off         ; Fitter               ;
; a[1]  ; AA12  ; 11       ; 25           ; 0            ; 2           ; 24                    ; 0                  ; no     ; no             ; no            ; no              ; no       ; Off          ; LVTTL        ; Off         ; Fitter               ;
; a[2]  ; B13   ; 9        ; 25           ; 31           ; 5           ; 11                    ; 0                  ; no     ; no             ; no            ; no              ; no       ; Off          ; LVTTL        ; Off         ; Fitter               ;
; a[3]  ; C13   ; 9        ; 25           ; 31           ; 4           ; 11                    ; 0                  ; no     ; no             ; no            ; no              ; no       ; Off          ; LVTTL        ; Off         ; Fitter               ;
; a[4]  ; C14   ; 3        ; 21           ; 31           ; 3           ; 4                     ; 0                  ; no     ; no             ; no            ; no              ; no       ; Off          ; LVTTL        ; Off         ; Fitter               ;
; a[5]  ; K15   ; 3        ; 19           ; 31           ; 2           ; 4                     ; 0                  ; no     ; no             ; no            ; no              ; no       ; Off          ; LVTTL        ; Off         ; Fitter               ;
; en    ; B14   ; 3        ; 21           ; 31           ; 2           ; 1                     ; 0                  ; no     ; no             ; no            ; no              ; no       ; Off          ; LVTTL        ; Off         ; Fitter               ;
; x[0]  ; M15   ; 3        ; 19           ; 31           ; 3           ; 1                     ; 0                  ; no     ; no             ; no            ; no              ; no       ; Off          ; LVTTL        ; Off         ; Fitter               ;
; x[10] ; Y9    ; 7        ; 36           ; 0            ; 0           ; 1                     ; 0                  ; no     ; no             ; no            ; no              ; no       ; Off          ; LVTTL        ; Off         ; Fitter               ;
; x[11] ; V8    ; 7        ; 41           ; 0            ; 3           ; 1                     ; 0                  ; no     ; no             ; no            ; no              ; no       ; Off          ; LVTTL        ; Off         ; Fitter               ;
; x[12] ; L16   ; 3        ; 17           ; 31           ; 1           ; 1                     ; 0                  ; no     ; no             ; no            ; no              ; no       ; Off          ; LVTTL        ; Off         ; Fitter               ;
; x[13] ; K14   ; 3        ; 19           ; 31           ; 4           ; 1                     ; 0                  ; no     ; no             ; no            ; no              ; no       ; Off          ; LVTTL        ; Off         ; Fitter               ;
; x[14] ; D14   ; 3        ; 17           ; 31           ; 2           ; 1                     ; 0                  ; no     ; no             ; no            ; no              ; no       ; Off          ; LVTTL        ; Off         ; Fitter               ;
; x[15] ; E14   ; 3        ; 17           ; 31           ; 0           ; 1                     ; 0                  ; no     ; no             ; no            ; no              ; no       ; Off          ; LVTTL        ; Off         ; Fitter               ;
; x[16] ; B12   ; 9        ; 25           ; 31           ; 2           ; 1                     ; 0                  ; no     ; no             ; no            ; no              ; no       ; Off          ; LVTTL        ; Off         ; Fitter               ;
; x[17] ; A11   ; 4        ; 29           ; 31           ; 3           ; 1                     ; 0                  ; no     ; no             ; no            ; no              ; no       ; Off          ; LVTTL        ; Off         ; Fitter               ;
; x[18] ; C12   ; 9        ; 25           ; 31           ; 1           ; 1                     ; 0                  ; no     ; no             ; no            ; no              ; no       ; Off          ; LVTTL        ; Off         ; Fitter               ;
; x[19] ; J8    ; 4        ; 33           ; 31           ; 4           ; 1                     ; 0                  ; no     ; no             ; no            ; no              ; no       ; Off          ; LVTTL        ; Off         ; Fitter               ;
; x[1]  ; L15   ; 3        ; 19           ; 31           ; 0           ; 1                     ; 0                  ; no     ; no             ; no            ; no              ; no       ; Off          ; LVTTL        ; Off         ; Fitter               ;
; x[20] ; Y8    ; 7        ; 36           ; 0            ; 3           ; 1                     ; 0                  ; no     ; no             ; no            ; no              ; no       ; Off          ; LVTTL        ; Off         ; Fitter               ;
; x[21] ; W8    ; 7        ; 41           ; 0            ; 1           ; 1                     ; 0                  ; no     ; no             ; no            ; no              ; no       ; Off          ; LVTTL        ; Off         ; Fitter               ;
; x[22] ; M7    ; 7        ; 41           ; 0            ; 4           ; 1                     ; 0                  ; no     ; no             ; no            ; no              ; no       ; Off          ; LVTTL        ; Off         ; Fitter               ;
; x[23] ; V6    ; 7        ; 44           ; 0            ; 2           ; 1                     ; 0                  ; no     ; no             ; no            ; no              ; no       ; Off          ; LVTTL        ; Off         ; Fitter               ;
; x[24] ; G14   ; 3        ; 19           ; 31           ; 5           ; 1                     ; 0                  ; no     ; no             ; no            ; no              ; no       ; Off          ; LVTTL        ; Off         ; Fitter               ;
; x[25] ; K16   ; 3        ; 12           ; 31           ; 4           ; 1                     ; 0                  ; no     ; no             ; no            ; no              ; no       ; Off          ; LVTTL        ; Off         ; Fitter               ;
; x[26] ; D16   ; 3        ; 9            ; 31           ; 1           ; 1                     ; 0                  ; no     ; no             ; no            ; no              ; no       ; Off          ; LVTTL        ; Off         ; Fitter               ;
; x[27] ; C15   ; 3        ; 17           ; 31           ; 4           ; 1                     ; 0                  ; no     ; no             ; no            ; no              ; no       ; Off          ; LVTTL        ; Off         ; Fitter               ;
; x[28] ; F10   ; 4        ; 33           ; 31           ; 2           ; 1                     ; 0                  ; no     ; no             ; no            ; no              ; no       ; Off          ; LVTTL        ; Off         ; Fitter               ;
; x[29] ; K8    ; 4        ; 33           ; 31           ; 5           ; 1                     ; 0                  ; no     ; no             ; no            ; no              ; no       ; Off          ; LVTTL        ; Off         ; Fitter               ;
; x[2]  ; E15   ; 3        ; 12           ; 31           ; 3           ; 1                     ; 0                  ; no     ; no             ; no            ; no              ; no       ; Off          ; LVTTL        ; Off         ; Fitter               ;
; x[30] ; G9    ; 4        ; 31           ; 31           ; 0           ; 1                     ; 0                  ; no     ; no             ; no            ; no              ; no       ; Off          ; LVTTL        ; Off         ; Fitter               ;
; x[31] ; A15   ; 3        ; 19           ; 31           ; 1           ; 1                     ; 0                  ; no     ; no             ; no            ; no              ; no       ; Off          ; LVTTL        ; Off         ; Fitter               ;
; x[32] ; W7    ; 7        ; 44           ; 0            ; 1           ; 1                     ; 0                  ; no     ; no             ; no            ; no              ; no       ; Off          ; LVTTL        ; Off         ; Fitter               ;
; x[33] ; AB7   ; 7        ; 44           ; 0            ; 5           ; 1                     ; 0                  ; no     ; no             ; no            ; no              ; no       ; Off          ; LVTTL        ; Off         ; Fitter               ;
; x[34] ; W9    ; 7        ; 41           ; 0            ; 0           ; 1                     ; 0                  ; no     ; no             ; no            ; no              ; no       ; Off          ; LVTTL        ; Off         ; Fitter               ;
; x[35] ; U6    ; 7        ; 44           ; 0            ; 0           ; 1                     ; 0                  ; no     ; no             ; no            ; no              ; no       ; Off          ; LVTTL        ; Off         ; Fitter               ;
; x[36] ; N10   ; 7        ; 31           ; 0            ; 3           ; 1                     ; 0                  ; no     ; no             ; no            ; no              ; no       ; Off          ; LVTTL        ; Off         ; Fitter               ;
; x[37] ; P10   ; 7        ; 33           ; 0            ; 1           ; 1                     ; 0                  ; no     ; no             ; no            ; no              ; no       ; Off          ; LVTTL        ; Off         ; Fitter               ;
; x[38] ; R8    ; 7        ; 31           ; 0            ; 0           ; 1                     ; 0                  ; no     ; no             ; no            ; no              ; no       ; Off          ; LVTTL        ; Off         ; Fitter               ;
; x[39] ; T9    ; 7        ; 33           ; 0            ; 5           ; 1                     ; 0                  ; no     ; no             ; no            ; no              ; no       ; Off          ; LVTTL        ; Off         ; Fitter               ;
; x[3]  ; D15   ; 3        ; 12           ; 31           ; 2           ; 1                     ; 0                  ; no     ; no             ; no            ; no              ; no       ; Off          ; LVTTL        ; Off         ; Fitter               ;
; x[40] ; T8    ; 7        ; 41           ; 0            ; 5           ; 1                     ; 0                  ; no     ; no             ; no            ; no              ; no       ; Off          ; LVTTL        ; Off         ; Fitter               ;
; x[41] ; AA8   ; 7        ; 36           ; 0            ; 1           ; 1                     ; 0                  ; no     ; no             ; no            ; no              ; no       ; Off          ; LVTTL        ; Off         ; Fitter               ;
; x[42] ; AA7   ; 7        ; 44           ; 0            ; 4           ; 1                     ; 0                  ; no     ; no             ; no            ; no              ; no       ; Off          ; LVTTL        ; Off         ; Fitter               ;
; x[43] ; V7    ; 7        ; 46           ; 0            ; 3           ; 1                     ; 0                  ; no     ; no             ; no            ; no              ; no       ; Off          ; LVTTL        ; Off         ; Fitter               ;
; x[44] ; A12   ; 9        ; 25           ; 31           ; 3           ; 1                     ; 0                  ; no     ; no             ; no            ; no              ; no       ; Off          ; LVTTL        ; Off         ; Fitter               ;
; x[45] ; H10   ; 4        ; 33           ; 31           ; 1           ; 1                     ; 0                  ; no     ; no             ; no            ; no              ; no       ; Off          ; LVTTL        ; Off         ; Fitter               ;
; x[46] ; F9    ; 4        ; 36           ; 31           ; 1           ; 1                     ; 0                  ; no     ; no             ; no            ; no              ; no       ; Off          ; LVTTL        ; Off         ; Fitter               ;
; x[47] ; J9    ; 4        ; 33           ; 31           ; 0           ; 1                     ; 0                  ; no     ; no             ; no            ; no              ; no       ; Off          ; LVTTL        ; Off         ; Fitter               ;
; x[48] ; B16   ; 3        ; 9            ; 31           ; 3           ; 1                     ; 0                  ; no     ; no             ; no            ; no              ; no       ; Off          ; LVTTL        ; Off         ; Fitter               ;
; x[49] ; G16   ; 3        ; 9            ; 31           ; 2           ; 1                     ; 0                  ; no     ; no             ; no            ; no              ; no       ; Off          ; LVTTL        ; Off         ; Fitter               ;
; x[4]  ; J15   ; 3        ; 17           ; 31           ; 5           ; 1                     ; 0                  ; no     ; no             ; no            ; no              ; no       ; Off          ; LVTTL        ; Off         ; Fitter               ;
; x[50] ; C16   ; 3        ; 9            ; 31           ; 0           ; 1                     ; 0                  ; no     ; no             ; no            ; no              ; no       ; Off          ; LVTTL        ; Off         ; Fitter               ;
; x[51] ; F15   ; 3        ; 12           ; 31           ; 0           ; 1                     ; 0                  ; no     ; no             ; no            ; no              ; no       ; Off          ; LVTTL        ; Off         ; Fitter               ;
; x[52] ; T10   ; 7        ; 33           ; 0            ; 0           ; 1                     ; 0                  ; no     ; no             ; no            ; no              ; no       ; Off          ; LVTTL        ; Off         ; Fitter               ;
; x[53] ; M8    ; 7        ; 33           ; 0            ; 2           ; 1                     ; 0                  ; no     ; no             ; no            ; no              ; no       ; Off          ; LVTTL        ; Off         ; Fitter               ;
; x[54] ; P9    ; 7        ; 33           ; 0            ; 3           ; 1                     ; 0                  ; no     ; no             ; no            ; no              ; no       ; Off          ; LVTTL        ; Off         ; Fitter               ;
; x[55] ; N8    ; 7        ; 33           ; 0            ; 4           ; 1                     ; 0                  ; no     ; no             ; no            ; no              ; no       ; Off          ; LVTTL        ; Off         ; Fitter               ;
; x[56] ; P8    ; 7        ; 36           ; 0            ; 2           ; 1                     ; 0                  ; no     ; no             ; no            ; no              ; no       ; Off          ; LVTTL        ; Off         ; Fitter               ;
; x[57] ; V5    ; 7        ; 46           ; 0            ; 2           ; 1                     ; 0                  ; no     ; no             ; no            ; no              ; no       ; Off          ; LVTTL        ; Off         ; Fitter               ;
; x[58] ; U8    ; 7        ; 41           ; 0            ; 2           ; 1                     ; 0                  ; no     ; no             ; no            ; no              ; no       ; Off          ; LVTTL        ; Off         ; Fitter               ;
; x[59] ; V9    ; 7        ; 36           ; 0            ; 4           ; 1                     ; 0                  ; no     ; no             ; no            ; no              ; no       ; Off          ; LVTTL        ; Off         ; Fitter               ;
; x[5]  ; J16   ; 3        ; 12           ; 31           ; 5           ; 1                     ; 0                  ; no     ; no             ; no            ; no              ; no       ; Off          ; LVTTL        ; Off         ; Fitter               ;
; x[60] ; E13   ; 3        ; 21           ; 31           ; 0           ; 1                     ; 0                  ; no     ; no             ; no            ; no              ; no       ; Off          ; LVTTL        ; Off         ; Fitter               ;
; x[61] ; B11   ; 4        ; 29           ; 31           ; 1           ; 1                     ; 0                  ; no     ; no             ; no            ; no              ; no       ; Off          ; LVTTL        ; Off         ; Fitter               ;
; x[62] ; K10   ; 4        ; 31           ; 31           ; 3           ; 1                     ; 0                  ; no     ; no             ; no            ; no              ; no       ; Off          ; LVTTL        ; Off         ; Fitter               ;
; x[63] ; D12   ; 9        ; 25           ; 31           ; 0           ; 1                     ; 0                  ; no     ; no             ; no            ; no              ; no       ; Off          ; LVTTL        ; Off         ; Fitter               ;
; x[6]  ; B15   ; 3        ; 12           ; 31           ; 1           ; 1                     ; 0                  ; no     ; no             ; no            ; no              ; no       ; Off          ; LVTTL        ; Off         ; Fitter               ;
; x[7]  ; F14   ; 3        ; 17           ; 31           ; 3           ; 1                     ; 0                  ; no     ; no             ; no            ; no              ; no       ; Off          ; LVTTL        ; Off         ; Fitter               ;
; x[8]  ; AB8   ; 7        ; 44           ; 0            ; 3           ; 1                     ; 0                  ; no     ; no             ; no            ; no              ; no       ; Off          ; LVTTL        ; Off         ; Fitter               ;
; x[9]  ; U9    ; 7        ; 36           ; 0            ; 5           ; 1                     ; 0                  ; no     ; no             ; no            ; no              ; no       ; Off          ; LVTTL        ; Off         ; Fitter               ;
+-------+-------+----------+--------------+--------------+-------------+-----------------------+--------------------+--------+----------------+---------------+-----------------+----------+--------------+--------------+-------------+----------------------+


+---------------------------------------------------------------------------------------------------------------------------------------------------------------------------------------------------------------------------------------------------------------------------------------------------------------+
; Output Pins                                                                                                                                                                                                                                                                                                   ;
+------+-------+----------+--------------+--------------+-------------+-----------------+------------------------+---------------+----------------+-----------------+------------+---------------+----------+--------------+--------------+------------------+-------------+----------------------+-------------+
; Name ; Pin # ; I/O Bank ; X coordinate ; Y coordinate ; Cell number ; Output Register ; Output Enable Register ; Power Up High ; Slow Slew Rate ; PCI I/O Enabled ; Open Drain ; TRI Primitive ; Bus Hold ; Weak Pull Up ; I/O Standard ; Current Strength ; Termination ; Location assigned by ; Load        ;
+------+-------+----------+--------------+--------------+-------------+-----------------+------------------------+---------------+----------------+-----------------+------------+---------------+----------+--------------+--------------+------------------+-------------+----------------------+-------------+
; q    ; D13   ; 3        ; 21           ; 31           ; 1           ; no              ; no                     ; no            ; no             ; no              ; no         ; no            ; no       ; Off          ; LVTTL        ; 24mA             ; Off         ; Fitter               ; Unspecified ;
+------+-------+----------+--------------+--------------+-------------+-----------------+------------------------+---------------+----------------+-----------------+------------+---------------+----------+--------------+--------------+------------------+-------------+----------------------+-------------+


+------------------------------------------------------------+
; I/O Bank Usage                                             ;
+----------+------------------+---------------+--------------+
; I/O Bank ; Usage            ; VCCIO Voltage ; VREF Voltage ;
+----------+------------------+---------------+--------------+
; 1        ; 0 / 29 ( 0 % )   ; 3.3V          ; --           ;
; 2        ; 0 / 30 ( 0 % )   ; 3.3V          ; --           ;
; 3        ; 26 / 51 ( 50 % ) ; 3.3V          ; --           ;
; 4        ; 11 / 52 ( 21 % ) ; 3.3V          ; --           ;
; 5        ; 0 / 29 ( 0 % )   ; 3.3V          ; --           ;
; 6        ; 0 / 29 ( 0 % )   ; 3.3V          ; --           ;
; 7        ; 28 / 52 ( 53 % ) ; 3.3V          ; --           ;
; 8        ; 1 / 51 ( 1 % )   ; 3.3V          ; --           ;
; 9        ; 6 / 6 ( 100 % )  ; 3.3V          ; --           ;
; 11       ; 1 / 6 ( 16 % )   ; 3.3V          ; --           ;
+----------+------------------+---------------+--------------+


+---------------------------------------------------------------------------------------------------------------------------------------------+
; All Package Pins                                                                                                                            ;
+----------+------------+----------+---------------------------+--------+--------------+---------+------------+-------------+-----------------+
; Location ; Pad Number ; I/O Bank ; Pin Name/Usage            ; Dir.   ; I/O Standard ; Voltage ; I/O Type   ; Termination ; User Assignment ;
+----------+------------+----------+---------------------------+--------+--------------+---------+------------+-------------+-----------------+
; A1       ;            ;          ; VCCINT                    ; power  ;              ; 1.5V    ; --         ; --          ;                 ;
; A2       ;            ;          ; GND                       ; gnd    ;              ;         ; --         ; --          ;                 ;
; A3       ;            ; 4        ; VCCIO4                    ; power  ;              ; 3.3V    ; --         ; --          ;                 ;
; A4       ; 339        ; 4        ; GND*                      ;        ;              ;         ; Column I/O ; --          ;                 ;
; A5       ; 346        ; 4        ; GND*                      ;        ;              ;         ; Column I/O ; --          ;                 ;
; A6       ; 351        ; 4        ; GND*                      ;        ;              ;         ; Column I/O ; --          ;                 ;
; A7       ; 355        ; 4        ; GND*                      ;        ;              ;         ; Column I/O ; --          ;                 ;
; A8       ; 356        ; 4        ; GND*                      ;        ;              ;         ; Column I/O ; --          ;                 ;
; A9       ;            ;          ; GND                       ; gnd    ;              ;         ; --         ; --          ;                 ;
; A10      ;            ; 4        ; VCCIO4                    ; power  ;              ; 3.3V    ; --         ; --          ;                 ;
; A11      ; 389        ; 4        ; x[17]                     ; input  ; LVTTL        ;         ; Column I/O ; Off         ; N               ;
; A12      ; 395        ; 9        ; x[44]                     ; input  ; LVTTL        ;         ; Column I/O ; Off         ; N               ;
; A13      ;            ; 3        ; VCCIO3                    ; power  ;              ; 3.3V    ; --         ; --          ;                 ;
; A14      ;            ;          ; GND                       ; gnd    ;              ;         ; --         ; --          ;                 ;
; A15      ; 416        ; 3        ; x[31]                     ; input  ; LVTTL        ;         ; Column I/O ; Off         ; N               ;
; A16      ; 429        ; 3        ; GND*                      ;        ;              ;         ; Column I/O ; --          ;                 ;
; A17      ; 436        ; 3        ; GND*                      ;        ;              ;         ; Column I/O ; --          ;                 ;
; A18      ; 444        ; 3        ; GND*                      ;        ;              ;         ; Column I/O ; --          ;                 ;
; A19      ; 450        ; 3        ; GND*                      ;        ;              ;         ; Column I/O ; --          ;                 ;
; A20      ;            ; 3        ; VCCIO3                    ; power  ;              ; 3.3V    ; --         ; --          ;                 ;
; A21      ;            ;          ; GND                       ; gnd    ;              ;         ; --         ; --          ;                 ;
; A22      ;            ;          ; VCCINT                    ; power  ;              ; 1.5V    ; --         ; --          ;                 ;
; AA1      ;            ;          ; GND                       ; gnd    ;              ;         ; --         ; --          ;                 ;
; AA2      ; 225        ; 7        ; GND*                      ;        ;              ;         ; Column I/O ; --          ;                 ;
; AA3      ; 224        ; 7        ; GND*                      ;        ;              ;         ; Column I/O ; --          ;                 ;
; AA4      ; 220        ; 7        ; GND*                      ;        ;              ;         ; Column I/O ; --          ;                 ;
; AA5      ; 216        ; 7        ; GND*                      ;        ;              ;         ; Column I/O ; --          ;                 ;
; AA6      ; 210        ; 7        ; GND*                      ;        ;              ;         ; Column I/O ; --          ;                 ;
; AA7      ; 204        ; 7        ; x[42]                     ; input  ; LVTTL        ;         ; Column I/O ; Off         ; N               ;
; AA8      ; 187        ; 7        ; x[41]                     ; input  ; LVTTL        ;         ; Column I/O ; Off         ; N               ;
; AA9      ;            ;          ; NC                        ;        ;              ;         ; --         ; --          ;                 ;
; AA10     ;            ;          ; NC                        ;        ;              ;         ; --         ; --          ;                 ;
; AA11     ; 168        ; 7        ; GND+                      ;        ;              ;         ; Column I/O ; --          ;                 ;
; AA12     ; 165        ; 11       ; a[1]                      ; input  ; LVTTL        ;         ; Column I/O ; Off         ; N               ;
; AA13     ; 167        ; 11       ; GND*                      ;        ;              ;         ; Column I/O ; --          ;                 ;
; AA14     ; 153        ; 8        ; GND+                      ;        ;              ;         ; Column I/O ; --          ;                 ;
; AA15     ; 131        ; 8        ; GND*                      ;        ;              ;         ; Column I/O ; --          ;                 ;
; AA16     ; 125        ; 8        ; GND*                      ;        ;              ;         ; Column I/O ; --          ;                 ;
; AA17     ; 111        ; 8        ; GND*                      ;        ;              ;         ; Column I/O ; --          ;                 ;
; AA18     ; 109        ; 8        ; GND*                      ;        ;              ;         ; Column I/O ; --          ;                 ;
; AA19     ; 108        ; 8        ; GND*                      ;        ;              ;         ; Column I/O ; --          ;                 ;
; AA20     ; 103        ; 8        ; GND*                      ;        ;              ;         ; Column I/O ; --          ;                 ;
; AA21     ; 102        ; 8        ; GND*                      ;        ;              ;         ; Column I/O ; --          ;                 ;
; AA22     ;            ;          ; GND                       ; gnd    ;              ;         ; --         ; --          ;                 ;
; AB1      ;            ;          ; VCCINT                    ; power  ;              ; 1.5V    ; --         ; --          ;                 ;
; AB2      ;            ;          ; GND                       ; gnd    ;              ;         ; --         ; --          ;                 ;
; AB3      ;            ; 7        ; VCCIO7                    ; power  ;              ; 3.3V    ; --         ; --          ;                 ;
; AB4      ; 221        ; 7        ; GND*                      ;        ;              ;         ; Column I/O ; --          ;                 ;
; AB5      ; 213        ; 7        ; GND*                      ;        ;              ;         ; Column I/O ; --          ;                 ;
; AB6      ; 212        ; 7        ; GND*                      ;        ;              ;         ; Column I/O ; --          ;                 ;
; AB7      ; 203        ; 7        ; x[33]                     ; input  ; LVTTL        ;         ; Column I/O ; Off         ; N               ;
; AB8      ; 201        ; 7        ; x[8]                      ; input  ; LVTTL        ;         ; Column I/O ; Off         ; N               ;
; AB9      ;            ;          ; GND                       ; gnd    ;              ;         ; --         ; --          ;                 ;
; AB10     ;            ; 7        ; VCCIO7                    ; power  ;              ; 3.3V    ; --         ; --          ;                 ;
; AB11     ; 170        ; 7        ; GND+                      ;        ;              ;         ; Column I/O ; --          ;                 ;
; AB12     ; 164        ; 11       ; GND*                      ;        ;              ;         ; Column I/O ; --          ;                 ;
; AB13     ;            ; 8        ; VCCIO8                    ; power  ;              ; 3.3V    ; --         ; --          ;                 ;
; AB14     ;            ;          ; GND                       ; gnd    ;              ;         ; --         ; --          ;                 ;
; AB15     ; 132        ; 8        ; GND*                      ;        ;              ;         ; Column I/O ; --          ;                 ;
; AB16     ; 129        ; 8        ; GND*                      ;        ;              ;         ; Column I/O ; --          ;                 ;
; AB17     ; 118        ; 8        ; GND*                      ;        ;              ;         ; Column I/O ; --          ;                 ;
; AB18     ; 113        ; 8        ; GND*                      ;        ;              ;         ; Column I/O ; --          ;                 ;
; AB19     ; 110        ; 8        ; GND*                      ;        ;              ;         ; Column I/O ; --          ;                 ;
; AB20     ;            ; 8        ; VCCIO8                    ; power  ;              ; 3.3V    ; --         ; --          ;                 ;
; AB21     ;            ;          ; GND                       ; gnd    ;              ;         ; --         ; --          ;                 ;
; AB22     ;            ;          ; VCCINT                    ; power  ;              ; 1.5V    ; --         ; --          ;                 ;
; B1       ;            ;          ; GND                       ; gnd    ;              ;         ; --         ; --          ;                 ;
; B2       ; 332        ; 4        ; GND*                      ;        ;              ;         ; Column I/O ; --          ;                 ;
; B3       ; 331        ; 4        ; GND*                      ;        ;              ;         ; Column I/O ; --          ;                 ;
; B4       ; 335        ; 4        ; GND*                      ;        ;              ;         ; Column I/O ; --          ;                 ;
; B5       ; 345        ; 4        ; GND*                      ;        ;              ;         ; Column I/O ; --          ;                 ;
; B6       ; 353        ; 4        ; GND*                      ;        ;              ;         ; Column I/O ; --          ;                 ;
; B7       ; 350        ; 4        ; GND*                      ;        ;              ;         ; Column I/O ; --          ;                 ;
; B8       ; 367        ; 4        ; GND*                      ;        ;              ;         ; Column I/O ; --          ;                 ;
; B9       ;            ;          ; NC                        ;        ;              ;         ; --         ; --          ;                 ;
; B10      ;            ;          ; NC                        ;        ;              ;         ; --         ; --          ;                 ;
; B11      ; 391        ; 4        ; x[61]                     ; input  ; LVTTL        ;         ; Column I/O ; Off         ; N               ;
; B12      ; 394        ; 9        ; x[16]                     ; input  ; LVTTL        ;         ; Column I/O ; Off         ; N               ;
; B13      ; 393        ; 9        ; a[2]                      ; input  ; LVTTL        ;         ; Column I/O ; Off         ; N               ;
; B14      ; 406        ; 3        ; en                        ; input  ; LVTTL        ;         ; Column I/O ; Off         ; N               ;
; B15      ; 428        ; 3        ; x[6]                      ; input  ; LVTTL        ;         ; Column I/O ; Off         ; N               ;
; B16      ; 432        ; 3        ; x[48]                     ; input  ; LVTTL        ;         ; Column I/O ; Off         ; N               ;
; B17      ; 438        ; 3        ; GND*                      ;        ;              ;         ; Column I/O ; --          ;                 ;
; B18      ; 445        ; 3        ; GND*                      ;        ;              ;         ; Column I/O ; --          ;                 ;
; B19      ; 451        ; 3        ; GND*                      ;        ;              ;         ; Column I/O ; --          ;                 ;
; B20      ; 455        ; 3        ; GND*                      ;        ;              ;         ; Column I/O ; --          ;                 ;
; B21      ; 456        ; 3        ; GND*                      ;        ;              ;         ; Column I/O ; --          ;                 ;
; B22      ;            ;          ; GND                       ; gnd    ;              ;         ; --         ; --          ;                 ;
; C1       ;            ; 5        ; VCCIO5                    ; power  ;              ; 3.3V    ; --         ; --          ;                 ;
; C2       ; 334        ; 4        ; GND*                      ;        ;              ;         ; Column I/O ; --          ;                 ;
; C3       ; 336        ; 4        ; GND*                      ;        ;              ;         ; Column I/O ; --          ;                 ;
; C4       ; 337        ; 4        ; GND*                      ;        ;              ;         ; Column I/O ; --          ;                 ;
; C5       ; 343        ; 4        ; GND*                      ;        ;              ;         ; Column I/O ; --          ;                 ;
; C6       ; 347        ; 4        ; GND*                      ;        ;              ;         ; Column I/O ; --          ;                 ;
; C7       ; 358        ; 4        ; GND*                      ;        ;              ;         ; Column I/O ; --          ;                 ;
; C8       ; 364        ; 4        ; GND*                      ;        ;              ;         ; Column I/O ; --          ;                 ;
; C9       ; 368        ; 4        ; GND*                      ;        ;              ;         ; Column I/O ; --          ;                 ;
; C10      ;            ;          ; NC                        ;        ;              ;         ; --         ; --          ;                 ;
; C11      ;            ;          ; NC                        ;        ;              ;         ; --         ; --          ;                 ;
; C12      ; 397        ; 9        ; x[18]                     ; input  ; LVTTL        ;         ; Column I/O ; Off         ; N               ;
; C13      ; 392        ; 9        ; a[3]                      ; input  ; LVTTL        ;         ; Column I/O ; Off         ; N               ;
; C14      ; 407        ; 3        ; a[4]                      ; input  ; LVTTL        ;         ; Column I/O ; Off         ; N               ;
; C15      ; 417        ; 3        ; x[27]                     ; input  ; LVTTL        ;         ; Column I/O ; Off         ; N               ;
; C16      ; 433        ; 3        ; x[50]                     ; input  ; LVTTL        ;         ; Column I/O ; Off         ; N               ;
; C17      ; 440        ; 3        ; GND*                      ;        ;              ;         ; Column I/O ; --          ;                 ;
; C18      ; 441        ; 3        ; GND*                      ;        ;              ;         ; Column I/O ; --          ;                 ;
; C19      ; 452        ; 3        ; GND*                      ;        ;              ;         ; Column I/O ; --          ;                 ;
; C20      ; 457        ; 3        ; GND*                      ;        ;              ;         ; Column I/O ; --          ;                 ;
; C21      ; 453        ; 3        ; GND*                      ;        ;              ;         ; Column I/O ; --          ;                 ;
; C22      ;            ; 2        ; VCCIO2                    ; power  ;              ; 3.3V    ; --         ; --          ;                 ;
; D1       ; 329        ; 5        ; GND*                      ;        ;              ;         ; Row I/O    ; --          ;                 ;
; D2       ; 328        ; 5        ; GND*                      ;        ;              ;         ; Row I/O    ; --          ;                 ;
; D3       ; 333        ; 4        ; GND*                      ;        ;              ;         ; Column I/O ; --          ;                 ;
; D4       ; 338        ; 4        ; GND*                      ;        ;              ;         ; Column I/O ; --          ;                 ;
; D5       ; 344        ; 4        ; GND*                      ;        ;              ;         ; Column I/O ; --          ;                 ;
; D6       ; 349        ; 4        ; GND*                      ;        ;              ;         ; Column I/O ; --          ;                 ;
; D7       ; 357        ; 4        ; GND*                      ;        ;              ;         ; Column I/O ; --          ;                 ;
; D8       ; 366        ; 4        ; GND*                      ;        ;              ;         ; Column I/O ; --          ;                 ;
; D9       ; 369        ; 4        ; GND*                      ;        ;              ;         ; Column I/O ; --          ;                 ;
; D10      ;            ;          ; NC                        ;        ;              ;         ; --         ; --          ;                 ;
; D11      ;            ;          ; NC                        ;        ;              ;         ; --         ; --          ;                 ;
; D12      ; 396        ; 9        ; x[63]                     ; input  ; LVTTL        ;         ; Column I/O ; Off         ; N               ;
; D13      ; 409        ; 3        ; q                         ; output ; LVTTL        ;         ; Column I/O ; Off         ; N               ;
; D14      ; 419        ; 3        ; x[14]                     ; input  ; LVTTL        ;         ; Column I/O ; Off         ; N               ;
; D15      ; 425        ; 3        ; x[3]                      ; input  ; LVTTL        ;         ; Column I/O ; Off         ; N               ;
; D16      ; 434        ; 3        ; x[26]                     ; input  ; LVTTL        ;         ; Column I/O ; Off         ; N               ;
; D17      ; 442        ; 3        ; GND*                      ;        ;              ;         ; Column I/O ; --          ;                 ;
; D18      ; 446        ; 3        ; GND*                      ;        ;              ;         ; Column I/O ; --          ;                 ;
; D19      ; 454        ; 3        ; GND*                      ;        ;              ;         ; Column I/O ; --          ;                 ;
; D20      ; 458        ; 3        ; GND*                      ;        ;              ;         ; Column I/O ; --          ;                 ;
; D21      ; 1          ; 2        ; GND*                      ;        ;              ;         ; Row I/O    ; --          ;                 ;
; D22      ; 0          ; 2        ; GND*                      ;        ;              ;         ; Row I/O    ; --          ;                 ;
; E1       ; 324        ; 5        ; GND*                      ;        ;              ;         ; Row I/O    ; --          ;                 ;
; E2       ; 325        ; 5        ; GND*                      ;        ;              ;         ; Row I/O    ; --          ;                 ;
; E3       ;            ;          ; NC                        ;        ;              ;         ; --         ; --          ;                 ;
; E4       ;            ;          ; NC                        ;        ;              ;         ; --         ; --          ;                 ;
; E5       ; 348        ; 4        ; GND*                      ;        ;              ;         ; Column I/O ; --          ;                 ;
; E6       ; 352        ; 4        ; GND*                      ;        ;              ;         ; Column I/O ; --          ;                 ;
; E7       ; 360        ; 4        ; GND*                      ;        ;              ;         ; Column I/O ; --          ;                 ;
; E8       ; 363        ; 4        ; GND*                      ;        ;              ;         ; Column I/O ; --          ;                 ;
; E9       ; 371        ; 4        ; GND*                      ;        ;              ;         ; Column I/O ; --          ;                 ;
; E10      ;            ;          ; NC                        ;        ;              ;         ; --         ; --          ;                 ;
; E11      ;            ;          ; NC                        ;        ;              ;         ; --         ; --          ;                 ;
; E12      ;            ;          ; NC                        ;        ;              ;         ; --         ; --          ;                 ;
; E13      ; 408        ; 3        ; x[60]                     ; input  ; LVTTL        ;         ; Column I/O ; Off         ; N               ;
; E14      ; 421        ; 3        ; x[15]                     ; input  ; LVTTL        ;         ; Column I/O ; Off         ; N               ;
; E15      ; 426        ; 3        ; x[2]                      ; input  ; LVTTL        ;         ; Column I/O ; Off         ; N               ;
; E16      ; 430        ; 3        ; GND*                      ;        ;              ;         ; Column I/O ; --          ;                 ;
; E17      ; 437        ; 3        ; GND*                      ;        ;              ;         ; Column I/O ; --          ;                 ;
; E18      ; 443        ; 3        ; GND*                      ;        ;              ;         ; Column I/O ; --          ;                 ;
; E19      ; 2          ; 2        ; GND*                      ;        ;              ;         ; Row I/O    ; --          ;                 ;
; E20      ; 3          ; 2        ; GND*                      ;        ;              ;         ; Row I/O    ; --          ;                 ;
; E21      ; 4          ; 2        ; GND*                      ;        ;              ;         ; Row I/O    ; --          ;                 ;
; E22      ; 5          ; 2        ; GND*                      ;        ;              ;         ; Row I/O    ; --          ;                 ;
; F1       ; 299        ; 5        ; GND*                      ;        ;              ;         ; Row I/O    ; --          ;                 ;
; F2       ; 300        ; 5        ; GND*                      ;        ;              ;         ; Row I/O    ; --          ;                 ;
; F3       ; 326        ; 5        ; GND*                      ;        ;              ;         ; Row I/O    ; --          ;                 ;
; F4       ; 327        ; 5        ; GND*                      ;        ;              ;         ; Row I/O    ; --          ;                 ;
; F5       ; 322        ; 5        ; GND*                      ;        ;              ;         ; Row I/O    ; --          ;                 ;
; F6       ; 359        ; 4        ; GND*                      ;        ;              ;         ; Column I/O ; --          ;                 ;
; F7       ; 354        ; 4        ; GND*                      ;        ;              ;         ; Column I/O ; --          ;                 ;
; F8       ; 365        ; 4        ; GND*                      ;        ;              ;         ; Column I/O ; --          ;                 ;
; F9       ; 372        ; 4        ; x[46]                     ; input  ; LVTTL        ;         ; Column I/O ; Off         ; N               ;
; F10      ; 376        ; 4        ; x[28]                     ; input  ; LVTTL        ;         ; Column I/O ; Off         ; N               ;
; F11      ;            ; 1        ; VCCG_PLL5                 ; power  ;              ; 1.5V    ; --         ; --          ;                 ;
; F12      ;            ;          ; GNDA_PLL5                 ; gnd    ;              ;         ; --         ; --          ;                 ;
; F13      ;            ; 9        ; VCC_PLL5_OUTA             ; power  ;              ; 3.3V    ; --         ; --          ;                 ;
; F14      ; 420        ; 3        ; x[7]                      ; input  ; LVTTL        ;         ; Column I/O ; Off         ; N               ;
; F15      ; 427        ; 3        ; x[51]                     ; input  ; LVTTL        ;         ; Column I/O ; Off         ; N               ;
; F16      ; 435        ; 3        ; GND*                      ;        ;              ;         ; Column I/O ; --          ;                 ;
; F17      ; 439        ; 3        ; GND*                      ;        ;              ;         ; Column I/O ; --          ;                 ;
; F18      ; 7          ; 2        ; GND*                      ;        ;              ;         ; Row I/O    ; --          ;                 ;
; F19      ;            ;          ; NC                        ;        ;              ;         ; --         ; --          ;                 ;
; F20      ;            ;          ; NC                        ;        ;              ;         ; --         ; --          ;                 ;
; F21      ; 29         ; 2        ; GND*                      ;        ;              ;         ; Row I/O    ; --          ;                 ;
; F22      ; 30         ; 2        ; GND*                      ;        ;              ;         ; Row I/O    ; --          ;                 ;
; G1       ; 296        ; 5        ; GND*                      ;        ;              ;         ; Row I/O    ; --          ;                 ;
; G2       ; 295        ; 5        ; GND*                      ;        ;              ;         ; Row I/O    ; --          ;                 ;
; G3       ; 313        ; 5        ; GND*                      ;        ;              ;         ; Row I/O    ; --          ;                 ;
; G4       ; 314        ; 5        ; GND*                      ;        ;              ;         ; Row I/O    ; --          ;                 ;
; G5       ; 318        ; 5        ; GND*                      ;        ;              ;         ; Row I/O    ; --          ;                 ;
; G6       ;            ;          ; GND                       ; gnd    ;              ;         ; --         ; --          ;                 ;
; G7       ; 330        ; 4        ; GND*                      ;        ;              ;         ; Column I/O ; --          ;                 ;
; G8       ; 361        ; 4        ; GND*                      ;        ;              ;         ; Column I/O ; --          ;                 ;
; G9       ; 384        ; 4        ; x[30]                     ; input  ; LVTTL        ;         ; Column I/O ; Off         ; N               ;
; G10      ; 380        ; 4        ; #TMS                      ; input  ;              ;         ; --         ; --          ;                 ;
; G11      ;            ;          ; GNDG_PLL5                 ; gnd    ;              ;         ; --         ; --          ;                 ;
; G12      ;            ;          ; TEMPDIODEp                ;        ;              ;         ; --         ; --          ;                 ;
; G13      ;            ;          ; VCCA_PLL5                 ; power  ;              ; 1.5V    ; --         ; --          ;                 ;
; G14      ; 412        ; 3        ; x[24]                     ; input  ; LVTTL        ;         ; Column I/O ; Off         ; N               ;
; G15      ;            ;          ; GND                       ; gnd    ;              ;         ; --         ; --          ;                 ;
; G16      ; 431        ; 3        ; x[49]                     ; input  ; LVTTL        ;         ; Column I/O ; Off         ; N               ;
; G17      ;            ;          ; GND                       ; gnd    ;              ;         ; --         ; --          ;                 ;
; G18      ; 11         ; 2        ; GND*                      ;        ;              ;         ; Row I/O    ; --          ;                 ;
; G19      ; 15         ; 2        ; GND*                      ;        ;              ;         ; Row I/O    ; --          ;                 ;
; G20      ; 16         ; 2        ; GND*                      ;        ;              ;         ; Row I/O    ; --          ;                 ;
; G21      ; 34         ; 2        ; GND*                      ;        ;              ;         ; Row I/O    ; --          ;                 ;
; G22      ; 33         ; 2        ; GND*                      ;        ;              ;         ; Row I/O    ; --          ;                 ;
; H1       ; 290        ; 5        ; GND*                      ;        ;              ;         ; Row I/O    ; --          ;                 ;
; H2       ; 291        ; 5        ; GND*                      ;        ;              ;         ; Row I/O    ; --          ;                 ;
; H3       ; 301        ; 5        ; GND*                      ;        ;              ;         ; Row I/O    ; --          ;                 ;
; H4       ; 302        ; 5        ; GND*                      ;        ;              ;         ; Row I/O    ; --          ;                 ;
; H5       ; 317        ;          ; GND                       ; gnd    ;              ;         ; --         ; --          ;                 ;
; H6       ; 342        ;          ; GND                       ; gnd    ;              ;         ; --         ; --          ;                 ;
; H7       ; 373        ;          ; GND                       ; gnd    ;              ;         ; --         ; --          ;                 ;
; H8       ; 362        ; 4        ; GND*                      ;        ;              ;         ; Column I/O ; --          ;                 ;
; H9       ;            ;          ; NC                        ;        ;              ;         ; --         ; --          ;                 ;
; H10      ; 379        ; 4        ; x[45]                     ; input  ; LVTTL        ;         ; Column I/O ; Off         ; N               ;
; H11      ; 387        ; 4        ; #TDO                      ; output ;              ;         ; --         ; --          ;                 ;
; H12      ;            ;          ; TEMPDIODEn                ;        ;              ;         ; --         ; --          ;                 ;
; H13      ; 403        ; 3        ; ^nCONFIG                  ;        ;              ;         ; --         ; --          ;                 ;
; H14      ; 410        ;          ; GND                       ; gnd    ;              ;         ; --         ; --          ;                 ;
; H15      ; 447        ;          ; GND                       ; gnd    ;              ;         ; --         ; --          ;                 ;
; H16      ;            ;          ; NC                        ;        ;              ;         ; --         ; --          ;                 ;
; H17      ; 24         ; 2        ; GND*                      ;        ;              ;         ; Row I/O    ; --          ;                 ;
; H18      ; 12         ;          ; GND                       ; gnd    ;              ;         ; --         ; --          ;                 ;
; H19      ; 27         ; 2        ; GND*                      ;        ;              ;         ; Row I/O    ; --          ;                 ;
; H20      ; 28         ; 2        ; GND*                      ;        ;              ;         ; Row I/O    ; --          ;                 ;
; H21      ; 38         ; 2        ; GND*                      ;        ;              ;         ; Row I/O    ; --          ;                 ;
; H22      ; 39         ; 2        ; GND*                      ;        ;              ;         ; Row I/O    ; --          ;                 ;
; J1       ;            ;          ; GND                       ; gnd    ;              ;         ; --         ; --          ;                 ;
; J2       ; 288        ; 5        ; GND*                      ;        ;              ;         ; Row I/O    ; --          ;                 ;
; J3       ; 289        ; 5        ; GND*                      ;        ;              ;         ; Row I/O    ; --          ;                 ;
; J4       ; 305        ; 5        ; GND*                      ;        ;              ;         ; Row I/O    ; --          ;                 ;
; J5       ; 292        ;          ; GND                       ; gnd    ;              ;         ; --         ; --          ;                 ;
; J6       ; 309        ; 5        ; GND*                      ;        ;              ;         ; Row I/O    ; --          ;                 ;
; J7       ; 340        ; 4        ; GND*                      ;        ;              ;         ; Column I/O ; --          ;                 ;
; J8       ; 374        ; 4        ; x[19]                     ; input  ; LVTTL        ;         ; Column I/O ; Off         ; N               ;
; J9       ; 378        ; 4        ; x[47]                     ; input  ; LVTTL        ;         ; Column I/O ; Off         ; N               ;
; J10      ; 381        ; 4        ; #TRST                     ; input  ;              ;         ; --         ; --          ;                 ;
; J11      ; 386        ; 4        ; #TDI                      ; input  ;              ;         ; --         ; --          ;                 ;
; J12      ; 402        ; 3        ; ^nSTATUS                  ;        ;              ;         ; --         ; --          ;                 ;
; J13      ; 404        ; 3        ; ^DCLK                     ;        ;              ;         ; --         ; --          ;                 ;
; J14      ; 448        ; 3        ; GND*                      ;        ;              ;         ; Column I/O ; --          ;                 ;
; J15      ; 418        ; 3        ; x[4]                      ; input  ; LVTTL        ;         ; Column I/O ; Off         ; N               ;
; J16      ; 424        ; 3        ; x[5]                      ; input  ; LVTTL        ;         ; Column I/O ; Off         ; N               ;
; J17      ; 14         ; 2        ; GND*                      ;        ;              ;         ; Row I/O    ; --          ;                 ;
; J18      ; 37         ;          ; GND                       ; gnd    ;              ;         ; --         ; --          ;                 ;
; J19      ; 20         ; 2        ; GND*                      ;        ;              ;         ; Row I/O    ; --          ;                 ;
; J20      ; 40         ; 2        ; GND*                      ;        ;              ;         ; Row I/O    ; --          ;                 ;
; J21      ; 41         ; 2        ; GND*                      ;        ;              ;         ; Row I/O    ; --          ;                 ;
; J22      ;            ;          ; GND                       ; gnd    ;              ;         ; --         ; --          ;                 ;
; K1       ;            ; 5        ; VCCIO5                    ; power  ;              ; 3.3V    ; --         ; --          ;                 ;
; K2       ; 284        ; 5        ; GND*                      ;        ;              ;         ; Row I/O    ; --          ;                 ;
; K3       ; 285        ; 5        ; GND*                      ;        ;              ;         ; Row I/O    ; --          ;                 ;
; K4       ;            ;          ; VCCA_PLL4                 ; power  ;              ; 1.5V    ; --         ; --          ;                 ;
; K5       ;            ; 1        ; VCCG_PLL4                 ; power  ;              ; 1.5V    ; --         ; --          ;                 ;
; K6       ; 297        ; 5        ; GND*                      ;        ;              ;         ; Row I/O    ; --          ;                 ;
; K7       ; 341        ; 4        ; GND*                      ;        ;              ;         ; Column I/O ; --          ;                 ;
; K8       ; 375        ; 4        ; x[29]                     ; input  ; LVTTL        ;         ; Column I/O ; Off         ; N               ;
; K9       ; 382        ; 4        ; #TCK                      ; input  ;              ;         ; --         ; --          ;                 ;
; K10      ; 383        ; 4        ; x[62]                     ; input  ; LVTTL        ;         ; Column I/O ; Off         ; N               ;
; K11      ;            ;          ; GND                       ; gnd    ;              ;         ; --         ; --          ;                 ;
; K12      ;            ;          ; VCCINT                    ; power  ;              ; 1.5V    ; --         ; --          ;                 ;
; K13      ; 405        ; 3        ; ^CONF_DONE                ;        ;              ;         ; --         ; --          ;                 ;
; K14      ; 411        ; 3        ; x[13]                     ; input  ; LVTTL        ;         ; Column I/O ; Off         ; N               ;
; K15      ; 413        ; 3        ; a[5]                      ; input  ; LVTTL        ;         ; Column I/O ; Off         ; N               ;
; K16      ; 423        ; 3        ; x[25]                     ; input  ; LVTTL        ;         ; Column I/O ; Off         ; N               ;
; K17      ; 32         ; 2        ; GND*                      ;        ;              ;         ; Row I/O    ; --          ;                 ;
; K18      ;            ; 1        ; VCCG_PLL1                 ; power  ;              ; 1.5V    ; --         ; --          ;                 ;
; K19      ;            ;          ; VCCA_PLL1                 ; power  ;              ; 1.5V    ; --         ; --          ;                 ;
; K20      ; 44         ; 2        ; GND*                      ;        ;              ;         ; Row I/O    ; --          ;                 ;
; K21      ; 45         ; 2        ; GND*                      ;        ;              ;         ; Row I/O    ; --          ;                 ;
; K22      ;            ; 2        ; VCCIO2                    ; power  ;              ; 3.3V    ; --         ; --          ;                 ;
; L1       ; 283        ; 5        ; GND+                      ;        ;              ;         ; Row I/O    ; --          ;                 ;
; L2       ; 282        ; 5        ; GND+                      ;        ;              ;         ; Row I/O    ; --          ;                 ;
; L3       ; 280        ; 5        ; GND+                      ;        ;              ;         ; Row I/O    ; --          ;                 ;
; L4       ;            ;          ; GNDA_PLL4                 ; gnd    ;              ;         ; --         ; --          ;                 ;
; L5       ;            ;          ; GNDG_PLL4                 ; gnd    ;              ;         ; --         ; --          ;                 ;
; L6       ; 293        ; 5        ; GND*                      ;        ;              ;         ; Row I/O    ; --          ;                 ;
; L7       ; 370        ; 4        ; GND*                      ;        ;              ;         ; Column I/O ; --          ;                 ;
; L8       ; 377        ; 4        ; +~DATA0~ / RESERVED_INPUT ; input  ; LVTTL        ;         ; Column I/O ; Off         ; N               ;
; L9       ;            ;          ; VCCINT                    ; power  ;              ; 1.5V    ; --         ; --          ;                 ;
; L10      ;            ;          ; GND                       ; gnd    ;              ;         ; --         ; --          ;                 ;
; L11      ;            ;          ; VCCINT                    ; power  ;              ; 1.5V    ; --         ; --          ;                 ;
; L12      ;            ;          ; GND                       ; gnd    ;              ;         ; --         ; --          ;                 ;
; L13      ;            ;          ; VCCINT                    ; power  ;              ; 1.5V    ; --         ; --          ;                 ;
; L14      ;            ;          ; GND                       ; gnd    ;              ;         ; --         ; --          ;                 ;
; L15      ; 415        ; 3        ; x[1]                      ; input  ; LVTTL        ;         ; Column I/O ; Off         ; N               ;
; L16      ; 422        ; 3        ; x[12]                     ; input  ; LVTTL        ;         ; Column I/O ; Off         ; N               ;
; L17      ; 35         ; 2        ; GND*                      ;        ;              ;         ; Row I/O    ; --          ;                 ;
; L18      ;            ;          ; GNDG_PLL1                 ; gnd    ;              ;         ; --         ; --          ;                 ;
; L19      ;            ;          ; GNDA_PLL1                 ; gnd    ;              ;         ; --         ; --          ;                 ;
; L20      ; 49         ; 2        ; GND+                      ;        ;              ;         ; Row I/O    ; --          ;                 ;
; L21      ; 47         ; 2        ; GND+                      ;        ;              ;         ; Row I/O    ; --          ;                 ;
; L22      ; 46         ; 2        ; GND+                      ;        ;              ;         ; Row I/O    ; --          ;                 ;
; M1       ; 278        ; 6        ; GND+                      ;        ;              ;         ; Row I/O    ; --          ;                 ;
; M2       ; 279        ; 6        ; GND+                      ;        ;              ;         ; Row I/O    ; --          ;                 ;
; M3       ; 277        ; 6        ; GND+                      ;        ;              ;         ; Row I/O    ; --          ;                 ;
; M4       ;            ;          ; GNDA_PLL3                 ; gnd    ;              ;         ; --         ; --          ;                 ;
; M5       ;            ;          ; VCCA_PLL3                 ; power  ;              ; 1.5V    ; --         ; --          ;                 ;
; M6       ; 263        ; 6        ; GND*                      ;        ;              ;         ; Row I/O    ; --          ;                 ;
; M7       ; 198        ; 7        ; x[22]                     ; input  ; LVTTL        ;         ; Column I/O ; Off         ; N               ;
; M8       ; 183        ; 7        ; x[53]                     ; input  ; LVTTL        ;         ; Column I/O ; Off         ; N               ;
; M9       ;            ;          ; GND                       ; gnd    ;              ;         ; --         ; --          ;                 ;
; M10      ;            ;          ; VCCINT                    ; power  ;              ; 1.5V    ; --         ; --          ;                 ;
; M11      ;            ;          ; GND                       ; gnd    ;              ;         ; --         ; --          ;                 ;
; M12      ;            ;          ; VCCINT                    ; power  ;              ; 1.5V    ; --         ; --          ;                 ;
; M13      ;            ;          ; GND                       ; gnd    ;              ;         ; --         ; --          ;                 ;
; M14      ;            ;          ; VCCINT                    ; power  ;              ; 1.5V    ; --         ; --          ;                 ;
; M15      ; 414        ; 3        ; x[0]                      ; input  ; LVTTL        ;         ; Column I/O ; Off         ; N               ;
; M16      ; 459        ; 3        ; GND*                      ;        ;              ;         ; Column I/O ; --          ;                 ;
; M17      ; 66         ; 1        ; GND*                      ;        ;              ;         ; Row I/O    ; --          ;                 ;
; M18      ;            ;          ; VCCA_PLL2                 ; power  ;              ; 1.5V    ; --         ; --          ;                 ;
; M19      ;            ;          ; GNDA_PLL2                 ; gnd    ;              ;         ; --         ; --          ;                 ;
; M20      ; 52         ; 1        ; GND+                      ;        ;              ;         ; Row I/O    ; --          ;                 ;
; M21      ; 50         ; 1        ; GND+                      ;        ;              ;         ; Row I/O    ; --          ;                 ;
; M22      ; 51         ; 1        ; GND+                      ;        ;              ;         ; Row I/O    ; --          ;                 ;
; N1       ;            ; 6        ; VCCIO6                    ; power  ;              ; 3.3V    ; --         ; --          ;                 ;
; N2       ; 273        ; 6        ; GND*                      ;        ;              ;         ; Row I/O    ; --          ;                 ;
; N3       ; 272        ; 6        ; GND*                      ;        ;              ;         ; Row I/O    ; --          ;                 ;
; N4       ;            ;          ; GNDG_PLL3                 ; gnd    ;              ;         ; --         ; --          ;                 ;
; N5       ;            ; 1        ; VCCG_PLL3                 ; power  ;              ; 1.5V    ; --         ; --          ;                 ;
; N6       ; 259        ; 6        ; GND*                      ;        ;              ;         ; Row I/O    ; --          ;                 ;
; N7       ; 218        ; 7        ; GND*                      ;        ;              ;         ; Column I/O ; --          ;                 ;
; N8       ; 185        ; 7        ; x[55]                     ; input  ; LVTTL        ;         ; Column I/O ; Off         ; N               ;
; N9       ; 177        ; 7        ; ^nIO_PULLUP               ;        ;              ;         ; --         ; --          ;                 ;
; N10      ; 176        ; 7        ; x[36]                     ; input  ; LVTTL        ;         ; Column I/O ; Off         ; N               ;
; N11      ;            ;          ; VCCINT                    ; power  ;              ; 1.5V    ; --         ; --          ;                 ;
; N12      ;            ;          ; GND                       ; gnd    ;              ;         ; --         ; --          ;                 ;
; N13      ; 128        ; 8        ; GND*                      ;        ;              ;         ; Column I/O ; --          ;                 ;
; N14      ; 140        ; 8        ; GND*                      ;        ;              ;         ; Column I/O ; --          ;                 ;
; N15      ; 144        ; 8        ; GND*                      ;        ;              ;         ; Column I/O ; --          ;                 ;
; N16      ; 126        ; 8        ; GND*                      ;        ;              ;         ; Column I/O ; --          ;                 ;
; N17      ; 70         ; 1        ; GND*                      ;        ;              ;         ; Row I/O    ; --          ;                 ;
; N18      ;            ; 1        ; VCCG_PLL2                 ; power  ;              ; 1.5V    ; --         ; --          ;                 ;
; N19      ;            ;          ; GNDG_PLL2                 ; gnd    ;              ;         ; --         ; --          ;                 ;
; N20      ; 57         ; 1        ; GND*                      ;        ;              ;         ; Row I/O    ; --          ;                 ;
; N21      ; 56         ; 1        ; GND*                      ;        ;              ;         ; Row I/O    ; --          ;                 ;
; N22      ;            ; 1        ; VCCIO1                    ; power  ;              ; 3.3V    ; --         ; --          ;                 ;
; P1       ;            ;          ; GND                       ; gnd    ;              ;         ; --         ; --          ;                 ;
; P2       ; 269        ; 6        ; GND*                      ;        ;              ;         ; Row I/O    ; --          ;                 ;
; P3       ; 268        ; 6        ; GND*                      ;        ;              ;         ; Row I/O    ; --          ;                 ;
; P4       ; 251        ; 6        ; GND*                      ;        ;              ;         ; Row I/O    ; --          ;                 ;
; P5       ; 267        ;          ; GND                       ; gnd    ;              ;         ; --         ; --          ;                 ;
; P6       ; 247        ; 6        ; GND*                      ;        ;              ;         ; Row I/O    ; --          ;                 ;
; P7       ; 219        ; 7        ; GND*                      ;        ;              ;         ; Column I/O ; --          ;                 ;
; P8       ; 190        ; 7        ; x[56]                     ; input  ; LVTTL        ;         ; Column I/O ; Off         ; N               ;
; P9       ; 182        ; 7        ; x[54]                     ; input  ; LVTTL        ;         ; Column I/O ; Off         ; N               ;
; P10      ; 180        ; 7        ; x[37]                     ; input  ; LVTTL        ;         ; Column I/O ; Off         ; N               ;
; P11      ; 173        ; 7        ; ^nCEO                     ;        ;              ;         ; --         ; --          ;                 ;
; P12      ; 156        ; 8        ; ^MSEL1                    ;        ;              ;         ; --         ; --          ;                 ;
; P13      ; 148        ; 8        ; GND*                      ;        ;              ;         ; Column I/O ; --          ;                 ;
; P14      ; 146        ; 8        ; GND*                      ;        ;              ;         ; Column I/O ; --          ;                 ;
; P15      ; 143        ; 8        ; GND*                      ;        ;              ;         ; Column I/O ; --          ;                 ;
; P16      ; 135        ; 8        ; GND*                      ;        ;              ;         ; Column I/O ; --          ;                 ;
; P17      ; 82         ; 1        ; GND*                      ;        ;              ;         ; Row I/O    ; --          ;                 ;
; P18      ; 62         ;          ; GND                       ; gnd    ;              ;         ; --         ; --          ;                 ;
; P19      ; 86         ; 1        ; GND*                      ;        ;              ;         ; Row I/O    ; --          ;                 ;
; P20      ; 61         ; 1        ; GND*                      ;        ;              ;         ; Row I/O    ; --          ;                 ;
; P21      ; 60         ; 1        ; GND*                      ;        ;              ;         ; Row I/O    ; --          ;                 ;
; P22      ;            ;          ; GND                       ; gnd    ;              ;         ; --         ; --          ;                 ;
; R1       ; 271        ; 6        ; GND*                      ;        ;              ;         ; Row I/O    ; --          ;                 ;
; R2       ; 270        ; 6        ; GND*                      ;        ;              ;         ; Row I/O    ; --          ;                 ;
; R3       ; 255        ; 6        ; GND*                      ;        ;              ;         ; Row I/O    ; --          ;                 ;
; R4       ; 256        ; 6        ; GND*                      ;        ;              ;         ; Row I/O    ; --          ;                 ;
; R5       ;            ;          ; NC                        ;        ;              ;         ; --         ; --          ;                 ;
; R6       ; 242        ;          ; GND                       ; gnd    ;              ;         ; --         ; --          ;                 ;
; R7       ; 217        ;          ; GND                       ; gnd    ;              ;         ; --         ; --          ;                 ;
; R8       ; 175        ; 7        ; x[38]                     ; input  ; LVTTL        ;         ; Column I/O ; Off         ; N               ;
; R9       ; 186        ;          ; GND                       ; gnd    ;              ;         ; --         ; --          ;                 ;
; R10      ; 178        ; 7        ; ^VCCSEL                   ;        ;              ;         ; --         ; --          ;                 ;
; R11      ; 172        ; 7        ; ^nCE                      ;        ;              ;         ; --         ; --          ;                 ;
; R12      ; 157        ; 8        ; ^MSEL2                    ;        ;              ;         ; --         ; --          ;                 ;
; R13      ; 154        ; 8        ; PLL_ENA                   ;        ;              ;         ; --         ; --          ;                 ;
; R14      ;            ;          ; NC                        ;        ;              ;         ; --         ; --          ;                 ;
; R15      ; 134        ; 8        ; GND*                      ;        ;              ;         ; Column I/O ; --          ;                 ;
; R16      ; 149        ;          ; GND                       ; gnd    ;              ;         ; --         ; --          ;                 ;
; R17      ; 87         ;          ; GND                       ; gnd    ;              ;         ; --         ; --          ;                 ;
; R18      ; 112        ;          ; GND                       ; gnd    ;              ;         ; --         ; --          ;                 ;
; R19      ; 74         ; 1        ; GND*                      ;        ;              ;         ; Row I/O    ; --          ;                 ;
; R20      ; 73         ; 1        ; GND*                      ;        ;              ;         ; Row I/O    ; --          ;                 ;
; R21      ; 59         ; 1        ; GND*                      ;        ;              ;         ; Row I/O    ; --          ;                 ;
; R22      ; 58         ; 1        ; GND*                      ;        ;              ;         ; Row I/O    ; --          ;                 ;
; T1       ; 266        ; 6        ; GND*                      ;        ;              ;         ; Row I/O    ; --          ;                 ;
; T2       ; 265        ; 6        ; GND*                      ;        ;              ;         ; Row I/O    ; --          ;                 ;
; T3       ; 244        ; 6        ; GND*                      ;        ;              ;         ; Row I/O    ; --          ;                 ;
; T4       ; 243        ; 6        ; GND*                      ;        ;              ;         ; Row I/O    ; --          ;                 ;
; T5       ; 234        ; 6        ; GND*                      ;        ;              ;         ; Row I/O    ; --          ;                 ;
; T6       ;            ;          ; GND                       ; gnd    ;              ;         ; --         ; --          ;                 ;
; T7       ; 229        ; 7        ; GND*                      ;        ;              ;         ; Column I/O ; --          ;                 ;
; T8       ; 197        ; 7        ; x[40]                     ; input  ; LVTTL        ;         ; Column I/O ; Off         ; N               ;
; T9       ; 184        ; 7        ; x[39]                     ; input  ; LVTTL        ;         ; Column I/O ; Off         ; N               ;
; T10      ; 181        ; 7        ; x[52]                     ; input  ; LVTTL        ;         ; Column I/O ; Off         ; N               ;
; T11      ;            ;          ; GNDG_PLL6                 ; gnd    ;              ;         ; --         ; --          ;                 ;
; T12      ;            ;          ; VCCA_PLL6                 ; power  ;              ; 1.5V    ; --         ; --          ;                 ;
; T13      ; 155        ; 8        ; ^MSEL0                    ;        ;              ;         ; --         ; --          ;                 ;
; T14      ; 147        ; 8        ; GND*                      ;        ;              ;         ; Column I/O ; --          ;                 ;
; T15      ; 136        ; 8        ; GND*                      ;        ;              ;         ; Column I/O ; --          ;                 ;
; T16      ; 119        ; 8        ; GND*                      ;        ;              ;         ; Column I/O ; --          ;                 ;
; T17      ;            ;          ; GND                       ; gnd    ;              ;         ; --         ; --          ;                 ;
; T18      ; 95         ; 1        ; GND*                      ;        ;              ;         ; Row I/O    ; --          ;                 ;
; T19      ; 78         ; 1        ; GND*                      ;        ;              ;         ; Row I/O    ; --          ;                 ;
; T20      ; 77         ; 1        ; GND*                      ;        ;              ;         ; Row I/O    ; --          ;                 ;
; T21      ; 64         ; 1        ; GND*                      ;        ;              ;         ; Row I/O    ; --          ;                 ;
; T22      ; 63         ; 1        ; GND*                      ;        ;              ;         ; Row I/O    ; --          ;                 ;
; U1       ; 261        ; 6        ; GND*                      ;        ;              ;         ; Row I/O    ; --          ;                 ;
; U2       ; 262        ; 6        ; GND*                      ;        ;              ;         ; Row I/O    ; --          ;                 ;
; U3       ;            ;          ; NC                        ;        ;              ;         ; --         ; --          ;                 ;
; U4       ;            ;          ; NC                        ;        ;              ;         ; --         ; --          ;                 ;
; U5       ; 238        ; 6        ; GND*                      ;        ;              ;         ; Row I/O    ; --          ;                 ;
; U6       ; 200        ; 7        ; x[35]                     ; input  ; LVTTL        ;         ; Column I/O ; Off         ; N               ;
; U7       ; 205        ; 7        ; GND*                      ;        ;              ;         ; Column I/O ; --          ;                 ;
; U8       ; 196        ; 7        ; x[58]                     ; input  ; LVTTL        ;         ; Column I/O ; Off         ; N               ;
; U9       ; 191        ; 7        ; x[9]                      ; input  ; LVTTL        ;         ; Column I/O ; Off         ; N               ;
; U10      ; 179        ; 7        ; ^PORSEL                   ;        ;              ;         ; --         ; --          ;                 ;
; U11      ;            ; 1        ; VCCG_PLL6                 ; power  ;              ; 1.5V    ; --         ; --          ;                 ;
; U12      ;            ;          ; GNDA_PLL6                 ; gnd    ;              ;         ; --         ; --          ;                 ;
; U13      ;            ; 11       ; VCC_PLL6_OUTA             ; power  ;              ; 3.3V    ; --         ; --          ;                 ;
; U14      ; 139        ; 8        ; GND*                      ;        ;              ;         ; Column I/O ; --          ;                 ;
; U15      ; 137        ; 8        ; a[0]                      ; input  ; LVTTL        ;         ; Column I/O ; Off         ; N               ;
; U16      ; 121        ; 8        ; GND*                      ;        ;              ;         ; Column I/O ; --          ;                 ;
; U17      ; 120        ; 8        ; GND*                      ;        ;              ;         ; Column I/O ; --          ;                 ;
; U18      ; 91         ; 1        ; GND*                      ;        ;              ;         ; Row I/O    ; --          ;                 ;
; U19      ; 99         ; 1        ; GND*                      ;        ;              ;         ; Row I/O    ; --          ;                 ;
; U20      ; 98         ; 1        ; GND*                      ;        ;              ;         ; Row I/O    ; --          ;                 ;
; U21      ; 67         ; 1        ; GND*                      ;        ;              ;         ; Row I/O    ; --          ;                 ;
; U22      ; 68         ; 1        ; GND*                      ;        ;              ;         ; Row I/O    ; --          ;                 ;
; V1       ; 250        ; 6        ; GND*                      ;        ;              ;         ; Row I/O    ; --          ;                 ;
; V2       ; 249        ; 6        ; GND*                      ;        ;              ;         ; Row I/O    ; --          ;                 ;
; V3       ; 231        ; 6        ; GND*                      ;        ;              ;         ; Row I/O    ; --          ;                 ;
; V4       ; 230        ; 6        ; GND*                      ;        ;              ;         ; Row I/O    ; --          ;                 ;
; V5       ; 208        ; 7        ; x[57]                     ; input  ; LVTTL        ;         ; Column I/O ; Off         ; N               ;
; V6       ; 202        ; 7        ; x[23]                     ; input  ; LVTTL        ;         ; Column I/O ; Off         ; N               ;
; V7       ; 207        ; 7        ; x[43]                     ; input  ; LVTTL        ;         ; Column I/O ; Off         ; N               ;
; V8       ; 195        ; 7        ; x[11]                     ; input  ; LVTTL        ;         ; Column I/O ; Off         ; N               ;
; V9       ; 192        ; 7        ; x[59]                     ; input  ; LVTTL        ;         ; Column I/O ; Off         ; N               ;
; V10      ;            ;          ; NC                        ;        ;              ;         ; --         ; --          ;                 ;
; V11      ;            ;          ; NC                        ;        ;              ;         ; --         ; --          ;                 ;
; V12      ;            ;          ; NC                        ;        ;              ;         ; --         ; --          ;                 ;
; V13      ; 151        ; 8        ; GND+                      ;        ;              ;         ; Column I/O ; --          ;                 ;
; V14      ; 142        ; 8        ; GND*                      ;        ;              ;         ; Column I/O ; --          ;                 ;
; V15      ; 133        ; 8        ; GND*                      ;        ;              ;         ; Column I/O ; --          ;                 ;
; V16      ; 123        ; 8        ; GND*                      ;        ;              ;         ; Column I/O ; --          ;                 ;
; V17      ; 122        ; 8        ; GND*                      ;        ;              ;         ; Column I/O ; --          ;                 ;
; V18      ; 114        ; 8        ; GND*                      ;        ;              ;         ; Column I/O ; --          ;                 ;
; V19      ;            ;          ; NC                        ;        ;              ;         ; --         ; --          ;                 ;
; V20      ;            ;          ; NC                        ;        ;              ;         ; --         ; --          ;                 ;
; V21      ; 76         ; 1        ; GND*                      ;        ;              ;         ; Row I/O    ; --          ;                 ;
; V22      ; 75         ; 1        ; GND*                      ;        ;              ;         ; Row I/O    ; --          ;                 ;
; W1       ; 236        ; 6        ; GND*                      ;        ;              ;         ; Row I/O    ; --          ;                 ;
; W2       ; 237        ; 6        ; GND*                      ;        ;              ;         ; Row I/O    ; --          ;                 ;
; W3       ; 226        ; 7        ; GND*                      ;        ;              ;         ; Column I/O ; --          ;                 ;
; W4       ; 227        ; 7        ; GND*                      ;        ;              ;         ; Column I/O ; --          ;                 ;
; W5       ; 214        ; 7        ; GND*                      ;        ;              ;         ; Column I/O ; --          ;                 ;
; W6       ; 211        ; 7        ; GND*                      ;        ;              ;         ; Column I/O ; --          ;                 ;
; W7       ; 199        ; 7        ; x[32]                     ; input  ; LVTTL        ;         ; Column I/O ; Off         ; N               ;
; W8       ; 193        ; 7        ; x[21]                     ; input  ; LVTTL        ;         ; Column I/O ; Off         ; N               ;
; W9       ; 194        ; 7        ; x[34]                     ; input  ; LVTTL        ;         ; Column I/O ; Off         ; N               ;
; W10      ;            ;          ; NC                        ;        ;              ;         ; --         ; --          ;                 ;
; W11      ;            ;          ; NC                        ;        ;              ;         ; --         ; --          ;                 ;
; W12      ; 163        ; 11       ; GND*                      ;        ;              ;         ; Column I/O ; --          ;                 ;
; W13      ; 150        ; 8        ; GND*                      ;        ;              ;         ; Column I/O ; --          ;                 ;
; W14      ; 141        ; 8        ; GND*                      ;        ;              ;         ; Column I/O ; --          ;                 ;
; W15      ; 138        ; 8        ; GND*                      ;        ;              ;         ; Column I/O ; --          ;                 ;
; W16      ; 127        ; 8        ; GND*                      ;        ;              ;         ; Column I/O ; --          ;                 ;
; W17      ; 116        ; 8        ; GND*                      ;        ;              ;         ; Column I/O ; --          ;                 ;
; W18      ; 107        ; 8        ; GND*                      ;        ;              ;         ; Column I/O ; --          ;                 ;
; W19      ; 101        ; 8        ; GND*                      ;        ;              ;         ; Column I/O ; --          ;                 ;
; W20      ; 100        ; 8        ; GND*                      ;        ;              ;         ; Column I/O ; --          ;                 ;
; W21      ; 92         ; 1        ; GND*                      ;        ;              ;         ; Row I/O    ; --          ;                 ;
; W22      ; 93         ; 1        ; GND*                      ;        ;              ;         ; Row I/O    ; --          ;                 ;
; Y1       ;            ; 6        ; VCCIO6                    ; power  ;              ; 3.3V    ; --         ; --          ;                 ;
; Y2       ; 222        ; 7        ; GND*                      ;        ;              ;         ; Column I/O ; --          ;                 ;
; Y3       ; 228        ; 7        ; GND*                      ;        ;              ;         ; Column I/O ; --          ;                 ;
; Y4       ; 223        ; 7        ; GND*                      ;        ;              ;         ; Column I/O ; --          ;                 ;
; Y5       ; 215        ; 7        ; GND*                      ;        ;              ;         ; Column I/O ; --          ;                 ;
; Y6       ; 206        ; 7        ; GND*                      ;        ;              ;         ; Column I/O ; --          ;                 ;
; Y7       ; 209        ; 7        ; GND*                      ;        ;              ;         ; Column I/O ; --          ;                 ;
; Y8       ; 189        ; 7        ; x[20]                     ; input  ; LVTTL        ;         ; Column I/O ; Off         ; N               ;
; Y9       ; 188        ; 7        ; x[10]                     ; input  ; LVTTL        ;         ; Column I/O ; Off         ; N               ;
; Y10      ;            ;          ; NC                        ;        ;              ;         ; --         ; --          ;                 ;
; Y11      ;            ;          ; NC                        ;        ;              ;         ; --         ; --          ;                 ;
; Y12      ; 162        ; 11       ; GND*                      ;        ;              ;         ; Column I/O ; --          ;                 ;
; Y13      ; 166        ; 11       ; GND*                      ;        ;              ;         ; Column I/O ; --          ;                 ;
; Y14      ; 152        ; 8        ; GND*                      ;        ;              ;         ; Column I/O ; --          ;                 ;
; Y15      ; 130        ; 8        ; GND*                      ;        ;              ;         ; Column I/O ; --          ;                 ;
; Y16      ; 124        ; 8        ; GND*                      ;        ;              ;         ; Column I/O ; --          ;                 ;
; Y17      ; 117        ; 8        ; GND*                      ;        ;              ;         ; Column I/O ; --          ;                 ;
; Y18      ; 115        ; 8        ; GND*                      ;        ;              ;         ; Column I/O ; --          ;                 ;
; Y19      ; 106        ; 8        ; GND*                      ;        ;              ;         ; Column I/O ; --          ;                 ;
; Y20      ; 105        ; 8        ; GND*                      ;        ;              ;         ; Column I/O ; --          ;                 ;
; Y21      ; 104        ; 8        ; GND*                      ;        ;              ;         ; Column I/O ; --          ;                 ;
; Y22      ;            ; 1        ; VCCIO1                    ; power  ;              ; 3.3V    ; --         ; --          ;                 ;
+----------+------------+----------+---------------------------+--------+--------------+---------+------------+-------------+-----------------+


+-------------------------------------------------------------------------------+
; Output Pin Default Load For Reported TCO                                      ;
+----------------------------------+-------+------------------------------------+
; I/O Standard                     ; Load  ; Termination Resistance             ;
+----------------------------------+-------+------------------------------------+
; LVTTL                            ; 10 pF ; Not Available                      ;
; LVCMOS                           ; 10 pF ; Not Available                      ;
; 2.5 V                            ; 10 pF ; Not Available                      ;
; 1.8 V                            ; 10 pF ; Not Available                      ;
; 1.5 V                            ; 10 pF ; Not Available                      ;
; GTL                              ; 30 pF ; 25 Ohm (Parallel)                  ;
; GTL+                             ; 30 pF ; 25 Ohm (Parallel)                  ;
; 3.3-V PCI                        ; 10 pF ; 25 Ohm (Parallel)                  ;
; 3.3-V PCI-X                      ; 8 pF  ; 25 Ohm (Parallel)                  ;
; Compact PCI                      ; 10 pF ; 25 Ohm (Parallel)                  ;
; AGP 1X                           ; 10 pF ; Not Available                      ;
; AGP 2X                           ; 10 pF ; Not Available                      ;
; CTT                              ; 30 pF ; 50 Ohm (Parallel)                  ;
; SSTL-3 Class I                   ; 30 pF ; 50 Ohm (Parallel), 25 Ohm (Serial) ;
; SSTL-3 Class II                  ; 30 pF ; 25 Ohm (Parallel), 25 Ohm (Serial) ;
; SSTL-2 Class I                   ; 30 pF ; 50 Ohm (Parallel), 25 Ohm (Serial) ;
; SSTL-2 Class II                  ; 30 pF ; 25 Ohm (Parallel), 25 Ohm (Serial) ;
; SSTL-18 Class I                  ; 30 pF ; 50 Ohm (Parallel), 25 Ohm (Serial) ;
; SSTL-18 Class II                 ; 30 pF ; 25 Ohm (Parallel), 25 Ohm (Serial) ;
; 1.5-V HSTL Class I               ; 20 pF ; 50 Ohm (Parallel)                  ;
; 1.5-V HSTL Class II              ; 20 pF ; 25 Ohm (Parallel)                  ;
; 1.8-V HSTL Class I               ; 20 pF ; 50 Ohm (Parallel)                  ;
; 1.8-V HSTL Class II              ; 20 pF ; 25 Ohm (Parallel)                  ;
; LVDS                             ; 4 pF  ; 100 Ohm (Differential)             ;
; Differential LVPECL              ; 4 pF  ; 100 Ohm (Differential)             ;
; 3.3-V PCML                       ; 4 pF  ; 50 Ohm (Parallel)                  ;
; HyperTransport                   ; 4 pF  ; 100 Ohm (Differential)             ;
; Differential 1.5-V HSTL Class I  ; 0 pF  ; (See 1.5-V HSTL Class I)           ;
; Differential 1.5-V HSTL Class II ; 0 pF  ; (See 1.5-V HSTL Class II)          ;
; Differential 1.8-V HSTL Class I  ; 0 pF  ; (See 1.8-V HSTL Class I)           ;
; Differential 1.8-V HSTL Class II ; 0 pF  ; (See 1.8-V HSTL Class II)          ;
; Differential SSTL-2              ; 30 pF ; (See SSTL-2)                       ;
+----------------------------------+-------+------------------------------------+
Note: User assignments will override these defaults. The user specified values are listed in the Output Pins and Bidir Pins tables.


+---------------------------------------------------------------------------------------------------------------------------------------------------------------------------------------------------------------------------------------------------+
; Fitter Resource Utilization by Entity                                                                                                                                                                                                             ;
+----------------------------+-------------+--------------+-------------+--------------+---------+-----------+-----------+------+--------------+--------------+-------------------+------------------+-----------------+----------------------------+
; Compilation Hierarchy Node ; Logic Cells ; LC Registers ; Memory Bits ; DSP Elements ; DSP 9x9 ; DSP 18x18 ; DSP 36x36 ; Pins ; Virtual Pins ; LUT-Only LCs ; Register-Only LCs ; LUT/Register LCs ; Carry Chain LCs ; Full Hierarchy Name        ;
+----------------------------+-------------+--------------+-------------+--------------+---------+-----------+-----------+------+--------------+--------------+-------------------+------------------+-----------------+----------------------------+
; |mux64_1s                  ; 58 (0)      ; 0            ; 0           ; 0            ; 0       ; 0         ; 0         ; 72   ; 0            ; 58 (0)       ; 0 (0)             ; 0 (0)            ; 0 (0)           ; |mux64_1s                  ;
;    |mux4_1gr:mux1_10|      ; 2 (2)       ; 0            ; 0           ; 0            ; 0       ; 0         ; 0         ; 0    ; 0            ; 2 (2)        ; 0 (0)             ; 0 (0)            ; 0 (0)           ; |mux64_1s|mux4_1gr:mux1_10 ;
;    |mux4_1gr:mux1_11|      ; 2 (2)       ; 0            ; 0           ; 0            ; 0       ; 0         ; 0         ; 0    ; 0            ; 2 (2)        ; 0 (0)             ; 0 (0)            ; 0 (0)           ; |mux64_1s|mux4_1gr:mux1_11 ;
;    |mux4_1gr:mux1_12|      ; 2 (2)       ; 0            ; 0           ; 0            ; 0       ; 0         ; 0         ; 0    ; 0            ; 2 (2)        ; 0 (0)             ; 0 (0)            ; 0 (0)           ; |mux64_1s|mux4_1gr:mux1_12 ;
;    |mux4_1gr:mux1_13|      ; 2 (2)       ; 0            ; 0           ; 0            ; 0       ; 0         ; 0         ; 0    ; 0            ; 2 (2)        ; 0 (0)             ; 0 (0)            ; 0 (0)           ; |mux64_1s|mux4_1gr:mux1_13 ;
;    |mux4_1gr:mux1_14|      ; 2 (2)       ; 0            ; 0           ; 0            ; 0       ; 0         ; 0         ; 0    ; 0            ; 2 (2)        ; 0 (0)             ; 0 (0)            ; 0 (0)           ; |mux64_1s|mux4_1gr:mux1_14 ;
;    |mux4_1gr:mux1_15|      ; 2 (2)       ; 0            ; 0           ; 0            ; 0       ; 0         ; 0         ; 0    ; 0            ; 2 (2)        ; 0 (0)             ; 0 (0)            ; 0 (0)           ; |mux64_1s|mux4_1gr:mux1_15 ;
;    |mux4_1gr:mux1_16|      ; 2 (2)       ; 0            ; 0           ; 0            ; 0       ; 0         ; 0         ; 0    ; 0            ; 2 (2)        ; 0 (0)             ; 0 (0)            ; 0 (0)           ; |mux64_1s|mux4_1gr:mux1_16 ;
;    |mux4_1gr:mux1_1|       ; 2 (2)       ; 0            ; 0           ; 0            ; 0       ; 0         ; 0         ; 0    ; 0            ; 2 (2)        ; 0 (0)             ; 0 (0)            ; 0 (0)           ; |mux64_1s|mux4_1gr:mux1_1  ;
;    |mux4_1gr:mux1_2|       ; 2 (2)       ; 0            ; 0           ; 0            ; 0       ; 0         ; 0         ; 0    ; 0            ; 2 (2)        ; 0 (0)             ; 0 (0)            ; 0 (0)           ; |mux64_1s|mux4_1gr:mux1_2  ;
;    |mux4_1gr:mux1_3|       ; 2 (2)       ; 0            ; 0           ; 0            ; 0       ; 0         ; 0         ; 0    ; 0            ; 2 (2)        ; 0 (0)             ; 0 (0)            ; 0 (0)           ; |mux64_1s|mux4_1gr:mux1_3  ;
;    |mux4_1gr:mux1_4|       ; 2 (2)       ; 0            ; 0           ; 0            ; 0       ; 0         ; 0         ; 0    ; 0            ; 2 (2)        ; 0 (0)             ; 0 (0)            ; 0 (0)           ; |mux64_1s|mux4_1gr:mux1_4  ;
;    |mux4_1gr:mux1_5|       ; 2 (2)       ; 0            ; 0           ; 0            ; 0       ; 0         ; 0         ; 0    ; 0            ; 2 (2)        ; 0 (0)             ; 0 (0)            ; 0 (0)           ; |mux64_1s|mux4_1gr:mux1_5  ;
;    |mux4_1gr:mux1_6|       ; 2 (2)       ; 0            ; 0           ; 0            ; 0       ; 0         ; 0         ; 0    ; 0            ; 2 (2)        ; 0 (0)             ; 0 (0)            ; 0 (0)           ; |mux64_1s|mux4_1gr:mux1_6  ;
;    |mux4_1gr:mux1_7|       ; 2 (2)       ; 0            ; 0           ; 0            ; 0       ; 0         ; 0         ; 0    ; 0            ; 2 (2)        ; 0 (0)             ; 0 (0)            ; 0 (0)           ; |mux64_1s|mux4_1gr:mux1_7  ;
;    |mux4_1gr:mux1_8|       ; 2 (2)       ; 0            ; 0           ; 0            ; 0       ; 0         ; 0         ; 0    ; 0            ; 2 (2)        ; 0 (0)             ; 0 (0)            ; 0 (0)           ; |mux64_1s|mux4_1gr:mux1_8  ;
;    |mux4_1gr:mux1_9|       ; 2 (2)       ; 0            ; 0           ; 0            ; 0       ; 0         ; 0         ; 0    ; 0            ; 2 (2)        ; 0 (0)             ; 0 (0)            ; 0 (0)           ; |mux64_1s|mux4_1gr:mux1_9  ;
;    |mux4_1gr:mux3_1|       ; 26 (26)     ; 0            ; 0           ; 0            ; 0       ; 0         ; 0         ; 0    ; 0            ; 26 (26)      ; 0 (0)             ; 0 (0)            ; 0 (0)           ; |mux64_1s|mux4_1gr:mux3_1  ;
+----------------------------+-------------+--------------+-------------+--------------+---------+-----------+-----------+------+--------------+--------------+-------------------+------------------+-----------------+----------------------------+
Note: For table entries with two numbers listed, the numbers in parentheses indicate the number of resources of the given type used by the specific entity alone. The numbers listed outside of parentheses indicate the total resources of the given type used by the specific entity and all of its sub-entities in the hierarchy.


+----------------------------------------------------------------------------------------------------------------------------------------------------------------------------------------------------------------------------------------------------------+
; Delay Chain Summary                                                                                                                                                                                                                                      ;
+-------+----------+---------------+---------------+-----------------------+-------------------------+----------------------------------------+---------------------------------+--------------------------------+-----+------+----------------------------+
; Name  ; Pin Type ; Pad to Core 0 ; Pad to Core 1 ; Pad to Input Register ; Core to Output Register ; Clock Enable to Output Enable Register ; Clock Enable to Output Register ; Clock Enable to Input Register ; TCO ; TCOE ; Falling Edge Output Enable ;
+-------+----------+---------------+---------------+-----------------------+-------------------------+----------------------------------------+---------------------------------+--------------------------------+-----+------+----------------------------+
; en    ; Input    ; ON            ; ON            ; --                    ; --                      ; --                                     ; --                              ; --                             ; --  ; --   ; --                         ;
; a[3]  ; Input    ; ON            ; ON            ; --                    ; --                      ; --                                     ; --                              ; --                             ; --  ; --   ; --                         ;
; a[2]  ; Input    ; ON            ; ON            ; --                    ; --                      ; --                                     ; --                              ; --                             ; --  ; --   ; --                         ;
; a[4]  ; Input    ; ON            ; ON            ; --                    ; --                      ; --                                     ; --                              ; --                             ; --  ; --   ; --                         ;
; a[5]  ; Input    ; ON            ; ON            ; --                    ; --                      ; --                                     ; --                              ; --                             ; --  ; --   ; --                         ;
; x[14] ; Input    ; ON            ; ON            ; --                    ; --                      ; --                                     ; --                              ; --                             ; --  ; --   ; --                         ;
; a[1]  ; Input    ; ON            ; ON            ; --                    ; --                      ; --                                     ; --                              ; --                             ; --  ; --   ; --                         ;
; x[13] ; Input    ; ON            ; ON            ; --                    ; --                      ; --                                     ; --                              ; --                             ; --  ; --   ; --                         ;
; a[0]  ; Input    ; ON            ; ON            ; --                    ; --                      ; --                                     ; --                              ; --                             ; --  ; --   ; --                         ;
; x[12] ; Input    ; ON            ; ON            ; --                    ; --                      ; --                                     ; --                              ; --                             ; --  ; --   ; --                         ;
; x[15] ; Input    ; ON            ; ON            ; --                    ; --                      ; --                                     ; --                              ; --                             ; --  ; --   ; --                         ;
; x[49] ; Input    ; ON            ; ON            ; --                    ; --                      ; --                                     ; --                              ; --                             ; --  ; --   ; --                         ;
; x[50] ; Input    ; ON            ; ON            ; --                    ; --                      ; --                                     ; --                              ; --                             ; --  ; --   ; --                         ;
; x[48] ; Input    ; ON            ; ON            ; --                    ; --                      ; --                                     ; --                              ; --                             ; --  ; --   ; --                         ;
; x[51] ; Input    ; ON            ; ON            ; --                    ; --                      ; --                                     ; --                              ; --                             ; --  ; --   ; --                         ;
; x[30] ; Input    ; ON            ; ON            ; --                    ; --                      ; --                                     ; --                              ; --                             ; --  ; --   ; --                         ;
; x[29] ; Input    ; ON            ; ON            ; --                    ; --                      ; --                                     ; --                              ; --                             ; --  ; --   ; --                         ;
; x[28] ; Input    ; ON            ; ON            ; --                    ; --                      ; --                                     ; --                              ; --                             ; --  ; --   ; --                         ;
; x[31] ; Input    ; ON            ; ON            ; --                    ; --                      ; --                                     ; --                              ; --                             ; --  ; --   ; --                         ;
; x[17] ; Input    ; ON            ; ON            ; --                    ; --                      ; --                                     ; --                              ; --                             ; --  ; --   ; --                         ;
; x[18] ; Input    ; ON            ; ON            ; --                    ; --                      ; --                                     ; --                              ; --                             ; --  ; --   ; --                         ;
; x[16] ; Input    ; ON            ; ON            ; --                    ; --                      ; --                                     ; --                              ; --                             ; --  ; --   ; --                         ;
; x[19] ; Input    ; ON            ; ON            ; --                    ; --                      ; --                                     ; --                              ; --                             ; --  ; --   ; --                         ;
; x[1]  ; Input    ; ON            ; ON            ; --                    ; --                      ; --                                     ; --                              ; --                             ; --  ; --   ; --                         ;
; x[2]  ; Input    ; ON            ; ON            ; --                    ; --                      ; --                                     ; --                              ; --                             ; --  ; --   ; --                         ;
; x[0]  ; Input    ; ON            ; ON            ; --                    ; --                      ; --                                     ; --                              ; --                             ; --  ; --   ; --                         ;
; x[3]  ; Input    ; ON            ; ON            ; --                    ; --                      ; --                                     ; --                              ; --                             ; --  ; --   ; --                         ;
; x[5]  ; Input    ; ON            ; ON            ; --                    ; --                      ; --                                     ; --                              ; --                             ; --  ; --   ; --                         ;
; x[6]  ; Input    ; ON            ; ON            ; --                    ; --                      ; --                                     ; --                              ; --                             ; --  ; --   ; --                         ;
; x[4]  ; Input    ; ON            ; ON            ; --                    ; --                      ; --                                     ; --                              ; --                             ; --  ; --   ; --                         ;
; x[7]  ; Input    ; ON            ; ON            ; --                    ; --                      ; --                                     ; --                              ; --                             ; --  ; --   ; --                         ;
; x[21] ; Input    ; ON            ; ON            ; --                    ; --                      ; --                                     ; --                              ; --                             ; --  ; --   ; --                         ;
; x[22] ; Input    ; ON            ; ON            ; --                    ; --                      ; --                                     ; --                              ; --                             ; --  ; --   ; --                         ;
; x[20] ; Input    ; ON            ; ON            ; --                    ; --                      ; --                                     ; --                              ; --                             ; --  ; --   ; --                         ;
; x[23] ; Input    ; ON            ; ON            ; --                    ; --                      ; --                                     ; --                              ; --                             ; --  ; --   ; --                         ;
; x[26] ; Input    ; ON            ; ON            ; --                    ; --                      ; --                                     ; --                              ; --                             ; --  ; --   ; --                         ;
; x[25] ; Input    ; ON            ; ON            ; --                    ; --                      ; --                                     ; --                              ; --                             ; --  ; --   ; --                         ;
; x[24] ; Input    ; ON            ; ON            ; --                    ; --                      ; --                                     ; --                              ; --                             ; --  ; --   ; --                         ;
; x[27] ; Input    ; ON            ; ON            ; --                    ; --                      ; --                                     ; --                              ; --                             ; --  ; --   ; --                         ;
; x[62] ; Input    ; ON            ; ON            ; --                    ; --                      ; --                                     ; --                              ; --                             ; --  ; --   ; --                         ;
; x[61] ; Input    ; ON            ; ON            ; --                    ; --                      ; --                                     ; --                              ; --                             ; --  ; --   ; --                         ;
; x[60] ; Input    ; ON            ; ON            ; --                    ; --                      ; --                                     ; --                              ; --                             ; --  ; --   ; --                         ;
; x[63] ; Input    ; ON            ; ON            ; --                    ; --                      ; --                                     ; --                              ; --                             ; --  ; --   ; --                         ;
; x[33] ; Input    ; ON            ; ON            ; --                    ; --                      ; --                                     ; --                              ; --                             ; --  ; --   ; --                         ;
; x[34] ; Input    ; ON            ; ON            ; --                    ; --                      ; --                                     ; --                              ; --                             ; --  ; --   ; --                         ;
; x[32] ; Input    ; ON            ; ON            ; --                    ; --                      ; --                                     ; --                              ; --                             ; --  ; --   ; --                         ;
; x[35] ; Input    ; ON            ; ON            ; --                    ; --                      ; --                                     ; --                              ; --                             ; --  ; --   ; --                         ;
; x[42] ; Input    ; ON            ; ON            ; --                    ; --                      ; --                                     ; --                              ; --                             ; --  ; --   ; --                         ;
; x[41] ; Input    ; ON            ; ON            ; --                    ; --                      ; --                                     ; --                              ; --                             ; --  ; --   ; --                         ;
; x[40] ; Input    ; ON            ; ON            ; --                    ; --                      ; --                                     ; --                              ; --                             ; --  ; --   ; --                         ;
; x[43] ; Input    ; ON            ; ON            ; --                    ; --                      ; --                                     ; --                              ; --                             ; --  ; --   ; --                         ;
; x[10] ; Input    ; ON            ; ON            ; --                    ; --                      ; --                                     ; --                              ; --                             ; --  ; --   ; --                         ;
; x[9]  ; Input    ; ON            ; ON            ; --                    ; --                      ; --                                     ; --                              ; --                             ; --  ; --   ; --                         ;
; x[8]  ; Input    ; ON            ; ON            ; --                    ; --                      ; --                                     ; --                              ; --                             ; --  ; --   ; --                         ;
; x[11] ; Input    ; ON            ; ON            ; --                    ; --                      ; --                                     ; --                              ; --                             ; --  ; --   ; --                         ;
; x[46] ; Input    ; ON            ; ON            ; --                    ; --                      ; --                                     ; --                              ; --                             ; --  ; --   ; --                         ;
; x[45] ; Input    ; ON            ; ON            ; --                    ; --                      ; --                                     ; --                              ; --                             ; --  ; --   ; --                         ;
; x[44] ; Input    ; ON            ; ON            ; --                    ; --                      ; --                                     ; --                              ; --                             ; --  ; --   ; --                         ;
; x[47] ; Input    ; ON            ; ON            ; --                    ; --                      ; --                                     ; --                              ; --                             ; --  ; --   ; --                         ;
; x[58] ; Input    ; ON            ; ON            ; --                    ; --                      ; --                                     ; --                              ; --                             ; --  ; --   ; --                         ;
; x[57] ; Input    ; ON            ; ON            ; --                    ; --                      ; --                                     ; --                              ; --                             ; --  ; --   ; --                         ;
; x[56] ; Input    ; ON            ; ON            ; --                    ; --                      ; --                                     ; --                              ; --                             ; --  ; --   ; --                         ;
; x[59] ; Input    ; ON            ; ON            ; --                    ; --                      ; --                                     ; --                              ; --                             ; --  ; --   ; --                         ;
; x[37] ; Input    ; ON            ; ON            ; --                    ; --                      ; --                                     ; --                              ; --                             ; --  ; --   ; --                         ;
; x[38] ; Input    ; ON            ; ON            ; --                    ; --                      ; --                                     ; --                              ; --                             ; --  ; --   ; --                         ;
; x[36] ; Input    ; ON            ; ON            ; --                    ; --                      ; --                                     ; --                              ; --                             ; --  ; --   ; --                         ;
; x[39] ; Input    ; ON            ; ON            ; --                    ; --                      ; --                                     ; --                              ; --                             ; --  ; --   ; --                         ;
; x[53] ; Input    ; ON            ; ON            ; --                    ; --                      ; --                                     ; --                              ; --                             ; --  ; --   ; --                         ;
; x[54] ; Input    ; ON            ; ON            ; --                    ; --                      ; --                                     ; --                              ; --                             ; --  ; --   ; --                         ;
; x[52] ; Input    ; ON            ; ON            ; --                    ; --                      ; --                                     ; --                              ; --                             ; --  ; --   ; --                         ;
; x[55] ; Input    ; ON            ; ON            ; --                    ; --                      ; --                                     ; --                              ; --                             ; --  ; --   ; --                         ;
; q     ; Output   ; --            ; --            ; --                    ; --                      ; --                                     ; --                              ; --                             ; --  ; OFF  ; OFF                        ;
+-------+----------+---------------+---------------+-----------------------+-------------------------+----------------------------------------+---------------------------------+--------------------------------+-----+------+----------------------------+


+----------------------------------------------------------------+
; Pad To Core Delay Chain Fanout                                 ;
+----------------------------------+-------------------+---------+
; Source Pin / Fanout              ; Pad To Core Index ; Setting ;
+----------------------------------+-------------------+---------+
; en                               ;                   ;         ;
;      - mux4_1gr:mux3_1|inst7     ; 1                 ; ON      ;
; a[3]                             ;                   ;         ;
;      - mux4_1gr:mux3_1|inst~71   ; 1                 ; ON      ;
;      - mux4_1gr:mux3_1|inst~72   ; 1                 ; ON      ;
;      - mux4_1gr:mux3_1|inst1~47  ; 1                 ; ON      ;
;      - mux4_1gr:mux3_1|inst~73   ; 1                 ; ON      ;
;      - mux4_1gr:mux3_1|inst~74   ; 1                 ; ON      ;
;      - mux4_1gr:mux3_1|inst1~48  ; 1                 ; ON      ;
;      - mux4_1gr:mux3_1|inst~75   ; 1                 ; ON      ;
;      - mux4_1gr:mux3_1|inst3~43  ; 1                 ; ON      ;
;      - mux4_1gr:mux3_1|inst2~51  ; 1                 ; ON      ;
;      - mux4_1gr:mux3_1|inst2~52  ; 1                 ; ON      ;
;      - mux4_1gr:mux3_1|inst2~53  ; 1                 ; ON      ;
; a[2]                             ;                   ;         ;
;      - mux4_1gr:mux3_1|inst~71   ; 0                 ; ON      ;
;      - mux4_1gr:mux3_1|inst~72   ; 0                 ; ON      ;
;      - mux4_1gr:mux3_1|inst1~47  ; 0                 ; ON      ;
;      - mux4_1gr:mux3_1|inst~73   ; 0                 ; ON      ;
;      - mux4_1gr:mux3_1|inst~74   ; 0                 ; ON      ;
;      - mux4_1gr:mux3_1|inst1~48  ; 0                 ; ON      ;
;      - mux4_1gr:mux3_1|inst~75   ; 0                 ; ON      ;
;      - mux4_1gr:mux3_1|inst3~43  ; 0                 ; ON      ;
;      - mux4_1gr:mux3_1|inst2~51  ; 0                 ; ON      ;
;      - mux4_1gr:mux3_1|inst2~52  ; 0                 ; ON      ;
;      - mux4_1gr:mux3_1|inst2~53  ; 0                 ; ON      ;
; a[4]                             ;                   ;         ;
;      - mux4_1gr:mux3_1|inst~70   ; 1                 ; ON      ;
;      - mux4_1gr:mux3_1|inst3~42  ; 1                 ; ON      ;
;      - mux4_1gr:mux3_1|inst1~46  ; 1                 ; ON      ;
;      - mux4_1gr:mux3_1|inst2~50  ; 1                 ; ON      ;
; a[5]                             ;                   ;         ;
;      - mux4_1gr:mux3_1|inst~70   ; 0                 ; ON      ;
;      - mux4_1gr:mux3_1|inst3~42  ; 0                 ; ON      ;
;      - mux4_1gr:mux3_1|inst1~46  ; 0                 ; ON      ;
;      - mux4_1gr:mux3_1|inst2~50  ; 0                 ; ON      ;
; x[14]                            ;                   ;         ;
;      - mux4_1gr:mux1_4|inst4~20  ; 0                 ; ON      ;
; a[1]                             ;                   ;         ;
;      - mux4_1gr:mux1_4|inst4~19  ; 0                 ; ON      ;
;      - mux4_1gr:mux1_4|inst4~20  ; 0                 ; ON      ;
;      - mux4_1gr:mux1_13|inst4~19 ; 0                 ; ON      ;
;      - mux4_1gr:mux1_8|inst4~19  ; 0                 ; ON      ;
;      - mux4_1gr:mux1_8|inst4~20  ; 0                 ; ON      ;
;      - mux4_1gr:mux1_5|inst4~19  ; 0                 ; ON      ;
;      - mux4_1gr:mux1_1|inst4~19  ; 0                 ; ON      ;
;      - mux4_1gr:mux1_2|inst4~19  ; 0                 ; ON      ;
;      - mux4_1gr:mux1_6|inst4~19  ; 0                 ; ON      ;
;      - mux4_1gr:mux1_7|inst4~19  ; 0                 ; ON      ;
;      - mux4_1gr:mux1_7|inst4~20  ; 0                 ; ON      ;
;      - mux4_1gr:mux1_16|inst4~19 ; 0                 ; ON      ;
;      - mux4_1gr:mux1_16|inst4~20 ; 0                 ; ON      ;
;      - mux4_1gr:mux1_9|inst4~19  ; 0                 ; ON      ;
;      - mux4_1gr:mux1_11|inst4~19 ; 0                 ; ON      ;
;      - mux4_1gr:mux1_11|inst4~20 ; 0                 ; ON      ;
;      - mux4_1gr:mux1_3|inst4~19  ; 0                 ; ON      ;
;      - mux4_1gr:mux1_3|inst4~20  ; 0                 ; ON      ;
;      - mux4_1gr:mux1_12|inst4~19 ; 0                 ; ON      ;
;      - mux4_1gr:mux1_12|inst4~20 ; 0                 ; ON      ;
;      - mux4_1gr:mux1_15|inst4~19 ; 0                 ; ON      ;
;      - mux4_1gr:mux1_15|inst4~20 ; 0                 ; ON      ;
;      - mux4_1gr:mux1_10|inst4~19 ; 0                 ; ON      ;
;      - mux4_1gr:mux1_14|inst4~19 ; 0                 ; ON      ;
; x[13]                            ;                   ;         ;
;      - mux4_1gr:mux1_4|inst4~19  ; 0                 ; ON      ;
; a[0]                             ;                   ;         ;
;      - mux4_1gr:mux1_4|inst4~19  ; 0                 ; ON      ;
;      - mux4_1gr:mux1_13|inst4~19 ; 0                 ; ON      ;
;      - mux4_1gr:mux1_13|inst4~20 ; 0                 ; ON      ;
;      - mux4_1gr:mux1_8|inst4~19  ; 0                 ; ON      ;
;      - mux4_1gr:mux1_5|inst4~19  ; 0                 ; ON      ;
;      - mux4_1gr:mux1_5|inst4~20  ; 0                 ; ON      ;
;      - mux4_1gr:mux1_1|inst4~19  ; 0                 ; ON      ;
;      - mux4_1gr:mux1_1|inst4~20  ; 0                 ; ON      ;
;      - mux4_1gr:mux1_2|inst4~19  ; 0                 ; ON      ;
;      - mux4_1gr:mux1_2|inst4~20  ; 0                 ; ON      ;
;      - mux4_1gr:mux1_6|inst4~19  ; 0                 ; ON      ;
;      - mux4_1gr:mux1_6|inst4~20  ; 0                 ; ON      ;
;      - mux4_1gr:mux1_7|inst4~19  ; 0                 ; ON      ;
;      - mux4_1gr:mux1_16|inst4~19 ; 0                 ; ON      ;
;      - mux4_1gr:mux1_9|inst4~19  ; 0                 ; ON      ;
;      - mux4_1gr:mux1_9|inst4~20  ; 0                 ; ON      ;
;      - mux4_1gr:mux1_11|inst4~19 ; 0                 ; ON      ;
;      - mux4_1gr:mux1_3|inst4~19  ; 0                 ; ON      ;
;      - mux4_1gr:mux1_12|inst4~19 ; 0                 ; ON      ;
;      - mux4_1gr:mux1_15|inst4~19 ; 0                 ; ON      ;
;      - mux4_1gr:mux1_10|inst4~19 ; 0                 ; ON      ;
;      - mux4_1gr:mux1_10|inst4~20 ; 0                 ; ON      ;
;      - mux4_1gr:mux1_14|inst4~19 ; 0                 ; ON      ;
;      - mux4_1gr:mux1_14|inst4~20 ; 0                 ; ON      ;
; x[12]                            ;                   ;         ;
;      - mux4_1gr:mux1_4|inst4~19  ; 1                 ; ON      ;
; x[15]                            ;                   ;         ;
;      - mux4_1gr:mux1_4|inst4~20  ; 1                 ; ON      ;
; x[49]                            ;                   ;         ;
;      - mux4_1gr:mux1_13|inst4~20 ; 0                 ; ON      ;
; x[50]                            ;                   ;         ;
;      - mux4_1gr:mux1_13|inst4~19 ; 1                 ; ON      ;
; x[48]                            ;                   ;         ;
;      - mux4_1gr:mux1_13|inst4~19 ; 1                 ; ON      ;
; x[51]                            ;                   ;         ;
;      - mux4_1gr:mux1_13|inst4~20 ; 0                 ; ON      ;
; x[30]                            ;                   ;         ;
;      - mux4_1gr:mux1_8|inst4~20  ; 1                 ; ON      ;
; x[29]                            ;                   ;         ;
;      - mux4_1gr:mux1_8|inst4~19  ; 1                 ; ON      ;
; x[28]                            ;                   ;         ;
;      - mux4_1gr:mux1_8|inst4~19  ; 1                 ; ON      ;
; x[31]                            ;                   ;         ;
;      - mux4_1gr:mux1_8|inst4~20  ; 0                 ; ON      ;
; x[17]                            ;                   ;         ;
;      - mux4_1gr:mux1_5|inst4~20  ; 1                 ; ON      ;
; x[18]                            ;                   ;         ;
;      - mux4_1gr:mux1_5|inst4~19  ; 0                 ; ON      ;
; x[16]                            ;                   ;         ;
;      - mux4_1gr:mux1_5|inst4~19  ; 0                 ; ON      ;
; x[19]                            ;                   ;         ;
;      - mux4_1gr:mux1_5|inst4~20  ; 0                 ; ON      ;
; x[1]                             ;                   ;         ;
;      - mux4_1gr:mux1_1|inst4~20  ; 1                 ; ON      ;
; x[2]                             ;                   ;         ;
;      - mux4_1gr:mux1_1|inst4~19  ; 1                 ; ON      ;
; x[0]                             ;                   ;         ;
;      - mux4_1gr:mux1_1|inst4~19  ; 0                 ; ON      ;
; x[3]                             ;                   ;         ;
;      - mux4_1gr:mux1_1|inst4~20  ; 1                 ; ON      ;
; x[5]                             ;                   ;         ;
;      - mux4_1gr:mux1_2|inst4~20  ; 1                 ; ON      ;
; x[6]                             ;                   ;         ;
;      - mux4_1gr:mux1_2|inst4~19  ; 1                 ; ON      ;
; x[4]                             ;                   ;         ;
;      - mux4_1gr:mux1_2|inst4~19  ; 0                 ; ON      ;
; x[7]                             ;                   ;         ;
;      - mux4_1gr:mux1_2|inst4~20  ; 1                 ; ON      ;
; x[21]                            ;                   ;         ;
;      - mux4_1gr:mux1_6|inst4~20  ; 1                 ; ON      ;
; x[22]                            ;                   ;         ;
;      - mux4_1gr:mux1_6|inst4~19  ; 1                 ; ON      ;
; x[20]                            ;                   ;         ;
;      - mux4_1gr:mux1_6|inst4~19  ; 0                 ; ON      ;
; x[23]                            ;                   ;         ;
;      - mux4_1gr:mux1_6|inst4~20  ; 0                 ; ON      ;
; x[26]                            ;                   ;         ;
;      - mux4_1gr:mux1_7|inst4~20  ; 0                 ; ON      ;
; x[25]                            ;                   ;         ;
;      - mux4_1gr:mux1_7|inst4~19  ; 1                 ; ON      ;
; x[24]                            ;                   ;         ;
;      - mux4_1gr:mux1_7|inst4~19  ; 1                 ; ON      ;
; x[27]                            ;                   ;         ;
;      - mux4_1gr:mux1_7|inst4~20  ; 1                 ; ON      ;
; x[62]                            ;                   ;         ;
;      - mux4_1gr:mux1_16|inst4~20 ; 1                 ; ON      ;
; x[61]                            ;                   ;         ;
;      - mux4_1gr:mux1_16|inst4~19 ; 0                 ; ON      ;
; x[60]                            ;                   ;         ;
;      - mux4_1gr:mux1_16|inst4~19 ; 0                 ; ON      ;
; x[63]                            ;                   ;         ;
;      - mux4_1gr:mux1_16|inst4~20 ; 0                 ; ON      ;
; x[33]                            ;                   ;         ;
;      - mux4_1gr:mux1_9|inst4~20  ; 0                 ; ON      ;
; x[34]                            ;                   ;         ;
;      - mux4_1gr:mux1_9|inst4~19  ; 1                 ; ON      ;
; x[32]                            ;                   ;         ;
;      - mux4_1gr:mux1_9|inst4~19  ; 1                 ; ON      ;
; x[35]                            ;                   ;         ;
;      - mux4_1gr:mux1_9|inst4~20  ; 1                 ; ON      ;
; x[42]                            ;                   ;         ;
;      - mux4_1gr:mux1_11|inst4~20 ; 1                 ; ON      ;
; x[41]                            ;                   ;         ;
;      - mux4_1gr:mux1_11|inst4~19 ; 0                 ; ON      ;
; x[40]                            ;                   ;         ;
;      - mux4_1gr:mux1_11|inst4~19 ; 1                 ; ON      ;
; x[43]                            ;                   ;         ;
;      - mux4_1gr:mux1_11|inst4~20 ; 0                 ; ON      ;
; x[10]                            ;                   ;         ;
;      - mux4_1gr:mux1_3|inst4~20  ; 0                 ; ON      ;
; x[9]                             ;                   ;         ;
;      - mux4_1gr:mux1_3|inst4~19  ; 0                 ; ON      ;
; x[8]                             ;                   ;         ;
;      - mux4_1gr:mux1_3|inst4~19  ; 0                 ; ON      ;
; x[11]                            ;                   ;         ;
;      - mux4_1gr:mux1_3|inst4~20  ; 0                 ; ON      ;
; x[46]                            ;                   ;         ;
;      - mux4_1gr:mux1_12|inst4~20 ; 0                 ; ON      ;
; x[45]                            ;                   ;         ;
;      - mux4_1gr:mux1_12|inst4~19 ; 0                 ; ON      ;
; x[44]                            ;                   ;         ;
;      - mux4_1gr:mux1_12|inst4~19 ; 0                 ; ON      ;
; x[47]                            ;                   ;         ;
;      - mux4_1gr:mux1_12|inst4~20 ; 1                 ; ON      ;
; x[58]                            ;                   ;         ;
;      - mux4_1gr:mux1_15|inst4~20 ; 0                 ; ON      ;
; x[57]                            ;                   ;         ;
;      - mux4_1gr:mux1_15|inst4~19 ; 1                 ; ON      ;
; x[56]                            ;                   ;         ;
;      - mux4_1gr:mux1_15|inst4~19 ; 1                 ; ON      ;
; x[59]                            ;                   ;         ;
;      - mux4_1gr:mux1_15|inst4~20 ; 0                 ; ON      ;
; x[37]                            ;                   ;         ;
;      - mux4_1gr:mux1_10|inst4~20 ; 0                 ; ON      ;
; x[38]                            ;                   ;         ;
;      - mux4_1gr:mux1_10|inst4~19 ; 0                 ; ON      ;
; x[36]                            ;                   ;         ;
;      - mux4_1gr:mux1_10|inst4~19 ; 0                 ; ON      ;
; x[39]                            ;                   ;         ;
;      - mux4_1gr:mux1_10|inst4~20 ; 0                 ; ON      ;
; x[53]                            ;                   ;         ;
;      - mux4_1gr:mux1_14|inst4~20 ; 0                 ; ON      ;
; x[54]                            ;                   ;         ;
;      - mux4_1gr:mux1_14|inst4~19 ; 1                 ; ON      ;
; x[52]                            ;                   ;         ;
;      - mux4_1gr:mux1_14|inst4~19 ; 1                 ; ON      ;
; x[55]                            ;                   ;         ;
;      - mux4_1gr:mux1_14|inst4~20 ; 1                 ; ON      ;
+----------------------------------+-------------------+---------+


+------------------------------------+
; Non-Global High Fan-Out Signals    ;
+--------------------------+---------+
; Name                     ; Fan-Out ;
+--------------------------+---------+
; a[0]                     ; 24      ;
; a[1]                     ; 24      ;
; a[2]                     ; 11      ;
; a[3]                     ; 11      ;
; a[5]                     ; 4       ;
; a[4]                     ; 4       ;
; mux4_1gr:mux3_1|inst2~50 ; 4       ;
; mux4_1gr:mux3_1|inst1~46 ; 4       ;
; mux4_1gr:mux3_1|inst3~42 ; 4       ;
; mux4_1gr:mux3_1|inst~70  ; 4       ;
; mux4_1gr:mux3_1|inst~75  ; 3       ;
; mux4_1gr:mux3_1|inst~72  ; 3       ;
; mux4_1gr:mux3_1|inst~74  ; 2       ;
; x[55]                    ; 1       ;
; x[52]                    ; 1       ;
; x[54]                    ; 1       ;
; x[53]                    ; 1       ;
; x[39]                    ; 1       ;
; x[36]                    ; 1       ;
; x[38]                    ; 1       ;
; x[37]                    ; 1       ;
; x[59]                    ; 1       ;
; x[56]                    ; 1       ;
; x[57]                    ; 1       ;
; x[58]                    ; 1       ;
; x[47]                    ; 1       ;
; x[44]                    ; 1       ;
; x[45]                    ; 1       ;
; x[46]                    ; 1       ;
; x[11]                    ; 1       ;
; x[8]                     ; 1       ;
; x[9]                     ; 1       ;
; x[10]                    ; 1       ;
; x[43]                    ; 1       ;
; x[40]                    ; 1       ;
; x[41]                    ; 1       ;
; x[42]                    ; 1       ;
; x[35]                    ; 1       ;
; x[32]                    ; 1       ;
; x[34]                    ; 1       ;
; x[33]                    ; 1       ;
; x[63]                    ; 1       ;
; x[60]                    ; 1       ;
; x[61]                    ; 1       ;
; x[62]                    ; 1       ;
; x[27]                    ; 1       ;
; x[24]                    ; 1       ;
; x[25]                    ; 1       ;
; x[26]                    ; 1       ;
; x[23]                    ; 1       ;
+--------------------------+---------+


+-----------------------------------------------------+
; Interconnect Usage Summary                          ;
+-----------------------------+-----------------------+
; Interconnect Resource Type  ; Usage                 ;
+-----------------------------+-----------------------+
; C16 interconnects           ; 27 / 2,286 ( 1 % )    ;
; C4 interconnects            ; 46 / 31,320 ( < 1 % ) ;
; C8 interconnects            ; 36 / 7,272 ( < 1 % )  ;
; DIFFIOCLKs                  ; 0 / 16 ( 0 % )        ;
; DQS bus muxes               ; 0 / 56 ( 0 % )        ;
; DQS-32 I/O buses            ; 0 / 4 ( 0 % )         ;
; DQS-8 I/O buses             ; 0 / 16 ( 0 % )        ;
; Direct links                ; 6 / 44,740 ( < 1 % )  ;
; Fast regional clocks        ; 0 / 8 ( 0 % )         ;
; Global clocks               ; 0 / 16 ( 0 % )        ;
; I/O buses                   ; 0 / 208 ( 0 % )       ;
; LUT chains                  ; 4 / 9,513 ( < 1 % )   ;
; Local routing interconnects ; 26 / 10,570 ( < 1 % ) ;
; R24 interconnects           ; 7 / 2,280 ( < 1 % )   ;
; R4 interconnects            ; 55 / 62,520 ( < 1 % ) ;
; R8 interconnects            ; 34 / 10,410 ( < 1 % ) ;
; Regional clocks             ; 0 / 16 ( 0 % )        ;
+-----------------------------+-----------------------+


+--------------------------------------------------------------------------+
; LAB Logic Elements                                                       ;
+--------------------------------------------+-----------------------------+
; Number of Logic Elements  (Average = 8.29) ; Number of LABs  (Total = 7) ;
+--------------------------------------------+-----------------------------+
; 1                                          ; 0                           ;
; 2                                          ; 0                           ;
; 3                                          ; 0                           ;
; 4                                          ; 2                           ;
; 5                                          ; 0                           ;
; 6                                          ; 0                           ;
; 7                                          ; 0                           ;
; 8                                          ; 0                           ;
; 9                                          ; 0                           ;
; 10                                         ; 5                           ;
+--------------------------------------------+-----------------------------+


+---------------------------------------------------------------------------+
; LAB Signals Sourced                                                       ;
+---------------------------------------------+-----------------------------+
; Number of Signals Sourced  (Average = 8.29) ; Number of LABs  (Total = 7) ;
+---------------------------------------------+-----------------------------+
; 0                                           ; 0                           ;
; 1                                           ; 0                           ;
; 2                                           ; 0                           ;
; 3                                           ; 0                           ;
; 4                                           ; 2                           ;
; 5                                           ; 0                           ;
; 6                                           ; 0                           ;
; 7                                           ; 0                           ;
; 8                                           ; 0                           ;
; 9                                           ; 0                           ;
; 10                                          ; 5                           ;
+---------------------------------------------+-----------------------------+


+-------------------------------------------------------------------------------+
; LAB Signals Sourced Out                                                       ;
+-------------------------------------------------+-----------------------------+
; Number of Signals Sourced Out  (Average = 3.71) ; Number of LABs  (Total = 7) ;
+-------------------------------------------------+-----------------------------+
; 0                                               ; 0                           ;
; 1                                               ; 1                           ;
; 2                                               ; 1                           ;
; 3                                               ; 1                           ;
; 4                                               ; 1                           ;
; 5                                               ; 2                           ;
; 6                                               ; 1                           ;
+-------------------------------------------------+-----------------------------+


+----------------------------------------------------------------------------+
; LAB Distinct Inputs                                                        ;
+----------------------------------------------+-----------------------------+
; Number of Distinct Inputs  (Average = 16.14) ; Number of LABs  (Total = 7) ;
+----------------------------------------------+-----------------------------+
; 0                                            ; 0                           ;
; 1                                            ; 0                           ;
; 2                                            ; 1                           ;
; 3                                            ; 0                           ;
; 4                                            ; 0                           ;
; 5                                            ; 0                           ;
; 6                                            ; 0                           ;
; 7                                            ; 0                           ;
; 8                                            ; 0                           ;
; 9                                            ; 0                           ;
; 10                                           ; 1                           ;
; 11                                           ; 0                           ;
; 12                                           ; 0                           ;
; 13                                           ; 0                           ;
; 14                                           ; 0                           ;
; 15                                           ; 0                           ;
; 16                                           ; 1                           ;
; 17                                           ; 0                           ;
; 18                                           ; 0                           ;
; 19                                           ; 0                           ;
; 20                                           ; 1                           ;
; 21                                           ; 1                           ;
; 22                                           ; 2                           ;
+----------------------------------------------+-----------------------------+


+-----------------+
; Fitter Messages ;
+-----------------+
Info: *******************************************************************
Info: Running Quartus II Fitter
    Info: Version 5.0 Build 148 04/26/2005 SJ Full Version
    Info: Processing started: Tue Nov 13 16:54:57 2018
Info: Command: quartus_fit --read_settings_files=off --write_settings_files=off mux64_1s -c mux64_1s
Info: Auto device selection -- successful I/O standard check for EP1S10F484C5
Info: Auto device selection -- successful PCI I/O clamp diode check for EP1S10F484C5
Info: Automatically selected device EP1S10F484C5 for design mux64_1s
Info: Fitter is performing an Auto Fit compilation, which may decrease Fitter effort to reduce compilation time
Info: Device migration not selected. If you intend to use device migration later, you may need to change the pin assignments as they may be incompatible with other devices. 
    Info: Device EP1S20F484C5 is compatible
Info: No exact pin location assignment(s) for 72 pins of 72 total pins
    Info: Pin q not assigned to an exact location on the device
    Info: Pin en not assigned to an exact location on the device
    Info: Pin a[3] not assigned to an exact location on the device
    Info: Pin a[2] not assigned to an exact location on the device
    Info: Pin a[4] not assigned to an exact location on the device
    Info: Pin a[5] not assigned to an exact location on the device
    Info: Pin x[14] not assigned to an exact location on the device
    Info: Pin a[1] not assigned to an exact location on the device
    Info: Pin x[13] not assigned to an exact location on the device
    Info: Pin a[0] not assigned to an exact location on the device
    Info: Pin x[12] not assigned to an exact location on the device
    Info: Pin x[15] not assigned to an exact location on the device
    Info: Pin x[49] not assigned to an exact location on the device
    Info: Pin x[50] not assigned to an exact location on the device
    Info: Pin x[48] not assigned to an exact location on the device
    Info: Pin x[51] not assigned to an exact location on the device
    Info: Pin x[30] not assigned to an exact location on the device
    Info: Pin x[29] not assigned to an exact location on the device
    Info: Pin x[28] not assigned to an exact location on the device
    Info: Pin x[31] not assigned to an exact location on the device
    Info: Pin x[17] not assigned to an exact location on the device
    Info: Pin x[18] not assigned to an exact location on the device
    Info: Pin x[16] not assigned to an exact location on the device
    Info: Pin x[19] not assigned to an exact location on the device
    Info: Pin x[1] not assigned to an exact location on the device
    Info: Pin x[2] not assigned to an exact location on the device
    Info: Pin x[0] not assigned to an exact location on the device
    Info: Pin x[3] not assigned to an exact location on the device
    Info: Pin x[5] not assigned to an exact location on the device
    Info: Pin x[6] not assigned to an exact location on the device
    Info: Pin x[4] not assigned to an exact location on the device
    Info: Pin x[7] not assigned to an exact location on the device
    Info: Pin x[21] not assigned to an exact location on the device
    Info: Pin x[22] not assigned to an exact location on the device
    Info: Pin x[20] not assigned to an exact location on the device
    Info: Pin x[23] not assigned to an exact location on the device
    Info: Pin x[26] not assigned to an exact location on the device
    Info: Pin x[25] not assigned to an exact location on the device
    Info: Pin x[24] not assigned to an exact location on the device
    Info: Pin x[27] not assigned to an exact location on the device
    Info: Pin x[62] not assigned to an exact location on the device
    Info: Pin x[61] not assigned to an exact location on the device
    Info: Pin x[60] not assigned to an exact location on the device
    Info: Pin x[63] not assigned to an exact location on the device
    Info: Pin x[33] not assigned to an exact location on the device
    Info: Pin x[34] not assigned to an exact location on the device
    Info: Pin x[32] not assigned to an exact location on the device
    Info: Pin x[35] not assigned to an exact location on the device
    Info: Pin x[42] not assigned to an exact location on the device
    Info: Pin x[41] not assigned to an exact location on the device
    Info: Pin x[40] not assigned to an exact location on the device
    Info: Pin x[43] not assigned to an exact location on the device
    Info: Pin x[10] not assigned to an exact location on the device
    Info: Pin x[9] not assigned to an exact location on the device
    Info: Pin x[8] not assigned to an exact location on the device
    Info: Pin x[11] not assigned to an exact location on the device
    Info: Pin x[46] not assigned to an exact location on the device
    Info: Pin x[45] not assigned to an exact location on the device
    Info: Pin x[44] not assigned to an exact location on the device
    Info: Pin x[47] not assigned to an exact location on the device
    Info: Pin x[58] not assigned to an exact location on the device
    Info: Pin x[57] not assigned to an exact location on the device
    Info: Pin x[56] not assigned to an exact location on the device
    Info: Pin x[59] not assigned to an exact location on the device
    Info: Pin x[37] not assigned to an exact location on the device
    Info: Pin x[38] not assigned to an exact location on the device
    Info: Pin x[36] not assigned to an exact location on the device
    Info: Pin x[39] not assigned to an exact location on the device
    Info: Pin x[53] not assigned to an exact location on the device
    Info: Pin x[54] not assigned to an exact location on the device
    Info: Pin x[52] not assigned to an exact location on the device
    Info: Pin x[55] not assigned to an exact location on the device
Info: Timing requirements not specified -- optimizing circuit to achieve the following default global requirements
    Info: Assuming a global fmax requirement of 1 MHz
    Info: Not setting a global tsu requirement
    Info: Not setting a global tco requirement
    Info: Not setting a global tpd requirement
Info: Performing register packing on registers with non-logic cell location assignments
Info: Completed register packing on registers with non-logic cell location assignments
Info: Completed User Assigned Global Signals Promotion Operation
Info: Completed Auto Global Promotion Operation
Info: Starting register packing
Info: Started Fast Input/Output/OE register processing
Info: Finished Fast Input/Output/OE register processing
Info: Start inferring scan chains for DSP blocks
Info: Inferring scan chains for DSP blocks is complete
Info: Fitter is using Normal packing mode for logic elements with Auto setting for Auto Packed Registers logic option
Info: Moving registers into I/O cells, LUTs, RAM blocks, and DSP blocks to improve timing and density
Info: Finished moving registers into LUTs, I/O cells, DSP blocks, and RAM blocks
Info: Finished register packing
Info: Statistics of I/O pins that need to be placed that use the same VCCIO and VREF, before I/O pin placement
    Info: Number of I/O pins in group: 72 (unused VREF, 3.30 VCCIO, 71 input, 1 output, 0 bidirectional)
        Info: I/O standards used: LVTTL.
Info: I/O bank details before I/O pin placement
    Info: Statistics of I/O banks
        Info: I/O bank number 1 does not use VREF pins and has unused VCCIO pins. 0 total pin(s) used --  29 pins available
        Info: I/O bank number 2 does not use VREF pins and has unused VCCIO pins. 0 total pin(s) used --  30 pins available
        Info: I/O bank number 3 does not use VREF pins and has unused VCCIO pins. 0 total pin(s) used --  51 pins available
        Info: I/O bank number 4 does not use VREF pins and has unused VCCIO pins. 1 total pin(s) used --  51 pins available
        Info: I/O bank number 5 does not use VREF pins and has unused VCCIO pins. 0 total pin(s) used --  29 pins available
        Info: I/O bank number 6 does not use VREF pins and has unused VCCIO pins. 0 total pin(s) used --  29 pins available
        Info: I/O bank number 7 does not use VREF pins and has unused VCCIO pins. 0 total pin(s) used --  52 pins available
        Info: I/O bank number 8 does not use VREF pins and has unused VCCIO pins. 0 total pin(s) used --  51 pins available
        Info: I/O bank number 9 does not use VREF pins and has unused VCCIO pins. 0 total pin(s) used --  6 pins available
        Info: I/O bank number 10 does not use VREF pins and has unused VCCIO pins. 0 total pin(s) used --  0 pins available
        Info: I/O bank number 11 does not use VREF pins and has unused VCCIO pins. 0 total pin(s) used --  6 pins available
        Info: I/O bank number 12 does not use VREF pins and has unused VCCIO pins. 0 total pin(s) used --  0 pins available
Info: Fitter placement preparation operations beginning
Info: Fitter placement preparation operations ending: elapsed time is 00:00:00
Info: Fitter placement operations beginning
Info: Fitter placement was successful
Info: Fitter placement operations ending: elapsed time is 00:00:00
Info: Fitter routing operations beginning
Info: Average interconnect usage is 0% of the available device resources. Peak interconnect usage is 0%.
Info: Fitter routing operations ending: elapsed time is 00:00:00
Info: Fitter performed an Auto Fit compilation. Optimizations were skipped to reduce compilation time.
Info: Completed Fixed Delay Chain Operation
Info: Started post-fitting delay annotation
Info: Delay annotation completed successfully
Info: Completed Auto Delay Chain Operation
Info: Quartus II Fitter was successful. 0 errors, 0 warnings
    Info: Processing ended: Tue Nov 13 16:54:59 2018
    Info: Elapsed time: 00:00:02


