Timing Analyzer report for laba1
Tue Feb 26 23:13:17 2019
Version 5.0 Build 148 04/26/2005 SJ Full Version


---------------------
; Table of Contents ;
---------------------
  1. Legal Notice
  2. Timing Analyzer Summary
  3. Timing Analyzer Settings
  4. Clock Settings Summary
  5. Clock Setup: 'clock'
  6. tsu
  7. tco
  8. tpd
  9. th
 10. Timing Analyzer Messages



----------------
; Legal Notice ;
----------------
Copyright (C) 1991-2005 Altera Corporation
Your use of Altera Corporation's design tools, logic functions 
and other software and tools, and its AMPP partner logic       
functions, and any output files any of the foregoing           
(including device programming or simulation files), and any    
associated documentation or information are expressly subject  
to the terms and conditions of the Altera Program License      
Subscription Agreement, Altera MegaCore Function License       
Agreement, or other applicable license agreement, including,   
without limitation, that your use is for the sole purpose of   
programming logic devices manufactured by Altera and sold by   
Altera or its authorized distributors.  Please refer to the    
applicable agreement for further details.



+--------------------------------------------------------------------------------------------------------------------------------------------------------------------------------------------------------------------------------------------------------------------------------------------------------------------------------------------------------------------------------------------------------------------------+
; Timing Analyzer Summary                                                                                                                                                                                                                                                                                                                                                                                                  ;
+------------------------------+-------+---------------+----------------------------------+--------------------------------------------------------------------------------------------------------------------------------+--------------------------------------------------------------------------------------------------------------------------------------------------------+------------+----------+--------------+
; Type                         ; Slack ; Required Time ; Actual Time                      ; From                                                                                                                           ; To                                                                                                                                                     ; From Clock ; To Clock ; Failed Paths ;
+------------------------------+-------+---------------+----------------------------------+--------------------------------------------------------------------------------------------------------------------------------+--------------------------------------------------------------------------------------------------------------------------------------------------------+------------+----------+--------------+
; Worst-case tsu               ; N/A   ; None          ; 6.802 ns                         ; KKS[4]                                                                                                                         ; lpm_dff0:inst|lpm_ff:lpm_ff_component|altshift_taps:dffs_rtl_0|shift_taps_ujg:auto_generated|altsyncram_uru:altsyncram2|ram_block3a0~porta_datain_reg4 ;            ; clock    ; 0            ;
; Worst-case tco               ; N/A   ; None          ; 10.450 ns                        ; lpm_dff0:inst|lpm_ff:lpm_ff_component|altshift_taps:dffs_rtl_0|shift_taps_ujg:auto_generated|altsyncram_uru:altsyncram2|q_b[5] ; Get                                                                                                                                                    ; clock      ;          ; 0            ;
; Worst-case tpd               ; N/A   ; None          ; 11.501 ns                        ; KKS[4]                                                                                                                         ; Get                                                                                                                                                    ;            ;          ; 0            ;
; Worst-case th                ; N/A   ; None          ; -2.599 ns                        ; DATA[0]                                                                                                                        ; lpm_dff0:inst|lpm_ff:lpm_ff_component|altshift_taps:dffs_rtl_0|shift_taps_ujg:auto_generated|altsyncram_uru:altsyncram2|ram_block3a0~porta_datain_reg7 ;            ; clock    ; 0            ;
; Clock Setup: 'clock'         ; N/A   ; None          ; 173.88 MHz ( period = 5.751 ns ) ; lpm_dff0:inst|lpm_ff:lpm_ff_component|altshift_taps:dffs_rtl_0|shift_taps_ujg:auto_generated|altsyncram_uru:altsyncram2|q_b[5] ; lpm_dff0:inst|lpm_ff:lpm_ff_component|altshift_taps:dffs_rtl_0|shift_taps_ujg:auto_generated|altsyncram_uru:altsyncram2|ram_block3a0~porta_datain_reg4 ; clock      ; clock    ; 0            ;
; Total number of failed paths ;       ;               ;                                  ;                                                                                                                                ;                                                                                                                                                        ;            ;          ; 0            ;
+------------------------------+-------+---------------+----------------------------------+--------------------------------------------------------------------------------------------------------------------------------+--------------------------------------------------------------------------------------------------------------------------------------------------------+------------+----------+--------------+


+------------------------------------------------------------------------------------------------------+
; Timing Analyzer Settings                                                                             ;
+-------------------------------------------------------+--------------------+------+----+-------------+
; Option                                                ; Setting            ; From ; To ; Entity Name ;
+-------------------------------------------------------+--------------------+------+----+-------------+
; Device Name                                           ; EP1S10F484C5       ;      ;    ;             ;
; Timing Models                                         ; Final              ;      ;    ;             ;
; Number of source nodes to report per destination node ; 10                 ;      ;    ;             ;
; Number of destination nodes to report                 ; 10                 ;      ;    ;             ;
; Number of paths to report                             ; 200                ;      ;    ;             ;
; Report Minimum Timing Checks                          ; Off                ;      ;    ;             ;
; Use Fast Timing Models                                ; Off                ;      ;    ;             ;
; Report IO Paths Separately                            ; Off                ;      ;    ;             ;
; Default hold multicycle                               ; Same as Multicycle ;      ;    ;             ;
; Cut paths between unrelated clock domains             ; On                 ;      ;    ;             ;
; Cut off read during write signal paths                ; On                 ;      ;    ;             ;
; Cut off feedback from I/O pins                        ; On                 ;      ;    ;             ;
; Report Combined Fast/Slow Timing                      ; Off                ;      ;    ;             ;
; Ignore Clock Settings                                 ; Off                ;      ;    ;             ;
; Analyze latches as synchronous elements               ; Off                ;      ;    ;             ;
; Enable Recovery/Removal analysis                      ; Off                ;      ;    ;             ;
; Enable Clock Latency                                  ; Off                ;      ;    ;             ;
+-------------------------------------------------------+--------------------+------+----+-------------+


+------------------------------------------------------------------------------------------------------------------------------------------------------------------------------------+
; Clock Settings Summary                                                                                                                                                             ;
+-----------------+--------------------+----------+------------------+---------------+--------------+----------+-----------------------+---------------------+--------+--------------+
; Clock Node Name ; Clock Setting Name ; Type     ; Fmax Requirement ; Early Latency ; Late Latency ; Based on ; Multiply Base Fmax by ; Divide Base Fmax by ; Offset ; Phase offset ;
+-----------------+--------------------+----------+------------------+---------------+--------------+----------+-----------------------+---------------------+--------+--------------+
; clock           ;                    ; User Pin ; NONE             ; 0.000 ns      ; 0.000 ns     ; NONE     ; N/A                   ; N/A                 ; N/A    ;              ;
+-----------------+--------------------+----------+------------------+---------------+--------------+----------+-----------------------+---------------------+--------+--------------+


+----------------------------------------------------------------------------------------------------------------------------------------------------------------------------------------------------------------------------------------------------------------------------------------------------------------------------------------------------------------------------------------------------------------------------------------------------------------------------------------+
; Clock Setup: 'clock'                                                                                                                                                                                                                                                                                                                                                                                                                                                                   ;
+-------+------------------------------------------------+---------------------------------------------------------------------------------------------------------------------------------------------------------+---------------------------------------------------------------------------------------------------------------------------------------------------------+------------+----------+-----------------------------+---------------------------+-------------------------+
; Slack ; Actual fmax (period)                           ; From                                                                                                                                                    ; To                                                                                                                                                      ; From Clock ; To Clock ; Required Setup Relationship ; Required Longest P2P Time ; Actual Longest P2P Time ;
+-------+------------------------------------------------+---------------------------------------------------------------------------------------------------------------------------------------------------------+---------------------------------------------------------------------------------------------------------------------------------------------------------+------------+----------+-----------------------------+---------------------------+-------------------------+
; N/A   ; 173.88 MHz ( period = 5.751 ns )               ; lpm_dff0:inst|lpm_ff:lpm_ff_component|altshift_taps:dffs_rtl_0|shift_taps_ujg:auto_generated|altsyncram_uru:altsyncram2|q_b[5]                          ; lpm_dff0:inst|lpm_ff:lpm_ff_component|altshift_taps:dffs_rtl_0|shift_taps_ujg:auto_generated|altsyncram_uru:altsyncram2|ram_block3a0~porta_datain_reg4  ; clock      ; clock    ; None                        ; None                      ; 5.117 ns                ;
; N/A   ; 173.94 MHz ( period = 5.749 ns )               ; lpm_dff0:inst|lpm_ff:lpm_ff_component|altshift_taps:dffs_rtl_0|shift_taps_ujg:auto_generated|altsyncram_uru:altsyncram2|q_b[5]                          ; lpm_dff0:inst|lpm_ff:lpm_ff_component|altshift_taps:dffs_rtl_0|shift_taps_ujg:auto_generated|altsyncram_uru:altsyncram2|ram_block3a0~porta_datain_reg2  ; clock      ; clock    ; None                        ; None                      ; 5.115 ns                ;
; N/A   ; 177.71 MHz ( period = 5.627 ns )               ; lpm_dff0:inst|lpm_ff:lpm_ff_component|altshift_taps:dffs_rtl_0|shift_taps_ujg:auto_generated|altsyncram_uru:altsyncram2|q_b[2]                          ; lpm_dff0:inst|lpm_ff:lpm_ff_component|altshift_taps:dffs_rtl_0|shift_taps_ujg:auto_generated|altsyncram_uru:altsyncram2|ram_block3a0~porta_datain_reg4  ; clock      ; clock    ; None                        ; None                      ; 4.993 ns                ;
; N/A   ; 177.78 MHz ( period = 5.625 ns )               ; lpm_dff0:inst|lpm_ff:lpm_ff_component|altshift_taps:dffs_rtl_0|shift_taps_ujg:auto_generated|altsyncram_uru:altsyncram2|q_b[2]                          ; lpm_dff0:inst|lpm_ff:lpm_ff_component|altshift_taps:dffs_rtl_0|shift_taps_ujg:auto_generated|altsyncram_uru:altsyncram2|ram_block3a0~porta_datain_reg2  ; clock      ; clock    ; None                        ; None                      ; 4.991 ns                ;
; N/A   ; 180.93 MHz ( period = 5.527 ns )               ; lpm_dff0:inst|lpm_ff:lpm_ff_component|altshift_taps:dffs_rtl_0|shift_taps_ujg:auto_generated|altsyncram_uru:altsyncram2|q_b[5]                          ; lpm_dff0:inst|lpm_ff:lpm_ff_component|altshift_taps:dffs_rtl_0|shift_taps_ujg:auto_generated|altsyncram_uru:altsyncram2|ram_block3a0~porta_datain_reg6  ; clock      ; clock    ; None                        ; None                      ; 4.893 ns                ;
; N/A   ; 181.00 MHz ( period = 5.525 ns )               ; lpm_dff0:inst|lpm_ff:lpm_ff_component|altshift_taps:dffs_rtl_0|shift_taps_ujg:auto_generated|altsyncram_uru:altsyncram2|q_b[5]                          ; lpm_dff0:inst|lpm_ff:lpm_ff_component|altshift_taps:dffs_rtl_0|shift_taps_ujg:auto_generated|altsyncram_uru:altsyncram2|ram_block3a0~porta_datain_reg0  ; clock      ; clock    ; None                        ; None                      ; 4.891 ns                ;
; N/A   ; 181.26 MHz ( period = 5.517 ns )               ; lpm_dff0:inst|lpm_ff:lpm_ff_component|altshift_taps:dffs_rtl_0|shift_taps_ujg:auto_generated|altsyncram_uru:altsyncram2|q_b[5]                          ; lpm_dff0:inst|lpm_ff:lpm_ff_component|altshift_taps:dffs_rtl_0|shift_taps_ujg:auto_generated|altsyncram_uru:altsyncram2|ram_block3a0~porta_datain_reg5  ; clock      ; clock    ; None                        ; None                      ; 4.883 ns                ;
; N/A   ; 181.32 MHz ( period = 5.515 ns )               ; lpm_dff0:inst|lpm_ff:lpm_ff_component|altshift_taps:dffs_rtl_0|shift_taps_ujg:auto_generated|altsyncram_uru:altsyncram2|q_b[0]                          ; lpm_dff0:inst|lpm_ff:lpm_ff_component|altshift_taps:dffs_rtl_0|shift_taps_ujg:auto_generated|altsyncram_uru:altsyncram2|ram_block3a0~porta_datain_reg4  ; clock      ; clock    ; None                        ; None                      ; 4.881 ns                ;
; N/A   ; 181.36 MHz ( period = 5.514 ns )               ; lpm_dff0:inst|lpm_ff:lpm_ff_component|altshift_taps:dffs_rtl_0|shift_taps_ujg:auto_generated|altsyncram_uru:altsyncram2|q_b[5]                          ; lpm_dff0:inst|lpm_ff:lpm_ff_component|altshift_taps:dffs_rtl_0|shift_taps_ujg:auto_generated|altsyncram_uru:altsyncram2|ram_block3a0~porta_datain_reg3  ; clock      ; clock    ; None                        ; None                      ; 4.880 ns                ;
; N/A   ; 181.39 MHz ( period = 5.513 ns )               ; lpm_dff0:inst|lpm_ff:lpm_ff_component|altshift_taps:dffs_rtl_0|shift_taps_ujg:auto_generated|altsyncram_uru:altsyncram2|q_b[0]                          ; lpm_dff0:inst|lpm_ff:lpm_ff_component|altshift_taps:dffs_rtl_0|shift_taps_ujg:auto_generated|altsyncram_uru:altsyncram2|ram_block3a0~porta_datain_reg2  ; clock      ; clock    ; None                        ; None                      ; 4.879 ns                ;
; N/A   ; 181.39 MHz ( period = 5.513 ns )               ; lpm_dff0:inst|lpm_ff:lpm_ff_component|altshift_taps:dffs_rtl_0|shift_taps_ujg:auto_generated|altsyncram_uru:altsyncram2|q_b[5]                          ; lpm_dff0:inst|lpm_ff:lpm_ff_component|altshift_taps:dffs_rtl_0|shift_taps_ujg:auto_generated|altsyncram_uru:altsyncram2|ram_block3a0~porta_datain_reg1  ; clock      ; clock    ; None                        ; None                      ; 4.879 ns                ;
; N/A   ; 181.49 MHz ( period = 5.510 ns )               ; lpm_dff0:inst|lpm_ff:lpm_ff_component|altshift_taps:dffs_rtl_0|shift_taps_ujg:auto_generated|altsyncram_uru:altsyncram2|q_b[5]                          ; lpm_dff0:inst|lpm_ff:lpm_ff_component|altshift_taps:dffs_rtl_0|shift_taps_ujg:auto_generated|altsyncram_uru:altsyncram2|ram_block3a0~porta_datain_reg7  ; clock      ; clock    ; None                        ; None                      ; 4.876 ns                ;
; N/A   ; 181.79 MHz ( period = 5.501 ns )               ; lpm_dff0:inst|lpm_ff:lpm_ff_component|altshift_taps:dffs_rtl_0|shift_taps_ujg:auto_generated|altsyncram_uru:altsyncram2|q_b[4]                          ; lpm_dff0:inst|lpm_ff:lpm_ff_component|altshift_taps:dffs_rtl_0|shift_taps_ujg:auto_generated|altsyncram_uru:altsyncram2|ram_block3a0~porta_datain_reg4  ; clock      ; clock    ; None                        ; None                      ; 4.867 ns                ;
; N/A   ; 181.85 MHz ( period = 5.499 ns )               ; lpm_dff0:inst|lpm_ff:lpm_ff_component|altshift_taps:dffs_rtl_0|shift_taps_ujg:auto_generated|altsyncram_uru:altsyncram2|q_b[4]                          ; lpm_dff0:inst|lpm_ff:lpm_ff_component|altshift_taps:dffs_rtl_0|shift_taps_ujg:auto_generated|altsyncram_uru:altsyncram2|ram_block3a0~porta_datain_reg2  ; clock      ; clock    ; None                        ; None                      ; 4.865 ns                ;
; N/A   ; 183.65 MHz ( period = 5.445 ns )               ; lpm_dff0:inst|lpm_ff:lpm_ff_component|altshift_taps:dffs_rtl_0|shift_taps_ujg:auto_generated|altsyncram_uru:altsyncram2|q_b[3]                          ; lpm_dff0:inst|lpm_ff:lpm_ff_component|altshift_taps:dffs_rtl_0|shift_taps_ujg:auto_generated|altsyncram_uru:altsyncram2|ram_block3a0~porta_datain_reg4  ; clock      ; clock    ; None                        ; None                      ; 4.811 ns                ;
; N/A   ; 183.72 MHz ( period = 5.443 ns )               ; lpm_dff0:inst|lpm_ff:lpm_ff_component|altshift_taps:dffs_rtl_0|shift_taps_ujg:auto_generated|altsyncram_uru:altsyncram2|q_b[3]                          ; lpm_dff0:inst|lpm_ff:lpm_ff_component|altshift_taps:dffs_rtl_0|shift_taps_ujg:auto_generated|altsyncram_uru:altsyncram2|ram_block3a0~porta_datain_reg2  ; clock      ; clock    ; None                        ; None                      ; 4.809 ns                ;
; N/A   ; 185.08 MHz ( period = 5.403 ns )               ; lpm_dff0:inst|lpm_ff:lpm_ff_component|altshift_taps:dffs_rtl_0|shift_taps_ujg:auto_generated|altsyncram_uru:altsyncram2|q_b[2]                          ; lpm_dff0:inst|lpm_ff:lpm_ff_component|altshift_taps:dffs_rtl_0|shift_taps_ujg:auto_generated|altsyncram_uru:altsyncram2|ram_block3a0~porta_datain_reg6  ; clock      ; clock    ; None                        ; None                      ; 4.769 ns                ;
; N/A   ; 185.15 MHz ( period = 5.401 ns )               ; lpm_dff0:inst|lpm_ff:lpm_ff_component|altshift_taps:dffs_rtl_0|shift_taps_ujg:auto_generated|altsyncram_uru:altsyncram2|q_b[2]                          ; lpm_dff0:inst|lpm_ff:lpm_ff_component|altshift_taps:dffs_rtl_0|shift_taps_ujg:auto_generated|altsyncram_uru:altsyncram2|ram_block3a0~porta_datain_reg0  ; clock      ; clock    ; None                        ; None                      ; 4.767 ns                ;
; N/A   ; 185.43 MHz ( period = 5.393 ns )               ; lpm_dff0:inst|lpm_ff:lpm_ff_component|altshift_taps:dffs_rtl_0|shift_taps_ujg:auto_generated|altsyncram_uru:altsyncram2|q_b[2]                          ; lpm_dff0:inst|lpm_ff:lpm_ff_component|altshift_taps:dffs_rtl_0|shift_taps_ujg:auto_generated|altsyncram_uru:altsyncram2|ram_block3a0~porta_datain_reg5  ; clock      ; clock    ; None                        ; None                      ; 4.759 ns                ;
; N/A   ; 185.53 MHz ( period = 5.390 ns )               ; lpm_dff0:inst|lpm_ff:lpm_ff_component|altshift_taps:dffs_rtl_0|shift_taps_ujg:auto_generated|altsyncram_uru:altsyncram2|q_b[2]                          ; lpm_dff0:inst|lpm_ff:lpm_ff_component|altshift_taps:dffs_rtl_0|shift_taps_ujg:auto_generated|altsyncram_uru:altsyncram2|ram_block3a0~porta_datain_reg3  ; clock      ; clock    ; None                        ; None                      ; 4.756 ns                ;
; N/A   ; 185.56 MHz ( period = 5.389 ns )               ; lpm_dff0:inst|lpm_ff:lpm_ff_component|altshift_taps:dffs_rtl_0|shift_taps_ujg:auto_generated|altsyncram_uru:altsyncram2|q_b[2]                          ; lpm_dff0:inst|lpm_ff:lpm_ff_component|altshift_taps:dffs_rtl_0|shift_taps_ujg:auto_generated|altsyncram_uru:altsyncram2|ram_block3a0~porta_datain_reg1  ; clock      ; clock    ; None                        ; None                      ; 4.755 ns                ;
; N/A   ; 185.67 MHz ( period = 5.386 ns )               ; lpm_dff0:inst|lpm_ff:lpm_ff_component|altshift_taps:dffs_rtl_0|shift_taps_ujg:auto_generated|altsyncram_uru:altsyncram2|q_b[2]                          ; lpm_dff0:inst|lpm_ff:lpm_ff_component|altshift_taps:dffs_rtl_0|shift_taps_ujg:auto_generated|altsyncram_uru:altsyncram2|ram_block3a0~porta_datain_reg7  ; clock      ; clock    ; None                        ; None                      ; 4.752 ns                ;
; N/A   ; 189.00 MHz ( period = 5.291 ns )               ; lpm_dff0:inst|lpm_ff:lpm_ff_component|altshift_taps:dffs_rtl_0|shift_taps_ujg:auto_generated|altsyncram_uru:altsyncram2|q_b[0]                          ; lpm_dff0:inst|lpm_ff:lpm_ff_component|altshift_taps:dffs_rtl_0|shift_taps_ujg:auto_generated|altsyncram_uru:altsyncram2|ram_block3a0~porta_datain_reg6  ; clock      ; clock    ; None                        ; None                      ; 4.657 ns                ;
; N/A   ; 189.07 MHz ( period = 5.289 ns )               ; lpm_dff0:inst|lpm_ff:lpm_ff_component|altshift_taps:dffs_rtl_0|shift_taps_ujg:auto_generated|altsyncram_uru:altsyncram2|q_b[0]                          ; lpm_dff0:inst|lpm_ff:lpm_ff_component|altshift_taps:dffs_rtl_0|shift_taps_ujg:auto_generated|altsyncram_uru:altsyncram2|ram_block3a0~porta_datain_reg0  ; clock      ; clock    ; None                        ; None                      ; 4.655 ns                ;
; N/A   ; 189.36 MHz ( period = 5.281 ns )               ; lpm_dff0:inst|lpm_ff:lpm_ff_component|altshift_taps:dffs_rtl_0|shift_taps_ujg:auto_generated|altsyncram_uru:altsyncram2|q_b[0]                          ; lpm_dff0:inst|lpm_ff:lpm_ff_component|altshift_taps:dffs_rtl_0|shift_taps_ujg:auto_generated|altsyncram_uru:altsyncram2|ram_block3a0~porta_datain_reg5  ; clock      ; clock    ; None                        ; None                      ; 4.647 ns                ;
; N/A   ; 189.47 MHz ( period = 5.278 ns )               ; lpm_dff0:inst|lpm_ff:lpm_ff_component|altshift_taps:dffs_rtl_0|shift_taps_ujg:auto_generated|altsyncram_uru:altsyncram2|q_b[0]                          ; lpm_dff0:inst|lpm_ff:lpm_ff_component|altshift_taps:dffs_rtl_0|shift_taps_ujg:auto_generated|altsyncram_uru:altsyncram2|ram_block3a0~porta_datain_reg3  ; clock      ; clock    ; None                        ; None                      ; 4.644 ns                ;
; N/A   ; 189.50 MHz ( period = 5.277 ns )               ; lpm_dff0:inst|lpm_ff:lpm_ff_component|altshift_taps:dffs_rtl_0|shift_taps_ujg:auto_generated|altsyncram_uru:altsyncram2|q_b[4]                          ; lpm_dff0:inst|lpm_ff:lpm_ff_component|altshift_taps:dffs_rtl_0|shift_taps_ujg:auto_generated|altsyncram_uru:altsyncram2|ram_block3a0~porta_datain_reg6  ; clock      ; clock    ; None                        ; None                      ; 4.643 ns                ;
; N/A   ; 189.50 MHz ( period = 5.277 ns )               ; lpm_dff0:inst|lpm_ff:lpm_ff_component|altshift_taps:dffs_rtl_0|shift_taps_ujg:auto_generated|altsyncram_uru:altsyncram2|q_b[0]                          ; lpm_dff0:inst|lpm_ff:lpm_ff_component|altshift_taps:dffs_rtl_0|shift_taps_ujg:auto_generated|altsyncram_uru:altsyncram2|ram_block3a0~porta_datain_reg1  ; clock      ; clock    ; None                        ; None                      ; 4.643 ns                ;
; N/A   ; 189.57 MHz ( period = 5.275 ns )               ; lpm_dff0:inst|lpm_ff:lpm_ff_component|altshift_taps:dffs_rtl_0|shift_taps_ujg:auto_generated|altsyncram_uru:altsyncram2|q_b[4]                          ; lpm_dff0:inst|lpm_ff:lpm_ff_component|altshift_taps:dffs_rtl_0|shift_taps_ujg:auto_generated|altsyncram_uru:altsyncram2|ram_block3a0~porta_datain_reg0  ; clock      ; clock    ; None                        ; None                      ; 4.641 ns                ;
; N/A   ; 189.61 MHz ( period = 5.274 ns )               ; lpm_dff0:inst|lpm_ff:lpm_ff_component|altshift_taps:dffs_rtl_0|shift_taps_ujg:auto_generated|altsyncram_uru:altsyncram2|q_b[0]                          ; lpm_dff0:inst|lpm_ff:lpm_ff_component|altshift_taps:dffs_rtl_0|shift_taps_ujg:auto_generated|altsyncram_uru:altsyncram2|ram_block3a0~porta_datain_reg7  ; clock      ; clock    ; None                        ; None                      ; 4.640 ns                ;
; N/A   ; 189.86 MHz ( period = 5.267 ns )               ; lpm_dff0:inst|lpm_ff:lpm_ff_component|altshift_taps:dffs_rtl_0|shift_taps_ujg:auto_generated|altsyncram_uru:altsyncram2|q_b[4]                          ; lpm_dff0:inst|lpm_ff:lpm_ff_component|altshift_taps:dffs_rtl_0|shift_taps_ujg:auto_generated|altsyncram_uru:altsyncram2|ram_block3a0~porta_datain_reg5  ; clock      ; clock    ; None                        ; None                      ; 4.633 ns                ;
; N/A   ; 189.97 MHz ( period = 5.264 ns )               ; lpm_dff0:inst|lpm_ff:lpm_ff_component|altshift_taps:dffs_rtl_0|shift_taps_ujg:auto_generated|altsyncram_uru:altsyncram2|q_b[4]                          ; lpm_dff0:inst|lpm_ff:lpm_ff_component|altshift_taps:dffs_rtl_0|shift_taps_ujg:auto_generated|altsyncram_uru:altsyncram2|ram_block3a0~porta_datain_reg3  ; clock      ; clock    ; None                        ; None                      ; 4.630 ns                ;
; N/A   ; 190.01 MHz ( period = 5.263 ns )               ; lpm_dff0:inst|lpm_ff:lpm_ff_component|altshift_taps:dffs_rtl_0|shift_taps_ujg:auto_generated|altsyncram_uru:altsyncram2|q_b[4]                          ; lpm_dff0:inst|lpm_ff:lpm_ff_component|altshift_taps:dffs_rtl_0|shift_taps_ujg:auto_generated|altsyncram_uru:altsyncram2|ram_block3a0~porta_datain_reg1  ; clock      ; clock    ; None                        ; None                      ; 4.629 ns                ;
; N/A   ; 190.11 MHz ( period = 5.260 ns )               ; lpm_dff0:inst|lpm_ff:lpm_ff_component|altshift_taps:dffs_rtl_0|shift_taps_ujg:auto_generated|altsyncram_uru:altsyncram2|q_b[4]                          ; lpm_dff0:inst|lpm_ff:lpm_ff_component|altshift_taps:dffs_rtl_0|shift_taps_ujg:auto_generated|altsyncram_uru:altsyncram2|ram_block3a0~porta_datain_reg7  ; clock      ; clock    ; None                        ; None                      ; 4.626 ns                ;
; N/A   ; 191.53 MHz ( period = 5.221 ns )               ; lpm_dff0:inst|lpm_ff:lpm_ff_component|altshift_taps:dffs_rtl_0|shift_taps_ujg:auto_generated|altsyncram_uru:altsyncram2|q_b[3]                          ; lpm_dff0:inst|lpm_ff:lpm_ff_component|altshift_taps:dffs_rtl_0|shift_taps_ujg:auto_generated|altsyncram_uru:altsyncram2|ram_block3a0~porta_datain_reg6  ; clock      ; clock    ; None                        ; None                      ; 4.587 ns                ;
; N/A   ; 191.61 MHz ( period = 5.219 ns )               ; lpm_dff0:inst|lpm_ff:lpm_ff_component|altshift_taps:dffs_rtl_0|shift_taps_ujg:auto_generated|altsyncram_uru:altsyncram2|q_b[3]                          ; lpm_dff0:inst|lpm_ff:lpm_ff_component|altshift_taps:dffs_rtl_0|shift_taps_ujg:auto_generated|altsyncram_uru:altsyncram2|ram_block3a0~porta_datain_reg0  ; clock      ; clock    ; None                        ; None                      ; 4.585 ns                ;
; N/A   ; 191.90 MHz ( period = 5.211 ns )               ; lpm_dff0:inst|lpm_ff:lpm_ff_component|altshift_taps:dffs_rtl_0|shift_taps_ujg:auto_generated|altsyncram_uru:altsyncram2|q_b[3]                          ; lpm_dff0:inst|lpm_ff:lpm_ff_component|altshift_taps:dffs_rtl_0|shift_taps_ujg:auto_generated|altsyncram_uru:altsyncram2|ram_block3a0~porta_datain_reg5  ; clock      ; clock    ; None                        ; None                      ; 4.577 ns                ;
; N/A   ; 192.01 MHz ( period = 5.208 ns )               ; lpm_dff0:inst|lpm_ff:lpm_ff_component|altshift_taps:dffs_rtl_0|shift_taps_ujg:auto_generated|altsyncram_uru:altsyncram2|q_b[3]                          ; lpm_dff0:inst|lpm_ff:lpm_ff_component|altshift_taps:dffs_rtl_0|shift_taps_ujg:auto_generated|altsyncram_uru:altsyncram2|ram_block3a0~porta_datain_reg3  ; clock      ; clock    ; None                        ; None                      ; 4.574 ns                ;
; N/A   ; 192.05 MHz ( period = 5.207 ns )               ; lpm_dff0:inst|lpm_ff:lpm_ff_component|altshift_taps:dffs_rtl_0|shift_taps_ujg:auto_generated|altsyncram_uru:altsyncram2|q_b[3]                          ; lpm_dff0:inst|lpm_ff:lpm_ff_component|altshift_taps:dffs_rtl_0|shift_taps_ujg:auto_generated|altsyncram_uru:altsyncram2|ram_block3a0~porta_datain_reg1  ; clock      ; clock    ; None                        ; None                      ; 4.573 ns                ;
; N/A   ; 192.16 MHz ( period = 5.204 ns )               ; lpm_dff0:inst|lpm_ff:lpm_ff_component|altshift_taps:dffs_rtl_0|shift_taps_ujg:auto_generated|altsyncram_uru:altsyncram2|q_b[3]                          ; lpm_dff0:inst|lpm_ff:lpm_ff_component|altshift_taps:dffs_rtl_0|shift_taps_ujg:auto_generated|altsyncram_uru:altsyncram2|ram_block3a0~porta_datain_reg7  ; clock      ; clock    ; None                        ; None                      ; 4.570 ns                ;
; N/A   ; 194.78 MHz ( period = 5.134 ns )               ; lpm_dff0:inst|lpm_ff:lpm_ff_component|altshift_taps:dffs_rtl_0|shift_taps_ujg:auto_generated|altsyncram_uru:altsyncram2|q_b[7]                          ; lpm_dff0:inst|lpm_ff:lpm_ff_component|altshift_taps:dffs_rtl_0|shift_taps_ujg:auto_generated|altsyncram_uru:altsyncram2|ram_block3a0~porta_datain_reg4  ; clock      ; clock    ; None                        ; None                      ; 4.500 ns                ;
; N/A   ; 194.86 MHz ( period = 5.132 ns )               ; lpm_dff0:inst|lpm_ff:lpm_ff_component|altshift_taps:dffs_rtl_0|shift_taps_ujg:auto_generated|altsyncram_uru:altsyncram2|q_b[7]                          ; lpm_dff0:inst|lpm_ff:lpm_ff_component|altshift_taps:dffs_rtl_0|shift_taps_ujg:auto_generated|altsyncram_uru:altsyncram2|ram_block3a0~porta_datain_reg2  ; clock      ; clock    ; None                        ; None                      ; 4.498 ns                ;
; N/A   ; 197.08 MHz ( period = 5.074 ns )               ; lpm_dff0:inst|lpm_ff:lpm_ff_component|altshift_taps:dffs_rtl_0|shift_taps_ujg:auto_generated|altsyncram_uru:altsyncram2|q_b[6]                          ; lpm_dff0:inst|lpm_ff:lpm_ff_component|altshift_taps:dffs_rtl_0|shift_taps_ujg:auto_generated|altsyncram_uru:altsyncram2|ram_block3a0~porta_datain_reg4  ; clock      ; clock    ; None                        ; None                      ; 4.440 ns                ;
; N/A   ; 197.16 MHz ( period = 5.072 ns )               ; lpm_dff0:inst|lpm_ff:lpm_ff_component|altshift_taps:dffs_rtl_0|shift_taps_ujg:auto_generated|altsyncram_uru:altsyncram2|q_b[6]                          ; lpm_dff0:inst|lpm_ff:lpm_ff_component|altshift_taps:dffs_rtl_0|shift_taps_ujg:auto_generated|altsyncram_uru:altsyncram2|ram_block3a0~porta_datain_reg2  ; clock      ; clock    ; None                        ; None                      ; 4.438 ns                ;
; N/A   ; 203.67 MHz ( period = 4.910 ns )               ; lpm_dff0:inst|lpm_ff:lpm_ff_component|altshift_taps:dffs_rtl_0|shift_taps_ujg:auto_generated|altsyncram_uru:altsyncram2|q_b[7]                          ; lpm_dff0:inst|lpm_ff:lpm_ff_component|altshift_taps:dffs_rtl_0|shift_taps_ujg:auto_generated|altsyncram_uru:altsyncram2|ram_block3a0~porta_datain_reg6  ; clock      ; clock    ; None                        ; None                      ; 4.276 ns                ;
; N/A   ; 203.75 MHz ( period = 4.908 ns )               ; lpm_dff0:inst|lpm_ff:lpm_ff_component|altshift_taps:dffs_rtl_0|shift_taps_ujg:auto_generated|altsyncram_uru:altsyncram2|q_b[7]                          ; lpm_dff0:inst|lpm_ff:lpm_ff_component|altshift_taps:dffs_rtl_0|shift_taps_ujg:auto_generated|altsyncram_uru:altsyncram2|ram_block3a0~porta_datain_reg0  ; clock      ; clock    ; None                        ; None                      ; 4.274 ns                ;
; N/A   ; 204.08 MHz ( period = 4.900 ns )               ; lpm_dff0:inst|lpm_ff:lpm_ff_component|altshift_taps:dffs_rtl_0|shift_taps_ujg:auto_generated|altsyncram_uru:altsyncram2|q_b[7]                          ; lpm_dff0:inst|lpm_ff:lpm_ff_component|altshift_taps:dffs_rtl_0|shift_taps_ujg:auto_generated|altsyncram_uru:altsyncram2|ram_block3a0~porta_datain_reg5  ; clock      ; clock    ; None                        ; None                      ; 4.266 ns                ;
; N/A   ; 204.21 MHz ( period = 4.897 ns )               ; lpm_dff0:inst|lpm_ff:lpm_ff_component|altshift_taps:dffs_rtl_0|shift_taps_ujg:auto_generated|altsyncram_uru:altsyncram2|q_b[7]                          ; lpm_dff0:inst|lpm_ff:lpm_ff_component|altshift_taps:dffs_rtl_0|shift_taps_ujg:auto_generated|altsyncram_uru:altsyncram2|ram_block3a0~porta_datain_reg3  ; clock      ; clock    ; None                        ; None                      ; 4.263 ns                ;
; N/A   ; 204.25 MHz ( period = 4.896 ns )               ; lpm_dff0:inst|lpm_ff:lpm_ff_component|altshift_taps:dffs_rtl_0|shift_taps_ujg:auto_generated|altsyncram_uru:altsyncram2|q_b[7]                          ; lpm_dff0:inst|lpm_ff:lpm_ff_component|altshift_taps:dffs_rtl_0|shift_taps_ujg:auto_generated|altsyncram_uru:altsyncram2|ram_block3a0~porta_datain_reg1  ; clock      ; clock    ; None                        ; None                      ; 4.262 ns                ;
; N/A   ; 204.37 MHz ( period = 4.893 ns )               ; lpm_dff0:inst|lpm_ff:lpm_ff_component|altshift_taps:dffs_rtl_0|shift_taps_ujg:auto_generated|altsyncram_uru:altsyncram2|q_b[7]                          ; lpm_dff0:inst|lpm_ff:lpm_ff_component|altshift_taps:dffs_rtl_0|shift_taps_ujg:auto_generated|altsyncram_uru:altsyncram2|ram_block3a0~porta_datain_reg7  ; clock      ; clock    ; None                        ; None                      ; 4.259 ns                ;
; N/A   ; 206.19 MHz ( period = 4.850 ns )               ; lpm_dff0:inst|lpm_ff:lpm_ff_component|altshift_taps:dffs_rtl_0|shift_taps_ujg:auto_generated|altsyncram_uru:altsyncram2|q_b[6]                          ; lpm_dff0:inst|lpm_ff:lpm_ff_component|altshift_taps:dffs_rtl_0|shift_taps_ujg:auto_generated|altsyncram_uru:altsyncram2|ram_block3a0~porta_datain_reg6  ; clock      ; clock    ; None                        ; None                      ; 4.216 ns                ;
; N/A   ; 206.27 MHz ( period = 4.848 ns )               ; lpm_dff0:inst|lpm_ff:lpm_ff_component|altshift_taps:dffs_rtl_0|shift_taps_ujg:auto_generated|altsyncram_uru:altsyncram2|q_b[6]                          ; lpm_dff0:inst|lpm_ff:lpm_ff_component|altshift_taps:dffs_rtl_0|shift_taps_ujg:auto_generated|altsyncram_uru:altsyncram2|ram_block3a0~porta_datain_reg0  ; clock      ; clock    ; None                        ; None                      ; 4.214 ns                ;
; N/A   ; 206.61 MHz ( period = 4.840 ns )               ; lpm_dff0:inst|lpm_ff:lpm_ff_component|altshift_taps:dffs_rtl_0|shift_taps_ujg:auto_generated|altsyncram_uru:altsyncram2|q_b[6]                          ; lpm_dff0:inst|lpm_ff:lpm_ff_component|altshift_taps:dffs_rtl_0|shift_taps_ujg:auto_generated|altsyncram_uru:altsyncram2|ram_block3a0~porta_datain_reg5  ; clock      ; clock    ; None                        ; None                      ; 4.206 ns                ;
; N/A   ; 206.74 MHz ( period = 4.837 ns )               ; lpm_dff0:inst|lpm_ff:lpm_ff_component|altshift_taps:dffs_rtl_0|shift_taps_ujg:auto_generated|altsyncram_uru:altsyncram2|q_b[6]                          ; lpm_dff0:inst|lpm_ff:lpm_ff_component|altshift_taps:dffs_rtl_0|shift_taps_ujg:auto_generated|altsyncram_uru:altsyncram2|ram_block3a0~porta_datain_reg3  ; clock      ; clock    ; None                        ; None                      ; 4.203 ns                ;
; N/A   ; 206.78 MHz ( period = 4.836 ns )               ; lpm_dff0:inst|lpm_ff:lpm_ff_component|altshift_taps:dffs_rtl_0|shift_taps_ujg:auto_generated|altsyncram_uru:altsyncram2|q_b[6]                          ; lpm_dff0:inst|lpm_ff:lpm_ff_component|altshift_taps:dffs_rtl_0|shift_taps_ujg:auto_generated|altsyncram_uru:altsyncram2|ram_block3a0~porta_datain_reg1  ; clock      ; clock    ; None                        ; None                      ; 4.202 ns                ;
; N/A   ; 206.91 MHz ( period = 4.833 ns )               ; lpm_dff0:inst|lpm_ff:lpm_ff_component|altshift_taps:dffs_rtl_0|shift_taps_ujg:auto_generated|altsyncram_uru:altsyncram2|q_b[6]                          ; lpm_dff0:inst|lpm_ff:lpm_ff_component|altshift_taps:dffs_rtl_0|shift_taps_ujg:auto_generated|altsyncram_uru:altsyncram2|ram_block3a0~porta_datain_reg7  ; clock      ; clock    ; None                        ; None                      ; 4.199 ns                ;
; N/A   ; 231.80 MHz ( period = 4.314 ns )               ; lpm_dff0:inst|lpm_ff:lpm_ff_component|altshift_taps:dffs_rtl_0|shift_taps_ujg:auto_generated|altsyncram_uru:altsyncram2|q_b[1]                          ; lpm_dff0:inst|lpm_ff:lpm_ff_component|altshift_taps:dffs_rtl_0|shift_taps_ujg:auto_generated|altsyncram_uru:altsyncram2|ram_block3a0~porta_datain_reg4  ; clock      ; clock    ; None                        ; None                      ; 3.680 ns                ;
; N/A   ; 231.91 MHz ( period = 4.312 ns )               ; lpm_dff0:inst|lpm_ff:lpm_ff_component|altshift_taps:dffs_rtl_0|shift_taps_ujg:auto_generated|altsyncram_uru:altsyncram2|q_b[1]                          ; lpm_dff0:inst|lpm_ff:lpm_ff_component|altshift_taps:dffs_rtl_0|shift_taps_ujg:auto_generated|altsyncram_uru:altsyncram2|ram_block3a0~porta_datain_reg2  ; clock      ; clock    ; None                        ; None                      ; 3.678 ns                ;
; N/A   ; 244.50 MHz ( period = 4.090 ns )               ; lpm_dff0:inst|lpm_ff:lpm_ff_component|altshift_taps:dffs_rtl_0|shift_taps_ujg:auto_generated|altsyncram_uru:altsyncram2|q_b[1]                          ; lpm_dff0:inst|lpm_ff:lpm_ff_component|altshift_taps:dffs_rtl_0|shift_taps_ujg:auto_generated|altsyncram_uru:altsyncram2|ram_block3a0~porta_datain_reg6  ; clock      ; clock    ; None                        ; None                      ; 3.456 ns                ;
; N/A   ; 244.62 MHz ( period = 4.088 ns )               ; lpm_dff0:inst|lpm_ff:lpm_ff_component|altshift_taps:dffs_rtl_0|shift_taps_ujg:auto_generated|altsyncram_uru:altsyncram2|q_b[1]                          ; lpm_dff0:inst|lpm_ff:lpm_ff_component|altshift_taps:dffs_rtl_0|shift_taps_ujg:auto_generated|altsyncram_uru:altsyncram2|ram_block3a0~porta_datain_reg0  ; clock      ; clock    ; None                        ; None                      ; 3.454 ns                ;
; N/A   ; 245.10 MHz ( period = 4.080 ns )               ; lpm_dff0:inst|lpm_ff:lpm_ff_component|altshift_taps:dffs_rtl_0|shift_taps_ujg:auto_generated|altsyncram_uru:altsyncram2|q_b[1]                          ; lpm_dff0:inst|lpm_ff:lpm_ff_component|altshift_taps:dffs_rtl_0|shift_taps_ujg:auto_generated|altsyncram_uru:altsyncram2|ram_block3a0~porta_datain_reg5  ; clock      ; clock    ; None                        ; None                      ; 3.446 ns                ;
; N/A   ; 245.28 MHz ( period = 4.077 ns )               ; lpm_dff0:inst|lpm_ff:lpm_ff_component|altshift_taps:dffs_rtl_0|shift_taps_ujg:auto_generated|altsyncram_uru:altsyncram2|q_b[1]                          ; lpm_dff0:inst|lpm_ff:lpm_ff_component|altshift_taps:dffs_rtl_0|shift_taps_ujg:auto_generated|altsyncram_uru:altsyncram2|ram_block3a0~porta_datain_reg3  ; clock      ; clock    ; None                        ; None                      ; 3.443 ns                ;
; N/A   ; 245.34 MHz ( period = 4.076 ns )               ; lpm_dff0:inst|lpm_ff:lpm_ff_component|altshift_taps:dffs_rtl_0|shift_taps_ujg:auto_generated|altsyncram_uru:altsyncram2|q_b[1]                          ; lpm_dff0:inst|lpm_ff:lpm_ff_component|altshift_taps:dffs_rtl_0|shift_taps_ujg:auto_generated|altsyncram_uru:altsyncram2|ram_block3a0~porta_datain_reg1  ; clock      ; clock    ; None                        ; None                      ; 3.442 ns                ;
; N/A   ; 245.52 MHz ( period = 4.073 ns )               ; lpm_dff0:inst|lpm_ff:lpm_ff_component|altshift_taps:dffs_rtl_0|shift_taps_ujg:auto_generated|altsyncram_uru:altsyncram2|q_b[1]                          ; lpm_dff0:inst|lpm_ff:lpm_ff_component|altshift_taps:dffs_rtl_0|shift_taps_ujg:auto_generated|altsyncram_uru:altsyncram2|ram_block3a0~porta_datain_reg7  ; clock      ; clock    ; None                        ; None                      ; 3.439 ns                ;
; N/A   ; 248.82 MHz ( period = 4.019 ns )               ; lpm_counter1:inst6|lpm_counter:lpm_counter_component|cntr_gb7:auto_generated|safe_q[3]                                                                  ; lpm_dff0:inst|lpm_ff:lpm_ff_component|altshift_taps:dffs_rtl_0|shift_taps_ujg:auto_generated|altsyncram_uru:altsyncram2|ram_block3a0~porta_datain_reg4  ; clock      ; clock    ; None                        ; None                      ; 3.551 ns                ;
; N/A   ; 248.94 MHz ( period = 4.017 ns )               ; lpm_counter1:inst6|lpm_counter:lpm_counter_component|cntr_gb7:auto_generated|safe_q[3]                                                                  ; lpm_dff0:inst|lpm_ff:lpm_ff_component|altshift_taps:dffs_rtl_0|shift_taps_ujg:auto_generated|altsyncram_uru:altsyncram2|ram_block3a0~porta_datain_reg2  ; clock      ; clock    ; None                        ; None                      ; 3.549 ns                ;
; N/A   ; 263.50 MHz ( period = 3.795 ns )               ; lpm_counter1:inst6|lpm_counter:lpm_counter_component|cntr_gb7:auto_generated|safe_q[3]                                                                  ; lpm_dff0:inst|lpm_ff:lpm_ff_component|altshift_taps:dffs_rtl_0|shift_taps_ujg:auto_generated|altsyncram_uru:altsyncram2|ram_block3a0~porta_datain_reg6  ; clock      ; clock    ; None                        ; None                      ; 3.327 ns                ;
; N/A   ; 263.64 MHz ( period = 3.793 ns )               ; lpm_counter1:inst6|lpm_counter:lpm_counter_component|cntr_gb7:auto_generated|safe_q[3]                                                                  ; lpm_dff0:inst|lpm_ff:lpm_ff_component|altshift_taps:dffs_rtl_0|shift_taps_ujg:auto_generated|altsyncram_uru:altsyncram2|ram_block3a0~porta_datain_reg0  ; clock      ; clock    ; None                        ; None                      ; 3.325 ns                ;
; N/A   ; 264.20 MHz ( period = 3.785 ns )               ; lpm_counter1:inst6|lpm_counter:lpm_counter_component|cntr_gb7:auto_generated|safe_q[3]                                                                  ; lpm_dff0:inst|lpm_ff:lpm_ff_component|altshift_taps:dffs_rtl_0|shift_taps_ujg:auto_generated|altsyncram_uru:altsyncram2|ram_block3a0~porta_datain_reg5  ; clock      ; clock    ; None                        ; None                      ; 3.317 ns                ;
; N/A   ; 264.41 MHz ( period = 3.782 ns )               ; lpm_counter1:inst6|lpm_counter:lpm_counter_component|cntr_gb7:auto_generated|safe_q[3]                                                                  ; lpm_dff0:inst|lpm_ff:lpm_ff_component|altshift_taps:dffs_rtl_0|shift_taps_ujg:auto_generated|altsyncram_uru:altsyncram2|ram_block3a0~porta_datain_reg3  ; clock      ; clock    ; None                        ; None                      ; 3.314 ns                ;
; N/A   ; 264.48 MHz ( period = 3.781 ns )               ; lpm_counter1:inst6|lpm_counter:lpm_counter_component|cntr_gb7:auto_generated|safe_q[3]                                                                  ; lpm_dff0:inst|lpm_ff:lpm_ff_component|altshift_taps:dffs_rtl_0|shift_taps_ujg:auto_generated|altsyncram_uru:altsyncram2|ram_block3a0~porta_datain_reg1  ; clock      ; clock    ; None                        ; None                      ; 3.313 ns                ;
; N/A   ; 264.69 MHz ( period = 3.778 ns )               ; lpm_counter1:inst6|lpm_counter:lpm_counter_component|cntr_gb7:auto_generated|safe_q[3]                                                                  ; lpm_dff0:inst|lpm_ff:lpm_ff_component|altshift_taps:dffs_rtl_0|shift_taps_ujg:auto_generated|altsyncram_uru:altsyncram2|ram_block3a0~porta_datain_reg7  ; clock      ; clock    ; None                        ; None                      ; 3.310 ns                ;
; N/A   ; 317.76 MHz ( period = 3.147 ns )               ; lpm_dff0:inst|lpm_ff:lpm_ff_component|altshift_taps:dffs_rtl_0|shift_taps_ujg:auto_generated|altsyncram_uru:altsyncram2|ram_block3a0~portb_address_reg0 ; lpm_dff0:inst|lpm_ff:lpm_ff_component|altshift_taps:dffs_rtl_0|shift_taps_ujg:auto_generated|altsyncram_uru:altsyncram2|q_b[1]                          ; clock      ; clock    ; None                        ; None                      ; 2.509 ns                ;
; N/A   ; 317.76 MHz ( period = 3.147 ns )               ; lpm_dff0:inst|lpm_ff:lpm_ff_component|altshift_taps:dffs_rtl_0|shift_taps_ujg:auto_generated|altsyncram_uru:altsyncram2|ram_block3a0~portb_address_reg1 ; lpm_dff0:inst|lpm_ff:lpm_ff_component|altshift_taps:dffs_rtl_0|shift_taps_ujg:auto_generated|altsyncram_uru:altsyncram2|q_b[1]                          ; clock      ; clock    ; None                        ; None                      ; 2.509 ns                ;
; N/A   ; 317.76 MHz ( period = 3.147 ns )               ; lpm_dff0:inst|lpm_ff:lpm_ff_component|altshift_taps:dffs_rtl_0|shift_taps_ujg:auto_generated|altsyncram_uru:altsyncram2|ram_block3a0~portb_address_reg2 ; lpm_dff0:inst|lpm_ff:lpm_ff_component|altshift_taps:dffs_rtl_0|shift_taps_ujg:auto_generated|altsyncram_uru:altsyncram2|q_b[1]                          ; clock      ; clock    ; None                        ; None                      ; 2.509 ns                ;
; N/A   ; 317.76 MHz ( period = 3.147 ns )               ; lpm_dff0:inst|lpm_ff:lpm_ff_component|altshift_taps:dffs_rtl_0|shift_taps_ujg:auto_generated|altsyncram_uru:altsyncram2|ram_block3a0~portb_address_reg0 ; lpm_dff0:inst|lpm_ff:lpm_ff_component|altshift_taps:dffs_rtl_0|shift_taps_ujg:auto_generated|altsyncram_uru:altsyncram2|q_b[2]                          ; clock      ; clock    ; None                        ; None                      ; 2.509 ns                ;
; N/A   ; 317.76 MHz ( period = 3.147 ns )               ; lpm_dff0:inst|lpm_ff:lpm_ff_component|altshift_taps:dffs_rtl_0|shift_taps_ujg:auto_generated|altsyncram_uru:altsyncram2|ram_block3a0~portb_address_reg1 ; lpm_dff0:inst|lpm_ff:lpm_ff_component|altshift_taps:dffs_rtl_0|shift_taps_ujg:auto_generated|altsyncram_uru:altsyncram2|q_b[2]                          ; clock      ; clock    ; None                        ; None                      ; 2.509 ns                ;
; N/A   ; 317.76 MHz ( period = 3.147 ns )               ; lpm_dff0:inst|lpm_ff:lpm_ff_component|altshift_taps:dffs_rtl_0|shift_taps_ujg:auto_generated|altsyncram_uru:altsyncram2|ram_block3a0~portb_address_reg2 ; lpm_dff0:inst|lpm_ff:lpm_ff_component|altshift_taps:dffs_rtl_0|shift_taps_ujg:auto_generated|altsyncram_uru:altsyncram2|q_b[2]                          ; clock      ; clock    ; None                        ; None                      ; 2.509 ns                ;
; N/A   ; 317.76 MHz ( period = 3.147 ns )               ; lpm_dff0:inst|lpm_ff:lpm_ff_component|altshift_taps:dffs_rtl_0|shift_taps_ujg:auto_generated|altsyncram_uru:altsyncram2|ram_block3a0~portb_address_reg0 ; lpm_dff0:inst|lpm_ff:lpm_ff_component|altshift_taps:dffs_rtl_0|shift_taps_ujg:auto_generated|altsyncram_uru:altsyncram2|q_b[3]                          ; clock      ; clock    ; None                        ; None                      ; 2.509 ns                ;
; N/A   ; 317.76 MHz ( period = 3.147 ns )               ; lpm_dff0:inst|lpm_ff:lpm_ff_component|altshift_taps:dffs_rtl_0|shift_taps_ujg:auto_generated|altsyncram_uru:altsyncram2|ram_block3a0~portb_address_reg1 ; lpm_dff0:inst|lpm_ff:lpm_ff_component|altshift_taps:dffs_rtl_0|shift_taps_ujg:auto_generated|altsyncram_uru:altsyncram2|q_b[3]                          ; clock      ; clock    ; None                        ; None                      ; 2.509 ns                ;
; N/A   ; 317.76 MHz ( period = 3.147 ns )               ; lpm_dff0:inst|lpm_ff:lpm_ff_component|altshift_taps:dffs_rtl_0|shift_taps_ujg:auto_generated|altsyncram_uru:altsyncram2|ram_block3a0~portb_address_reg2 ; lpm_dff0:inst|lpm_ff:lpm_ff_component|altshift_taps:dffs_rtl_0|shift_taps_ujg:auto_generated|altsyncram_uru:altsyncram2|q_b[3]                          ; clock      ; clock    ; None                        ; None                      ; 2.509 ns                ;
; N/A   ; 317.76 MHz ( period = 3.147 ns )               ; lpm_dff0:inst|lpm_ff:lpm_ff_component|altshift_taps:dffs_rtl_0|shift_taps_ujg:auto_generated|altsyncram_uru:altsyncram2|ram_block3a0~portb_address_reg0 ; lpm_dff0:inst|lpm_ff:lpm_ff_component|altshift_taps:dffs_rtl_0|shift_taps_ujg:auto_generated|altsyncram_uru:altsyncram2|q_b[4]                          ; clock      ; clock    ; None                        ; None                      ; 2.509 ns                ;
; N/A   ; 317.76 MHz ( period = 3.147 ns )               ; lpm_dff0:inst|lpm_ff:lpm_ff_component|altshift_taps:dffs_rtl_0|shift_taps_ujg:auto_generated|altsyncram_uru:altsyncram2|ram_block3a0~portb_address_reg1 ; lpm_dff0:inst|lpm_ff:lpm_ff_component|altshift_taps:dffs_rtl_0|shift_taps_ujg:auto_generated|altsyncram_uru:altsyncram2|q_b[4]                          ; clock      ; clock    ; None                        ; None                      ; 2.509 ns                ;
; N/A   ; 317.76 MHz ( period = 3.147 ns )               ; lpm_dff0:inst|lpm_ff:lpm_ff_component|altshift_taps:dffs_rtl_0|shift_taps_ujg:auto_generated|altsyncram_uru:altsyncram2|ram_block3a0~portb_address_reg2 ; lpm_dff0:inst|lpm_ff:lpm_ff_component|altshift_taps:dffs_rtl_0|shift_taps_ujg:auto_generated|altsyncram_uru:altsyncram2|q_b[4]                          ; clock      ; clock    ; None                        ; None                      ; 2.509 ns                ;
; N/A   ; 317.76 MHz ( period = 3.147 ns )               ; lpm_dff0:inst|lpm_ff:lpm_ff_component|altshift_taps:dffs_rtl_0|shift_taps_ujg:auto_generated|altsyncram_uru:altsyncram2|ram_block3a0~portb_address_reg0 ; lpm_dff0:inst|lpm_ff:lpm_ff_component|altshift_taps:dffs_rtl_0|shift_taps_ujg:auto_generated|altsyncram_uru:altsyncram2|q_b[5]                          ; clock      ; clock    ; None                        ; None                      ; 2.509 ns                ;
; N/A   ; 317.76 MHz ( period = 3.147 ns )               ; lpm_dff0:inst|lpm_ff:lpm_ff_component|altshift_taps:dffs_rtl_0|shift_taps_ujg:auto_generated|altsyncram_uru:altsyncram2|ram_block3a0~portb_address_reg1 ; lpm_dff0:inst|lpm_ff:lpm_ff_component|altshift_taps:dffs_rtl_0|shift_taps_ujg:auto_generated|altsyncram_uru:altsyncram2|q_b[5]                          ; clock      ; clock    ; None                        ; None                      ; 2.509 ns                ;
; N/A   ; 317.76 MHz ( period = 3.147 ns )               ; lpm_dff0:inst|lpm_ff:lpm_ff_component|altshift_taps:dffs_rtl_0|shift_taps_ujg:auto_generated|altsyncram_uru:altsyncram2|ram_block3a0~portb_address_reg2 ; lpm_dff0:inst|lpm_ff:lpm_ff_component|altshift_taps:dffs_rtl_0|shift_taps_ujg:auto_generated|altsyncram_uru:altsyncram2|q_b[5]                          ; clock      ; clock    ; None                        ; None                      ; 2.509 ns                ;
; N/A   ; 317.76 MHz ( period = 3.147 ns )               ; lpm_dff0:inst|lpm_ff:lpm_ff_component|altshift_taps:dffs_rtl_0|shift_taps_ujg:auto_generated|altsyncram_uru:altsyncram2|ram_block3a0~portb_address_reg0 ; lpm_dff0:inst|lpm_ff:lpm_ff_component|altshift_taps:dffs_rtl_0|shift_taps_ujg:auto_generated|altsyncram_uru:altsyncram2|q_b[6]                          ; clock      ; clock    ; None                        ; None                      ; 2.509 ns                ;
; N/A   ; 317.76 MHz ( period = 3.147 ns )               ; lpm_dff0:inst|lpm_ff:lpm_ff_component|altshift_taps:dffs_rtl_0|shift_taps_ujg:auto_generated|altsyncram_uru:altsyncram2|ram_block3a0~portb_address_reg1 ; lpm_dff0:inst|lpm_ff:lpm_ff_component|altshift_taps:dffs_rtl_0|shift_taps_ujg:auto_generated|altsyncram_uru:altsyncram2|q_b[6]                          ; clock      ; clock    ; None                        ; None                      ; 2.509 ns                ;
; N/A   ; 317.76 MHz ( period = 3.147 ns )               ; lpm_dff0:inst|lpm_ff:lpm_ff_component|altshift_taps:dffs_rtl_0|shift_taps_ujg:auto_generated|altsyncram_uru:altsyncram2|ram_block3a0~portb_address_reg2 ; lpm_dff0:inst|lpm_ff:lpm_ff_component|altshift_taps:dffs_rtl_0|shift_taps_ujg:auto_generated|altsyncram_uru:altsyncram2|q_b[6]                          ; clock      ; clock    ; None                        ; None                      ; 2.509 ns                ;
; N/A   ; 317.76 MHz ( period = 3.147 ns )               ; lpm_dff0:inst|lpm_ff:lpm_ff_component|altshift_taps:dffs_rtl_0|shift_taps_ujg:auto_generated|altsyncram_uru:altsyncram2|ram_block3a0~portb_address_reg0 ; lpm_dff0:inst|lpm_ff:lpm_ff_component|altshift_taps:dffs_rtl_0|shift_taps_ujg:auto_generated|altsyncram_uru:altsyncram2|q_b[7]                          ; clock      ; clock    ; None                        ; None                      ; 2.509 ns                ;
; N/A   ; 317.76 MHz ( period = 3.147 ns )               ; lpm_dff0:inst|lpm_ff:lpm_ff_component|altshift_taps:dffs_rtl_0|shift_taps_ujg:auto_generated|altsyncram_uru:altsyncram2|ram_block3a0~portb_address_reg1 ; lpm_dff0:inst|lpm_ff:lpm_ff_component|altshift_taps:dffs_rtl_0|shift_taps_ujg:auto_generated|altsyncram_uru:altsyncram2|q_b[7]                          ; clock      ; clock    ; None                        ; None                      ; 2.509 ns                ;
; N/A   ; 317.76 MHz ( period = 3.147 ns )               ; lpm_dff0:inst|lpm_ff:lpm_ff_component|altshift_taps:dffs_rtl_0|shift_taps_ujg:auto_generated|altsyncram_uru:altsyncram2|ram_block3a0~portb_address_reg2 ; lpm_dff0:inst|lpm_ff:lpm_ff_component|altshift_taps:dffs_rtl_0|shift_taps_ujg:auto_generated|altsyncram_uru:altsyncram2|q_b[7]                          ; clock      ; clock    ; None                        ; None                      ; 2.509 ns                ;
; N/A   ; 317.76 MHz ( period = 3.147 ns )               ; lpm_dff0:inst|lpm_ff:lpm_ff_component|altshift_taps:dffs_rtl_0|shift_taps_ujg:auto_generated|altsyncram_uru:altsyncram2|ram_block3a0~portb_address_reg0 ; lpm_dff0:inst|lpm_ff:lpm_ff_component|altshift_taps:dffs_rtl_0|shift_taps_ujg:auto_generated|altsyncram_uru:altsyncram2|q_b[0]                          ; clock      ; clock    ; None                        ; None                      ; 2.509 ns                ;
; N/A   ; 317.76 MHz ( period = 3.147 ns )               ; lpm_dff0:inst|lpm_ff:lpm_ff_component|altshift_taps:dffs_rtl_0|shift_taps_ujg:auto_generated|altsyncram_uru:altsyncram2|ram_block3a0~portb_address_reg1 ; lpm_dff0:inst|lpm_ff:lpm_ff_component|altshift_taps:dffs_rtl_0|shift_taps_ujg:auto_generated|altsyncram_uru:altsyncram2|q_b[0]                          ; clock      ; clock    ; None                        ; None                      ; 2.509 ns                ;
; N/A   ; 317.76 MHz ( period = 3.147 ns )               ; lpm_dff0:inst|lpm_ff:lpm_ff_component|altshift_taps:dffs_rtl_0|shift_taps_ujg:auto_generated|altsyncram_uru:altsyncram2|ram_block3a0~portb_address_reg2 ; lpm_dff0:inst|lpm_ff:lpm_ff_component|altshift_taps:dffs_rtl_0|shift_taps_ujg:auto_generated|altsyncram_uru:altsyncram2|q_b[0]                          ; clock      ; clock    ; None                        ; None                      ; 2.509 ns                ;
; N/A   ; 319.18 MHz ( period = 3.133 ns )               ; lpm_dff0:inst|lpm_ff:lpm_ff_component|altshift_taps:dffs_rtl_0|shift_taps_ujg:auto_generated|altsyncram_uru:altsyncram2|ram_block3a0~porta_datain_reg7  ; lpm_dff0:inst|lpm_ff:lpm_ff_component|altshift_taps:dffs_rtl_0|shift_taps_ujg:auto_generated|altsyncram_uru:altsyncram2|ram_block3a0~porta_memory_reg7  ; clock      ; clock    ; None                        ; None                      ; 2.509 ns                ;
; N/A   ; 319.18 MHz ( period = 3.133 ns )               ; lpm_dff0:inst|lpm_ff:lpm_ff_component|altshift_taps:dffs_rtl_0|shift_taps_ujg:auto_generated|altsyncram_uru:altsyncram2|ram_block3a0~porta_datain_reg6  ; lpm_dff0:inst|lpm_ff:lpm_ff_component|altshift_taps:dffs_rtl_0|shift_taps_ujg:auto_generated|altsyncram_uru:altsyncram2|ram_block3a0~porta_memory_reg6  ; clock      ; clock    ; None                        ; None                      ; 2.509 ns                ;
; N/A   ; 319.18 MHz ( period = 3.133 ns )               ; lpm_dff0:inst|lpm_ff:lpm_ff_component|altshift_taps:dffs_rtl_0|shift_taps_ujg:auto_generated|altsyncram_uru:altsyncram2|ram_block3a0~porta_datain_reg5  ; lpm_dff0:inst|lpm_ff:lpm_ff_component|altshift_taps:dffs_rtl_0|shift_taps_ujg:auto_generated|altsyncram_uru:altsyncram2|ram_block3a0~porta_memory_reg5  ; clock      ; clock    ; None                        ; None                      ; 2.509 ns                ;
; N/A   ; 319.18 MHz ( period = 3.133 ns )               ; lpm_dff0:inst|lpm_ff:lpm_ff_component|altshift_taps:dffs_rtl_0|shift_taps_ujg:auto_generated|altsyncram_uru:altsyncram2|ram_block3a0~porta_datain_reg4  ; lpm_dff0:inst|lpm_ff:lpm_ff_component|altshift_taps:dffs_rtl_0|shift_taps_ujg:auto_generated|altsyncram_uru:altsyncram2|ram_block3a0~porta_memory_reg4  ; clock      ; clock    ; None                        ; None                      ; 2.509 ns                ;
; N/A   ; 319.18 MHz ( period = 3.133 ns )               ; lpm_dff0:inst|lpm_ff:lpm_ff_component|altshift_taps:dffs_rtl_0|shift_taps_ujg:auto_generated|altsyncram_uru:altsyncram2|ram_block3a0~porta_datain_reg3  ; lpm_dff0:inst|lpm_ff:lpm_ff_component|altshift_taps:dffs_rtl_0|shift_taps_ujg:auto_generated|altsyncram_uru:altsyncram2|ram_block3a0~porta_memory_reg3  ; clock      ; clock    ; None                        ; None                      ; 2.509 ns                ;
; N/A   ; 319.18 MHz ( period = 3.133 ns )               ; lpm_dff0:inst|lpm_ff:lpm_ff_component|altshift_taps:dffs_rtl_0|shift_taps_ujg:auto_generated|altsyncram_uru:altsyncram2|ram_block3a0~porta_datain_reg2  ; lpm_dff0:inst|lpm_ff:lpm_ff_component|altshift_taps:dffs_rtl_0|shift_taps_ujg:auto_generated|altsyncram_uru:altsyncram2|ram_block3a0~porta_memory_reg2  ; clock      ; clock    ; None                        ; None                      ; 2.509 ns                ;
; N/A   ; 319.18 MHz ( period = 3.133 ns )               ; lpm_dff0:inst|lpm_ff:lpm_ff_component|altshift_taps:dffs_rtl_0|shift_taps_ujg:auto_generated|altsyncram_uru:altsyncram2|ram_block3a0~porta_datain_reg1  ; lpm_dff0:inst|lpm_ff:lpm_ff_component|altshift_taps:dffs_rtl_0|shift_taps_ujg:auto_generated|altsyncram_uru:altsyncram2|ram_block3a0~porta_memory_reg1  ; clock      ; clock    ; None                        ; None                      ; 2.509 ns                ;
; N/A   ; 319.18 MHz ( period = 3.133 ns )               ; lpm_dff0:inst|lpm_ff:lpm_ff_component|altshift_taps:dffs_rtl_0|shift_taps_ujg:auto_generated|altsyncram_uru:altsyncram2|ram_block3a0~porta_datain_reg0  ; lpm_dff0:inst|lpm_ff:lpm_ff_component|altshift_taps:dffs_rtl_0|shift_taps_ujg:auto_generated|altsyncram_uru:altsyncram2|ram_block3a0~porta_memory_reg0  ; clock      ; clock    ; None                        ; None                      ; 2.509 ns                ;
; N/A   ; 385.21 MHz ( period = 2.596 ns )               ; lpm_dff0:inst|lpm_ff:lpm_ff_component|altshift_taps:dffs_rtl_0|shift_taps_ujg:auto_generated|cntr_6gc:cntr1|safe_q[2]                                   ; lpm_dff0:inst|lpm_ff:lpm_ff_component|altshift_taps:dffs_rtl_0|shift_taps_ujg:auto_generated|cntr_6gc:cntr1|safe_q[2]                                   ; clock      ; clock    ; None                        ; None                      ; 2.430 ns                ;
; N/A   ; 385.21 MHz ( period = 2.596 ns )               ; lpm_dff0:inst|lpm_ff:lpm_ff_component|altshift_taps:dffs_rtl_0|shift_taps_ujg:auto_generated|cntr_6gc:cntr1|safe_q[2]                                   ; lpm_dff0:inst|lpm_ff:lpm_ff_component|altshift_taps:dffs_rtl_0|shift_taps_ujg:auto_generated|cntr_6gc:cntr1|safe_q[1]                                   ; clock      ; clock    ; None                        ; None                      ; 2.430 ns                ;
; N/A   ; 385.21 MHz ( period = 2.596 ns )               ; lpm_dff0:inst|lpm_ff:lpm_ff_component|altshift_taps:dffs_rtl_0|shift_taps_ujg:auto_generated|cntr_6gc:cntr1|safe_q[2]                                   ; lpm_dff0:inst|lpm_ff:lpm_ff_component|altshift_taps:dffs_rtl_0|shift_taps_ujg:auto_generated|cntr_6gc:cntr1|safe_q[0]                                   ; clock      ; clock    ; None                        ; None                      ; 2.430 ns                ;
; N/A   ; 388.80 MHz ( period = 2.572 ns )               ; lpm_dff0:inst|lpm_ff:lpm_ff_component|altshift_taps:dffs_rtl_0|shift_taps_ujg:auto_generated|cntr_6gc:cntr1|safe_q[0]                                   ; lpm_dff0:inst|lpm_ff:lpm_ff_component|altshift_taps:dffs_rtl_0|shift_taps_ujg:auto_generated|cntr_6gc:cntr1|safe_q[2]                                   ; clock      ; clock    ; None                        ; None                      ; 2.406 ns                ;
; N/A   ; 388.80 MHz ( period = 2.572 ns )               ; lpm_dff0:inst|lpm_ff:lpm_ff_component|altshift_taps:dffs_rtl_0|shift_taps_ujg:auto_generated|cntr_6gc:cntr1|safe_q[0]                                   ; lpm_dff0:inst|lpm_ff:lpm_ff_component|altshift_taps:dffs_rtl_0|shift_taps_ujg:auto_generated|cntr_6gc:cntr1|safe_q[1]                                   ; clock      ; clock    ; None                        ; None                      ; 2.406 ns                ;
; N/A   ; 388.80 MHz ( period = 2.572 ns )               ; lpm_dff0:inst|lpm_ff:lpm_ff_component|altshift_taps:dffs_rtl_0|shift_taps_ujg:auto_generated|cntr_6gc:cntr1|safe_q[0]                                   ; lpm_dff0:inst|lpm_ff:lpm_ff_component|altshift_taps:dffs_rtl_0|shift_taps_ujg:auto_generated|cntr_6gc:cntr1|safe_q[0]                                   ; clock      ; clock    ; None                        ; None                      ; 2.406 ns                ;
; N/A   ; 397.61 MHz ( period = 2.515 ns )               ; lpm_dff0:inst|lpm_ff:lpm_ff_component|altshift_taps:dffs_rtl_0|shift_taps_ujg:auto_generated|cntr_6gc:cntr1|safe_q[1]                                   ; lpm_dff0:inst|lpm_ff:lpm_ff_component|altshift_taps:dffs_rtl_0|shift_taps_ujg:auto_generated|cntr_6gc:cntr1|safe_q[2]                                   ; clock      ; clock    ; None                        ; None                      ; 2.349 ns                ;
; N/A   ; 397.61 MHz ( period = 2.515 ns )               ; lpm_dff0:inst|lpm_ff:lpm_ff_component|altshift_taps:dffs_rtl_0|shift_taps_ujg:auto_generated|cntr_6gc:cntr1|safe_q[1]                                   ; lpm_dff0:inst|lpm_ff:lpm_ff_component|altshift_taps:dffs_rtl_0|shift_taps_ujg:auto_generated|cntr_6gc:cntr1|safe_q[1]                                   ; clock      ; clock    ; None                        ; None                      ; 2.349 ns                ;
; N/A   ; 397.61 MHz ( period = 2.515 ns )               ; lpm_dff0:inst|lpm_ff:lpm_ff_component|altshift_taps:dffs_rtl_0|shift_taps_ujg:auto_generated|cntr_6gc:cntr1|safe_q[1]                                   ; lpm_dff0:inst|lpm_ff:lpm_ff_component|altshift_taps:dffs_rtl_0|shift_taps_ujg:auto_generated|cntr_6gc:cntr1|safe_q[0]                                   ; clock      ; clock    ; None                        ; None                      ; 2.349 ns                ;
; N/A   ; Restricted to 422.12 MHz ( period = 2.369 ns ) ; lpm_dff0:inst|lpm_ff:lpm_ff_component|altshift_taps:dffs_rtl_0|shift_taps_ujg:auto_generated|cntr_6gc:cntr1|safe_q[2]                                   ; lpm_dff0:inst|lpm_ff:lpm_ff_component|altshift_taps:dffs_rtl_0|shift_taps_ujg:auto_generated|altsyncram_uru:altsyncram2|ram_block3a0~porta_address_reg2 ; clock      ; clock    ; None                        ; None                      ; 1.153 ns                ;
; N/A   ; Restricted to 422.12 MHz ( period = 2.369 ns ) ; lpm_dff0:inst|lpm_ff:lpm_ff_component|altshift_taps:dffs_rtl_0|shift_taps_ujg:auto_generated|cntr_6gc:cntr1|safe_q[1]                                   ; lpm_dff0:inst|lpm_ff:lpm_ff_component|altshift_taps:dffs_rtl_0|shift_taps_ujg:auto_generated|altsyncram_uru:altsyncram2|ram_block3a0~porta_address_reg1 ; clock      ; clock    ; None                        ; None                      ; 1.129 ns                ;
; N/A   ; Restricted to 422.12 MHz ( period = 2.369 ns ) ; lpm_dff0:inst|lpm_ff:lpm_ff_component|altshift_taps:dffs_rtl_0|shift_taps_ujg:auto_generated|cntr_6gc:cntr1|safe_q[0]                                   ; lpm_dff0:inst|lpm_ff:lpm_ff_component|altshift_taps:dffs_rtl_0|shift_taps_ujg:auto_generated|altsyncram_uru:altsyncram2|ram_block3a0~porta_address_reg0 ; clock      ; clock    ; None                        ; None                      ; 1.129 ns                ;
; N/A   ; Restricted to 422.12 MHz ( period = 2.369 ns ) ; lpm_dff0:inst|lpm_ff:lpm_ff_component|altshift_taps:dffs_rtl_0|shift_taps_ujg:auto_generated|cntr_6gc:cntr1|safe_q[2]                                   ; lpm_dff0:inst|lpm_ff:lpm_ff_component|altshift_taps:dffs_rtl_0|shift_taps_ujg:auto_generated|altsyncram_uru:altsyncram2|ram_block3a0~portb_address_reg2 ; clock      ; clock    ; None                        ; None                      ; 1.156 ns                ;
; N/A   ; Restricted to 422.12 MHz ( period = 2.369 ns ) ; lpm_dff0:inst|lpm_ff:lpm_ff_component|altshift_taps:dffs_rtl_0|shift_taps_ujg:auto_generated|cntr_6gc:cntr1|safe_q[1]                                   ; lpm_dff0:inst|lpm_ff:lpm_ff_component|altshift_taps:dffs_rtl_0|shift_taps_ujg:auto_generated|altsyncram_uru:altsyncram2|ram_block3a0~portb_address_reg1 ; clock      ; clock    ; None                        ; None                      ; 1.132 ns                ;
; N/A   ; Restricted to 422.12 MHz ( period = 2.369 ns ) ; lpm_dff0:inst|lpm_ff:lpm_ff_component|altshift_taps:dffs_rtl_0|shift_taps_ujg:auto_generated|cntr_6gc:cntr1|safe_q[0]                                   ; lpm_dff0:inst|lpm_ff:lpm_ff_component|altshift_taps:dffs_rtl_0|shift_taps_ujg:auto_generated|altsyncram_uru:altsyncram2|ram_block3a0~portb_address_reg0 ; clock      ; clock    ; None                        ; None                      ; 1.132 ns                ;
; N/A   ; Restricted to 422.12 MHz ( period = 2.369 ns ) ; lpm_counter1:inst6|lpm_counter:lpm_counter_component|cntr_gb7:auto_generated|safe_q[2]                                                                  ; lpm_counter1:inst6|lpm_counter:lpm_counter_component|cntr_gb7:auto_generated|safe_q[3]                                                                  ; clock      ; clock    ; None                        ; None                      ; 1.338 ns                ;
; N/A   ; Restricted to 422.12 MHz ( period = 2.369 ns ) ; lpm_counter1:inst6|lpm_counter:lpm_counter_component|cntr_gb7:auto_generated|safe_q[0]                                                                  ; lpm_counter1:inst6|lpm_counter:lpm_counter_component|cntr_gb7:auto_generated|safe_q[3]                                                                  ; clock      ; clock    ; None                        ; None                      ; 1.330 ns                ;
; N/A   ; Restricted to 422.12 MHz ( period = 2.369 ns ) ; lpm_counter1:inst6|lpm_counter:lpm_counter_component|cntr_gb7:auto_generated|safe_q[0]                                                                  ; lpm_counter1:inst6|lpm_counter:lpm_counter_component|cntr_gb7:auto_generated|safe_q[2]                                                                  ; clock      ; clock    ; None                        ; None                      ; 1.270 ns                ;
; N/A   ; Restricted to 422.12 MHz ( period = 2.369 ns ) ; lpm_counter1:inst6|lpm_counter:lpm_counter_component|cntr_gb7:auto_generated|safe_q[1]                                                                  ; lpm_counter1:inst6|lpm_counter:lpm_counter_component|cntr_gb7:auto_generated|safe_q[3]                                                                  ; clock      ; clock    ; None                        ; None                      ; 1.270 ns                ;
; N/A   ; Restricted to 422.12 MHz ( period = 2.369 ns ) ; lpm_counter1:inst6|lpm_counter:lpm_counter_component|cntr_gb7:auto_generated|safe_q[0]                                                                  ; lpm_counter1:inst6|lpm_counter:lpm_counter_component|cntr_gb7:auto_generated|safe_q[1]                                                                  ; clock      ; clock    ; None                        ; None                      ; 1.210 ns                ;
; N/A   ; Restricted to 422.12 MHz ( period = 2.369 ns ) ; lpm_counter1:inst6|lpm_counter:lpm_counter_component|cntr_gb7:auto_generated|safe_q[1]                                                                  ; lpm_counter1:inst6|lpm_counter:lpm_counter_component|cntr_gb7:auto_generated|safe_q[2]                                                                  ; clock      ; clock    ; None                        ; None                      ; 1.210 ns                ;
; N/A   ; Restricted to 422.12 MHz ( period = 2.369 ns ) ; lpm_counter1:inst6|lpm_counter:lpm_counter_component|cntr_gb7:auto_generated|safe_q[2]                                                                  ; lpm_counter1:inst6|lpm_counter:lpm_counter_component|cntr_gb7:auto_generated|safe_q[2]                                                                  ; clock      ; clock    ; None                        ; None                      ; 0.929 ns                ;
; N/A   ; Restricted to 422.12 MHz ( period = 2.369 ns ) ; lpm_counter1:inst6|lpm_counter:lpm_counter_component|cntr_gb7:auto_generated|safe_q[0]                                                                  ; lpm_counter1:inst6|lpm_counter:lpm_counter_component|cntr_gb7:auto_generated|safe_q[0]                                                                  ; clock      ; clock    ; None                        ; None                      ; 0.830 ns                ;
; N/A   ; Restricted to 422.12 MHz ( period = 2.369 ns ) ; lpm_counter1:inst6|lpm_counter:lpm_counter_component|cntr_gb7:auto_generated|safe_q[1]                                                                  ; lpm_counter1:inst6|lpm_counter:lpm_counter_component|cntr_gb7:auto_generated|safe_q[1]                                                                  ; clock      ; clock    ; None                        ; None                      ; 0.830 ns                ;
; N/A   ; Restricted to 422.12 MHz ( period = 2.369 ns ) ; lpm_counter1:inst6|lpm_counter:lpm_counter_component|cntr_gb7:auto_generated|safe_q[3]                                                                  ; lpm_counter1:inst6|lpm_counter:lpm_counter_component|cntr_gb7:auto_generated|safe_q[3]                                                                  ; clock      ; clock    ; None                        ; None                      ; 0.604 ns                ;
+-------+------------------------------------------------+---------------------------------------------------------------------------------------------------------------------------------------------------------+---------------------------------------------------------------------------------------------------------------------------------------------------------+------------+----------+-----------------------------+---------------------------+-------------------------+


+-----------------------------------------------------------------------------------------------------------------------------------------------------------------------------------------------------------------+
; tsu                                                                                                                                                                                                             ;
+-------+--------------+------------+---------+--------------------------------------------------------------------------------------------------------------------------------------------------------+----------+
; Slack ; Required tsu ; Actual tsu ; From    ; To                                                                                                                                                     ; To Clock ;
+-------+--------------+------------+---------+--------------------------------------------------------------------------------------------------------------------------------------------------------+----------+
; N/A   ; None         ; 6.802 ns   ; KKS[4]  ; lpm_dff0:inst|lpm_ff:lpm_ff_component|altshift_taps:dffs_rtl_0|shift_taps_ujg:auto_generated|altsyncram_uru:altsyncram2|ram_block3a0~porta_datain_reg4 ; clock    ;
; N/A   ; None         ; 6.800 ns   ; KKS[4]  ; lpm_dff0:inst|lpm_ff:lpm_ff_component|altshift_taps:dffs_rtl_0|shift_taps_ujg:auto_generated|altsyncram_uru:altsyncram2|ram_block3a0~porta_datain_reg2 ; clock    ;
; N/A   ; None         ; 6.578 ns   ; KKS[4]  ; lpm_dff0:inst|lpm_ff:lpm_ff_component|altshift_taps:dffs_rtl_0|shift_taps_ujg:auto_generated|altsyncram_uru:altsyncram2|ram_block3a0~porta_datain_reg6 ; clock    ;
; N/A   ; None         ; 6.576 ns   ; KKS[4]  ; lpm_dff0:inst|lpm_ff:lpm_ff_component|altshift_taps:dffs_rtl_0|shift_taps_ujg:auto_generated|altsyncram_uru:altsyncram2|ram_block3a0~porta_datain_reg0 ; clock    ;
; N/A   ; None         ; 6.568 ns   ; KKS[4]  ; lpm_dff0:inst|lpm_ff:lpm_ff_component|altshift_taps:dffs_rtl_0|shift_taps_ujg:auto_generated|altsyncram_uru:altsyncram2|ram_block3a0~porta_datain_reg5 ; clock    ;
; N/A   ; None         ; 6.565 ns   ; KKS[4]  ; lpm_dff0:inst|lpm_ff:lpm_ff_component|altshift_taps:dffs_rtl_0|shift_taps_ujg:auto_generated|altsyncram_uru:altsyncram2|ram_block3a0~porta_datain_reg3 ; clock    ;
; N/A   ; None         ; 6.564 ns   ; KKS[4]  ; lpm_dff0:inst|lpm_ff:lpm_ff_component|altshift_taps:dffs_rtl_0|shift_taps_ujg:auto_generated|altsyncram_uru:altsyncram2|ram_block3a0~porta_datain_reg1 ; clock    ;
; N/A   ; None         ; 6.561 ns   ; KKS[4]  ; lpm_dff0:inst|lpm_ff:lpm_ff_component|altshift_taps:dffs_rtl_0|shift_taps_ujg:auto_generated|altsyncram_uru:altsyncram2|ram_block3a0~porta_datain_reg7 ; clock    ;
; N/A   ; None         ; 6.508 ns   ; KKS[5]  ; lpm_dff0:inst|lpm_ff:lpm_ff_component|altshift_taps:dffs_rtl_0|shift_taps_ujg:auto_generated|altsyncram_uru:altsyncram2|ram_block3a0~porta_datain_reg4 ; clock    ;
; N/A   ; None         ; 6.507 ns   ; KKS[1]  ; lpm_dff0:inst|lpm_ff:lpm_ff_component|altshift_taps:dffs_rtl_0|shift_taps_ujg:auto_generated|altsyncram_uru:altsyncram2|ram_block3a0~porta_datain_reg4 ; clock    ;
; N/A   ; None         ; 6.506 ns   ; KKS[5]  ; lpm_dff0:inst|lpm_ff:lpm_ff_component|altshift_taps:dffs_rtl_0|shift_taps_ujg:auto_generated|altsyncram_uru:altsyncram2|ram_block3a0~porta_datain_reg2 ; clock    ;
; N/A   ; None         ; 6.505 ns   ; KKS[1]  ; lpm_dff0:inst|lpm_ff:lpm_ff_component|altshift_taps:dffs_rtl_0|shift_taps_ujg:auto_generated|altsyncram_uru:altsyncram2|ram_block3a0~porta_datain_reg2 ; clock    ;
; N/A   ; None         ; 6.493 ns   ; KKS[0]  ; lpm_dff0:inst|lpm_ff:lpm_ff_component|altshift_taps:dffs_rtl_0|shift_taps_ujg:auto_generated|altsyncram_uru:altsyncram2|ram_block3a0~porta_datain_reg4 ; clock    ;
; N/A   ; None         ; 6.491 ns   ; KKS[0]  ; lpm_dff0:inst|lpm_ff:lpm_ff_component|altshift_taps:dffs_rtl_0|shift_taps_ujg:auto_generated|altsyncram_uru:altsyncram2|ram_block3a0~porta_datain_reg2 ; clock    ;
; N/A   ; None         ; 6.380 ns   ; KKS[7]  ; lpm_dff0:inst|lpm_ff:lpm_ff_component|altshift_taps:dffs_rtl_0|shift_taps_ujg:auto_generated|altsyncram_uru:altsyncram2|ram_block3a0~porta_datain_reg4 ; clock    ;
; N/A   ; None         ; 6.378 ns   ; KKS[7]  ; lpm_dff0:inst|lpm_ff:lpm_ff_component|altshift_taps:dffs_rtl_0|shift_taps_ujg:auto_generated|altsyncram_uru:altsyncram2|ram_block3a0~porta_datain_reg2 ; clock    ;
; N/A   ; None         ; 6.351 ns   ; KKS[2]  ; lpm_dff0:inst|lpm_ff:lpm_ff_component|altshift_taps:dffs_rtl_0|shift_taps_ujg:auto_generated|altsyncram_uru:altsyncram2|ram_block3a0~porta_datain_reg4 ; clock    ;
; N/A   ; None         ; 6.349 ns   ; KKS[2]  ; lpm_dff0:inst|lpm_ff:lpm_ff_component|altshift_taps:dffs_rtl_0|shift_taps_ujg:auto_generated|altsyncram_uru:altsyncram2|ram_block3a0~porta_datain_reg2 ; clock    ;
; N/A   ; None         ; 6.284 ns   ; KKS[5]  ; lpm_dff0:inst|lpm_ff:lpm_ff_component|altshift_taps:dffs_rtl_0|shift_taps_ujg:auto_generated|altsyncram_uru:altsyncram2|ram_block3a0~porta_datain_reg6 ; clock    ;
; N/A   ; None         ; 6.283 ns   ; KKS[1]  ; lpm_dff0:inst|lpm_ff:lpm_ff_component|altshift_taps:dffs_rtl_0|shift_taps_ujg:auto_generated|altsyncram_uru:altsyncram2|ram_block3a0~porta_datain_reg6 ; clock    ;
; N/A   ; None         ; 6.282 ns   ; KKS[5]  ; lpm_dff0:inst|lpm_ff:lpm_ff_component|altshift_taps:dffs_rtl_0|shift_taps_ujg:auto_generated|altsyncram_uru:altsyncram2|ram_block3a0~porta_datain_reg0 ; clock    ;
; N/A   ; None         ; 6.281 ns   ; KKS[1]  ; lpm_dff0:inst|lpm_ff:lpm_ff_component|altshift_taps:dffs_rtl_0|shift_taps_ujg:auto_generated|altsyncram_uru:altsyncram2|ram_block3a0~porta_datain_reg0 ; clock    ;
; N/A   ; None         ; 6.274 ns   ; KKS[5]  ; lpm_dff0:inst|lpm_ff:lpm_ff_component|altshift_taps:dffs_rtl_0|shift_taps_ujg:auto_generated|altsyncram_uru:altsyncram2|ram_block3a0~porta_datain_reg5 ; clock    ;
; N/A   ; None         ; 6.273 ns   ; KKS[1]  ; lpm_dff0:inst|lpm_ff:lpm_ff_component|altshift_taps:dffs_rtl_0|shift_taps_ujg:auto_generated|altsyncram_uru:altsyncram2|ram_block3a0~porta_datain_reg5 ; clock    ;
; N/A   ; None         ; 6.271 ns   ; KKS[5]  ; lpm_dff0:inst|lpm_ff:lpm_ff_component|altshift_taps:dffs_rtl_0|shift_taps_ujg:auto_generated|altsyncram_uru:altsyncram2|ram_block3a0~porta_datain_reg3 ; clock    ;
; N/A   ; None         ; 6.270 ns   ; KKS[5]  ; lpm_dff0:inst|lpm_ff:lpm_ff_component|altshift_taps:dffs_rtl_0|shift_taps_ujg:auto_generated|altsyncram_uru:altsyncram2|ram_block3a0~porta_datain_reg1 ; clock    ;
; N/A   ; None         ; 6.270 ns   ; KKS[1]  ; lpm_dff0:inst|lpm_ff:lpm_ff_component|altshift_taps:dffs_rtl_0|shift_taps_ujg:auto_generated|altsyncram_uru:altsyncram2|ram_block3a0~porta_datain_reg3 ; clock    ;
; N/A   ; None         ; 6.269 ns   ; KKS[1]  ; lpm_dff0:inst|lpm_ff:lpm_ff_component|altshift_taps:dffs_rtl_0|shift_taps_ujg:auto_generated|altsyncram_uru:altsyncram2|ram_block3a0~porta_datain_reg1 ; clock    ;
; N/A   ; None         ; 6.269 ns   ; KKS[0]  ; lpm_dff0:inst|lpm_ff:lpm_ff_component|altshift_taps:dffs_rtl_0|shift_taps_ujg:auto_generated|altsyncram_uru:altsyncram2|ram_block3a0~porta_datain_reg6 ; clock    ;
; N/A   ; None         ; 6.267 ns   ; KKS[5]  ; lpm_dff0:inst|lpm_ff:lpm_ff_component|altshift_taps:dffs_rtl_0|shift_taps_ujg:auto_generated|altsyncram_uru:altsyncram2|ram_block3a0~porta_datain_reg7 ; clock    ;
; N/A   ; None         ; 6.267 ns   ; KKS[0]  ; lpm_dff0:inst|lpm_ff:lpm_ff_component|altshift_taps:dffs_rtl_0|shift_taps_ujg:auto_generated|altsyncram_uru:altsyncram2|ram_block3a0~porta_datain_reg0 ; clock    ;
; N/A   ; None         ; 6.266 ns   ; KKS[1]  ; lpm_dff0:inst|lpm_ff:lpm_ff_component|altshift_taps:dffs_rtl_0|shift_taps_ujg:auto_generated|altsyncram_uru:altsyncram2|ram_block3a0~porta_datain_reg7 ; clock    ;
; N/A   ; None         ; 6.259 ns   ; KKS[0]  ; lpm_dff0:inst|lpm_ff:lpm_ff_component|altshift_taps:dffs_rtl_0|shift_taps_ujg:auto_generated|altsyncram_uru:altsyncram2|ram_block3a0~porta_datain_reg5 ; clock    ;
; N/A   ; None         ; 6.256 ns   ; KKS[0]  ; lpm_dff0:inst|lpm_ff:lpm_ff_component|altshift_taps:dffs_rtl_0|shift_taps_ujg:auto_generated|altsyncram_uru:altsyncram2|ram_block3a0~porta_datain_reg3 ; clock    ;
; N/A   ; None         ; 6.255 ns   ; KKS[0]  ; lpm_dff0:inst|lpm_ff:lpm_ff_component|altshift_taps:dffs_rtl_0|shift_taps_ujg:auto_generated|altsyncram_uru:altsyncram2|ram_block3a0~porta_datain_reg1 ; clock    ;
; N/A   ; None         ; 6.252 ns   ; KKS[0]  ; lpm_dff0:inst|lpm_ff:lpm_ff_component|altshift_taps:dffs_rtl_0|shift_taps_ujg:auto_generated|altsyncram_uru:altsyncram2|ram_block3a0~porta_datain_reg7 ; clock    ;
; N/A   ; None         ; 6.156 ns   ; KKS[7]  ; lpm_dff0:inst|lpm_ff:lpm_ff_component|altshift_taps:dffs_rtl_0|shift_taps_ujg:auto_generated|altsyncram_uru:altsyncram2|ram_block3a0~porta_datain_reg6 ; clock    ;
; N/A   ; None         ; 6.154 ns   ; KKS[7]  ; lpm_dff0:inst|lpm_ff:lpm_ff_component|altshift_taps:dffs_rtl_0|shift_taps_ujg:auto_generated|altsyncram_uru:altsyncram2|ram_block3a0~porta_datain_reg0 ; clock    ;
; N/A   ; None         ; 6.146 ns   ; KKS[7]  ; lpm_dff0:inst|lpm_ff:lpm_ff_component|altshift_taps:dffs_rtl_0|shift_taps_ujg:auto_generated|altsyncram_uru:altsyncram2|ram_block3a0~porta_datain_reg5 ; clock    ;
; N/A   ; None         ; 6.143 ns   ; KKS[7]  ; lpm_dff0:inst|lpm_ff:lpm_ff_component|altshift_taps:dffs_rtl_0|shift_taps_ujg:auto_generated|altsyncram_uru:altsyncram2|ram_block3a0~porta_datain_reg3 ; clock    ;
; N/A   ; None         ; 6.142 ns   ; KKS[7]  ; lpm_dff0:inst|lpm_ff:lpm_ff_component|altshift_taps:dffs_rtl_0|shift_taps_ujg:auto_generated|altsyncram_uru:altsyncram2|ram_block3a0~porta_datain_reg1 ; clock    ;
; N/A   ; None         ; 6.139 ns   ; KKS[7]  ; lpm_dff0:inst|lpm_ff:lpm_ff_component|altshift_taps:dffs_rtl_0|shift_taps_ujg:auto_generated|altsyncram_uru:altsyncram2|ram_block3a0~porta_datain_reg7 ; clock    ;
; N/A   ; None         ; 6.127 ns   ; KKS[2]  ; lpm_dff0:inst|lpm_ff:lpm_ff_component|altshift_taps:dffs_rtl_0|shift_taps_ujg:auto_generated|altsyncram_uru:altsyncram2|ram_block3a0~porta_datain_reg6 ; clock    ;
; N/A   ; None         ; 6.125 ns   ; KKS[2]  ; lpm_dff0:inst|lpm_ff:lpm_ff_component|altshift_taps:dffs_rtl_0|shift_taps_ujg:auto_generated|altsyncram_uru:altsyncram2|ram_block3a0~porta_datain_reg0 ; clock    ;
; N/A   ; None         ; 6.117 ns   ; KKS[2]  ; lpm_dff0:inst|lpm_ff:lpm_ff_component|altshift_taps:dffs_rtl_0|shift_taps_ujg:auto_generated|altsyncram_uru:altsyncram2|ram_block3a0~porta_datain_reg5 ; clock    ;
; N/A   ; None         ; 6.114 ns   ; KKS[2]  ; lpm_dff0:inst|lpm_ff:lpm_ff_component|altshift_taps:dffs_rtl_0|shift_taps_ujg:auto_generated|altsyncram_uru:altsyncram2|ram_block3a0~porta_datain_reg3 ; clock    ;
; N/A   ; None         ; 6.113 ns   ; KKS[2]  ; lpm_dff0:inst|lpm_ff:lpm_ff_component|altshift_taps:dffs_rtl_0|shift_taps_ujg:auto_generated|altsyncram_uru:altsyncram2|ram_block3a0~porta_datain_reg1 ; clock    ;
; N/A   ; None         ; 6.110 ns   ; KKS[2]  ; lpm_dff0:inst|lpm_ff:lpm_ff_component|altshift_taps:dffs_rtl_0|shift_taps_ujg:auto_generated|altsyncram_uru:altsyncram2|ram_block3a0~porta_datain_reg7 ; clock    ;
; N/A   ; None         ; 5.903 ns   ; KKS[3]  ; lpm_dff0:inst|lpm_ff:lpm_ff_component|altshift_taps:dffs_rtl_0|shift_taps_ujg:auto_generated|altsyncram_uru:altsyncram2|ram_block3a0~porta_datain_reg4 ; clock    ;
; N/A   ; None         ; 5.901 ns   ; KKS[3]  ; lpm_dff0:inst|lpm_ff:lpm_ff_component|altshift_taps:dffs_rtl_0|shift_taps_ujg:auto_generated|altsyncram_uru:altsyncram2|ram_block3a0~porta_datain_reg2 ; clock    ;
; N/A   ; None         ; 5.845 ns   ; KKS[6]  ; lpm_dff0:inst|lpm_ff:lpm_ff_component|altshift_taps:dffs_rtl_0|shift_taps_ujg:auto_generated|altsyncram_uru:altsyncram2|ram_block3a0~porta_datain_reg4 ; clock    ;
; N/A   ; None         ; 5.843 ns   ; KKS[6]  ; lpm_dff0:inst|lpm_ff:lpm_ff_component|altshift_taps:dffs_rtl_0|shift_taps_ujg:auto_generated|altsyncram_uru:altsyncram2|ram_block3a0~porta_datain_reg2 ; clock    ;
; N/A   ; None         ; 5.679 ns   ; KKS[3]  ; lpm_dff0:inst|lpm_ff:lpm_ff_component|altshift_taps:dffs_rtl_0|shift_taps_ujg:auto_generated|altsyncram_uru:altsyncram2|ram_block3a0~porta_datain_reg6 ; clock    ;
; N/A   ; None         ; 5.677 ns   ; KKS[3]  ; lpm_dff0:inst|lpm_ff:lpm_ff_component|altshift_taps:dffs_rtl_0|shift_taps_ujg:auto_generated|altsyncram_uru:altsyncram2|ram_block3a0~porta_datain_reg0 ; clock    ;
; N/A   ; None         ; 5.669 ns   ; KKS[3]  ; lpm_dff0:inst|lpm_ff:lpm_ff_component|altshift_taps:dffs_rtl_0|shift_taps_ujg:auto_generated|altsyncram_uru:altsyncram2|ram_block3a0~porta_datain_reg5 ; clock    ;
; N/A   ; None         ; 5.666 ns   ; KKS[3]  ; lpm_dff0:inst|lpm_ff:lpm_ff_component|altshift_taps:dffs_rtl_0|shift_taps_ujg:auto_generated|altsyncram_uru:altsyncram2|ram_block3a0~porta_datain_reg3 ; clock    ;
; N/A   ; None         ; 5.665 ns   ; KKS[3]  ; lpm_dff0:inst|lpm_ff:lpm_ff_component|altshift_taps:dffs_rtl_0|shift_taps_ujg:auto_generated|altsyncram_uru:altsyncram2|ram_block3a0~porta_datain_reg1 ; clock    ;
; N/A   ; None         ; 5.662 ns   ; KKS[3]  ; lpm_dff0:inst|lpm_ff:lpm_ff_component|altshift_taps:dffs_rtl_0|shift_taps_ujg:auto_generated|altsyncram_uru:altsyncram2|ram_block3a0~porta_datain_reg7 ; clock    ;
; N/A   ; None         ; 5.621 ns   ; KKS[6]  ; lpm_dff0:inst|lpm_ff:lpm_ff_component|altshift_taps:dffs_rtl_0|shift_taps_ujg:auto_generated|altsyncram_uru:altsyncram2|ram_block3a0~porta_datain_reg6 ; clock    ;
; N/A   ; None         ; 5.619 ns   ; KKS[6]  ; lpm_dff0:inst|lpm_ff:lpm_ff_component|altshift_taps:dffs_rtl_0|shift_taps_ujg:auto_generated|altsyncram_uru:altsyncram2|ram_block3a0~porta_datain_reg0 ; clock    ;
; N/A   ; None         ; 5.611 ns   ; KKS[6]  ; lpm_dff0:inst|lpm_ff:lpm_ff_component|altshift_taps:dffs_rtl_0|shift_taps_ujg:auto_generated|altsyncram_uru:altsyncram2|ram_block3a0~porta_datain_reg5 ; clock    ;
; N/A   ; None         ; 5.608 ns   ; KKS[6]  ; lpm_dff0:inst|lpm_ff:lpm_ff_component|altshift_taps:dffs_rtl_0|shift_taps_ujg:auto_generated|altsyncram_uru:altsyncram2|ram_block3a0~porta_datain_reg3 ; clock    ;
; N/A   ; None         ; 5.607 ns   ; KKS[6]  ; lpm_dff0:inst|lpm_ff:lpm_ff_component|altshift_taps:dffs_rtl_0|shift_taps_ujg:auto_generated|altsyncram_uru:altsyncram2|ram_block3a0~porta_datain_reg1 ; clock    ;
; N/A   ; None         ; 5.604 ns   ; KKS[6]  ; lpm_dff0:inst|lpm_ff:lpm_ff_component|altshift_taps:dffs_rtl_0|shift_taps_ujg:auto_generated|altsyncram_uru:altsyncram2|ram_block3a0~porta_datain_reg7 ; clock    ;
; N/A   ; None         ; 5.043 ns   ; Query   ; lpm_dff0:inst|lpm_ff:lpm_ff_component|altshift_taps:dffs_rtl_0|shift_taps_ujg:auto_generated|altsyncram_uru:altsyncram2|ram_block3a0~porta_datain_reg4 ; clock    ;
; N/A   ; None         ; 5.041 ns   ; Query   ; lpm_dff0:inst|lpm_ff:lpm_ff_component|altshift_taps:dffs_rtl_0|shift_taps_ujg:auto_generated|altsyncram_uru:altsyncram2|ram_block3a0~porta_datain_reg2 ; clock    ;
; N/A   ; None         ; 4.819 ns   ; Query   ; lpm_dff0:inst|lpm_ff:lpm_ff_component|altshift_taps:dffs_rtl_0|shift_taps_ujg:auto_generated|altsyncram_uru:altsyncram2|ram_block3a0~porta_datain_reg6 ; clock    ;
; N/A   ; None         ; 4.817 ns   ; Query   ; lpm_dff0:inst|lpm_ff:lpm_ff_component|altshift_taps:dffs_rtl_0|shift_taps_ujg:auto_generated|altsyncram_uru:altsyncram2|ram_block3a0~porta_datain_reg0 ; clock    ;
; N/A   ; None         ; 4.809 ns   ; Query   ; lpm_dff0:inst|lpm_ff:lpm_ff_component|altshift_taps:dffs_rtl_0|shift_taps_ujg:auto_generated|altsyncram_uru:altsyncram2|ram_block3a0~porta_datain_reg5 ; clock    ;
; N/A   ; None         ; 4.806 ns   ; Query   ; lpm_dff0:inst|lpm_ff:lpm_ff_component|altshift_taps:dffs_rtl_0|shift_taps_ujg:auto_generated|altsyncram_uru:altsyncram2|ram_block3a0~porta_datain_reg3 ; clock    ;
; N/A   ; None         ; 4.805 ns   ; Query   ; lpm_dff0:inst|lpm_ff:lpm_ff_component|altshift_taps:dffs_rtl_0|shift_taps_ujg:auto_generated|altsyncram_uru:altsyncram2|ram_block3a0~porta_datain_reg1 ; clock    ;
; N/A   ; None         ; 4.802 ns   ; Query   ; lpm_dff0:inst|lpm_ff:lpm_ff_component|altshift_taps:dffs_rtl_0|shift_taps_ujg:auto_generated|altsyncram_uru:altsyncram2|ram_block3a0~porta_datain_reg7 ; clock    ;
; N/A   ; None         ; 4.116 ns   ; DATA[5] ; lpm_dff0:inst|lpm_ff:lpm_ff_component|altshift_taps:dffs_rtl_0|shift_taps_ujg:auto_generated|altsyncram_uru:altsyncram2|ram_block3a0~porta_datain_reg2 ; clock    ;
; N/A   ; None         ; 3.788 ns   ; DATA[4] ; lpm_dff0:inst|lpm_ff:lpm_ff_component|altshift_taps:dffs_rtl_0|shift_taps_ujg:auto_generated|altsyncram_uru:altsyncram2|ram_block3a0~porta_datain_reg3 ; clock    ;
; N/A   ; None         ; 3.762 ns   ; DATA[7] ; lpm_dff0:inst|lpm_ff:lpm_ff_component|altshift_taps:dffs_rtl_0|shift_taps_ujg:auto_generated|altsyncram_uru:altsyncram2|ram_block3a0~porta_datain_reg0 ; clock    ;
; N/A   ; None         ; 3.742 ns   ; DATA[2] ; lpm_dff0:inst|lpm_ff:lpm_ff_component|altshift_taps:dffs_rtl_0|shift_taps_ujg:auto_generated|altsyncram_uru:altsyncram2|ram_block3a0~porta_datain_reg5 ; clock    ;
; N/A   ; None         ; 3.734 ns   ; DATA[6] ; lpm_dff0:inst|lpm_ff:lpm_ff_component|altshift_taps:dffs_rtl_0|shift_taps_ujg:auto_generated|altsyncram_uru:altsyncram2|ram_block3a0~porta_datain_reg1 ; clock    ;
; N/A   ; None         ; 3.712 ns   ; DATA[1] ; lpm_dff0:inst|lpm_ff:lpm_ff_component|altshift_taps:dffs_rtl_0|shift_taps_ujg:auto_generated|altsyncram_uru:altsyncram2|ram_block3a0~porta_datain_reg6 ; clock    ;
; N/A   ; None         ; 3.167 ns   ; DATA[3] ; lpm_dff0:inst|lpm_ff:lpm_ff_component|altshift_taps:dffs_rtl_0|shift_taps_ujg:auto_generated|altsyncram_uru:altsyncram2|ram_block3a0~porta_datain_reg4 ; clock    ;
; N/A   ; None         ; 2.743 ns   ; DATA[0] ; lpm_dff0:inst|lpm_ff:lpm_ff_component|altshift_taps:dffs_rtl_0|shift_taps_ujg:auto_generated|altsyncram_uru:altsyncram2|ram_block3a0~porta_datain_reg7 ; clock    ;
+-------+--------------+------------+---------+--------------------------------------------------------------------------------------------------------------------------------------------------------+----------+


+-------------------------------------------------------------------------------------------------------------------------------------------------------------------------------------------+
; tco                                                                                                                                                                                       ;
+-------+--------------+------------+--------------------------------------------------------------------------------------------------------------------------------+---------+------------+
; Slack ; Required tco ; Actual tco ; From                                                                                                                           ; To      ; From Clock ;
+-------+--------------+------------+--------------------------------------------------------------------------------------------------------------------------------+---------+------------+
; N/A   ; None         ; 10.450 ns  ; lpm_dff0:inst|lpm_ff:lpm_ff_component|altshift_taps:dffs_rtl_0|shift_taps_ujg:auto_generated|altsyncram_uru:altsyncram2|q_b[5] ; Get     ; clock      ;
; N/A   ; None         ; 10.326 ns  ; lpm_dff0:inst|lpm_ff:lpm_ff_component|altshift_taps:dffs_rtl_0|shift_taps_ujg:auto_generated|altsyncram_uru:altsyncram2|q_b[2] ; Get     ; clock      ;
; N/A   ; None         ; 10.214 ns  ; lpm_dff0:inst|lpm_ff:lpm_ff_component|altshift_taps:dffs_rtl_0|shift_taps_ujg:auto_generated|altsyncram_uru:altsyncram2|q_b[0] ; Get     ; clock      ;
; N/A   ; None         ; 10.200 ns  ; lpm_dff0:inst|lpm_ff:lpm_ff_component|altshift_taps:dffs_rtl_0|shift_taps_ujg:auto_generated|altsyncram_uru:altsyncram2|q_b[4] ; Get     ; clock      ;
; N/A   ; None         ; 10.144 ns  ; lpm_dff0:inst|lpm_ff:lpm_ff_component|altshift_taps:dffs_rtl_0|shift_taps_ujg:auto_generated|altsyncram_uru:altsyncram2|q_b[3] ; Get     ; clock      ;
; N/A   ; None         ; 10.118 ns  ; lpm_dff0:inst|lpm_ff:lpm_ff_component|altshift_taps:dffs_rtl_0|shift_taps_ujg:auto_generated|altsyncram_uru:altsyncram2|q_b[5] ; Synchro ; clock      ;
; N/A   ; None         ; 9.994 ns   ; lpm_dff0:inst|lpm_ff:lpm_ff_component|altshift_taps:dffs_rtl_0|shift_taps_ujg:auto_generated|altsyncram_uru:altsyncram2|q_b[2] ; Synchro ; clock      ;
; N/A   ; None         ; 9.882 ns   ; lpm_dff0:inst|lpm_ff:lpm_ff_component|altshift_taps:dffs_rtl_0|shift_taps_ujg:auto_generated|altsyncram_uru:altsyncram2|q_b[0] ; Synchro ; clock      ;
; N/A   ; None         ; 9.868 ns   ; lpm_dff0:inst|lpm_ff:lpm_ff_component|altshift_taps:dffs_rtl_0|shift_taps_ujg:auto_generated|altsyncram_uru:altsyncram2|q_b[4] ; Synchro ; clock      ;
; N/A   ; None         ; 9.833 ns   ; lpm_dff0:inst|lpm_ff:lpm_ff_component|altshift_taps:dffs_rtl_0|shift_taps_ujg:auto_generated|altsyncram_uru:altsyncram2|q_b[7] ; Get     ; clock      ;
; N/A   ; None         ; 9.812 ns   ; lpm_dff0:inst|lpm_ff:lpm_ff_component|altshift_taps:dffs_rtl_0|shift_taps_ujg:auto_generated|altsyncram_uru:altsyncram2|q_b[3] ; Synchro ; clock      ;
; N/A   ; None         ; 9.773 ns   ; lpm_dff0:inst|lpm_ff:lpm_ff_component|altshift_taps:dffs_rtl_0|shift_taps_ujg:auto_generated|altsyncram_uru:altsyncram2|q_b[6] ; Get     ; clock      ;
; N/A   ; None         ; 9.501 ns   ; lpm_dff0:inst|lpm_ff:lpm_ff_component|altshift_taps:dffs_rtl_0|shift_taps_ujg:auto_generated|altsyncram_uru:altsyncram2|q_b[7] ; Synchro ; clock      ;
; N/A   ; None         ; 9.441 ns   ; lpm_dff0:inst|lpm_ff:lpm_ff_component|altshift_taps:dffs_rtl_0|shift_taps_ujg:auto_generated|altsyncram_uru:altsyncram2|q_b[6] ; Synchro ; clock      ;
; N/A   ; None         ; 9.013 ns   ; lpm_dff0:inst|lpm_ff:lpm_ff_component|altshift_taps:dffs_rtl_0|shift_taps_ujg:auto_generated|altsyncram_uru:altsyncram2|q_b[1] ; Get     ; clock      ;
; N/A   ; None         ; 8.718 ns   ; lpm_counter1:inst6|lpm_counter:lpm_counter_component|cntr_gb7:auto_generated|safe_q[3]                                         ; Get     ; clock      ;
; N/A   ; None         ; 8.681 ns   ; lpm_dff0:inst|lpm_ff:lpm_ff_component|altshift_taps:dffs_rtl_0|shift_taps_ujg:auto_generated|altsyncram_uru:altsyncram2|q_b[1] ; Synchro ; clock      ;
; N/A   ; None         ; 7.166 ns   ; lpm_dff0:inst|lpm_ff:lpm_ff_component|altshift_taps:dffs_rtl_0|shift_taps_ujg:auto_generated|altsyncram_uru:altsyncram2|q_b[2] ; Q[5]    ; clock      ;
; N/A   ; None         ; 7.120 ns   ; lpm_dff0:inst|lpm_ff:lpm_ff_component|altshift_taps:dffs_rtl_0|shift_taps_ujg:auto_generated|altsyncram_uru:altsyncram2|q_b[7] ; Q[0]    ; clock      ;
; N/A   ; None         ; 7.007 ns   ; lpm_dff0:inst|lpm_ff:lpm_ff_component|altshift_taps:dffs_rtl_0|shift_taps_ujg:auto_generated|altsyncram_uru:altsyncram2|q_b[3] ; Q[4]    ; clock      ;
; N/A   ; None         ; 6.984 ns   ; lpm_dff0:inst|lpm_ff:lpm_ff_component|altshift_taps:dffs_rtl_0|shift_taps_ujg:auto_generated|altsyncram_uru:altsyncram2|q_b[4] ; Q[3]    ; clock      ;
; N/A   ; None         ; 6.983 ns   ; lpm_dff0:inst|lpm_ff:lpm_ff_component|altshift_taps:dffs_rtl_0|shift_taps_ujg:auto_generated|altsyncram_uru:altsyncram2|q_b[0] ; Q[7]    ; clock      ;
; N/A   ; None         ; 6.980 ns   ; lpm_dff0:inst|lpm_ff:lpm_ff_component|altshift_taps:dffs_rtl_0|shift_taps_ujg:auto_generated|altsyncram_uru:altsyncram2|q_b[5] ; Q[2]    ; clock      ;
; N/A   ; None         ; 6.977 ns   ; lpm_dff0:inst|lpm_ff:lpm_ff_component|altshift_taps:dffs_rtl_0|shift_taps_ujg:auto_generated|altsyncram_uru:altsyncram2|q_b[1] ; Q[6]    ; clock      ;
; N/A   ; None         ; 6.951 ns   ; lpm_dff0:inst|lpm_ff:lpm_ff_component|altshift_taps:dffs_rtl_0|shift_taps_ujg:auto_generated|altsyncram_uru:altsyncram2|q_b[6] ; Q[1]    ; clock      ;
+-------+--------------+------------+--------------------------------------------------------------------------------------------------------------------------------+---------+------------+


+----------------------------------------------------------------+
; tpd                                                            ;
+-------+-------------------+-----------------+--------+---------+
; Slack ; Required P2P Time ; Actual P2P Time ; From   ; To      ;
+-------+-------------------+-----------------+--------+---------+
; N/A   ; None              ; 11.501 ns       ; KKS[4] ; Get     ;
; N/A   ; None              ; 11.207 ns       ; KKS[5] ; Get     ;
; N/A   ; None              ; 11.206 ns       ; KKS[1] ; Get     ;
; N/A   ; None              ; 11.192 ns       ; KKS[0] ; Get     ;
; N/A   ; None              ; 11.169 ns       ; KKS[4] ; Synchro ;
; N/A   ; None              ; 11.079 ns       ; KKS[7] ; Get     ;
; N/A   ; None              ; 11.050 ns       ; KKS[2] ; Get     ;
; N/A   ; None              ; 10.875 ns       ; KKS[5] ; Synchro ;
; N/A   ; None              ; 10.874 ns       ; KKS[1] ; Synchro ;
; N/A   ; None              ; 10.860 ns       ; KKS[0] ; Synchro ;
; N/A   ; None              ; 10.747 ns       ; KKS[7] ; Synchro ;
; N/A   ; None              ; 10.718 ns       ; KKS[2] ; Synchro ;
; N/A   ; None              ; 10.602 ns       ; KKS[3] ; Get     ;
; N/A   ; None              ; 10.544 ns       ; KKS[6] ; Get     ;
; N/A   ; None              ; 10.270 ns       ; KKS[3] ; Synchro ;
; N/A   ; None              ; 10.212 ns       ; KKS[6] ; Synchro ;
; N/A   ; None              ; 9.742 ns        ; Query  ; Get     ;
+-------+-------------------+-----------------+--------+---------+


+-----------------------------------------------------------------------------------------------------------------------------------------------------------------------------------------------------------------------+
; th                                                                                                                                                                                                                    ;
+---------------+-------------+-----------+---------+--------------------------------------------------------------------------------------------------------------------------------------------------------+----------+
; Minimum Slack ; Required th ; Actual th ; From    ; To                                                                                                                                                     ; To Clock ;
+---------------+-------------+-----------+---------+--------------------------------------------------------------------------------------------------------------------------------------------------------+----------+
; N/A           ; None        ; -2.599 ns ; DATA[0] ; lpm_dff0:inst|lpm_ff:lpm_ff_component|altshift_taps:dffs_rtl_0|shift_taps_ujg:auto_generated|altsyncram_uru:altsyncram2|ram_block3a0~porta_datain_reg7 ; clock    ;
; N/A           ; None        ; -3.023 ns ; DATA[3] ; lpm_dff0:inst|lpm_ff:lpm_ff_component|altshift_taps:dffs_rtl_0|shift_taps_ujg:auto_generated|altsyncram_uru:altsyncram2|ram_block3a0~porta_datain_reg4 ; clock    ;
; N/A           ; None        ; -3.568 ns ; DATA[1] ; lpm_dff0:inst|lpm_ff:lpm_ff_component|altshift_taps:dffs_rtl_0|shift_taps_ujg:auto_generated|altsyncram_uru:altsyncram2|ram_block3a0~porta_datain_reg6 ; clock    ;
; N/A           ; None        ; -3.590 ns ; DATA[6] ; lpm_dff0:inst|lpm_ff:lpm_ff_component|altshift_taps:dffs_rtl_0|shift_taps_ujg:auto_generated|altsyncram_uru:altsyncram2|ram_block3a0~porta_datain_reg1 ; clock    ;
; N/A           ; None        ; -3.598 ns ; DATA[2] ; lpm_dff0:inst|lpm_ff:lpm_ff_component|altshift_taps:dffs_rtl_0|shift_taps_ujg:auto_generated|altsyncram_uru:altsyncram2|ram_block3a0~porta_datain_reg5 ; clock    ;
; N/A           ; None        ; -3.618 ns ; DATA[7] ; lpm_dff0:inst|lpm_ff:lpm_ff_component|altshift_taps:dffs_rtl_0|shift_taps_ujg:auto_generated|altsyncram_uru:altsyncram2|ram_block3a0~porta_datain_reg0 ; clock    ;
; N/A           ; None        ; -3.644 ns ; DATA[4] ; lpm_dff0:inst|lpm_ff:lpm_ff_component|altshift_taps:dffs_rtl_0|shift_taps_ujg:auto_generated|altsyncram_uru:altsyncram2|ram_block3a0~porta_datain_reg3 ; clock    ;
; N/A           ; None        ; -3.972 ns ; DATA[5] ; lpm_dff0:inst|lpm_ff:lpm_ff_component|altshift_taps:dffs_rtl_0|shift_taps_ujg:auto_generated|altsyncram_uru:altsyncram2|ram_block3a0~porta_datain_reg2 ; clock    ;
; N/A           ; None        ; -4.658 ns ; Query   ; lpm_dff0:inst|lpm_ff:lpm_ff_component|altshift_taps:dffs_rtl_0|shift_taps_ujg:auto_generated|altsyncram_uru:altsyncram2|ram_block3a0~porta_datain_reg7 ; clock    ;
; N/A           ; None        ; -4.661 ns ; Query   ; lpm_dff0:inst|lpm_ff:lpm_ff_component|altshift_taps:dffs_rtl_0|shift_taps_ujg:auto_generated|altsyncram_uru:altsyncram2|ram_block3a0~porta_datain_reg1 ; clock    ;
; N/A           ; None        ; -4.662 ns ; Query   ; lpm_dff0:inst|lpm_ff:lpm_ff_component|altshift_taps:dffs_rtl_0|shift_taps_ujg:auto_generated|altsyncram_uru:altsyncram2|ram_block3a0~porta_datain_reg3 ; clock    ;
; N/A           ; None        ; -4.665 ns ; Query   ; lpm_dff0:inst|lpm_ff:lpm_ff_component|altshift_taps:dffs_rtl_0|shift_taps_ujg:auto_generated|altsyncram_uru:altsyncram2|ram_block3a0~porta_datain_reg5 ; clock    ;
; N/A           ; None        ; -4.673 ns ; Query   ; lpm_dff0:inst|lpm_ff:lpm_ff_component|altshift_taps:dffs_rtl_0|shift_taps_ujg:auto_generated|altsyncram_uru:altsyncram2|ram_block3a0~porta_datain_reg0 ; clock    ;
; N/A           ; None        ; -4.675 ns ; Query   ; lpm_dff0:inst|lpm_ff:lpm_ff_component|altshift_taps:dffs_rtl_0|shift_taps_ujg:auto_generated|altsyncram_uru:altsyncram2|ram_block3a0~porta_datain_reg6 ; clock    ;
; N/A           ; None        ; -4.897 ns ; Query   ; lpm_dff0:inst|lpm_ff:lpm_ff_component|altshift_taps:dffs_rtl_0|shift_taps_ujg:auto_generated|altsyncram_uru:altsyncram2|ram_block3a0~porta_datain_reg2 ; clock    ;
; N/A           ; None        ; -4.899 ns ; Query   ; lpm_dff0:inst|lpm_ff:lpm_ff_component|altshift_taps:dffs_rtl_0|shift_taps_ujg:auto_generated|altsyncram_uru:altsyncram2|ram_block3a0~porta_datain_reg4 ; clock    ;
; N/A           ; None        ; -5.460 ns ; KKS[6]  ; lpm_dff0:inst|lpm_ff:lpm_ff_component|altshift_taps:dffs_rtl_0|shift_taps_ujg:auto_generated|altsyncram_uru:altsyncram2|ram_block3a0~porta_datain_reg7 ; clock    ;
; N/A           ; None        ; -5.463 ns ; KKS[6]  ; lpm_dff0:inst|lpm_ff:lpm_ff_component|altshift_taps:dffs_rtl_0|shift_taps_ujg:auto_generated|altsyncram_uru:altsyncram2|ram_block3a0~porta_datain_reg1 ; clock    ;
; N/A           ; None        ; -5.464 ns ; KKS[6]  ; lpm_dff0:inst|lpm_ff:lpm_ff_component|altshift_taps:dffs_rtl_0|shift_taps_ujg:auto_generated|altsyncram_uru:altsyncram2|ram_block3a0~porta_datain_reg3 ; clock    ;
; N/A           ; None        ; -5.467 ns ; KKS[6]  ; lpm_dff0:inst|lpm_ff:lpm_ff_component|altshift_taps:dffs_rtl_0|shift_taps_ujg:auto_generated|altsyncram_uru:altsyncram2|ram_block3a0~porta_datain_reg5 ; clock    ;
; N/A           ; None        ; -5.475 ns ; KKS[6]  ; lpm_dff0:inst|lpm_ff:lpm_ff_component|altshift_taps:dffs_rtl_0|shift_taps_ujg:auto_generated|altsyncram_uru:altsyncram2|ram_block3a0~porta_datain_reg0 ; clock    ;
; N/A           ; None        ; -5.477 ns ; KKS[6]  ; lpm_dff0:inst|lpm_ff:lpm_ff_component|altshift_taps:dffs_rtl_0|shift_taps_ujg:auto_generated|altsyncram_uru:altsyncram2|ram_block3a0~porta_datain_reg6 ; clock    ;
; N/A           ; None        ; -5.518 ns ; KKS[3]  ; lpm_dff0:inst|lpm_ff:lpm_ff_component|altshift_taps:dffs_rtl_0|shift_taps_ujg:auto_generated|altsyncram_uru:altsyncram2|ram_block3a0~porta_datain_reg7 ; clock    ;
; N/A           ; None        ; -5.521 ns ; KKS[3]  ; lpm_dff0:inst|lpm_ff:lpm_ff_component|altshift_taps:dffs_rtl_0|shift_taps_ujg:auto_generated|altsyncram_uru:altsyncram2|ram_block3a0~porta_datain_reg1 ; clock    ;
; N/A           ; None        ; -5.522 ns ; KKS[3]  ; lpm_dff0:inst|lpm_ff:lpm_ff_component|altshift_taps:dffs_rtl_0|shift_taps_ujg:auto_generated|altsyncram_uru:altsyncram2|ram_block3a0~porta_datain_reg3 ; clock    ;
; N/A           ; None        ; -5.525 ns ; KKS[3]  ; lpm_dff0:inst|lpm_ff:lpm_ff_component|altshift_taps:dffs_rtl_0|shift_taps_ujg:auto_generated|altsyncram_uru:altsyncram2|ram_block3a0~porta_datain_reg5 ; clock    ;
; N/A           ; None        ; -5.533 ns ; KKS[3]  ; lpm_dff0:inst|lpm_ff:lpm_ff_component|altshift_taps:dffs_rtl_0|shift_taps_ujg:auto_generated|altsyncram_uru:altsyncram2|ram_block3a0~porta_datain_reg0 ; clock    ;
; N/A           ; None        ; -5.535 ns ; KKS[3]  ; lpm_dff0:inst|lpm_ff:lpm_ff_component|altshift_taps:dffs_rtl_0|shift_taps_ujg:auto_generated|altsyncram_uru:altsyncram2|ram_block3a0~porta_datain_reg6 ; clock    ;
; N/A           ; None        ; -5.699 ns ; KKS[6]  ; lpm_dff0:inst|lpm_ff:lpm_ff_component|altshift_taps:dffs_rtl_0|shift_taps_ujg:auto_generated|altsyncram_uru:altsyncram2|ram_block3a0~porta_datain_reg2 ; clock    ;
; N/A           ; None        ; -5.701 ns ; KKS[6]  ; lpm_dff0:inst|lpm_ff:lpm_ff_component|altshift_taps:dffs_rtl_0|shift_taps_ujg:auto_generated|altsyncram_uru:altsyncram2|ram_block3a0~porta_datain_reg4 ; clock    ;
; N/A           ; None        ; -5.757 ns ; KKS[3]  ; lpm_dff0:inst|lpm_ff:lpm_ff_component|altshift_taps:dffs_rtl_0|shift_taps_ujg:auto_generated|altsyncram_uru:altsyncram2|ram_block3a0~porta_datain_reg2 ; clock    ;
; N/A           ; None        ; -5.759 ns ; KKS[3]  ; lpm_dff0:inst|lpm_ff:lpm_ff_component|altshift_taps:dffs_rtl_0|shift_taps_ujg:auto_generated|altsyncram_uru:altsyncram2|ram_block3a0~porta_datain_reg4 ; clock    ;
; N/A           ; None        ; -5.966 ns ; KKS[2]  ; lpm_dff0:inst|lpm_ff:lpm_ff_component|altshift_taps:dffs_rtl_0|shift_taps_ujg:auto_generated|altsyncram_uru:altsyncram2|ram_block3a0~porta_datain_reg7 ; clock    ;
; N/A           ; None        ; -5.969 ns ; KKS[2]  ; lpm_dff0:inst|lpm_ff:lpm_ff_component|altshift_taps:dffs_rtl_0|shift_taps_ujg:auto_generated|altsyncram_uru:altsyncram2|ram_block3a0~porta_datain_reg1 ; clock    ;
; N/A           ; None        ; -5.970 ns ; KKS[2]  ; lpm_dff0:inst|lpm_ff:lpm_ff_component|altshift_taps:dffs_rtl_0|shift_taps_ujg:auto_generated|altsyncram_uru:altsyncram2|ram_block3a0~porta_datain_reg3 ; clock    ;
; N/A           ; None        ; -5.973 ns ; KKS[2]  ; lpm_dff0:inst|lpm_ff:lpm_ff_component|altshift_taps:dffs_rtl_0|shift_taps_ujg:auto_generated|altsyncram_uru:altsyncram2|ram_block3a0~porta_datain_reg5 ; clock    ;
; N/A           ; None        ; -5.981 ns ; KKS[2]  ; lpm_dff0:inst|lpm_ff:lpm_ff_component|altshift_taps:dffs_rtl_0|shift_taps_ujg:auto_generated|altsyncram_uru:altsyncram2|ram_block3a0~porta_datain_reg0 ; clock    ;
; N/A           ; None        ; -5.983 ns ; KKS[2]  ; lpm_dff0:inst|lpm_ff:lpm_ff_component|altshift_taps:dffs_rtl_0|shift_taps_ujg:auto_generated|altsyncram_uru:altsyncram2|ram_block3a0~porta_datain_reg6 ; clock    ;
; N/A           ; None        ; -5.995 ns ; KKS[7]  ; lpm_dff0:inst|lpm_ff:lpm_ff_component|altshift_taps:dffs_rtl_0|shift_taps_ujg:auto_generated|altsyncram_uru:altsyncram2|ram_block3a0~porta_datain_reg7 ; clock    ;
; N/A           ; None        ; -5.998 ns ; KKS[7]  ; lpm_dff0:inst|lpm_ff:lpm_ff_component|altshift_taps:dffs_rtl_0|shift_taps_ujg:auto_generated|altsyncram_uru:altsyncram2|ram_block3a0~porta_datain_reg1 ; clock    ;
; N/A           ; None        ; -5.999 ns ; KKS[7]  ; lpm_dff0:inst|lpm_ff:lpm_ff_component|altshift_taps:dffs_rtl_0|shift_taps_ujg:auto_generated|altsyncram_uru:altsyncram2|ram_block3a0~porta_datain_reg3 ; clock    ;
; N/A           ; None        ; -6.002 ns ; KKS[7]  ; lpm_dff0:inst|lpm_ff:lpm_ff_component|altshift_taps:dffs_rtl_0|shift_taps_ujg:auto_generated|altsyncram_uru:altsyncram2|ram_block3a0~porta_datain_reg5 ; clock    ;
; N/A           ; None        ; -6.010 ns ; KKS[7]  ; lpm_dff0:inst|lpm_ff:lpm_ff_component|altshift_taps:dffs_rtl_0|shift_taps_ujg:auto_generated|altsyncram_uru:altsyncram2|ram_block3a0~porta_datain_reg0 ; clock    ;
; N/A           ; None        ; -6.012 ns ; KKS[7]  ; lpm_dff0:inst|lpm_ff:lpm_ff_component|altshift_taps:dffs_rtl_0|shift_taps_ujg:auto_generated|altsyncram_uru:altsyncram2|ram_block3a0~porta_datain_reg6 ; clock    ;
; N/A           ; None        ; -6.108 ns ; KKS[0]  ; lpm_dff0:inst|lpm_ff:lpm_ff_component|altshift_taps:dffs_rtl_0|shift_taps_ujg:auto_generated|altsyncram_uru:altsyncram2|ram_block3a0~porta_datain_reg7 ; clock    ;
; N/A           ; None        ; -6.111 ns ; KKS[0]  ; lpm_dff0:inst|lpm_ff:lpm_ff_component|altshift_taps:dffs_rtl_0|shift_taps_ujg:auto_generated|altsyncram_uru:altsyncram2|ram_block3a0~porta_datain_reg1 ; clock    ;
; N/A           ; None        ; -6.112 ns ; KKS[0]  ; lpm_dff0:inst|lpm_ff:lpm_ff_component|altshift_taps:dffs_rtl_0|shift_taps_ujg:auto_generated|altsyncram_uru:altsyncram2|ram_block3a0~porta_datain_reg3 ; clock    ;
; N/A           ; None        ; -6.115 ns ; KKS[0]  ; lpm_dff0:inst|lpm_ff:lpm_ff_component|altshift_taps:dffs_rtl_0|shift_taps_ujg:auto_generated|altsyncram_uru:altsyncram2|ram_block3a0~porta_datain_reg5 ; clock    ;
; N/A           ; None        ; -6.122 ns ; KKS[1]  ; lpm_dff0:inst|lpm_ff:lpm_ff_component|altshift_taps:dffs_rtl_0|shift_taps_ujg:auto_generated|altsyncram_uru:altsyncram2|ram_block3a0~porta_datain_reg7 ; clock    ;
; N/A           ; None        ; -6.123 ns ; KKS[5]  ; lpm_dff0:inst|lpm_ff:lpm_ff_component|altshift_taps:dffs_rtl_0|shift_taps_ujg:auto_generated|altsyncram_uru:altsyncram2|ram_block3a0~porta_datain_reg7 ; clock    ;
; N/A           ; None        ; -6.123 ns ; KKS[0]  ; lpm_dff0:inst|lpm_ff:lpm_ff_component|altshift_taps:dffs_rtl_0|shift_taps_ujg:auto_generated|altsyncram_uru:altsyncram2|ram_block3a0~porta_datain_reg0 ; clock    ;
; N/A           ; None        ; -6.125 ns ; KKS[1]  ; lpm_dff0:inst|lpm_ff:lpm_ff_component|altshift_taps:dffs_rtl_0|shift_taps_ujg:auto_generated|altsyncram_uru:altsyncram2|ram_block3a0~porta_datain_reg1 ; clock    ;
; N/A           ; None        ; -6.125 ns ; KKS[0]  ; lpm_dff0:inst|lpm_ff:lpm_ff_component|altshift_taps:dffs_rtl_0|shift_taps_ujg:auto_generated|altsyncram_uru:altsyncram2|ram_block3a0~porta_datain_reg6 ; clock    ;
; N/A           ; None        ; -6.126 ns ; KKS[5]  ; lpm_dff0:inst|lpm_ff:lpm_ff_component|altshift_taps:dffs_rtl_0|shift_taps_ujg:auto_generated|altsyncram_uru:altsyncram2|ram_block3a0~porta_datain_reg1 ; clock    ;
; N/A           ; None        ; -6.126 ns ; KKS[1]  ; lpm_dff0:inst|lpm_ff:lpm_ff_component|altshift_taps:dffs_rtl_0|shift_taps_ujg:auto_generated|altsyncram_uru:altsyncram2|ram_block3a0~porta_datain_reg3 ; clock    ;
; N/A           ; None        ; -6.127 ns ; KKS[5]  ; lpm_dff0:inst|lpm_ff:lpm_ff_component|altshift_taps:dffs_rtl_0|shift_taps_ujg:auto_generated|altsyncram_uru:altsyncram2|ram_block3a0~porta_datain_reg3 ; clock    ;
; N/A           ; None        ; -6.129 ns ; KKS[1]  ; lpm_dff0:inst|lpm_ff:lpm_ff_component|altshift_taps:dffs_rtl_0|shift_taps_ujg:auto_generated|altsyncram_uru:altsyncram2|ram_block3a0~porta_datain_reg5 ; clock    ;
; N/A           ; None        ; -6.130 ns ; KKS[5]  ; lpm_dff0:inst|lpm_ff:lpm_ff_component|altshift_taps:dffs_rtl_0|shift_taps_ujg:auto_generated|altsyncram_uru:altsyncram2|ram_block3a0~porta_datain_reg5 ; clock    ;
; N/A           ; None        ; -6.137 ns ; KKS[1]  ; lpm_dff0:inst|lpm_ff:lpm_ff_component|altshift_taps:dffs_rtl_0|shift_taps_ujg:auto_generated|altsyncram_uru:altsyncram2|ram_block3a0~porta_datain_reg0 ; clock    ;
; N/A           ; None        ; -6.138 ns ; KKS[5]  ; lpm_dff0:inst|lpm_ff:lpm_ff_component|altshift_taps:dffs_rtl_0|shift_taps_ujg:auto_generated|altsyncram_uru:altsyncram2|ram_block3a0~porta_datain_reg0 ; clock    ;
; N/A           ; None        ; -6.139 ns ; KKS[1]  ; lpm_dff0:inst|lpm_ff:lpm_ff_component|altshift_taps:dffs_rtl_0|shift_taps_ujg:auto_generated|altsyncram_uru:altsyncram2|ram_block3a0~porta_datain_reg6 ; clock    ;
; N/A           ; None        ; -6.140 ns ; KKS[5]  ; lpm_dff0:inst|lpm_ff:lpm_ff_component|altshift_taps:dffs_rtl_0|shift_taps_ujg:auto_generated|altsyncram_uru:altsyncram2|ram_block3a0~porta_datain_reg6 ; clock    ;
; N/A           ; None        ; -6.205 ns ; KKS[2]  ; lpm_dff0:inst|lpm_ff:lpm_ff_component|altshift_taps:dffs_rtl_0|shift_taps_ujg:auto_generated|altsyncram_uru:altsyncram2|ram_block3a0~porta_datain_reg2 ; clock    ;
; N/A           ; None        ; -6.207 ns ; KKS[2]  ; lpm_dff0:inst|lpm_ff:lpm_ff_component|altshift_taps:dffs_rtl_0|shift_taps_ujg:auto_generated|altsyncram_uru:altsyncram2|ram_block3a0~porta_datain_reg4 ; clock    ;
; N/A           ; None        ; -6.234 ns ; KKS[7]  ; lpm_dff0:inst|lpm_ff:lpm_ff_component|altshift_taps:dffs_rtl_0|shift_taps_ujg:auto_generated|altsyncram_uru:altsyncram2|ram_block3a0~porta_datain_reg2 ; clock    ;
; N/A           ; None        ; -6.236 ns ; KKS[7]  ; lpm_dff0:inst|lpm_ff:lpm_ff_component|altshift_taps:dffs_rtl_0|shift_taps_ujg:auto_generated|altsyncram_uru:altsyncram2|ram_block3a0~porta_datain_reg4 ; clock    ;
; N/A           ; None        ; -6.347 ns ; KKS[0]  ; lpm_dff0:inst|lpm_ff:lpm_ff_component|altshift_taps:dffs_rtl_0|shift_taps_ujg:auto_generated|altsyncram_uru:altsyncram2|ram_block3a0~porta_datain_reg2 ; clock    ;
; N/A           ; None        ; -6.349 ns ; KKS[0]  ; lpm_dff0:inst|lpm_ff:lpm_ff_component|altshift_taps:dffs_rtl_0|shift_taps_ujg:auto_generated|altsyncram_uru:altsyncram2|ram_block3a0~porta_datain_reg4 ; clock    ;
; N/A           ; None        ; -6.361 ns ; KKS[1]  ; lpm_dff0:inst|lpm_ff:lpm_ff_component|altshift_taps:dffs_rtl_0|shift_taps_ujg:auto_generated|altsyncram_uru:altsyncram2|ram_block3a0~porta_datain_reg2 ; clock    ;
; N/A           ; None        ; -6.362 ns ; KKS[5]  ; lpm_dff0:inst|lpm_ff:lpm_ff_component|altshift_taps:dffs_rtl_0|shift_taps_ujg:auto_generated|altsyncram_uru:altsyncram2|ram_block3a0~porta_datain_reg2 ; clock    ;
; N/A           ; None        ; -6.363 ns ; KKS[1]  ; lpm_dff0:inst|lpm_ff:lpm_ff_component|altshift_taps:dffs_rtl_0|shift_taps_ujg:auto_generated|altsyncram_uru:altsyncram2|ram_block3a0~porta_datain_reg4 ; clock    ;
; N/A           ; None        ; -6.364 ns ; KKS[5]  ; lpm_dff0:inst|lpm_ff:lpm_ff_component|altshift_taps:dffs_rtl_0|shift_taps_ujg:auto_generated|altsyncram_uru:altsyncram2|ram_block3a0~porta_datain_reg4 ; clock    ;
; N/A           ; None        ; -6.417 ns ; KKS[4]  ; lpm_dff0:inst|lpm_ff:lpm_ff_component|altshift_taps:dffs_rtl_0|shift_taps_ujg:auto_generated|altsyncram_uru:altsyncram2|ram_block3a0~porta_datain_reg7 ; clock    ;
; N/A           ; None        ; -6.420 ns ; KKS[4]  ; lpm_dff0:inst|lpm_ff:lpm_ff_component|altshift_taps:dffs_rtl_0|shift_taps_ujg:auto_generated|altsyncram_uru:altsyncram2|ram_block3a0~porta_datain_reg1 ; clock    ;
; N/A           ; None        ; -6.421 ns ; KKS[4]  ; lpm_dff0:inst|lpm_ff:lpm_ff_component|altshift_taps:dffs_rtl_0|shift_taps_ujg:auto_generated|altsyncram_uru:altsyncram2|ram_block3a0~porta_datain_reg3 ; clock    ;
; N/A           ; None        ; -6.424 ns ; KKS[4]  ; lpm_dff0:inst|lpm_ff:lpm_ff_component|altshift_taps:dffs_rtl_0|shift_taps_ujg:auto_generated|altsyncram_uru:altsyncram2|ram_block3a0~porta_datain_reg5 ; clock    ;
; N/A           ; None        ; -6.432 ns ; KKS[4]  ; lpm_dff0:inst|lpm_ff:lpm_ff_component|altshift_taps:dffs_rtl_0|shift_taps_ujg:auto_generated|altsyncram_uru:altsyncram2|ram_block3a0~porta_datain_reg0 ; clock    ;
; N/A           ; None        ; -6.434 ns ; KKS[4]  ; lpm_dff0:inst|lpm_ff:lpm_ff_component|altshift_taps:dffs_rtl_0|shift_taps_ujg:auto_generated|altsyncram_uru:altsyncram2|ram_block3a0~porta_datain_reg6 ; clock    ;
; N/A           ; None        ; -6.656 ns ; KKS[4]  ; lpm_dff0:inst|lpm_ff:lpm_ff_component|altshift_taps:dffs_rtl_0|shift_taps_ujg:auto_generated|altsyncram_uru:altsyncram2|ram_block3a0~porta_datain_reg2 ; clock    ;
; N/A           ; None        ; -6.658 ns ; KKS[4]  ; lpm_dff0:inst|lpm_ff:lpm_ff_component|altshift_taps:dffs_rtl_0|shift_taps_ujg:auto_generated|altsyncram_uru:altsyncram2|ram_block3a0~porta_datain_reg4 ; clock    ;
+---------------+-------------+-----------+---------+--------------------------------------------------------------------------------------------------------------------------------------------------------+----------+


+--------------------------+
; Timing Analyzer Messages ;
+--------------------------+
Info: *******************************************************************
Info: Running Quartus II Timing Analyzer
    Info: Version 5.0 Build 148 04/26/2005 SJ Full Version
    Info: Processing started: Tue Feb 26 23:13:17 2019
Info: Command: quartus_tan --read_settings_files=off --write_settings_files=off laba1 -c laba1 --timing_analysis_only
Warning: Timing Analysis found one or more latches implemented as combinational loops
    Warning: Node "sr_ff:inst7|inst" is a latch
Info: Found combinational loop of 1 nodes
    Info: Node "sr_ff:inst8|inst"
Info: Found combinational loop of 1 nodes
    Info: Node "sr_ff:inst7|inst"
Warning: Found pins functioning as undefined clocks and/or memory enables
    Info: Assuming node "clock" is an undefined clock
Info: Clock "clock" has Internal fmax of 173.88 MHz between source memory "lpm_dff0:inst|lpm_ff:lpm_ff_component|altshift_taps:dffs_rtl_0|shift_taps_ujg:auto_generated|altsyncram_uru:altsyncram2|q_b[5]" and destination memory "lpm_dff0:inst|lpm_ff:lpm_ff_component|altshift_taps:dffs_rtl_0|shift_taps_ujg:auto_generated|altsyncram_uru:altsyncram2|ram_block3a0~porta_datain_reg4" (period= 5.751 ns)
    Info: + Longest memory to memory delay is 5.117 ns
        Info: 1: + IC(0.000 ns) + CELL(0.089 ns) = 0.089 ns; Loc. = M512_X49_Y12; Fanout = 3; MEM Node = 'lpm_dff0:inst|lpm_ff:lpm_ff_component|altshift_taps:dffs_rtl_0|shift_taps_ujg:auto_generated|altsyncram_uru:altsyncram2|q_b[5]'
        Info: 2: + IC(0.683 ns) + CELL(0.280 ns) = 1.052 ns; Loc. = LC_X50_Y12_N4; Fanout = 1; COMB Node = '8mcompb:inst5|f8mcompb:sub|101'
        Info: 3: + IC(0.326 ns) + CELL(0.366 ns) = 1.744 ns; Loc. = LC_X50_Y12_N7; Fanout = 1; COMB Node = '8mcompb:inst5|f8mcompb:sub|89~77'
        Info: 4: + IC(0.331 ns) + CELL(0.183 ns) = 2.258 ns; Loc. = LC_X50_Y12_N9; Fanout = 7; COMB Node = '8mcompb:inst5|f8mcompb:sub|89'
        Info: 5: + IC(0.000 ns) + CELL(1.233 ns) = 3.491 ns; Loc. = LC_X48_Y12_N0; Fanout = 10; COMB LOOP Node = 'sr_ff:inst8|inst'
            Info: Loc. = LC_X48_Y12_N0; Node "sr_ff:inst8|inst"
            Info: Loc. = LC_X48_Y12_N9; Node "sr_ff:inst7|inst"
        Info: 6: + IC(0.432 ns) + CELL(0.075 ns) = 3.998 ns; Loc. = LC_X48_Y12_N6; Fanout = 1; COMB Node = 'busmux:inst1|lpm_mux:$00000|mux_cgc:auto_generated|w_result49w~11'
        Info: 7: + IC(0.847 ns) + CELL(0.272 ns) = 5.117 ns; Loc. = M512_X49_Y12; Fanout = 1; MEM Node = 'lpm_dff0:inst|lpm_ff:lpm_ff_component|altshift_taps:dffs_rtl_0|shift_taps_ujg:auto_generated|altsyncram_uru:altsyncram2|ram_block3a0~porta_datain_reg4'
        Info: Total cell delay = 2.498 ns ( 48.82 % )
        Info: Total interconnect delay = 2.619 ns ( 51.18 % )
    Info: - Smallest clock skew is -0.005 ns
        Info: + Shortest clock path from clock "clock" to destination memory is 2.660 ns
            Info: 1: + IC(0.000 ns) + CELL(0.725 ns) = 0.725 ns; Loc. = PIN_L2; Fanout = 37; CLK Node = 'clock'
            Info: 2: + IC(1.605 ns) + CELL(0.330 ns) = 2.660 ns; Loc. = M512_X49_Y12; Fanout = 1; MEM Node = 'lpm_dff0:inst|lpm_ff:lpm_ff_component|altshift_taps:dffs_rtl_0|shift_taps_ujg:auto_generated|altsyncram_uru:altsyncram2|ram_block3a0~porta_datain_reg4'
            Info: Total cell delay = 1.055 ns ( 39.66 % )
            Info: Total interconnect delay = 1.605 ns ( 60.34 % )
        Info: - Longest clock path from clock "clock" to source memory is 2.665 ns
            Info: 1: + IC(0.000 ns) + CELL(0.725 ns) = 0.725 ns; Loc. = PIN_L2; Fanout = 37; CLK Node = 'clock'
            Info: 2: + IC(1.605 ns) + CELL(0.335 ns) = 2.665 ns; Loc. = M512_X49_Y12; Fanout = 3; MEM Node = 'lpm_dff0:inst|lpm_ff:lpm_ff_component|altshift_taps:dffs_rtl_0|shift_taps_ujg:auto_generated|altsyncram_uru:altsyncram2|q_b[5]'
            Info: Total cell delay = 1.060 ns ( 39.77 % )
            Info: Total interconnect delay = 1.605 ns ( 60.23 % )
    Info: + Micro clock to output delay of source is 0.519 ns
    Info: + Micro setup delay of destination is 0.110 ns
Info: tsu for memory "lpm_dff0:inst|lpm_ff:lpm_ff_component|altshift_taps:dffs_rtl_0|shift_taps_ujg:auto_generated|altsyncram_uru:altsyncram2|ram_block3a0~porta_datain_reg4" (data pin = "KKS[4]", clock pin = "clock") is 6.802 ns
    Info: + Longest pin to memory delay is 9.352 ns
        Info: 1: + IC(0.000 ns) + CELL(1.234 ns) = 1.234 ns; Loc. = PIN_P4; Fanout = 1; PIN Node = 'KKS[4]'
        Info: 2: + IC(3.968 ns) + CELL(0.183 ns) = 5.385 ns; Loc. = LC_X50_Y12_N5; Fanout = 1; COMB Node = '8mcompb:inst5|f8mcompb:sub|99'
        Info: 3: + IC(0.337 ns) + CELL(0.183 ns) = 5.905 ns; Loc. = LC_X50_Y12_N1; Fanout = 1; COMB Node = '8mcompb:inst5|f8mcompb:sub|89~78'
        Info: 4: + IC(0.308 ns) + CELL(0.280 ns) = 6.493 ns; Loc. = LC_X50_Y12_N9; Fanout = 7; COMB Node = '8mcompb:inst5|f8mcompb:sub|89'
        Info: 5: + IC(0.000 ns) + CELL(1.233 ns) = 7.726 ns; Loc. = LC_X48_Y12_N0; Fanout = 10; COMB LOOP Node = 'sr_ff:inst8|inst'
            Info: Loc. = LC_X48_Y12_N0; Node "sr_ff:inst8|inst"
            Info: Loc. = LC_X48_Y12_N9; Node "sr_ff:inst7|inst"
        Info: 6: + IC(0.432 ns) + CELL(0.075 ns) = 8.233 ns; Loc. = LC_X48_Y12_N6; Fanout = 1; COMB Node = 'busmux:inst1|lpm_mux:$00000|mux_cgc:auto_generated|w_result49w~11'
        Info: 7: + IC(0.847 ns) + CELL(0.272 ns) = 9.352 ns; Loc. = M512_X49_Y12; Fanout = 1; MEM Node = 'lpm_dff0:inst|lpm_ff:lpm_ff_component|altshift_taps:dffs_rtl_0|shift_taps_ujg:auto_generated|altsyncram_uru:altsyncram2|ram_block3a0~porta_datain_reg4'
        Info: Total cell delay = 3.460 ns ( 37.00 % )
        Info: Total interconnect delay = 5.892 ns ( 63.00 % )
    Info: + Micro setup delay of destination is 0.110 ns
    Info: - Shortest clock path from clock "clock" to destination memory is 2.660 ns
        Info: 1: + IC(0.000 ns) + CELL(0.725 ns) = 0.725 ns; Loc. = PIN_L2; Fanout = 37; CLK Node = 'clock'
        Info: 2: + IC(1.605 ns) + CELL(0.330 ns) = 2.660 ns; Loc. = M512_X49_Y12; Fanout = 1; MEM Node = 'lpm_dff0:inst|lpm_ff:lpm_ff_component|altshift_taps:dffs_rtl_0|shift_taps_ujg:auto_generated|altsyncram_uru:altsyncram2|ram_block3a0~porta_datain_reg4'
        Info: Total cell delay = 1.055 ns ( 39.66 % )
        Info: Total interconnect delay = 1.605 ns ( 60.34 % )
Info: tco from clock "clock" to destination pin "Get" through memory "lpm_dff0:inst|lpm_ff:lpm_ff_component|altshift_taps:dffs_rtl_0|shift_taps_ujg:auto_generated|altsyncram_uru:altsyncram2|q_b[5]" is 10.450 ns
    Info: + Longest clock path from clock "clock" to source memory is 2.665 ns
        Info: 1: + IC(0.000 ns) + CELL(0.725 ns) = 0.725 ns; Loc. = PIN_L2; Fanout = 37; CLK Node = 'clock'
        Info: 2: + IC(1.605 ns) + CELL(0.335 ns) = 2.665 ns; Loc. = M512_X49_Y12; Fanout = 3; MEM Node = 'lpm_dff0:inst|lpm_ff:lpm_ff_component|altshift_taps:dffs_rtl_0|shift_taps_ujg:auto_generated|altsyncram_uru:altsyncram2|q_b[5]'
        Info: Total cell delay = 1.060 ns ( 39.77 % )
        Info: Total interconnect delay = 1.605 ns ( 60.23 % )
    Info: + Micro clock to output delay of source is 0.519 ns
    Info: + Longest memory to pin delay is 7.266 ns
        Info: 1: + IC(0.000 ns) + CELL(0.089 ns) = 0.089 ns; Loc. = M512_X49_Y12; Fanout = 3; MEM Node = 'lpm_dff0:inst|lpm_ff:lpm_ff_component|altshift_taps:dffs_rtl_0|shift_taps_ujg:auto_generated|altsyncram_uru:altsyncram2|q_b[5]'
        Info: 2: + IC(0.683 ns) + CELL(0.280 ns) = 1.052 ns; Loc. = LC_X50_Y12_N4; Fanout = 1; COMB Node = '8mcompb:inst5|f8mcompb:sub|101'
        Info: 3: + IC(0.326 ns) + CELL(0.366 ns) = 1.744 ns; Loc. = LC_X50_Y12_N7; Fanout = 1; COMB Node = '8mcompb:inst5|f8mcompb:sub|89~77'
        Info: 4: + IC(0.331 ns) + CELL(0.183 ns) = 2.258 ns; Loc. = LC_X50_Y12_N9; Fanout = 7; COMB Node = '8mcompb:inst5|f8mcompb:sub|89'
        Info: 5: + IC(0.000 ns) + CELL(1.233 ns) = 3.491 ns; Loc. = LC_X48_Y12_N0; Fanout = 10; COMB LOOP Node = 'sr_ff:inst8|inst'
            Info: Loc. = LC_X48_Y12_N0; Node "sr_ff:inst8|inst"
            Info: Loc. = LC_X48_Y12_N9; Node "sr_ff:inst7|inst"
        Info: 6: + IC(1.399 ns) + CELL(2.376 ns) = 7.266 ns; Loc. = PIN_U1; Fanout = 0; PIN Node = 'Get'
        Info: Total cell delay = 4.527 ns ( 62.30 % )
        Info: Total interconnect delay = 2.739 ns ( 37.70 % )
Info: Longest tpd from source pin "KKS[4]" to destination pin "Get" is 11.501 ns
    Info: 1: + IC(0.000 ns) + CELL(1.234 ns) = 1.234 ns; Loc. = PIN_P4; Fanout = 1; PIN Node = 'KKS[4]'
    Info: 2: + IC(3.968 ns) + CELL(0.183 ns) = 5.385 ns; Loc. = LC_X50_Y12_N5; Fanout = 1; COMB Node = '8mcompb:inst5|f8mcompb:sub|99'
    Info: 3: + IC(0.337 ns) + CELL(0.183 ns) = 5.905 ns; Loc. = LC_X50_Y12_N1; Fanout = 1; COMB Node = '8mcompb:inst5|f8mcompb:sub|89~78'
    Info: 4: + IC(0.308 ns) + CELL(0.280 ns) = 6.493 ns; Loc. = LC_X50_Y12_N9; Fanout = 7; COMB Node = '8mcompb:inst5|f8mcompb:sub|89'
    Info: 5: + IC(0.000 ns) + CELL(1.233 ns) = 7.726 ns; Loc. = LC_X48_Y12_N0; Fanout = 10; COMB LOOP Node = 'sr_ff:inst8|inst'
        Info: Loc. = LC_X48_Y12_N0; Node "sr_ff:inst8|inst"
        Info: Loc. = LC_X48_Y12_N9; Node "sr_ff:inst7|inst"
    Info: 6: + IC(1.399 ns) + CELL(2.376 ns) = 11.501 ns; Loc. = PIN_U1; Fanout = 0; PIN Node = 'Get'
    Info: Total cell delay = 5.489 ns ( 47.73 % )
    Info: Total interconnect delay = 6.012 ns ( 52.27 % )
Info: th for memory "lpm_dff0:inst|lpm_ff:lpm_ff_component|altshift_taps:dffs_rtl_0|shift_taps_ujg:auto_generated|altsyncram_uru:altsyncram2|ram_block3a0~porta_datain_reg7" (data pin = "DATA[0]", clock pin = "clock") is -2.599 ns
    Info: + Longest clock path from clock "clock" to destination memory is 2.660 ns
        Info: 1: + IC(0.000 ns) + CELL(0.725 ns) = 0.725 ns; Loc. = PIN_L2; Fanout = 37; CLK Node = 'clock'
        Info: 2: + IC(1.605 ns) + CELL(0.330 ns) = 2.660 ns; Loc. = M512_X49_Y12; Fanout = 1; MEM Node = 'lpm_dff0:inst|lpm_ff:lpm_ff_component|altshift_taps:dffs_rtl_0|shift_taps_ujg:auto_generated|altsyncram_uru:altsyncram2|ram_block3a0~porta_datain_reg7'
        Info: Total cell delay = 1.055 ns ( 39.66 % )
        Info: Total interconnect delay = 1.605 ns ( 60.34 % )
    Info: + Micro hold delay of destination is 0.034 ns
    Info: - Shortest pin to memory delay is 5.293 ns
        Info: 1: + IC(0.000 ns) + CELL(0.725 ns) = 0.725 ns; Loc. = PIN_M2; Fanout = 1; PIN Node = 'DATA[0]'
        Info: 2: + IC(3.494 ns) + CELL(0.183 ns) = 4.402 ns; Loc. = LC_X48_Y12_N1; Fanout = 1; COMB Node = 'busmux:inst1|lpm_mux:$00000|mux_cgc:auto_generated|w_result11w~11'
        Info: 3: + IC(0.619 ns) + CELL(0.272 ns) = 5.293 ns; Loc. = M512_X49_Y12; Fanout = 1; MEM Node = 'lpm_dff0:inst|lpm_ff:lpm_ff_component|altshift_taps:dffs_rtl_0|shift_taps_ujg:auto_generated|altsyncram_uru:altsyncram2|ram_block3a0~porta_datain_reg7'
        Info: Total cell delay = 1.180 ns ( 22.29 % )
        Info: Total interconnect delay = 4.113 ns ( 77.71 % )
Info: Quartus II Timing Analyzer was successful. 0 errors, 3 warnings
    Info: Processing ended: Tue Feb 26 23:13:17 2019
    Info: Elapsed time: 00:00:00


