Project Information                                c:\projects\alu\4_8_msb.rpt

MAX+plus II Compiler Report File
Version 9.01 07/30/98
Compiled: 12/17/20 15:23:58

Copyright (C) 1988-1998 Altera Corporation
Any megafunction design, and related net list (encrypted or decrypted),
support information, device programming or simulation file, and any other
associated documentation or information provided by Altera or a partner
under Altera's Megafunction Partnership Program may be used only to
program PLD devices (but not masked PLD devices) from Altera.  Any other
use of such megafunction design, net list, support information, device
programming or simulation file, or any other related documentation or
information is prohibited for any other purpose, including, but not
limited to modification, reverse engineering, de-compiling, or use with
any other silicon devices, unless such use is explicitly licensed under
a separate agreement with Altera or a megafunction partner.  Title to
the intellectual property, including patents, copyrights, trademarks,
trade secrets, or maskworks, embodied in any such megafunction design,
net list, support information, device programming or simulation file, or
any other related documentation or information provided by Altera or a
megafunction partner, remains with Altera, the megafunction partner, or
their respective licensors.  No other licenses, including any licenses
needed under any third party's intellectual property, are provided herein.



***** Project compilation was successful




** DEVICE SUMMARY **

Chip/                     Input   Output   Bidir         Shareable
POF       Device          Pins    Pins     Pins     LCs  Expanders  % Utilized

4_8_msb   EPM7096LC68-7    12       10       0      96      39          100%
4_8_msb1  EPM7032LC44-6    4        2        0      2       0           6  %

TOTAL:                     16       12       0      98      39          76 %

User Pins:                 12       12       0  



Project Information                                c:\projects\alu\4_8_msb.rpt

** PROJECT COMPILATION MESSAGES **

Error: Project does not fit in specified device(s)
Info: Trying to find new partition/fit after discarding assignments as requested with the Partitioner/Fitter Status dialog box


Project Information                                c:\projects\alu\4_8_msb.rpt

** MULTIPLE PIN CONNECTIONS **


For node name 'A0'
Connect: {4_8_msb@13,   4_8_msb1@4}

For node name 'A1'
Connect: {4_8_msb@12,   4_8_msb1@5}

For node name 'B1'
Connect: {4_8_msb@20,   4_8_msb1@7}

For node name 'B0'
Connect: {4_8_msb@19,   4_8_msb1@6}


Project Information                                c:\projects\alu\4_8_msb.rpt

** FILE HIERARCHY **



|1digit_summator:40|
|1digit_summator:47|
|1digit_summator:46|
|1digit_summator:45|
|1digit_summator:44|
|1digit_summator:43|
|1digit_summator:42|
|1digit_summator:41|
|component:48|
|component:48|4_2_msb:25|
|component:48|4_2_msb:25|1digit_summator:49|
|component:48|4_2_msb:25|1digit_summator:62|
|component:48|4_2_msb:25|1digit_summator:61|
|component:48|4_2_msb:25|1digit_summator:59|
|component:48|4_2_msb:25|1digit_summator:58|
|component:48|4_2_msb:25|1digit_summator:57|
|component:48|4_2_msb:25|1digit_summator:56|
|component:48|4_2_msb:25|1digit_summator:55|
|component:48|4_2_msb:25|1digit_summator:54|
|component:48|4_2_msb:25|1digit_summator:53|
|component:48|4_2_msb:25|1digit_summator:52|
|component:48|4_2_msb:25|1digit_summator:51|
|component:48|4_2_msb:25|1digit_summator:50|
|component:48|4_2_msb:26|
|component:48|4_2_msb:26|1digit_summator:49|
|component:48|4_2_msb:26|1digit_summator:62|
|component:48|4_2_msb:26|1digit_summator:61|
|component:48|4_2_msb:26|1digit_summator:59|
|component:48|4_2_msb:26|1digit_summator:58|
|component:48|4_2_msb:26|1digit_summator:57|
|component:48|4_2_msb:26|1digit_summator:56|
|component:48|4_2_msb:26|1digit_summator:55|
|component:48|4_2_msb:26|1digit_summator:54|
|component:48|4_2_msb:26|1digit_summator:53|
|component:48|4_2_msb:26|1digit_summator:52|
|component:48|4_2_msb:26|1digit_summator:51|
|component:48|4_2_msb:26|1digit_summator:50|
|component:49|
|component:49|4_2_msb:25|
|component:49|4_2_msb:25|1digit_summator:49|
|component:49|4_2_msb:25|1digit_summator:62|
|component:49|4_2_msb:25|1digit_summator:61|
|component:49|4_2_msb:25|1digit_summator:59|
|component:49|4_2_msb:25|1digit_summator:58|
|component:49|4_2_msb:25|1digit_summator:57|
|component:49|4_2_msb:25|1digit_summator:56|
|component:49|4_2_msb:25|1digit_summator:55|
|component:49|4_2_msb:25|1digit_summator:54|
|component:49|4_2_msb:25|1digit_summator:53|
|component:49|4_2_msb:25|1digit_summator:52|
|component:49|4_2_msb:25|1digit_summator:51|
|component:49|4_2_msb:25|1digit_summator:50|
|component:49|4_2_msb:26|
|component:49|4_2_msb:26|1digit_summator:49|
|component:49|4_2_msb:26|1digit_summator:62|
|component:49|4_2_msb:26|1digit_summator:61|
|component:49|4_2_msb:26|1digit_summator:59|
|component:49|4_2_msb:26|1digit_summator:58|
|component:49|4_2_msb:26|1digit_summator:57|
|component:49|4_2_msb:26|1digit_summator:56|
|component:49|4_2_msb:26|1digit_summator:55|
|component:49|4_2_msb:26|1digit_summator:54|
|component:49|4_2_msb:26|1digit_summator:53|
|component:49|4_2_msb:26|1digit_summator:52|
|component:49|4_2_msb:26|1digit_summator:51|
|component:49|4_2_msb:26|1digit_summator:50|


Device-Specific Information:                       c:\projects\alu\4_8_msb.rpt
4_8_msb

***** Logic for device '4_8_msb' compiled without errors.




Device: EPM7096LC68-7

Device Options:
    Turbo Bit                                    = ON
    Security Bit                                 = OFF
    MultiVolt I/O                              = OFF



Device-Specific Information:                       c:\projects\alu\4_8_msb.rpt
4_8_msb

** ERROR SUMMARY **

Info: Chip '4_8_msb' in device 'EPM7096LC68-7' has less than 10% of logic cells available for future logic changes -- if your project is likely to change, Altera recommends using a larger device
                                                  R  R     R     
                                                  E  E     E     
                                V                 S  S     S     
                                C                 E  E  V  E     
                                C                 R  R  C  R     
              P  P     G        I  G  G  G  G  G  V  V  C  V     
              1  1  B  N  B  B  N  N  N  N  N  N  E  E  I  E  P  
              1  0  4  D  2  6  T  D  D  D  D  D  D  D  O  D  7  
            -----------------------------------------------------_ 
          /   9  8  7  6  5  4  3  2  1 68 67 66 65 64 63 62 61   | 
      P4 | 10                                                  60 | P6 
   VCCIO | 11                                                  59 | RESERVED 
      A1 | 12                                                  58 | GND 
      A0 | 13                                                  57 | RESERVED 
      B5 | 14                                                  56 | RESERVED 
      P2 | 15                                                  55 | RESERVED 
     GND | 16                                                  54 | RESERVED 
RESERVED | 17                                                  53 | VCCIO 
RESERVED | 18                  EPM7096LC68-7                   52 | RESERVED 
      B0 | 19                                                  51 | RESERVED 
      B1 | 20                                                  50 | RESERVED 
   VCCIO | 21                                                  49 | RESERVED 
      B3 | 22                                                  48 | GND 
      B7 | 23                                                  47 | P9 
RESERVED | 24                                                  46 | RESERVED 
RESERVED | 25                                                  45 | RESERVED 
     GND | 26                                                  44 | RESERVED 
         |_  27 28 29 30 31 32 33 34 35 36 37 38 39 40 41 42 43  _| 
           ------------------------------------------------------ 
              R  R  R  A  V  P  A  G  V  R  P  G  R  R  R  P  V  
              E  E  E  2  C  8  3  N  C  E  5  N  E  E  E  3  C  
              S  S  S     C        D  C  S     D  S  S  S     C  
              E  E  E     I           I  E        E  E  E     I  
              R  R  R     O           N  R        R  R  R     O  
              V  V  V                 T  V        V  V  V        
              E  E  E                    E        E  E  E        
              D  D  D                    D        D  D  D        


N.C. = Not Connected.
VCCINT = Dedicated power pin, which MUST be connected to VCC (5.0 volts).
VCCIO = Dedicated power pin, which MUST be connected to VCC (5.0 volts).
GND = Dedicated ground pin or unused dedicated input, which MUST be connected to GND.
RESERVED = Unused I/O pin, which MUST be left unconnected.



Device-Specific Information:                       c:\projects\alu\4_8_msb.rpt
4_8_msb

** RESOURCE USAGE **

                                                Shareable     External
Logic Array Block     Logic Cells   I/O Pins    Expanders   Interconnect

A:     LC1 - LC16    16/16(100%)   8/ 8(100%)  16/16(100%)  23/36( 63%) 
B:    LC17 - LC32    16/16(100%)   6/ 8( 75%)  16/16(100%)  27/36( 75%) 
C:    LC33 - LC48    16/16(100%)   3/ 8( 37%)  16/16(100%)  30/36( 83%) 
D:    LC49 - LC64    16/16(100%)   2/ 8( 25%)  16/16(100%)  29/36( 80%) 
E:    LC65 - LC80    16/16(100%)   1/ 8( 12%)  15/16( 93%)  28/36( 77%) 
F:    LC81 - LC96    16/16(100%)   2/ 8( 25%)  16/16(100%)  32/36( 88%) 


Total dedicated input pins used:                 0/4      (  0%)
Total I/O pins used:                            22/48     ( 45%)
Total logic cells used:                         96/96     (100%)
Total shareable expanders used:                 39/96     ( 40%)
Total Turbo logic cells used:                   96/96     (100%)
Total shareable expanders not available (n/a):  56/96     ( 58%)
Average fan-in:                                  8.57
Total fan-in:                                   823

Total input pins required:                      12
Total output pins required:                     10
Total bidirectional pins required:               0
Total logic cells required:                     96
Total flipflops required:                        0
Total product terms required:                  419
Total logic cells lending parallel expanders:    0
Total shareable expanders in database:          38

Synthesized logic cells:                        86/  96   ( 89%)



Device-Specific Information:                       c:\projects\alu\4_8_msb.rpt
4_8_msb

** INPUTS **

                                         Shareable
                                         Expanders     Fan-In    Fan-Out
 Pin     LC  LAB  Primitive    Code   Total Shared n/a INP  FBK  OUT  FBK  Name
  13    (1)  (A)      INPUT               0      0   0    0    0    3   61  A0
  12    (4)  (A)      INPUT               0      0   0    0    0    3   65  A1
  30   (37)  (C)      INPUT               0      0   0    0    0    2   64  A2
  33   (33)  (C)      INPUT               0      0   0    0    0    0   62  A3
  19   (24)  (B)      INPUT               0      0   0    0    0    2   16  B0
  20   (21)  (B)      INPUT               0      0   0    0    0    2   16  B1
   5   (14)  (A)      INPUT               0      0   0    0    0    2   22  B2
  22   (19)  (B)      INPUT               0      0   0    0    0    0   20  B3
   7   (12)  (A)      INPUT               0      0   0    0    0    2   40  B4
  14   (32)  (B)      INPUT               0      0   0    0    0    0   42  B5
   4   (16)  (A)      INPUT               0      0   0    0    0    0   38  B6
  23   (17)  (B)      INPUT               0      0   0    0    0    0   37  B7


Code:

s = Synthesized pin or logic cell
t = Turbo logic cell
+ = Synchronous flipflop
! = NOT gate push-back
r = Fitter-inserted logic cell


Device-Specific Information:                       c:\projects\alu\4_8_msb.rpt
4_8_msb

** OUTPUTS **

                                         Shareable
                                         Expanders     Fan-In    Fan-Out
 Pin     LC  LAB  Primitive    Code   Total Shared n/a INP  FBK  OUT  FBK  Name
  15     29    B     OUTPUT      t        2      1   1    6    1    0    0  P2
  42     59    D     OUTPUT      t        0      0   0    0    3    0    0  P3
  10      6    A     OUTPUT      t        3      0   1    7    4    0    0  P4
  37     51    D     OUTPUT      t        2      0   0    3    6    0    0  P5
  60     88    F     OUTPUT      t        2      1   0    0    4    0    0  P6
  61     89    F     OUTPUT      t        4      2   1    0   10    0    0  P7
  32     35    C     OUTPUT      t        0      0   0    0    4    0    0  P8
  47     67    E     OUTPUT      t        1      0   0    0    6    0    0  P9
   8      9    A     OUTPUT      t        0      0   0    0    2    0    0  P10
   9      8    A     OUTPUT      t        0      0   0    0    3    0    0  P11


Code:

s = Synthesized pin or logic cell
t = Turbo logic cell
+ = Synchronous flipflop
! = NOT gate push-back
r = Fitter-inserted logic cell


Device-Specific Information:                       c:\projects\alu\4_8_msb.rpt
4_8_msb

** BURIED LOGIC **

                                         Shareable
                                         Expanders     Fan-In    Fan-Out
 Pin     LC  LAB  Primitive    Code   Total Shared n/a INP  FBK  OUT  FBK  Name
 (39)    53    D       SOFT    s t        0      0   0    6    0    0    6  |component:48|4_2_msb:26|1digit_summator:51|~18~1
  (7)    12    A       SOFT    s t        0      0   0    2    1    0    5  |component:48|4_2_msb:26|1digit_summator:52|~17~1
   -     13    A       SOFT    s t        0      0   0    6    0    0    1  |component:48|4_2_msb:26|1digit_summator:52|~18~1
   -     36    C       SOFT    s t        0      0   0    0    2    0    1  |component:48|4_2_msb:26|1digit_summator:55|~9~1
   -      5    A       SOFT    s t        1      0   1    8    0    0    1  |component:48|4_2_msb:26|1digit_summator:55|~9~2
   -     11    A       SOFT    s t        0      0   0    7    0    0    1  |component:48|4_2_msb:26|1digit_summator:55|~9~3
   -     15    A       SOFT    s t        3      2   1    8    0    0    5  |component:48|4_2_msb:26|1digit_summator:55|~13~1
   -     55    D       SOFT    s t        0      0   0    8    0    0    1  |component:48|4_2_msb:26|1digit_summator:55|~13~2
 (12)     4    A       SOFT    s t        3      0   1    8    1    0    6  |component:48|4_2_msb:26|1digit_summator:56|~9~1
   -      2    A       SOFT    s t        0      0   0    8    1    0   11  |component:48|4_2_msb:26|1digit_summator:56|~13~1
   -      3    A       SOFT    s t        3      2   1    8    2    0   11  |component:48|4_2_msb:26|1digit_summator:56|~18~1
  (4)    16    A       SOFT    s t        1      0   1    6    0    1    0  |component:48|4_2_msb:26|1digit_summator:57|C~1 (|component:48|4_2_msb:26|1digit_summator:57|~19~1)
 (36)    49    D       SOFT    s t        0      0   0    6    0    2    6  |component:48|4_2_msb:26|1digit_summator:57|~20~1
 (59)    86    F       SOFT    s t        1      0   0    3    2    2    6  |component:48|4_2_msb:26|1digit_summator:58|~9~1
   -     22    B       SOFT    s t        1      0   1    6    0    0    1  |component:48|4_2_msb:26|1digit_summator:58|~9~2
   -     60    D       SOFT    s t        1      0   1    8    0    0    1  |component:48|4_2_msb:26|1digit_summator:58|~9~3
 (13)     1    A       SOFT    s t        1      0   1    8    2    3    6  |component:48|4_2_msb:26|1digit_summator:58|~13~1
  (5)    14    A       SOFT    s t        1      0   1    8    0    0    1  |component:48|4_2_msb:26|1digit_summator:58|~13~2
   -      7    A       SOFT    s t        1      0   1    8    0    0    1  |component:48|4_2_msb:26|1digit_summator:58|~13~3
   -     10    A       SOFT    s t        1      0   1    8    2    2    8  |component:48|4_2_msb:26|1digit_summator:59|~9~1
 (64)    94    F       SOFT    s t        0      0   0    6    3    0    2  |component:48|4_2_msb:26|1digit_summator:61|~13~1
   -     91    F       SOFT    s t        1      0   1    4    6    0    1  |component:48|4_2_msb:26|1digit_summator:61|~18~1
   -     58    D       SOFT    s t        0      0   0    0    3    2    4  |component:48|4_2_msb:26|1digit_summator:61|~19~1
 (62)    92    F       SOFT    s t        1      0   1    4    4    0    1  |component:48|4_2_msb:26|1digit_summator:61|C~2 (|component:48|4_2_msb:26|1digit_summator:61|~19~2)
   -     95    F       SOFT    s t        1      0   1    2    4    0    1  |component:48|4_2_msb:26|1digit_summator:61|C~3 (|component:48|4_2_msb:26|1digit_summator:61|~19~3)
   -     54    D       SOFT    s t        1      0   1    6    8    0    9  |component:48|4_2_msb:26|1digit_summator:62|~18~1
 (65)    96    F       SOFT    s t        2      0   0    6    4    1    4  |component:48|4_2_msb:26|~48~1
   -     82    F       SOFT    s t        0      0   0    4    0    0    8  |component:49|4_2_msb:26|1digit_summator:51|~13~1
   -     20    B       SOFT    s t        1      1   0    6    0    0   14  |component:49|4_2_msb:26|1digit_summator:51|~18~1
   -     28    B       SOFT    s t        0      0   0    2    0    0    1  |component:49|4_2_msb:26|1digit_summator:52|~9~1
 (17)    27    B       SOFT    s t        0      0   0    4    0    0   13  |component:49|4_2_msb:26|1digit_summator:54|~14~1
   -     42    C       SOFT    s t        3      0   1    8    0    0    7  |component:49|4_2_msb:26|1digit_summator:55|~13~1
   -     31    B       SOFT    s t        3      2   1    8    4    0   17  |component:49|4_2_msb:26|1digit_summator:55|~14~1
   -     34    C       SOFT    s t        1      0   1    8    0    0    1  |component:49|4_2_msb:26|1digit_summator:55|~14~2
 (30)    37    C       SOFT    s t        1      0   1    8    0    0    1  |component:49|4_2_msb:26|1digit_summator:55|~14~3
   -     46    C       SOFT    s t        1      0   1    8    0    0    1  |component:49|4_2_msb:26|1digit_summator:55|~14~4
   -     85    F       SOFT    s t        0      0   0    6    0    0    1  |component:49|4_2_msb:26|1digit_summator:55|~14~5
 (33)    33    C       SOFT    s t        0      0   0    8    0    0   15  |component:49|4_2_msb:26|1digit_summator:56|~13~1
 (18)    25    B       SOFT    s t        4      2   0    6    5    0   15  |component:49|4_2_msb:26|1digit_summator:56|~18~1
 (24)    48    C       SOFT    s t        1      0   1    8    0    0    1  |component:49|4_2_msb:26|1digit_summator:56|~18~2
   -     30    B       SOFT    s t        1      0   1    7    0    0    1  |component:49|4_2_msb:26|1digit_summator:56|~18~3
   -     23    B       SOFT    s t        2      1   1    6    1    2    4  |component:49|4_2_msb:26|1digit_summator:57|~19~1
 (20)    21    B       SOFT    s t        1      0   1    6    0    0    1  |component:49|4_2_msb:26|1digit_summator:57|C~2 (|component:49|4_2_msb:26|1digit_summator:57|~19~2)
   -     47    C       SOFT    s t        0      0   0    6    0    1    5  |component:49|4_2_msb:26|1digit_summator:57|~20~1
 (29)    40    C       SOFT    s t        4      0   1    8    6    1    5  |component:49|4_2_msb:26|1digit_summator:58|~14~1
   -     39    C       SOFT    s t        1      0   1    8    0    0    1  |component:49|4_2_msb:26|1digit_summator:58|~14~2
 (28)    41    C       SOFT    s t        1      0   1    8    0    0    1  |component:49|4_2_msb:26|1digit_summator:58|~14~3
 (25)    45    C       SOFT    s t        1      0   1    8    0    0    1  |component:49|4_2_msb:26|1digit_summator:58|~14~4
 (27)    43    C       SOFT    s t        1      0   1    8    0    0    1  |component:49|4_2_msb:26|1digit_summator:58|~14~5
   -     38    C       SOFT    s t        1      0   1    7    0    0    1  |component:49|4_2_msb:26|1digit_summator:58|~14~6
 (22)    19    B       SOFT    s t        1      0   1    7    0    0    1  |component:49|4_2_msb:26|1digit_summator:58|~14~7
   -     90    F       SOFT    s t        0      0   0    0    2    1    0  |component:49|4_2_msb:26|1digit_summator:58|~17~1
   -     18    B       SOFT    s t        1      0   1    8    1    1   11  |component:49|4_2_msb:26|1digit_summator:58|~18~1
 (14)    32    B       SOFT    s t        0      0   0    8    0    0    1  |component:49|4_2_msb:26|1digit_summator:58|~18~2
 (23)    17    B       SOFT    s t        0      0   0    0    4    2    4  |component:49|4_2_msb:26|1digit_summator:59|~19~1
   -     26    B       SOFT    s t        1      0   1    8    2    0    1  |component:49|4_2_msb:26|1digit_summator:59|C~2 (|component:49|4_2_msb:26|1digit_summator:59|~19~2)
 (19)    24    B       SOFT    s t        1      0   1    6    2    0    1  |component:49|4_2_msb:26|1digit_summator:59|C~3 (|component:49|4_2_msb:26|1digit_summator:59|~19~3)
 (45)    64    D       SOFT    s t        0      0   0    6    1    0    1  |component:49|4_2_msb:26|1digit_summator:59|C~4 (|component:49|4_2_msb:26|1digit_summator:59|~19~4)
   -     70    E       SOFT    s t        2      2   0    6    3    0    2  |component:49|4_2_msb:26|1digit_summator:61|~9~1
   -     71    E       SOFT    s t        3      2   1    4    5    2    0  |component:49|4_2_msb:26|1digit_summator:61|~19~1
   -     44    C       SOFT    s t        0      0   0    8   10    0    9  |component:49|4_2_msb:26|1digit_summator:62|~18~1
 (54)    77    E       SOFT    s t        1      0   1    8    6    0    1  |component:49|4_2_msb:26|1digit_summator:62|~18~2
   -     76    E       SOFT    s t        1      0   1    8    7    0    1  |component:49|4_2_msb:26|1digit_summator:62|~18~3
 (52)    75    E       SOFT    s t        1      0   1    8    7    0    1  |component:49|4_2_msb:26|1digit_summator:62|~18~4
   -     74    E       SOFT    s t        1      0   1    7    8    0    1  |component:49|4_2_msb:26|1digit_summator:62|~18~5
 (51)    73    E       SOFT    s t        0      0   0    5    8    0    1  |component:49|4_2_msb:26|1digit_summator:62|~18~6
 (41)    57    D       SOFT    s t        5      0   1    4   10    3    6  |1digit_summator:41|~13~1
   -     50    D       SOFT    s t        1      0   1    4    8    0    1  |1digit_summator:41|~13~2
 (40)    56    D       SOFT    s t        2      0   0    4    6    3    5  |1digit_summator:41|~18~1
   -     63    D       SOFT    s t        1      0   1    2    6    0    1  |1digit_summator:41|~18~2
   -     62    D       SOFT    s t        1      0   1    2    6    0    1  |1digit_summator:41|~18~3
 (44)    61    D       SOFT    s t        1      0   1    2   10    1    0  |1digit_summator:41|C~1 (|1digit_summator:41|~19~1)
   -     52    D       SOFT    s t        1      0   1    4    7    1    0  |1digit_summator:41|C~2 (|1digit_summator:41|~19~2)
   -     87    F       SOFT    s t        0      0   0    0    2    0    2  |1digit_summator:42|~13~1
 (56)    81    F       SOFT    s t        1      1   0    0    4    1    1  |1digit_summator:43|~13~1
   -     83    F       SOFT    s t        3      2   1    0    9    2    0  |1digit_summator:43|~18~1
 (57)    84    F       SOFT    s t        4      1   1    0   12    2    4  |1digit_summator:43|~20~1
   -     93    F       SOFT    s t        1      0   1    0    9    0    1  |1digit_summator:43|P~2 (|1digit_summator:43|~20~2)
 (46)    65    E       SOFT    s t        0      0   0    6    8    3    3  |1digit_summator:45|~18~1
   -     79    E       SOFT    s t        1      0   1    8    8    0    1  |1digit_summator:45|~18~2
   -     68    E       SOFT    s t        1      0   1    7    9    0    1  |1digit_summator:45|~18~3
   -     66    E       SOFT    s t        0      0   0    3    8    0    1  |1digit_summator:45|~18~4
 (55)    80    E       SOFT    s t        1      0   1    8    7    1    0  |1digit_summator:45|C~1 (|1digit_summator:45|~19~1)
   -     78    E       SOFT    s t        1      0   1    7    8    1    0  |1digit_summator:45|C~2 (|1digit_summator:45|~19~2)
 (50)    72    E       SOFT    s t        1      0   1    5   10    1    0  |1digit_summator:45|C~3 (|1digit_summator:45|~19~3)
 (49)    69    E       SOFT    s t        3      1   0    6    7    1    0  |1digit_summator:47|~9~1


Code:

s = Synthesized pin or logic cell
t = Turbo logic cell
+ = Synchronous flipflop
! = NOT gate push-back
r = Fitter-inserted logic cell


Device-Specific Information:                       c:\projects\alu\4_8_msb.rpt
4_8_msb

** LOGIC CELL INTERCONNECTIONS **

Logic Array Block 'A':

                                         Logic cells placed in LAB 'A'
        +------------------------------- LC12 |component:48|4_2_msb:26|1digit_summator:52|~17~1
        | +----------------------------- LC13 |component:48|4_2_msb:26|1digit_summator:52|~18~1
        | | +--------------------------- LC5 |component:48|4_2_msb:26|1digit_summator:55|~9~2
        | | | +------------------------- LC11 |component:48|4_2_msb:26|1digit_summator:55|~9~3
        | | | | +----------------------- LC15 |component:48|4_2_msb:26|1digit_summator:55|~13~1
        | | | | | +--------------------- LC4 |component:48|4_2_msb:26|1digit_summator:56|~9~1
        | | | | | | +------------------- LC2 |component:48|4_2_msb:26|1digit_summator:56|~13~1
        | | | | | | | +----------------- LC3 |component:48|4_2_msb:26|1digit_summator:56|~18~1
        | | | | | | | | +--------------- LC16 |component:48|4_2_msb:26|1digit_summator:57|C~1
        | | | | | | | | | +------------- LC1 |component:48|4_2_msb:26|1digit_summator:58|~13~1
        | | | | | | | | | | +----------- LC14 |component:48|4_2_msb:26|1digit_summator:58|~13~2
        | | | | | | | | | | | +--------- LC7 |component:48|4_2_msb:26|1digit_summator:58|~13~3
        | | | | | | | | | | | | +------- LC10 |component:48|4_2_msb:26|1digit_summator:59|~9~1
        | | | | | | | | | | | | | +----- LC6 P4
        | | | | | | | | | | | | | | +--- LC9 P10
        | | | | | | | | | | | | | | | +- LC8 P11
        | | | | | | | | | | | | | | | | 
        | | | | | | | | | | | | | | | |   Other LABs fed by signals
        | | | | | | | | | | | | | | | |   that feed LAB 'A'
LC      | | | | | | | | | | | | | | | | | A B C D E F |     Logic cells that feed LAB 'A':
LC4  -> - - - - - - - * - - - - - - - - | * - - * - - | <-- |component:48|4_2_msb:26|1digit_summator:56|~9~1
LC2  -> - - - - - - - * - - - - - - - - | * - - * - * | <-- |component:48|4_2_msb:26|1digit_summator:56|~13~1
LC1  -> - - - - - - - - - - - - - * - - | * - - * - - | <-- |component:48|4_2_msb:26|1digit_summator:58|~13~1
LC14 -> - - - - - - - - - * - - - - - - | * - - - - - | <-- |component:48|4_2_msb:26|1digit_summator:58|~13~2
LC7  -> - - - - - - - - - * - - - - - - | * - - - - - | <-- |component:48|4_2_msb:26|1digit_summator:58|~13~3
LC10 -> - - - - - - - - - - - - - * - - | * - - * - - | <-- |component:48|4_2_msb:26|1digit_summator:59|~9~1

Pin
13   -> - * * - * * * * * * * * * * - - | * * * * * * | <-- A0
12   -> - * * * * * * * * * * * * * - - | * * * * * * | <-- A1
30   -> - * * * * * * * * * * * * * - - | * * * * * * | <-- A2
33   -> * * * * * * * * - * * * * - - - | * * * * * * | <-- A3
19   -> - - * * * * * * * * * * * * - - | * * - * - - | <-- B0
20   -> - - * * * * * * * * * * * * - - | * * - * - - | <-- B1
5    -> - * * * * * * * * * * * * * - - | * * - * - * | <-- B2
22   -> * * * * * * * * - * * * * - - - | * - - * - * | <-- B3
7    -> - - - - - - - - - - - - - * - - | * * * * * - | <-- B4
LC53 -> * - - - - * * - - - - - - - - - | * - - - - * | <-- |component:48|4_2_msb:26|1digit_summator:51|~18~1
LC36 -> - - - - - - - - - - - - * - - - | * - - - - - | <-- |component:48|4_2_msb:26|1digit_summator:55|~9~1
LC55 -> - - - - - - - - - - - - * - - - | * - - - - - | <-- |component:48|4_2_msb:26|1digit_summator:55|~13~2
LC49 -> - - - - - - - - - - - - - * - - | * - - * - - | <-- |component:48|4_2_msb:26|1digit_summator:57|~20~1
LC86 -> - - - - - - - - - - - - - * - - | * - - * - - | <-- |component:48|4_2_msb:26|1digit_summator:58|~9~1
LC71 -> - - - - - - - - - - - - - - * * | * - - - - - | <-- |component:49|4_2_msb:26|1digit_summator:61|~19~1
LC65 -> - - - - - - - - - - - - - - * * | * - - - * - | <-- |1digit_summator:45|~18~1
LC69 -> - - - - - - - - - - - - - - - * | * - - - - - | <-- |1digit_summator:47|~9~1


* = The logic cell or pin is an input to the logic cell (or LAB) through the PIA.
- = The logic cell or pin is not an input to the logic cell (or LAB).


Device-Specific Information:                       c:\projects\alu\4_8_msb.rpt
4_8_msb

** LOGIC CELL INTERCONNECTIONS **

Logic Array Block 'B':

                                         Logic cells placed in LAB 'B'
        +------------------------------- LC22 |component:48|4_2_msb:26|1digit_summator:58|~9~2
        | +----------------------------- LC20 |component:49|4_2_msb:26|1digit_summator:51|~18~1
        | | +--------------------------- LC28 |component:49|4_2_msb:26|1digit_summator:52|~9~1
        | | | +------------------------- LC27 |component:49|4_2_msb:26|1digit_summator:54|~14~1
        | | | | +----------------------- LC31 |component:49|4_2_msb:26|1digit_summator:55|~14~1
        | | | | | +--------------------- LC25 |component:49|4_2_msb:26|1digit_summator:56|~18~1
        | | | | | | +------------------- LC30 |component:49|4_2_msb:26|1digit_summator:56|~18~3
        | | | | | | | +----------------- LC23 |component:49|4_2_msb:26|1digit_summator:57|~19~1
        | | | | | | | | +--------------- LC21 |component:49|4_2_msb:26|1digit_summator:57|C~2
        | | | | | | | | | +------------- LC19 |component:49|4_2_msb:26|1digit_summator:58|~14~7
        | | | | | | | | | | +----------- LC18 |component:49|4_2_msb:26|1digit_summator:58|~18~1
        | | | | | | | | | | | +--------- LC32 |component:49|4_2_msb:26|1digit_summator:58|~18~2
        | | | | | | | | | | | | +------- LC17 |component:49|4_2_msb:26|1digit_summator:59|~19~1
        | | | | | | | | | | | | | +----- LC26 |component:49|4_2_msb:26|1digit_summator:59|C~2
        | | | | | | | | | | | | | | +--- LC24 |component:49|4_2_msb:26|1digit_summator:59|C~3
        | | | | | | | | | | | | | | | +- LC29 P2
        | | | | | | | | | | | | | | | | 
        | | | | | | | | | | | | | | | |   Other LABs fed by signals
        | | | | | | | | | | | | | | | |   that feed LAB 'B'
LC      | | | | | | | | | | | | | | | | | A B C D E F |     Logic cells that feed LAB 'B':
LC31 -> - - - - - * - - - - - - * * * - | - * * - * - | <-- |component:49|4_2_msb:26|1digit_summator:55|~14~1
LC30 -> - - - - - * - - - - - - - - - - | - * - - - - | <-- |component:49|4_2_msb:26|1digit_summator:56|~18~3
LC21 -> - - - - - - - * - - - - - - - - | - * - - - - | <-- |component:49|4_2_msb:26|1digit_summator:57|C~2
LC18 -> - - - - - - - - - - - - - * * - | - * - * * * | <-- |component:49|4_2_msb:26|1digit_summator:58|~18~1
LC32 -> - - - - - - - - - - * - - - - - | - * - - - - | <-- |component:49|4_2_msb:26|1digit_summator:58|~18~2
LC26 -> - - - - - - - - - - - - * - - - | - * - - - - | <-- |component:49|4_2_msb:26|1digit_summator:59|C~2
LC24 -> - - - - - - - - - - - - * - - - | - * - - - - | <-- |component:49|4_2_msb:26|1digit_summator:59|C~3

Pin
13   -> * * - * * - * * * * * * - * * * | * * * * * * | <-- A0
12   -> * * - * * * * * * * * * - * * * | * * * * * * | <-- A1
30   -> * * - - * * * * * * * * - * * * | * * * * * * | <-- A2
33   -> * * * - * * * - - * * * - * * - | * * * * * * | <-- A3
19   -> * - - - - - - - - - - - - - - * | * * - * - - | <-- B0
20   -> * - - - - - - - - - - - - - - * | * * - * - - | <-- B1
5    -> - - - - - - - - - - - - - - - * | * * - * - * | <-- B2
7    -> - - - - * - * * * * * * - * - - | * * * * * - | <-- B4
14   -> - - - - * * - * * * * * - * - - | - * * * * * | <-- B5
4    -> - * - * * * * * * - * * - * * - | - * * - * * | <-- B6
23   -> - * * * * * * - - * * * - * * - | - * * - * * | <-- B7
LC16 -> - - - - - - - - - - - - - - - * | - * - - - - | <-- |component:48|4_2_msb:26|1digit_summator:57|C~1
LC42 -> - - - - - * - - - - - - - - - - | - * - - * - | <-- |component:49|4_2_msb:26|1digit_summator:55|~13~1
LC34 -> - - - - * - - - - - - - - - - - | - * - - - - | <-- |component:49|4_2_msb:26|1digit_summator:55|~14~2
LC37 -> - - - - * - - - - - - - - - - - | - * - - - - | <-- |component:49|4_2_msb:26|1digit_summator:55|~14~3
LC46 -> - - - - * - - - - - - - - - - - | - * - - - - | <-- |component:49|4_2_msb:26|1digit_summator:55|~14~4
LC85 -> - - - - * - - - - - - - - - - - | - * - - - - | <-- |component:49|4_2_msb:26|1digit_summator:55|~14~5
LC33 -> - - - - - * - - - - - - - - - - | - * * - * - | <-- |component:49|4_2_msb:26|1digit_summator:56|~13~1
LC48 -> - - - - - * - - - - - - - - - - | - * - - - - | <-- |component:49|4_2_msb:26|1digit_summator:56|~18~2
LC64 -> - - - - - - - - - - - - * - - - | - * - - - - | <-- |component:49|4_2_msb:26|1digit_summator:59|C~4


* = The logic cell or pin is an input to the logic cell (or LAB) through the PIA.
- = The logic cell or pin is not an input to the logic cell (or LAB).


Device-Specific Information:                       c:\projects\alu\4_8_msb.rpt
4_8_msb

** LOGIC CELL INTERCONNECTIONS **

Logic Array Block 'C':

                                         Logic cells placed in LAB 'C'
        +------------------------------- LC36 |component:48|4_2_msb:26|1digit_summator:55|~9~1
        | +----------------------------- LC42 |component:49|4_2_msb:26|1digit_summator:55|~13~1
        | | +--------------------------- LC34 |component:49|4_2_msb:26|1digit_summator:55|~14~2
        | | | +------------------------- LC37 |component:49|4_2_msb:26|1digit_summator:55|~14~3
        | | | | +----------------------- LC46 |component:49|4_2_msb:26|1digit_summator:55|~14~4
        | | | | | +--------------------- LC33 |component:49|4_2_msb:26|1digit_summator:56|~13~1
        | | | | | | +------------------- LC48 |component:49|4_2_msb:26|1digit_summator:56|~18~2
        | | | | | | | +----------------- LC47 |component:49|4_2_msb:26|1digit_summator:57|~20~1
        | | | | | | | | +--------------- LC40 |component:49|4_2_msb:26|1digit_summator:58|~14~1
        | | | | | | | | | +------------- LC39 |component:49|4_2_msb:26|1digit_summator:58|~14~2
        | | | | | | | | | | +----------- LC41 |component:49|4_2_msb:26|1digit_summator:58|~14~3
        | | | | | | | | | | | +--------- LC45 |component:49|4_2_msb:26|1digit_summator:58|~14~4
        | | | | | | | | | | | | +------- LC43 |component:49|4_2_msb:26|1digit_summator:58|~14~5
        | | | | | | | | | | | | | +----- LC38 |component:49|4_2_msb:26|1digit_summator:58|~14~6
        | | | | | | | | | | | | | | +--- LC44 |component:49|4_2_msb:26|1digit_summator:62|~18~1
        | | | | | | | | | | | | | | | +- LC35 P8
        | | | | | | | | | | | | | | | | 
        | | | | | | | | | | | | | | | |   Other LABs fed by signals
        | | | | | | | | | | | | | | | |   that feed LAB 'C'
LC      | | | | | | | | | | | | | | | | | A B C D E F |     Logic cells that feed LAB 'C':
LC33 -> - - - - - - - - - - - - - - * - | - * * - * - | <-- |component:49|4_2_msb:26|1digit_summator:56|~13~1
LC39 -> - - - - - - - - * - - - - - - - | - - * - - - | <-- |component:49|4_2_msb:26|1digit_summator:58|~14~2
LC41 -> - - - - - - - - * - - - - - - - | - - * - - - | <-- |component:49|4_2_msb:26|1digit_summator:58|~14~3
LC45 -> - - - - - - - - * - - - - - - - | - - * - - - | <-- |component:49|4_2_msb:26|1digit_summator:58|~14~4
LC43 -> - - - - - - - - * - - - - - - - | - - * - - - | <-- |component:49|4_2_msb:26|1digit_summator:58|~14~5
LC38 -> - - - - - - - - * - - - - - - - | - - * - - - | <-- |component:49|4_2_msb:26|1digit_summator:58|~14~6

Pin
13   -> - * * * * * * * * * * * * * * - | * * * * * * | <-- A0
12   -> - * * * * * * * * * * * * - * - | * * * * * * | <-- A1
30   -> - * * * * * * * * * * * * * * - | * * * * * * | <-- A2
33   -> - * * * * * * - * * * * * * * - | * * * * * * | <-- A3
7    -> - * * * * * * * * * * * * * * - | * * * * * - | <-- B4
14   -> - * * * * * * * * * * * * * * - | - * * * * * | <-- B5
4    -> - * * * * * * * * * * * * * * - | - * * - * * | <-- B6
23   -> - * * * * * * - * * * * * * * - | - * * - * * | <-- B7
LC5  -> * - - - - - - - - - - - - - - - | - - * - - - | <-- |component:48|4_2_msb:26|1digit_summator:55|~9~2
LC11 -> * - - - - - - - - - - - - - - - | - - * - - - | <-- |component:48|4_2_msb:26|1digit_summator:55|~9~3
LC20 -> - - - - - - - - - - - - - - * - | - - * - * - | <-- |component:49|4_2_msb:26|1digit_summator:51|~18~1
LC27 -> - - - - - - - - - - - - - - * - | - - * - * - | <-- |component:49|4_2_msb:26|1digit_summator:54|~14~1
LC31 -> - - - - - - - - - - - - - - * - | - * * - * - | <-- |component:49|4_2_msb:26|1digit_summator:55|~14~1
LC25 -> - - - - - - - - - - - - - - * - | - - * - * - | <-- |component:49|4_2_msb:26|1digit_summator:56|~18~1
LC19 -> - - - - - - - - * - - - - - - - | - - * - - - | <-- |component:49|4_2_msb:26|1digit_summator:58|~14~7
LC17 -> - - - - - - - - - - - - - - - * | - - * - * - | <-- |component:49|4_2_msb:26|1digit_summator:59|~19~1
LC77 -> - - - - - - - - - - - - - - * - | - - * - - - | <-- |component:49|4_2_msb:26|1digit_summator:62|~18~2
LC76 -> - - - - - - - - - - - - - - * - | - - * - - - | <-- |component:49|4_2_msb:26|1digit_summator:62|~18~3
LC75 -> - - - - - - - - - - - - - - * - | - - * - - - | <-- |component:49|4_2_msb:26|1digit_summator:62|~18~4
LC74 -> - - - - - - - - - - - - - - * - | - - * - - - | <-- |component:49|4_2_msb:26|1digit_summator:62|~18~5
LC73 -> - - - - - - - - - - - - - - * - | - - * - - - | <-- |component:49|4_2_msb:26|1digit_summator:62|~18~6
LC81 -> - - - - - - - - - - - - - - - * | - - * - - * | <-- |1digit_summator:43|~13~1
LC83 -> - - - - - - - - - - - - - - - * | - - * - - * | <-- |1digit_summator:43|~18~1
LC84 -> - - - - - - - - - - - - - - - * | - - * - * - | <-- |1digit_summator:43|~20~1


* = The logic cell or pin is an input to the logic cell (or LAB) through the PIA.
- = The logic cell or pin is not an input to the logic cell (or LAB).


Device-Specific Information:                       c:\projects\alu\4_8_msb.rpt
4_8_msb

** LOGIC CELL INTERCONNECTIONS **

Logic Array Block 'D':

                                         Logic cells placed in LAB 'D'
        +------------------------------- LC53 |component:48|4_2_msb:26|1digit_summator:51|~18~1
        | +----------------------------- LC55 |component:48|4_2_msb:26|1digit_summator:55|~13~2
        | | +--------------------------- LC49 |component:48|4_2_msb:26|1digit_summator:57|~20~1
        | | | +------------------------- LC60 |component:48|4_2_msb:26|1digit_summator:58|~9~3
        | | | | +----------------------- LC58 |component:48|4_2_msb:26|1digit_summator:61|~19~1
        | | | | | +--------------------- LC54 |component:48|4_2_msb:26|1digit_summator:62|~18~1
        | | | | | | +------------------- LC64 |component:49|4_2_msb:26|1digit_summator:59|C~4
        | | | | | | | +----------------- LC59 P3
        | | | | | | | | +--------------- LC51 P5
        | | | | | | | | | +------------- LC57 |1digit_summator:41|~13~1
        | | | | | | | | | | +----------- LC50 |1digit_summator:41|~13~2
        | | | | | | | | | | | +--------- LC56 |1digit_summator:41|~18~1
        | | | | | | | | | | | | +------- LC63 |1digit_summator:41|~18~2
        | | | | | | | | | | | | | +----- LC62 |1digit_summator:41|~18~3
        | | | | | | | | | | | | | | +--- LC61 |1digit_summator:41|C~1
        | | | | | | | | | | | | | | | +- LC52 |1digit_summator:41|C~2
        | | | | | | | | | | | | | | | | 
        | | | | | | | | | | | | | | | |   Other LABs fed by signals
        | | | | | | | | | | | | | | | |   that feed LAB 'D'
LC      | | | | | | | | | | | | | | | | | A B C D E F |     Logic cells that feed LAB 'D':
LC49 -> - - - - - * - * - * * - * * * - | * - - * - - | <-- |component:48|4_2_msb:26|1digit_summator:57|~20~1
LC54 -> - - - - * - - - - * * * - * * * | - - - * - * | <-- |component:48|4_2_msb:26|1digit_summator:62|~18~1
LC57 -> - - - - - - - - * - - * - - * * | - - - * - * | <-- |1digit_summator:41|~13~1
LC50 -> - - - - - - - - - * - - - - - - | - - - * - - | <-- |1digit_summator:41|~13~2
LC56 -> - - - - - - - - * - - - - - * * | - - - * - * | <-- |1digit_summator:41|~18~1
LC63 -> - - - - - - - - - - - * - - - - | - - - * - - | <-- |1digit_summator:41|~18~2
LC62 -> - - - - - - - - - - - * - - - - | - - - * - - | <-- |1digit_summator:41|~18~3
LC61 -> - - - - - - - - * - - - - - - - | - - - * - - | <-- |1digit_summator:41|C~1
LC52 -> - - - - - - - - * - - - - - - - | - - - * - - | <-- |1digit_summator:41|C~2

Pin
13   -> * * * * - * * - * * * * - - * * | * * * * * * | <-- A0
12   -> * * * * - * * - * * * * * * - * | * * * * * * | <-- A1
30   -> * * * * - * * - - - - - - - - - | * * * * * * | <-- A2
33   -> * * - * - - * - - - - - - - - - | * * * * * * | <-- A3
19   -> - * * * - * - - - - - - - - - - | * * - * - - | <-- B0
20   -> - * * * - * - - - - - - - - - - | * * - * - - | <-- B1
5    -> * * * * - * - - - - - - - - - - | * * - * - * | <-- B2
22   -> * * - * - - - - - - - - - - - - | * - - * - * | <-- B3
7    -> - - - - - - * - * * * * - - * * | * * * * * - | <-- B4
14   -> - - - - - - * - - * * * * * - * | - * * * * * | <-- B5
LC15 -> - - - - - * - - - * * - * - - * | - - - * - - | <-- |component:48|4_2_msb:26|1digit_summator:55|~13~1
LC4  -> - - - - - * - - - * * - * - * - | * - - * - - | <-- |component:48|4_2_msb:26|1digit_summator:56|~9~1
LC2  -> - - - - - * - - - * * - * - * - | * - - * - * | <-- |component:48|4_2_msb:26|1digit_summator:56|~13~1
LC3  -> - - - - - * - - - * * - - * * * | - - - * - * | <-- |component:48|4_2_msb:26|1digit_summator:56|~18~1
LC86 -> - - - - - * - * - * * - * * * - | * - - * - - | <-- |component:48|4_2_msb:26|1digit_summator:58|~9~1
LC1  -> - - - - - * - * * * - * - * * * | * - - * - - | <-- |component:48|4_2_msb:26|1digit_summator:58|~13~1
LC10 -> - - - - - * - - * * * * * * * * | * - - * - - | <-- |component:48|4_2_msb:26|1digit_summator:59|~9~1
LC92 -> - - - - * - - - - - - - - - - - | - - - * - - | <-- |component:48|4_2_msb:26|1digit_summator:61|C~2
LC95 -> - - - - * - - - - - - - - - - - | - - - * - - | <-- |component:48|4_2_msb:26|1digit_summator:61|C~3
LC18 -> - - - - - - * - - - - - - - - - | - * - * * * | <-- |component:49|4_2_msb:26|1digit_summator:58|~18~1


* = The logic cell or pin is an input to the logic cell (or LAB) through the PIA.
- = The logic cell or pin is not an input to the logic cell (or LAB).


Device-Specific Information:                       c:\projects\alu\4_8_msb.rpt
4_8_msb

** LOGIC CELL INTERCONNECTIONS **

Logic Array Block 'E':

                                         Logic cells placed in LAB 'E'
        +------------------------------- LC70 |component:49|4_2_msb:26|1digit_summator:61|~9~1
        | +----------------------------- LC71 |component:49|4_2_msb:26|1digit_summator:61|~19~1
        | | +--------------------------- LC77 |component:49|4_2_msb:26|1digit_summator:62|~18~2
        | | | +------------------------- LC76 |component:49|4_2_msb:26|1digit_summator:62|~18~3
        | | | | +----------------------- LC75 |component:49|4_2_msb:26|1digit_summator:62|~18~4
        | | | | | +--------------------- LC74 |component:49|4_2_msb:26|1digit_summator:62|~18~5
        | | | | | | +------------------- LC73 |component:49|4_2_msb:26|1digit_summator:62|~18~6
        | | | | | | | +----------------- LC67 P9
        | | | | | | | | +--------------- LC65 |1digit_summator:45|~18~1
        | | | | | | | | | +------------- LC79 |1digit_summator:45|~18~2
        | | | | | | | | | | +----------- LC68 |1digit_summator:45|~18~3
        | | | | | | | | | | | +--------- LC66 |1digit_summator:45|~18~4
        | | | | | | | | | | | | +------- LC80 |1digit_summator:45|C~1
        | | | | | | | | | | | | | +----- LC78 |1digit_summator:45|C~2
        | | | | | | | | | | | | | | +--- LC72 |1digit_summator:45|C~3
        | | | | | | | | | | | | | | | +- LC69 |1digit_summator:47|~9~1
        | | | | | | | | | | | | | | | | 
        | | | | | | | | | | | | | | | |   Other LABs fed by signals
        | | | | | | | | | | | | | | | |   that feed LAB 'E'
LC      | | | | | | | | | | | | | | | | | A B C D E F |     Logic cells that feed LAB 'E':
LC70 -> - * - - - - - - - - - - - - - * | - - - - * - | <-- |component:49|4_2_msb:26|1digit_summator:61|~9~1
LC65 -> - - - - - - - * - - - - * * * - | * - - - * - | <-- |1digit_summator:45|~18~1
LC79 -> - - - - - - - - * - - - - - - - | - - - - * - | <-- |1digit_summator:45|~18~2
LC68 -> - - - - - - - - * - - - - - - - | - - - - * - | <-- |1digit_summator:45|~18~3
LC66 -> - - - - - - - - * - - - - - - - | - - - - * - | <-- |1digit_summator:45|~18~4
LC80 -> - - - - - - - * - - - - - - - - | - - - - * - | <-- |1digit_summator:45|C~1
LC78 -> - - - - - - - * - - - - - - - - | - - - - * - | <-- |1digit_summator:45|C~2
LC72 -> - - - - - - - * - - - - - - - - | - - - - * - | <-- |1digit_summator:45|C~3

Pin
13   -> * - * * * * - - * * - - * * - * | * * * * * * | <-- A0
12   -> * - * * * * - - * * * - * * - * | * * * * * * | <-- A1
30   -> * * * * * * * - * * * - * * * * | * * * * * * | <-- A2
33   -> * * * * * * * - * * * * * * * * | * * * * * * | <-- A3
7    -> - - * * * * * - * * * * * * * - | * * * * * - | <-- B4
14   -> - - * * * * * - * * * * * * * - | - * * * * * | <-- B5
4    -> * * * * * - * - - * * - * - * * | - * * - * * | <-- B6
23   -> * * * * * * - - - * * - * * - * | - * * - * * | <-- B7
LC82 -> - - * * - * * - - - * - - * * * | - - - - * - | <-- |component:49|4_2_msb:26|1digit_summator:51|~13~1
LC20 -> * * * * * * * - - * * - * * * * | - - * - * - | <-- |component:49|4_2_msb:26|1digit_summator:51|~18~1
LC28 -> - - - - - - - - - - - - - - - * | - - - - * - | <-- |component:49|4_2_msb:26|1digit_summator:52|~9~1
LC27 -> - - * * * * * - * * * * * * * - | - - * - * - | <-- |component:49|4_2_msb:26|1digit_summator:54|~14~1
LC42 -> - - - * * * * - - - - * - - * - | - * - - * - | <-- |component:49|4_2_msb:26|1digit_summator:55|~13~1
LC31 -> - - * * * * * - * * * * * * * - | - * * - * - | <-- |component:49|4_2_msb:26|1digit_summator:55|~14~1
LC33 -> * * * * * * * - - * * - * * * * | - * * - * - | <-- |component:49|4_2_msb:26|1digit_summator:56|~13~1
LC25 -> * * * * * * * - - * * * * * * * | - - * - * - | <-- |component:49|4_2_msb:26|1digit_summator:56|~18~1
LC18 -> - - - - * * * - - - - * - - * - | - * - * * * | <-- |component:49|4_2_msb:26|1digit_summator:58|~18~1
LC17 -> - - - - - - - * * * * * - - - - | - - * - * - | <-- |component:49|4_2_msb:26|1digit_summator:59|~19~1
LC44 -> - * - - - - - - * * * * * * * * | - - - - * - | <-- |component:49|4_2_msb:26|1digit_summator:62|~18~1
LC84 -> - - - - - - - * * * * * - - - - | - - * - * - | <-- |1digit_summator:43|~20~1


* = The logic cell or pin is an input to the logic cell (or LAB) through the PIA.
- = The logic cell or pin is not an input to the logic cell (or LAB).


Device-Specific Information:                       c:\projects\alu\4_8_msb.rpt
4_8_msb

** LOGIC CELL INTERCONNECTIONS **

Logic Array Block 'F':

                                         Logic cells placed in LAB 'F'
        +------------------------------- LC86 |component:48|4_2_msb:26|1digit_summator:58|~9~1
        | +----------------------------- LC94 |component:48|4_2_msb:26|1digit_summator:61|~13~1
        | | +--------------------------- LC91 |component:48|4_2_msb:26|1digit_summator:61|~18~1
        | | | +------------------------- LC92 |component:48|4_2_msb:26|1digit_summator:61|C~2
        | | | | +----------------------- LC95 |component:48|4_2_msb:26|1digit_summator:61|C~3
        | | | | | +--------------------- LC96 |component:48|4_2_msb:26|~48~1
        | | | | | | +------------------- LC82 |component:49|4_2_msb:26|1digit_summator:51|~13~1
        | | | | | | | +----------------- LC85 |component:49|4_2_msb:26|1digit_summator:55|~14~5
        | | | | | | | | +--------------- LC90 |component:49|4_2_msb:26|1digit_summator:58|~17~1
        | | | | | | | | | +------------- LC88 P6
        | | | | | | | | | | +----------- LC89 P7
        | | | | | | | | | | | +--------- LC87 |1digit_summator:42|~13~1
        | | | | | | | | | | | | +------- LC81 |1digit_summator:43|~13~1
        | | | | | | | | | | | | | +----- LC83 |1digit_summator:43|~18~1
        | | | | | | | | | | | | | | +--- LC84 |1digit_summator:43|~20~1
        | | | | | | | | | | | | | | | +- LC93 |1digit_summator:43|P~2
        | | | | | | | | | | | | | | | | 
        | | | | | | | | | | | | | | | |   Other LABs fed by signals
        | | | | | | | | | | | | | | | |   that feed LAB 'F'
LC      | | | | | | | | | | | | | | | | | A B C D E F |     Logic cells that feed LAB 'F':
LC94 -> - - * - - - - - - - - - - - * - | - - - - - * | <-- |component:48|4_2_msb:26|1digit_summator:61|~13~1
LC91 -> - - - - - - - - - - - - - - * - | - - - - - * | <-- |component:48|4_2_msb:26|1digit_summator:61|~18~1
LC96 -> - - - - - - - - - - * - * * * * | - - - - - * | <-- |component:48|4_2_msb:26|~48~1
LC90 -> - - - - - - - - - - * - - - - - | - - - - - * | <-- |component:49|4_2_msb:26|1digit_summator:58|~17~1
LC87 -> - - - - - - - - - - - - - - * * | - - - - - * | <-- |1digit_summator:42|~13~1
LC81 -> - - - - - - - - - - - - - * - - | - - * - - * | <-- |1digit_summator:43|~13~1
LC83 -> - - - - - - - - - - * - - - - - | - - * - - * | <-- |1digit_summator:43|~18~1
LC93 -> - - - - - - - - - - - - - - * - | - - - - - * | <-- |1digit_summator:43|P~2

Pin
13   -> * * - - - * - - - - - - - - - - | * * * * * * | <-- A0
12   -> * * - - - * - * - - - - - - - - | * * * * * * | <-- A1
30   -> - * * * - * * * - - - - - - - - | * * * * * * | <-- A2
33   -> - * * * * * * * - - - - - - - - | * * * * * * | <-- A3
5    -> * * * * - * - - - - - - - - - - | * * - * - * | <-- B2
22   -> - * * * * * - - - - - - - - - - | * - - * - * | <-- B3
14   -> - - - - - - - * - - - - - - - - | - * * * * * | <-- B5
4    -> - - - - - - * * - - - - - - - - | - * * - * * | <-- B6
23   -> - - - - - - * * - - - - - - - - | - * * - * * | <-- B7
LC53 -> - - * * * - - - - - - - - - - - | * - - - - * | <-- |component:48|4_2_msb:26|1digit_summator:51|~18~1
LC12 -> - * * * * * - - - - - - - - - - | - - - - - * | <-- |component:48|4_2_msb:26|1digit_summator:52|~17~1
LC13 -> - - - - - - - - - - - - - - * - | - - - - - * | <-- |component:48|4_2_msb:26|1digit_summator:52|~18~1
LC2  -> - * * * * * - - - - - - - - - - | * - - * - * | <-- |component:48|4_2_msb:26|1digit_summator:56|~13~1
LC3  -> - * * * * * - - - - - - - - - - | - - - * - * | <-- |component:48|4_2_msb:26|1digit_summator:56|~18~1
LC22 -> * - - - - - - - - - - - - - - - | - - - - - * | <-- |component:48|4_2_msb:26|1digit_summator:58|~9~2
LC60 -> * - - - - - - - - - - - - - - - | - - - - - * | <-- |component:48|4_2_msb:26|1digit_summator:58|~9~3
LC58 -> - - - - - - - - - * * * - * * * | - - - - - * | <-- |component:48|4_2_msb:26|1digit_summator:61|~19~1
LC54 -> - - * - - * - - - - - - - - - - | - - - * - * | <-- |component:48|4_2_msb:26|1digit_summator:62|~18~1
LC23 -> - - - - - - - - - * * * - * * * | - - - - - * | <-- |component:49|4_2_msb:26|1digit_summator:57|~19~1
LC47 -> - - - - - - - - * - * - * * * * | - - - - - * | <-- |component:49|4_2_msb:26|1digit_summator:57|~20~1
LC40 -> - - - - - - - - * - * - * * * * | - - - - - * | <-- |component:49|4_2_msb:26|1digit_summator:58|~14~1
LC18 -> - - - - - - - - - - * - * * - * | - * - * * * | <-- |component:49|4_2_msb:26|1digit_summator:58|~18~1
LC57 -> - - - - - - - - - * * - - * * * | - - - * - * | <-- |1digit_summator:41|~13~1
LC56 -> - - - - - - - - - * * - - * * * | - - - * - * | <-- |1digit_summator:41|~18~1


* = The logic cell or pin is an input to the logic cell (or LAB) through the PIA.
- = The logic cell or pin is not an input to the logic cell (or LAB).


Device-Specific Information:                       c:\projects\alu\4_8_msb.rpt
4_8_msb

** EQUATIONS **

A0       : INPUT;
A1       : INPUT;
A2       : INPUT;
A3       : INPUT;
B0       : INPUT;
B1       : INPUT;
B2       : INPUT;
B3       : INPUT;
B4       : INPUT;
B5       : INPUT;
B6       : INPUT;
B7       : INPUT;

-- Node name is 'P2' 
-- Equation name is 'P2', location is LC029, type is output.
 P2      = LCELL( _EQ001 $  _EQ002);
  _EQ001 =  A0 &  A1 & !B0 &  B1 &  B2 & !_LC016 &  _X001
         # !A0 &  A1 &  A2 &  B0 &  B1 & !_LC016 &  _X001
         #  A0 &  A2 &  B0 &  B2 & !_LC016 &  _X001
         #  A0 & !A2 &  B0 & !B2 & !_LC016 &  _X001;
  _X001  = EXP(!A0 & !A1 & !A2);
  _EQ002 = !_LC016 &  _X001;
  _X001  = EXP(!A0 & !A1 & !A2);

-- Node name is 'P3' 
-- Equation name is 'P3', location is LC059, type is output.
 P3      = LCELL( _EQ003 $  _LC049);
  _EQ003 =  _LC001 &  _LC086;

-- Node name is 'P4' 
-- Equation name is 'P4', location is LC006, type is output.
 P4      = LCELL( _EQ004 $  _LC010);
  _EQ004 =  A0 &  A1 & !B0 &  B1 &  B2 &  _LC086 &  _X002
         #  A0 &  A2 &  B0 &  B2 &  _LC086 &  _X002
         #  A0 &  B4 &  _LC001 &  _X003
         # !_LC001 &  _X002;
  _X002  = EXP( A0 &  B4);
  _X003  = EXP( _LC049 &  _LC086);

-- Node name is 'P5' 
-- Equation name is 'P5', location is LC051, type is output.
 P5      = LCELL( _EQ005 $  VCC);
  _EQ005 = !_LC052 & !_LC061 &  _X004 &  _X005;
  _X004  = EXP(!A0 &  A1 &  B4 &  _LC056 &  _LC057);
  _X005  = EXP( A0 &  B4 & !_LC001 & !_LC010 &  _LC056);

-- Node name is 'P6' 
-- Equation name is 'P6', location is LC088, type is output.
 P6      = LCELL( _EQ006 $  VCC);
  _EQ006 =  _LC023 &  _LC056 &  _LC057 &  _LC058
         # !_LC023 &  _LC056 &  _LC057 & !_LC058
         #  _LC058 &  _X006 &  _X007
         #  _LC023 &  _X006 &  _X007;
  _X006  = EXP( _LC056 &  _LC057);
  _X007  = EXP( _LC023 &  _LC058);

-- Node name is 'P7' 
-- Equation name is 'P7', location is LC089, type is output.
 P7      = LCELL( _EQ007 $  _LC083);
  _EQ007 =  _LC018 &  _LC056 &  _LC057 &  _LC083 &  _LC096 &  _X007 &  _X008
         #  _LC018 & !_LC023 & !_LC058 &  _LC083 &  _LC096 &  _X007 &  _X008
         #  _LC056 &  _LC057 &  _LC083 & !_LC096 &  _X007 &  _X009
         # !_LC023 & !_LC058 &  _LC083 & !_LC096 &  _X007 &  _X009;
  _X007  = EXP( _LC023 &  _LC058);
  _X008  = EXP(!_LC040 & !_LC047);
  _X009  = EXP( _LC018 &  _LC090);

-- Node name is 'P8' 
-- Equation name is 'P8', location is LC035, type is output.
 P8      = LCELL( _EQ008 $ !_LC017);
  _EQ008 =  _LC017 &  _LC081 &  _LC083
         # !_LC017 & !_LC084;

-- Node name is 'P9' 
-- Equation name is 'P9', location is LC067, type is output.
 P9      = LCELL( _EQ009 $  VCC);
  _EQ009 = !_LC072 & !_LC078 & !_LC080 &  _X010;
  _X010  = EXP( _LC017 &  _LC065 &  _LC084);

-- Node name is 'P10' 
-- Equation name is 'P10', location is LC009, type is output.
 P10     = LCELL(!_LC065 $  _LC071);

-- Node name is 'P11' 
-- Equation name is 'P11', location is LC008, type is output.
 P11     = LCELL( _EQ010 $  _LC069);
  _EQ010 = !_LC065 &  _LC071;

-- Node name is '|component:48|4_2_msb:26|1digit_summator:51|~18~1' 
-- Equation name is '_LC053', type is buried 
-- synthesized logic cell 
_LC053   = LCELL( _EQ011 $  VCC);
  _EQ011 =  A0 &  A1 & !A2 &  A3 &  B2 &  B3
         #  A1 &  A2 & !A3 &  B2 &  B3;

-- Node name is '|component:48|4_2_msb:26|1digit_summator:52|~17~1' 
-- Equation name is '_LC012', type is buried 
-- synthesized logic cell 
_LC012   = LCELL( _EQ012 $ !_LC053);
  _EQ012 =  A3 &  B3 &  _LC053;

-- Node name is '|component:48|4_2_msb:26|1digit_summator:52|~18~1' 
-- Equation name is '_LC013', type is buried 
-- synthesized logic cell 
_LC013   = LCELL( _EQ013 $  VCC);
  _EQ013 =  A0 &  A1 & !A2 &  A3 &  B2 &  B3
         #  A2 &  A3 &  B2 &  B3;

-- Node name is '|component:48|4_2_msb:26|1digit_summator:55|~9~1' 
-- Equation name is '_LC036', type is buried 
-- synthesized logic cell 
_LC036   = LCELL( _EQ014 $  VCC);
  _EQ014 = !_LC005 & !_LC011;

-- Node name is '|component:48|4_2_msb:26|1digit_summator:55|~9~2' 
-- Equation name is '_LC005', type is buried 
-- synthesized logic cell 
_LC005   = LCELL( _EQ015 $  GND);
  _EQ015 =  A1 &  A2 & !A3 &  B0 &  B1
         # !A0 & !A2 &  A3 &  B1
         # !A1 & !A2 &  A3 &  B1
         # !A0 &  A1 & !A2 &  B3
         #  A0 &  A2 &  B2;

-- Node name is '|component:48|4_2_msb:26|1digit_summator:55|~9~3' 
-- Equation name is '_LC011', type is buried 
-- synthesized logic cell 
_LC011   = LCELL( _EQ016 $  GND);
  _EQ016 =  A3 & !B0 &  B1
         #  A1 & !B2 &  B3
         #  A2 &  B2 & !B3
         # !A1 &  A2 &  B2;

-- Node name is '|component:48|4_2_msb:26|1digit_summator:55|~13~1' 
-- Equation name is '_LC015', type is buried 
-- synthesized logic cell 
_LC015   = LCELL( _EQ017 $  VCC);
  _EQ017 =  A1 &  A2 & !A3 &  B0 &  B1 &  B2 &  _X011
         #  A1 &  A2 & !A3 &  B0 &  B1 & !B2 &  B3
         #  A2 &  A3 & !B0 &  B1 &  B2 &  _X012
         # !A0 &  A1 & !A2 &  A3 &  B1 &  B3
         #  A1 &  A3 & !B0 &  B1 & !B2 &  B3;
  _X011  = EXP(!A0 &  B3);
  _X012  = EXP(!A0 &  A1 &  B3);

-- Node name is '|component:48|4_2_msb:26|1digit_summator:55|~13~2' 
-- Equation name is '_LC055', type is buried 
-- synthesized logic cell 
_LC055   = LCELL( _EQ018 $  GND);
  _EQ018 =  A1 &  A3 & !B0 &  B1 & !B2 &  B3
         # !A0 &  A1 & !A2 &  A3 &  B1 &  B3
         #  A2 &  A3 & !B0 &  B1 &  B2 & !B3
         # !A1 &  A2 &  A3 & !B0 &  B1 &  B2;

-- Node name is '|component:48|4_2_msb:26|1digit_summator:56|~9~1' 
-- Equation name is '_LC004', type is buried 
-- synthesized logic cell 
_LC004   = LCELL( _EQ019 $  GND);
  _EQ019 =  A0 &  A1 &  A3 &  B0 &  B1
         #  A0 &  A1 &  B2 &  B3 &  _LC053
         #  A2 &  A3 &  B0 &  B1
         #  A3 &  B2 &  _LC053 &  _X013
         #  A2 &  B3 &  _LC053 &  _X014;
  _X013  = EXP(!A1 &  A2 &  B3);
  _X014  = EXP( A3 &  B2);

-- Node name is '|component:48|4_2_msb:26|1digit_summator:56|~13~1' 
-- Equation name is '_LC002', type is buried 
-- synthesized logic cell 
_LC002   = LCELL( _EQ020 $  VCC);
  _EQ020 =  A1 &  A2 &  A3 &  B0 &  B1 &  B3 &  _LC053
         #  A0 &  A1 &  A3 &  B0 &  B1 &  B2 &  _LC053
         #  A2 &  A3 &  B0 &  B1 & !B2 &  B3 &  _LC053
         #  A2 &  A3 &  B0 &  B1 &  B2 & !B3 &  _LC053;

-- Node name is '|component:48|4_2_msb:26|1digit_summator:56|~18~1' 
-- Equation name is '_LC003', type is buried 
-- synthesized logic cell 
_LC003   = LCELL( _EQ021 $  VCC);
  _EQ021 =  A1 &  A2 & !A3 &  B0 &  B1 &  B2 &  _LC002 &  _LC004 &  _X011
         #  A1 &  A2 & !A3 &  B0 &  B1 & !B2 &  B3 &  _LC002 &  _LC004
         #  A2 &  A3 & !B0 &  B1 &  B2 &  _LC002 &  _LC004 &  _X012
         # !A0 &  A1 & !A2 &  A3 &  B1 &  B3 &  _LC002 &  _LC004
         #  A1 &  A3 & !B0 &  B1 & !B2 &  B3 &  _LC002 &  _LC004;
  _X011  = EXP(!A0 &  B3);
  _X012  = EXP(!A0 &  A1 &  B3);

-- Node name is '|component:48|4_2_msb:26|1digit_summator:57|~19~1' = '|component:48|4_2_msb:26|1digit_summator:57|C~1' 
-- Equation name is '_LC016', type is buried 
-- synthesized logic cell 
_LC016   = LCELL( _EQ022 $  GND);
  _EQ022 = !B0 & !B1 & !B2
         # !A1 & !B0 & !B2
         # !A0 & !B0 & !B1
         # !A0 & !A1 & !B0
         # !A0 & !A2 & !B1;

-- Node name is '|component:48|4_2_msb:26|1digit_summator:57|~20~1' 
-- Equation name is '_LC049', type is buried 
-- synthesized logic cell 
_LC049   = LCELL( _EQ023 $  GND);
  _EQ023 =  A0 &  A1 & !B0 &  B1 &  B2
         #  A0 &  A2 &  B0 &  B2;

-- Node name is '|component:48|4_2_msb:26|1digit_summator:58|~9~1' 
-- Equation name is '_LC086', type is buried 
-- synthesized logic cell 
_LC086   = LCELL( _EQ024 $  VCC);
  _EQ024 = !_LC022 & !_LC060 &  _X015;
  _X015  = EXP(!A0 &  A1 &  B2);

-- Node name is '|component:48|4_2_msb:26|1digit_summator:58|~9~2' 
-- Equation name is '_LC022', type is buried 
-- synthesized logic cell 
_LC022   = LCELL( _EQ025 $  GND);
  _EQ025 =  A0 &  A1 & !A2 & !A3 &  B0 &  B1
         #  A1 &  A2 &  A3 &  B1
         # !A0 &  A1 &  A3 &  B0
         # !A1 &  A2 & !A3 &  B1
         # !A1 & !A2 &  A3 &  B0;

-- Node name is '|component:48|4_2_msb:26|1digit_summator:58|~9~3' 
-- Equation name is '_LC060', type is buried 
-- synthesized logic cell 
_LC060   = LCELL( _EQ026 $  GND);
  _EQ026 =  A2 & !B0 &  B1
         #  A3 &  B0 & !B1
         #  A0 & !B2 &  B3
         #  A0 & !A1 &  B3
         #  A1 &  B2 & !B3;

-- Node name is '|component:48|4_2_msb:26|1digit_summator:58|~13~1' 
-- Equation name is '_LC001', type is buried 
-- synthesized logic cell 
_LC001   = LCELL( _EQ027 $  _EQ028);
  _EQ027 =  A0 &  A1 & !A2 & !A3 &  B0 &  B1 & !B2 &  B3 & !_LC007 & !_LC014
         #  A0 &  A1 & !A2 & !A3 &  B0 &  B1 &  B2 & !B3 & !_LC007 & !_LC014
         #  A0 &  A1 &  A2 &  A3 &  B1 & !B2 &  B3 & !_LC007 & !_LC014
         #  A1 &  A2 &  A3 &  B1 &  B2 & !B3 & !_LC007 & !_LC014;
  _EQ028 = !_LC007 & !_LC014;

-- Node name is '|component:48|4_2_msb:26|1digit_summator:58|~13~2' 
-- Equation name is '_LC014', type is buried 
-- synthesized logic cell 
_LC014   = LCELL( _EQ029 $  GND);
  _EQ029 =  A0 & !A1 &  A2 & !A3 &  B1 &  B3
         #  A0 & !A1 & !A2 &  A3 &  B0 &  B3
         #  A0 &  A2 & !B0 &  B1 & !B2 &  B3
         #  A0 & !A1 &  A2 & !B0 &  B1 &  B3
         #  A1 &  A2 & !B0 &  B1 &  B2 & !B3;

-- Node name is '|component:48|4_2_msb:26|1digit_summator:58|~13~3' 
-- Equation name is '_LC007', type is buried 
-- synthesized logic cell 
_LC007   = LCELL( _EQ030 $  GND);
  _EQ030 = !A0 &  A1 &  A2 & !B0 &  B1 &  B2
         #  A0 &  A3 &  B0 & !B1 & !B2 &  B3
         #  A0 & !A1 &  A3 &  B0 & !B1 &  B3
         #  A1 &  A3 &  B0 & !B1 &  B2 & !B3
         # !A0 &  A1 &  A3 &  B0 &  B2;

-- Node name is '|component:48|4_2_msb:26|1digit_summator:59|~9~1' 
-- Equation name is '_LC010', type is buried 
-- synthesized logic cell 
_LC010   = LCELL( _EQ031 $  _EQ032);
  _EQ031 =  A0 &  A1 &  A2 &  A3 & !B0 &  B1 &  B3 &  _LC036 & !_LC055
         #  A0 &  A1 &  A2 & !A3 &  B0 &  B1 &  B3 &  _LC036 & !_LC055
         #  A1 &  A2 & !A3 &  B0 &  B1 & !B2 &  B3 &  _LC036 & !_LC055
         #  A1 &  A2 & !A3 &  B0 &  B1 &  B2 & !B3 &  _LC036 & !_LC055;
  _EQ032 =  _LC036 & !_LC055;

-- Node name is '|component:48|4_2_msb:26|1digit_summator:61|~19~2' = '|component:48|4_2_msb:26|1digit_summator:61|C~2' 
-- Equation name is '_LC092', type is buried 
-- synthesized logic cell 
_LC092   = LCELL( _EQ033 $  GND);
  _EQ033 = !A2 &  _LC002 &  _LC003 &  _LC012 &  _LC053
         # !B2 &  _LC002 &  _LC003 &  _LC012 &  _LC053
         #  A2 &  A3 &  B2 &  B3 & !_LC003
         #  A2 &  A3 &  B2 &  B3 & !_LC002
         # !A3 &  _LC002 &  _LC003 &  _LC012;

-- Node name is '|component:48|4_2_msb:26|1digit_summator:61|~19~3' = '|component:48|4_2_msb:26|1digit_summator:61|C~3' 
-- Equation name is '_LC095', type is buried 
-- synthesized logic cell 
_LC095   = LCELL( _EQ034 $  GND);
  _EQ034 = !B3 &  _LC002 &  _LC003 &  _LC012
         #  A3 &  B3 & !_LC003 & !_LC053
         #  A3 &  B3 & !_LC002 & !_LC053
         # !_LC003 & !_LC012
         # !_LC002 & !_LC012;

-- Node name is '|component:48|4_2_msb:26|1digit_summator:61|~13~1' 
-- Equation name is '_LC094', type is buried 
-- synthesized logic cell 
_LC094   = LCELL( _EQ035 $ !_LC012);
  _EQ035 =  A0 &  A1 & !A2 &  A3 &  B2 &  B3 &  _LC012
         #  A2 &  A3 &  B2 &  B3 &  _LC012
         #  _LC002 &  _LC003 &  _LC012;

-- Node name is '|component:48|4_2_msb:26|1digit_summator:61|~18~1' 
-- Equation name is '_LC091', type is buried 
-- synthesized logic cell 
_LC091   = LCELL( _EQ036 $ !_LC094);
  _EQ036 =  A2 &  A3 &  B2 &  B3 &  _LC002 &  _LC003 &  _LC094
         #  A3 &  B3 &  _LC002 &  _LC003 & !_LC053 &  _LC094
         #  _LC002 &  _LC003 & !_LC012 &  _LC094
         #  _LC054 &  _LC094;

-- Node name is '|component:48|4_2_msb:26|1digit_summator:61|~19~1' 
-- Equation name is '_LC058', type is buried 
-- synthesized logic cell 
_LC058   = LCELL( _EQ037 $  _LC054);
  _EQ037 = !_LC092 & !_LC095;

-- Node name is '|component:48|4_2_msb:26|1digit_summator:62|~18~1' 
-- Equation name is '_LC054', type is buried 
-- synthesized logic cell 
_LC054   = LCELL( _EQ038 $  VCC);
  _EQ038 =  A0 &  A1 & !B0 &  B1 &  B2 &  _LC002 &  _LC003 &  _LC004 & 
              _LC010 &  _LC086
         #  A0 &  A2 &  B0 &  B2 &  _LC002 &  _LC003 &  _LC004 &  _LC010 & 
              _LC086
         # !_LC001 &  _LC002 &  _LC003 &  _LC004 &  _LC010
         #  _LC003 &  _LC010 & !_LC015 &  _LC049 &  _LC086
         # !_LC001 &  _LC003 &  _LC010 & !_LC015;

-- Node name is '|component:48|4_2_msb:26|~48~1' 
-- Equation name is '_LC096', type is buried 
-- synthesized logic cell 
_LC096   = LCELL( _EQ039 $  GND);
  _EQ039 =  A0 &  A1 & !A2 &  A3 &  B2 &  B3
         #  A2 &  A3 &  B2 &  B3
         #  _LC012 &  _X016
         # !_LC054 &  _X017;
  _X016  = EXP( _LC002 &  _LC003 &  _LC054);
  _X017  = EXP( _LC002 &  _LC003);

-- Node name is '|component:49|4_2_msb:26|1digit_summator:51|~13~1' 
-- Equation name is '_LC082', type is buried 
-- synthesized logic cell 
_LC082   = LCELL( _EQ040 $  VCC);
  _EQ040 =  A2 &  A3 &  B6 &  B7;

-- Node name is '|component:49|4_2_msb:26|1digit_summator:51|~18~1' 
-- Equation name is '_LC020', type is buried 
-- synthesized logic cell 
_LC020   = LCELL( _EQ041 $  VCC);
  _EQ041 =  A0 &  A1 &  A3 &  B6 &  B7 &  _X018
         #  A1 &  A2 &  B6 &  B7 &  _X018;
  _X018  = EXP( A2 &  A3 &  B6 &  B7);

-- Node name is '|component:49|4_2_msb:26|1digit_summator:52|~9~1' 
-- Equation name is '_LC028', type is buried 
-- synthesized logic cell 
_LC028   = LCELL( _EQ042 $  GND);
  _EQ042 =  A3 &  B7;

-- Node name is '|component:49|4_2_msb:26|1digit_summator:54|~14~1' 
-- Equation name is '_LC027', type is buried 
-- synthesized logic cell 
_LC027   = LCELL( _EQ043 $  GND);
  _EQ043 =  A0 & !B6 &  B7
         #  A0 & !A1 &  B7
         #  A1 &  B6 & !B7
         # !A0 &  A1 &  B6;

-- Node name is '|component:49|4_2_msb:26|1digit_summator:55|~13~1' 
-- Equation name is '_LC042', type is buried 
-- synthesized logic cell 
_LC042   = LCELL( _EQ044 $  VCC);
  _EQ044 =  A1 &  A2 & !A3 &  B4 &  B5 &  B6 &  _X019
         #  A1 &  A2 & !A3 &  B4 &  B5 & !B6 &  B7
         #  A2 &  A3 & !B4 &  B5 &  B6 &  _X020
         # !A0 &  A1 & !A2 &  A3 &  B5 &  B7
         #  A1 &  A3 & !B4 &  B5 & !B6 &  B7;
  _X019  = EXP(!A0 &  B7);
  _X020  = EXP(!A0 &  A1 &  B7);

-- Node name is '|component:49|4_2_msb:26|1digit_summator:55|~14~1' 
-- Equation name is '_LC031', type is buried 
-- synthesized logic cell 
_LC031   = LCELL( _EQ045 $  _EQ046);
  _EQ045 = !A0 &  A1 &  A3 &  B4 &  B5 &  B6 &  B7 & !_LC034 & !_LC037 & 
             !_LC046 & !_LC085 &  _X021 &  _X022
         # !A0 &  A1 &  A2 & !A3 & !B4 &  B6 &  B7 & !_LC034 & !_LC037 & 
             !_LC046 & !_LC085 &  _X021 &  _X022
         #  A0 &  A2 &  A3 & !B4 &  B5 &  B6 & !_LC034 & !_LC037 & !_LC046 & 
             !_LC085 &  _X021 &  _X022
         #  A0 &  A1 & !A3 &  B4 &  B5 &  B6 & !_LC034 & !_LC037 & !_LC046 & 
             !_LC085 &  _X021 &  _X022;
  _X021  = EXP(!B5 & !B6 & !B7);
  _X022  = EXP(!A1 & !A2 & !A3);
  _EQ046 = !_LC034 & !_LC037 & !_LC046 & !_LC085 &  _X021 &  _X022;
  _X021  = EXP(!B5 & !B6 & !B7);
  _X022  = EXP(!A1 & !A2 & !A3);

-- Node name is '|component:49|4_2_msb:26|1digit_summator:55|~14~2' 
-- Equation name is '_LC034', type is buried 
-- synthesized logic cell 
_LC034   = LCELL( _EQ047 $  GND);
  _EQ047 =  A1 & !A3 &  B4 &  B5 &  B6 & !B7
         #  A2 & !A3 &  B4 &  B5 & !B6 &  B7
         # !A0 &  A1 & !A2 &  A3 &  B5 &  B7
         #  A1 &  A3 & !B4 &  B5 & !B6 &  B7
         #  A2 &  A3 & !B4 &  B5 &  B6 & !B7;

-- Node name is '|component:49|4_2_msb:26|1digit_summator:55|~14~3' 
-- Equation name is '_LC037', type is buried 
-- synthesized logic cell 
_LC037   = LCELL( _EQ048 $  GND);
  _EQ048 = !A1 &  A2 &  A3 & !B4 &  B5 &  B6
         # !A0 &  A1 &  A2 & !B5 &  B6 &  B7
         #  A0 &  A1 & !A2 &  B4 &  B6
         #  A0 &  A1 & !A2 &  B4 & !B7
         #  A2 &  A3 &  B4 & !B6 & !B7;

-- Node name is '|component:49|4_2_msb:26|1digit_summator:55|~14~4' 
-- Equation name is '_LC046', type is buried 
-- synthesized logic cell 
_LC046   = LCELL( _EQ049 $  GND);
  _EQ049 = !A1 &  A2 &  B4 & !B6
         #  A0 & !A2 & !A3 &  B6
         #  A0 & !A2 & !B5 &  B6
         # !A3 & !B4 & !B6 & !B7
         # !A1 & !A3 & !B6;

-- Node name is '|component:49|4_2_msb:26|1digit_summator:55|~14~5' 
-- Equation name is '_LC085', type is buried 
-- synthesized logic cell 
_LC085   = LCELL( _EQ050 $  GND);
  _EQ050 = !A1 & !B5 & !B6
         # !A2 & !A3 & !B7
         # !A2 & !B5 & !B7
         # !A1 & !A2 & !B5;

-- Node name is '|component:49|4_2_msb:26|1digit_summator:56|~13~1' 
-- Equation name is '_LC033', type is buried 
-- synthesized logic cell 
_LC033   = LCELL( _EQ051 $  VCC);
  _EQ051 =  A0 &  A1 &  A3 &  B4 &  B5 &  B6 & !B7
         #  A1 &  A2 &  A3 &  B4 &  B5 &  B6
         #  A2 &  A3 &  B4 &  B5 & !B6 &  B7
         #  A2 &  A3 &  B4 &  B5 &  B6 & !B7;

-- Node name is '|component:49|4_2_msb:26|1digit_summator:56|~18~1' 
-- Equation name is '_LC025', type is buried 
-- synthesized logic cell 
_LC025   = LCELL( _EQ052 $  VCC);
  _EQ052 = !_LC030 &  _LC033 & !_LC042 & !_LC048 &  _X021 &  _X022 &  _X023 & 
              _X024;
  _X021  = EXP(!B5 & !B6 & !B7);
  _X022  = EXP(!A1 & !A2 & !A3);
  _X023  = EXP(!_LC031 &  _LC042);
  _X024  = EXP(!A3 & !B7);

-- Node name is '|component:49|4_2_msb:26|1digit_summator:56|~18~2' 
-- Equation name is '_LC048', type is buried 
-- synthesized logic cell 
_LC048   = LCELL( _EQ053 $  GND);
  _EQ053 =  A0 &  A1 & !A2 &  A3 & !B5 &  B7
         #  A0 &  A1 & !A2 &  A3 & !B4 &  B7
         # !A1 &  A2 &  A3 & !B4 &  B6 &  B7
         # !A1 &  A2 &  A3 & !B5 &  B6 &  B7
         #  A1 &  A2 & !A3 &  B6;

-- Node name is '|component:49|4_2_msb:26|1digit_summator:56|~18~3' 
-- Equation name is '_LC030', type is buried 
-- synthesized logic cell 
_LC030   = LCELL( _EQ054 $  GND);
  _EQ054 = !A0 &  A1 & !A3 &  B6
         # !B4 & !B6 & !B7
         # !A0 & !A2 & !B6
         # !A1 & !A2 & !B6
         # !A2 & !A3 & !B6;

-- Node name is '|component:49|4_2_msb:26|1digit_summator:57|~19~2' = '|component:49|4_2_msb:26|1digit_summator:57|C~2' 
-- Equation name is '_LC021', type is buried 
-- synthesized logic cell 
_LC021   = LCELL( _EQ055 $  GND);
  _EQ055 = !B4 & !B5 & !B6
         # !A1 & !B4 & !B6
         # !A0 & !B4 & !B5
         # !A0 & !A1 & !B4
         # !A0 & !A2 & !B5;

-- Node name is '|component:49|4_2_msb:26|1digit_summator:57|~19~1' 
-- Equation name is '_LC023', type is buried 
-- synthesized logic cell 
_LC023   = LCELL( _EQ056 $  _EQ057);
  _EQ056 =  A0 &  A1 & !B4 &  B5 &  B6 & !_LC021 &  _X001
         # !A0 &  A1 &  A2 &  B4 &  B5 & !_LC021 &  _X001
         #  A0 &  A2 &  B4 &  B6 & !_LC021 &  _X001
         #  A0 & !A2 &  B4 & !B6 & !_LC021 &  _X001;
  _X001  = EXP(!A0 & !A1 & !A2);
  _EQ057 = !_LC021 &  _X001;
  _X001  = EXP(!A0 & !A1 & !A2);

-- Node name is '|component:49|4_2_msb:26|1digit_summator:57|~20~1' 
-- Equation name is '_LC047', type is buried 
-- synthesized logic cell 
_LC047   = LCELL( _EQ058 $  GND);
  _EQ058 =  A0 &  A1 & !B4 &  B5 &  B6
         #  A0 &  A2 &  B4 &  B6;

-- Node name is '|component:49|4_2_msb:26|1digit_summator:58|~14~1' 
-- Equation name is '_LC040', type is buried 
-- synthesized logic cell 
_LC040   = LCELL( _EQ059 $  _EQ060);
  _EQ059 =  A0 &  A1 &  A2 &  A3 &  B5 & !B6 &  B7 & !_LC019 & !_LC038 & 
             !_LC039 & !_LC041 & !_LC043 & !_LC045 &  _X025 &  _X026 &  _X027
         #  A0 &  A1 & !A2 &  A3 &  B5 &  B6 &  B7 & !_LC019 & !_LC038 & 
             !_LC039 & !_LC041 & !_LC043 & !_LC045 &  _X025 &  _X026 &  _X027
         #  A0 &  A2 & !A3 &  B4 &  B5 &  B6 &  B7 & !_LC019 & !_LC038 & 
             !_LC039 & !_LC041 & !_LC043 & !_LC045 &  _X025 &  _X026 &  _X027
         #  A0 &  A1 & !A2 &  A3 &  B5 & !B6 & !B7 & !_LC019 & !_LC038 & 
             !_LC039 & !_LC041 & !_LC043 & !_LC045 &  _X025 &  _X026 &  _X027;
  _X025  = EXP(!A0 & !A1 & !A2 & !B4);
  _X026  = EXP(!A0 & !A1 & !B4 & !B5);
  _X027  = EXP(!A0 & !A1 & !A3 & !B5);
  _EQ060 = !_LC019 & !_LC038 & !_LC039 & !_LC041 & !_LC043 & !_LC045 &  _X025 & 
              _X026 &  _X027;
  _X025  = EXP(!A0 & !A1 & !A2 & !B4);
  _X026  = EXP(!A0 & !A1 & !B4 & !B5);
  _X027  = EXP(!A0 & !A1 & !A3 & !B5);

-- Node name is '|component:49|4_2_msb:26|1digit_summator:58|~14~2' 
-- Equation name is '_LC039', type is buried 
-- synthesized logic cell 
_LC039   = LCELL( _EQ061 $  GND);
  _EQ061 =  A0 & !A2 & !A3 &  B4 &  B5 &  B6 & !B7
         #  A1 & !A2 & !A3 &  B4 &  B5 & !B6 &  B7
         #  A1 &  A2 &  A3 &  B5 &  B6 & !B7
         #  A0 & !A1 &  A2 & !A3 &  B5 &  B7
         #  A0 & !A1 & !A2 &  A3 &  B4 &  B7;

-- Node name is '|component:49|4_2_msb:26|1digit_summator:58|~14~3' 
-- Equation name is '_LC041', type is buried 
-- synthesized logic cell 
_LC041   = LCELL( _EQ062 $  GND);
  _EQ062 =  A0 &  A2 & !B4 &  B5 & !B6 &  B7
         #  A0 & !A1 &  A2 & !B4 &  B5 &  B7
         #  A1 &  A2 & !B4 &  B5 &  B6 & !B7
         # !A0 &  A1 &  A2 & !B4 &  B5 &  B6
         #  A0 &  A3 &  B4 & !B5 & !B6 &  B7;

-- Node name is '|component:49|4_2_msb:26|1digit_summator:58|~14~4' 
-- Equation name is '_LC045', type is buried 
-- synthesized logic cell 
_LC045   = LCELL( _EQ063 $  GND);
  _EQ063 =  A0 & !A1 &  A3 &  B4 & !B5 &  B7
         #  A1 &  A3 &  B4 & !B5 &  B6 & !B7
         #  A0 &  A1 & !B4 & !B5 &  B6 &  B7
         #  A0 &  A1 & !A2 & !B4 &  B6 &  B7
         #  A0 &  A1 & !A3 & !B5 &  B6 &  B7;

-- Node name is '|component:49|4_2_msb:26|1digit_summator:58|~14~5' 
-- Equation name is '_LC043', type is buried 
-- synthesized logic cell 
_LC043   = LCELL( _EQ064 $  GND);
  _EQ064 = !A1 &  A2 &  A3 &  B4 &  B5 & !B7
         # !A0 & !A1 &  A2 &  A3 &  B4 &  B5
         #  A1 &  A2 & !A3 &  B4 & !B6 & !B7
         # !A0 &  A1 &  A3 &  B4 &  B6
         # !A0 &  A1 & !A3 &  B4 & !B6;

-- Node name is '|component:49|4_2_msb:26|1digit_summator:58|~14~6' 
-- Equation name is '_LC038', type is buried 
-- synthesized logic cell 
_LC038   = LCELL( _EQ065 $  GND);
  _EQ065 = !B4 & !B5 & !B6 & !B7
         # !A2 & !B4 & !B6 & !B7
         # !A3 & !B5 & !B6 & !B7
         # !A0 & !B4 & !B5 & !B6
         # !A0 & !A2 & !B4 & !B6;

-- Node name is '|component:49|4_2_msb:26|1digit_summator:58|~14~7' 
-- Equation name is '_LC019', type is buried 
-- synthesized logic cell 
_LC019   = LCELL( _EQ066 $  GND);
  _EQ066 = !A1 & !A2 & !A3 & !B7
         # !A1 & !B4 & !B5 & !B7
         # !A1 & !A2 & !B4 & !B7
         # !A1 & !A3 & !B5 & !B7
         # !A0 & !A1 & !A2 & !A3;

-- Node name is '|component:49|4_2_msb:26|1digit_summator:58|~17~1' 
-- Equation name is '_LC090', type is buried 
-- synthesized logic cell 
_LC090   = LCELL( _EQ067 $  VCC);
  _EQ067 = !_LC040 & !_LC047;

-- Node name is '|component:49|4_2_msb:26|1digit_summator:58|~18~1' 
-- Equation name is '_LC018', type is buried 
-- synthesized logic cell 
_LC018   = LCELL( _EQ068 $ !_LC032);
  _EQ068 =  A0 & !A1 &  A2 &  A3 &  B4 & !B5 &  B6 & !B7 & !_LC032
         #  A0 & !A1 &  A2 & !A3 &  B4 & !B5 &  B6 &  B7 & !_LC032
         #  A0 &  A2 &  A3 &  B4 &  B5 &  B6 &  B7 & !_LC032
         #  A0 &  A1 &  A2 &  A3 &  B4 &  B6 &  B7 & !_LC032;

-- Node name is '|component:49|4_2_msb:26|1digit_summator:58|~18~2' 
-- Equation name is '_LC032', type is buried 
-- synthesized logic cell 
_LC032   = LCELL( _EQ069 $  GND);
  _EQ069 =  A0 &  A1 &  A2 & !B4 &  B5 &  B6 &  B7
         #  A0 &  A1 &  A2 & !A3 &  B4 &  B6 & !B7
         #  A0 &  A2 & !A3 &  B4 &  B5 &  B6 & !B7
         #  A0 &  A1 & !A2 & !B4 &  B5 &  B6 & !B7;

-- Node name is '|component:49|4_2_msb:26|1digit_summator:59|~19~2' = '|component:49|4_2_msb:26|1digit_summator:59|C~2' 
-- Equation name is '_LC026', type is buried 
-- synthesized logic cell 
_LC026   = LCELL( _EQ070 $  GND);
  _EQ070 =  A0 &  A1 & !A2 &  A3 &  B5 &  _LC018
         # !A1 &  A2 &  A3 &  B4 &  B5 &  _LC018
         #  A0 &  A1 &  B6 &  B7 &  _LC018
         #  A1 &  A2 & !A3 &  B4 &  _LC018
         # !A0 & !A3 &  B4 &  _LC018 &  _LC031;

-- Node name is '|component:49|4_2_msb:26|1digit_summator:59|~19~3' = '|component:49|4_2_msb:26|1digit_summator:59|C~3' 
-- Equation name is '_LC024', type is buried 
-- synthesized logic cell 
_LC024   = LCELL( _EQ071 $  GND);
  _EQ071 = !A0 & !A2 & !A3 &  _LC018 & !_LC031
         # !A1 & !A2 & !A3 &  _LC018
         # !B6 & !B7 &  _LC018
         # !A0 & !B6 &  _LC018
         # !A1 & !B7 &  _LC018;

-- Node name is '|component:49|4_2_msb:26|1digit_summator:59|~19~4' = '|component:49|4_2_msb:26|1digit_summator:59|C~4' 
-- Equation name is '_LC064', type is buried 
-- synthesized logic cell 
_LC064   = LCELL( _EQ072 $  GND);
  _EQ072 = !A0 & !A1 &  _LC018
         # !B4 & !B5 &  _LC018
         # !A2 & !B4 &  _LC018
         # !A3 & !B5 &  _LC018;

-- Node name is '|component:49|4_2_msb:26|1digit_summator:59|~19~1' 
-- Equation name is '_LC017', type is buried 
-- synthesized logic cell 
_LC017   = LCELL( _EQ073 $  _LC031);
  _EQ073 = !_LC024 & !_LC026 & !_LC064;

-- Node name is '|component:49|4_2_msb:26|1digit_summator:61|~9~1' 
-- Equation name is '_LC070', type is buried 
-- synthesized logic cell 
_LC070   = LCELL( _EQ074 $  VCC);
  _EQ074 =  A0 &  A1 &  A3 &  B6 &  B7 &  _LC025 &  _LC033 &  _X018
         #  A2 &  A3 &  B6 &  B7 &  _LC025 &  _LC033
         #  _LC020 &  _LC025 &  _LC033 &  _X018 &  _X028;
  _X018  = EXP( A2 &  A3 &  B6 &  B7);
  _X028  = EXP( A3 &  B7);

-- Node name is '|component:49|4_2_msb:26|1digit_summator:61|~19~1' 
-- Equation name is '_LC071', type is buried 
-- synthesized logic cell 
_LC071   = LCELL( _EQ075 $ !_LC044);
  _EQ075 =  A2 &  A3 &  B6 &  B7 &  _LC070
         #  A3 &  B7 & !_LC020 &  _LC070
         #  _LC020 &  _LC070 &  _X018 &  _X028
         #  _LC025 &  _LC033 &  _LC070;
  _X018  = EXP( A2 &  A3 &  B6 &  B7);
  _X028  = EXP( A3 &  B7);

-- Node name is '|component:49|4_2_msb:26|1digit_summator:62|~18~1' 
-- Equation name is '_LC044', type is buried 
-- synthesized logic cell 
_LC044   = LCELL( _EQ076 $  _EQ077);
  _EQ076 =  A0 &  A1 & !A2 & !A3 &  B4 &  B5 &  B6 &  B7 &  _LC020 &  _LC025 & 
              _LC027 &  _LC031 &  _LC033 & !_LC073 & !_LC074 & !_LC075 & 
             !_LC076 & !_LC077
         #  A0 &  A1 &  A3 &  B4 & !B5 &  B6 &  B7 &  _LC020 &  _LC025 & 
              _LC027 &  _LC031 &  _LC033 & !_LC073 & !_LC074 & !_LC075 & 
             !_LC076 & !_LC077;
  _EQ077 = !_LC073 & !_LC074 & !_LC075 & !_LC076 & !_LC077;

-- Node name is '|component:49|4_2_msb:26|1digit_summator:62|~18~2' 
-- Equation name is '_LC077', type is buried 
-- synthesized logic cell 
_LC077   = LCELL( _EQ078 $  GND);
  _EQ078 =  A1 &  A2 &  A3 &  B4 &  B6 &  B7 &  _LC020 &  _LC025 &  _LC027 & 
              _LC031 &  _LC033
         # !A0 &  A1 &  A3 &  B4 &  B6 &  _LC020 &  _LC025 &  _LC027 & 
              _LC031 &  _LC033 &  _LC082
         #  A1 &  A2 & !B4 &  B5 &  B6 &  B7 &  _LC020 &  _LC025 &  _LC027 & 
              _LC031 &  _LC033
         #  A2 &  A3 &  B4 & !B5 &  B7 &  _LC020 &  _LC025 &  _LC027 & 
              _LC031 &  _LC033 &  _LC082
         #  A2 &  A3 & !B4 &  B5 &  B6 &  _LC020 &  _LC025 &  _LC027 & 
              _LC031 &  _LC033 &  _LC082;

-- Node name is '|component:49|4_2_msb:26|1digit_summator:62|~18~3' 
-- Equation name is '_LC076', type is buried 
-- synthesized logic cell 
_LC076   = LCELL( _EQ079 $  GND);
  _EQ079 = !A1 &  A2 & !A3 &  B5 &  B7 &  _LC020 &  _LC025 &  _LC027 & 
              _LC031 &  _LC033 &  _LC082
         # !A1 & !A2 &  A3 &  B4 &  B6 &  _LC020 &  _LC025 &  _LC027 & 
              _LC031 &  _LC033 &  _LC082
         #  A2 & !B4 &  B5 &  B7 &  _LC020 &  _LC025 &  _LC027 &  _LC031 & 
              _LC033 &  _LC082
         #  A3 &  B4 & !B5 &  B6 &  _LC020 &  _LC025 &  _LC027 &  _LC031 & 
              _LC033 &  _LC082
         #  A0 &  A1 & !A2 & !A3 &  B4 &  B5 &  _LC025 &  _LC027 &  _LC031 & 
             !_LC042;

-- Node name is '|component:49|4_2_msb:26|1digit_summator:62|~18~4' 
-- Equation name is '_LC075', type is buried 
-- synthesized logic cell 
_LC075   = LCELL( _EQ080 $  GND);
  _EQ080 =  A1 &  A2 &  A3 &  B4 &  B5 &  _LC025 &  _LC027 &  _LC031 & 
              _LC033
         #  A0 &  A1 &  A3 &  B4 &  B5 & !_LC018 &  _LC025 &  _LC031 & 
              _LC033
         #  A1 &  A2 &  B6 &  B7 & !_LC018 &  _LC020 &  _LC025 &  _LC031 & 
              _LC033
         #  A0 &  A1 &  B6 &  B7 & !_LC018 &  _LC020 &  _LC025 &  _LC031 & 
              _LC033
         #  A1 &  A2 &  A3 &  B5 &  _LC025 &  _LC027 &  _LC031 & !_LC042;

-- Node name is '|component:49|4_2_msb:26|1digit_summator:62|~18~5' 
-- Equation name is '_LC074', type is buried 
-- synthesized logic cell 
_LC074   = LCELL( _EQ081 $  GND);
  _EQ081 = !A0 &  A1 &  A3 &  B4 &  _LC025 &  _LC027 &  _LC031 & !_LC042
         # !A1 &  A2 & !A3 &  B5 &  _LC025 &  _LC027 &  _LC031 & !_LC042
         # !A1 & !A2 &  A3 &  B4 &  _LC025 &  _LC027 &  _LC031 & !_LC042
         #  A2 &  A3 &  B4 &  B5 & !_LC018 &  _LC025 &  _LC031 &  _LC033
         #  A2 &  B7 & !_LC018 &  _LC020 &  _LC025 &  _LC031 &  _LC033 & 
              _LC082;

-- Node name is '|component:49|4_2_msb:26|1digit_summator:62|~18~6' 
-- Equation name is '_LC073', type is buried 
-- synthesized logic cell 
_LC073   = LCELL( _EQ082 $  GND);
  _EQ082 =  A3 &  B6 & !_LC018 &  _LC020 &  _LC025 &  _LC031 &  _LC033 & 
              _LC082
         #  A2 & !B4 &  B5 &  _LC025 &  _LC027 &  _LC031 & !_LC042
         #  A3 &  B4 & !B5 &  _LC025 &  _LC027 &  _LC031 & !_LC042
         # !_LC018 &  _LC025 &  _LC031 & !_LC042;

-- Node name is '|1digit_summator:41|~19~1' = '|1digit_summator:41|C~1' 
-- Equation name is '_LC061', type is buried 
-- synthesized logic cell 
_LC061   = LCELL( _EQ083 $  GND);
  _EQ083 =  _LC010 &  _LC049 &  _LC054 &  _LC056 &  _LC057 &  _LC086
         #  _LC002 &  _LC003 &  _LC004 &  _LC054 &  _LC056 &  _LC057
         #  A0 &  B4 & !_LC010 &  _LC049 &  _LC056 &  _LC086
         #  A0 &  B4 &  _LC001 &  _LC010 & !_LC049 &  _LC056
         #  A0 &  B4 &  _LC001 &  _LC010 &  _LC056 & !_LC086;

-- Node name is '|1digit_summator:41|~19~2' = '|1digit_summator:41|C~2' 
-- Equation name is '_LC052', type is buried 
-- synthesized logic cell 
_LC052   = LCELL( _EQ084 $  GND);
  _EQ084 = !_LC001 &  _LC010 &  _LC054 &  _LC056 &  _LC057
         #  _LC003 & !_LC015 &  _LC054 &  _LC056 &  _LC057
         #  A0 & !B4 &  B5 &  _LC056 &  _LC057
         #  A0 & !A1 &  B5 &  _LC056 &  _LC057
         #  A1 &  B4 & !B5 &  _LC056 &  _LC057;

-- Node name is '|1digit_summator:41|~13~1' 
-- Equation name is '_LC057', type is buried 
-- synthesized logic cell 
_LC057   = LCELL( _EQ085 $  _EQ086);
  _EQ085 =  A1 &  B4 &  _LC002 &  _LC003 &  _LC004 &  _LC054 &  _X029
         #  A1 &  B4 &  _LC010 &  _LC049 &  _LC054 &  _LC086 &  _X029
         #  A1 &  B4 &  _LC003 & !_LC015 &  _LC054 &  _X029
         #  A1 &  B4 & !_LC001 &  _LC010 &  _LC054 &  _X029;
  _X029  = EXP( A0 &  B5);
  _EQ086 = !_LC050 &  _X030 &  _X031 &  _X032;
  _X030  = EXP( A0 & !B4 &  B5 &  _LC003 & !_LC015 &  _LC054);
  _X031  = EXP( A0 & !A1 &  B5 & !_LC001 &  _LC010 &  _LC054);
  _X032  = EXP( A0 & !B4 &  B5 & !_LC001 &  _LC010 &  _LC054);

-- Node name is '|1digit_summator:41|~13~2' 
-- Equation name is '_LC050', type is buried 
-- synthesized logic cell 
_LC050   = LCELL( _EQ087 $  GND);
  _EQ087 =  A0 & !A1 &  B5 &  _LC002 &  _LC003 &  _LC004 &  _LC054
         #  A0 & !B4 &  B5 &  _LC002 &  _LC003 &  _LC004 &  _LC054
         #  A0 & !A1 &  B5 &  _LC010 &  _LC049 &  _LC054 &  _LC086
         #  A0 & !B4 &  B5 &  _LC010 &  _LC049 &  _LC054 &  _LC086
         #  A0 & !A1 &  B5 &  _LC003 & !_LC015 &  _LC054;

-- Node name is '|1digit_summator:41|~18~1' 
-- Equation name is '_LC056', type is buried 
-- synthesized logic cell 
_LC056   = LCELL( _EQ088 $  VCC);
  _EQ088 =  A0 &  B4 &  _LC057 & !_LC062 & !_LC063 &  _X033 &  _X034;
  _X033  = EXP(!A1 & !B5 & !_LC054);
  _X034  = EXP(!_LC001 &  _LC010);

-- Node name is '|1digit_summator:41|~18~2' 
-- Equation name is '_LC063', type is buried 
-- synthesized logic cell 
_LC063   = LCELL( _EQ089 $  GND);
  _EQ089 =  A1 &  B5 & !_LC002 &  _LC015
         #  A1 &  B5 & !_LC004 &  _LC015
         # !A1 & !B5 & !_LC002 &  _LC015
         # !A1 & !B5 & !_LC004 &  _LC015
         #  _LC010 &  _LC049 &  _LC086;

-- Node name is '|1digit_summator:41|~18~3' 
-- Equation name is '_LC062', type is buried 
-- synthesized logic cell 
_LC062   = LCELL( _EQ090 $  GND);
  _EQ090 =  A1 &  B5 & !_LC003
         #  A1 &  B5 & !_LC054
         #  _LC001 & !_LC010 & !_LC049
         #  _LC001 & !_LC010 & !_LC086
         # !A1 & !B5 & !_LC003;

-- Node name is '|1digit_summator:42|~13~1' 
-- Equation name is '_LC087', type is buried 
-- synthesized logic cell 
_LC087   = LCELL( _EQ091 $  VCC);
  _EQ091 =  _LC023 &  _LC058;

-- Node name is '|1digit_summator:43|~20~2' = '|1digit_summator:43|P~2' 
-- Equation name is '_LC093', type is buried 
-- synthesized logic cell 
_LC093   = LCELL( _EQ092 $  GND);
  _EQ092 = !_LC018 &  _LC056 &  _LC057 &  _LC087
         # !_LC018 &  _LC040 &  _LC047 & !_LC096
         # !_LC018 & !_LC023 & !_LC058 &  _LC087
         # !_LC018 & !_LC040 & !_LC047 & !_LC096
         # !_LC040 & !_LC047 & !_LC096;

-- Node name is '|1digit_summator:43|~13~1' 
-- Equation name is '_LC081', type is buried 
-- synthesized logic cell 
_LC081   = LCELL( _EQ093 $  VCC);
  _EQ093 =  _LC018 &  _LC096 &  _X008;
  _X008  = EXP(!_LC040 & !_LC047);

-- Node name is '|1digit_summator:43|~18~1' 
-- Equation name is '_LC083', type is buried 
-- synthesized logic cell 
_LC083   = LCELL( _EQ094 $  _EQ095);
  _EQ094 =  _LC056 &  _LC057 &  _LC081 &  _X007
         # !_LC023 & !_LC058 &  _LC081 &  _X007
         # !_LC040 & !_LC047 &  _LC081 & !_LC096
         # !_LC018 &  _LC081 & !_LC096;
  _X007  = EXP( _LC023 &  _LC058);
  _EQ095 =  _LC018 &  _LC096 &  _X008;
  _X008  = EXP(!_LC040 & !_LC047);

-- Node name is '|1digit_summator:43|~20~1' 
-- Equation name is '_LC084', type is buried 
-- synthesized logic cell 
_LC084   = LCELL( _EQ096 $  _EQ097);
  _EQ096 =  _LC013 &  _LC056 &  _LC057 &  _LC091 & !_LC093 &  _LC094 &  _X007 & 
              _X035 &  _X036
         #  _LC013 &  _LC040 &  _LC047 &  _LC091 & !_LC093 &  _LC094 & 
             !_LC096 &  _X035 &  _X036
         #  _LC013 & !_LC023 & !_LC058 &  _LC091 & !_LC093 &  _LC094 &  _X007 & 
              _X035 &  _X036
         #  _LC013 & !_LC040 & !_LC047 &  _LC091 & !_LC093 &  _LC094 & 
             !_LC096 &  _X035 &  _X036;
  _X007  = EXP( _LC023 &  _LC058);
  _X035  = EXP(!_LC040 & !_LC047 &  _LC056 &  _LC057 &  _LC087);
  _X036  = EXP(!_LC023 & !_LC040 & !_LC047 & !_LC058 &  _LC087);
  _EQ097 = !_LC093 &  _X035 &  _X036;
  _X035  = EXP(!_LC040 & !_LC047 &  _LC056 &  _LC057 &  _LC087);
  _X036  = EXP(!_LC023 & !_LC040 & !_LC047 & !_LC058 &  _LC087);

-- Node name is '|1digit_summator:45|~19~1' = '|1digit_summator:45|C~1' 
-- Equation name is '_LC080', type is buried 
-- synthesized logic cell 
_LC080   = LCELL( _EQ098 $  GND);
  _EQ098 =  A0 &  A1 & !A2 & !A3 &  B4 &  B5 &  _LC027 &  _LC031 &  _LC044 & 
              _LC065
         #  A1 &  A2 &  A3 &  B4 &  B5 &  _LC027 &  _LC031 &  _LC044 & 
              _LC065
         #  A0 &  A1 &  A3 &  B4 &  B5 &  _LC025 &  _LC033 &  _LC044 & 
              _LC065
         #  A1 &  A2 &  B6 &  B7 &  _LC020 &  _LC025 &  _LC033 &  _LC044 & 
              _LC065
         #  A0 &  A1 &  B6 &  B7 &  _LC020 &  _LC025 &  _LC033 &  _LC044 & 
              _LC065;

-- Node name is '|1digit_summator:45|~19~2' = '|1digit_summator:45|C~2' 
-- Equation name is '_LC078', type is buried 
-- synthesized logic cell 
_LC078   = LCELL( _EQ099 $  GND);
  _EQ099 = !A1 &  A2 & !A3 &  B5 &  _LC027 &  _LC031 &  _LC044 &  _LC065
         # !A0 & !A2 &  A3 &  B4 &  _LC027 &  _LC031 &  _LC044 &  _LC065
         # !A1 & !A2 &  A3 &  B4 &  _LC027 &  _LC031 &  _LC044 &  _LC065
         #  A2 &  A3 &  B4 &  B5 &  _LC025 &  _LC033 &  _LC044 &  _LC065
         #  A2 &  B7 &  _LC020 &  _LC025 &  _LC033 &  _LC044 &  _LC065 & 
              _LC082;

-- Node name is '|1digit_summator:45|~19~3' = '|1digit_summator:45|C~3' 
-- Equation name is '_LC072', type is buried 
-- synthesized logic cell 
_LC072   = LCELL( _EQ100 $  GND);
  _EQ100 =  A3 &  B6 &  _LC020 &  _LC025 &  _LC033 &  _LC044 &  _LC065 & 
              _LC082
         #  A2 & !B4 &  B5 &  _LC027 &  _LC031 &  _LC044 &  _LC065
         #  A3 &  B4 & !B5 &  _LC027 &  _LC031 &  _LC044 &  _LC065
         # !_LC018 &  _LC031 &  _LC044 &  _LC065
         #  _LC025 & !_LC042 &  _LC044 &  _LC065;

-- Node name is '|1digit_summator:45|~18~1' 
-- Equation name is '_LC065', type is buried 
-- synthesized logic cell 
_LC065   = LCELL( _EQ101 $  _EQ102);
  _EQ101 =  A0 &  A1 & !A2 & !A3 &  B4 &  B5 &  _LC017 &  _LC027 &  _LC031 & 
              _LC044 & !_LC066 & !_LC068 & !_LC079 &  _LC084
         #  A1 &  A2 &  A3 &  B4 &  B5 &  _LC017 &  _LC027 &  _LC031 & 
              _LC044 & !_LC066 & !_LC068 & !_LC079 &  _LC084;
  _EQ102 = !_LC066 & !_LC068 & !_LC079;

-- Node name is '|1digit_summator:45|~18~2' 
-- Equation name is '_LC079', type is buried 
-- synthesized logic cell 
_LC079   = LCELL( _EQ103 $  GND);
  _EQ103 =  A0 &  A1 &  A3 &  B4 &  B5 &  _LC017 &  _LC025 &  _LC033 & 
              _LC044 &  _LC084
         #  A1 &  A2 &  B6 &  B7 &  _LC017 &  _LC020 &  _LC025 &  _LC033 & 
              _LC044 &  _LC084
         #  A0 &  A1 &  B6 &  B7 &  _LC017 &  _LC020 &  _LC025 &  _LC033 & 
              _LC044 &  _LC084
         # !A1 &  A2 & !A3 &  B5 &  _LC017 &  _LC027 &  _LC031 &  _LC044 & 
              _LC084
         # !A0 & !A2 &  A3 &  B4 &  _LC017 &  _LC027 &  _LC031 &  _LC044 & 
              _LC084;

-- Node name is '|1digit_summator:45|~18~3' 
-- Equation name is '_LC068', type is buried 
-- synthesized logic cell 
_LC068   = LCELL( _EQ104 $  GND);
  _EQ104 = !A1 & !A2 &  A3 &  B4 &  _LC017 &  _LC027 &  _LC031 &  _LC044 & 
              _LC084
         #  A2 &  A3 &  B4 &  B5 &  _LC017 &  _LC025 &  _LC033 &  _LC044 & 
              _LC084
         #  A2 &  B7 &  _LC017 &  _LC020 &  _LC025 &  _LC033 &  _LC044 & 
              _LC082 &  _LC084
         #  A3 &  B6 &  _LC017 &  _LC020 &  _LC025 &  _LC033 &  _LC044 & 
              _LC082 &  _LC084
         #  A2 & !B4 &  B5 &  _LC017 &  _LC027 &  _LC031 &  _LC044 &  _LC084;

-- Node name is '|1digit_summator:45|~18~4' 
-- Equation name is '_LC066', type is buried 
-- synthesized logic cell 
_LC066   = LCELL( _EQ105 $  GND);
  _EQ105 =  A3 &  B4 & !B5 &  _LC017 &  _LC027 &  _LC031 &  _LC044 &  _LC084
         #  _LC017 & !_LC018 &  _LC031 &  _LC044 &  _LC084
         #  _LC017 &  _LC025 & !_LC042 &  _LC044 &  _LC084;

-- Node name is '|1digit_summator:47|~9~1' 
-- Equation name is '_LC069', type is buried 
-- synthesized logic cell 
_LC069   = LCELL( _EQ106 $  GND);
  _EQ106 =  A0 &  A1 &  A3 &  B6 &  B7 &  _X018
         #  A2 &  A3 &  B6 &  B7
         # !_LC044 &  _LC070
         #  _X037 &  _X038;
  _X018  = EXP( A2 &  A3 &  B6 &  B7);
  _X037  = EXP( _LC020 & !_LC028 &  _LC082);
  _X038  = EXP( _LC025 &  _LC033);



--     Shareable expanders that are duplicated in multiple LABs:
--    _X018 occurs in LABs B, E




Device-Specific Information:                       c:\projects\alu\4_8_msb.rpt
4_8_msb1

***** Logic for device '4_8_msb1' compiled without errors.




Device: EPM7032LC44-6

Device Options:
    Turbo Bit                                    = ON
    Security Bit                                 = OFF

                                               
                                               
                                               
                                               
                                               
                       V  G  G  G  G  G        
              B  A  A  C  N  N  N  N  N  P  P  
              0  1  0  C  D  D  D  D  D  0  1  
            -----------------------------------_ 
          /   6  5  4  3  2  1 44 43 42 41 40   | 
      B1 |  7                                39 | RESERVED 
RESERVED |  8                                38 | RESERVED 
RESERVED |  9                                37 | RESERVED 
     GND | 10                                36 | RESERVED 
RESERVED | 11                                35 | VCC 
RESERVED | 12         EPM7032LC44-6          34 | RESERVED 
RESERVED | 13                                33 | RESERVED 
RESERVED | 14                                32 | RESERVED 
     VCC | 15                                31 | RESERVED 
RESERVED | 16                                30 | GND 
RESERVED | 17                                29 | RESERVED 
         |_  18 19 20 21 22 23 24 25 26 27 28  _| 
           ------------------------------------ 
              R  R  R  R  G  V  R  R  R  R  R  
              E  E  E  E  N  C  E  E  E  E  E  
              S  S  S  S  D  C  S  S  S  S  S  
              E  E  E  E        E  E  E  E  E  
              R  R  R  R        R  R  R  R  R  
              V  V  V  V        V  V  V  V  V  
              E  E  E  E        E  E  E  E  E  
              D  D  D  D        D  D  D  D  D  


N.C. = Not Connected.
VCC = Dedicated power pin, which MUST be connected to VCC.
GND = Dedicated ground pin or unused dedicated input, which MUST be connected to GND.
RESERVED = Unused I/O pin, which MUST be left unconnected.



Device-Specific Information:                       c:\projects\alu\4_8_msb.rpt
4_8_msb1

** RESOURCE USAGE **

                                                Shareable     External
Logic Array Block     Logic Cells   I/O Pins    Expanders   Interconnect

A:     LC1 - LC16     0/16(  0%)   4/16( 25%)   0/16(  0%)   0/36(  0%) 
B:    LC17 - LC32     2/16( 12%)   2/16( 12%)   1/16(  6%)   4/36( 11%) 


Total dedicated input pins used:                 0/4      (  0%)
Total I/O pins used:                             6/32     ( 18%)
Total logic cells used:                          2/32     (  6%)
Total shareable expanders used:                  0/32     (  0%)
Total Turbo logic cells used:                    2/32     (  6%)
Total shareable expanders not available (n/a):   1/32     (  3%)
Average fan-in:                                  3.00
Total fan-in:                                     6

Total input pins required:                       4
Total output pins required:                      2
Total bidirectional pins required:               0
Total logic cells required:                      2
Total flipflops required:                        0
Total product terms required:                    6
Total logic cells lending parallel expanders:    0
Total shareable expanders in database:           0

Synthesized logic cells:                         0/  32   (  0%)



Device-Specific Information:                       c:\projects\alu\4_8_msb.rpt
4_8_msb1

** INPUTS **

                                         Shareable
                                         Expanders     Fan-In    Fan-Out
 Pin     LC  LAB  Primitive    Code   Total Shared n/a INP  FBK  OUT  FBK  Name
   4    (1)  (A)      INPUT               0      0   0    0    0    2    0  A0
   5    (2)  (A)      INPUT               0      0   0    0    0    1    0  A1
   6    (3)  (A)      INPUT               0      0   0    0    0    2    0  B0
   7    (4)  (A)      INPUT               0      0   0    0    0    1    0  B1


Code:

s = Synthesized pin or logic cell
t = Turbo logic cell
+ = Synchronous flipflop
! = NOT gate push-back
r = Fitter-inserted logic cell


Device-Specific Information:                       c:\projects\alu\4_8_msb.rpt
4_8_msb1

** OUTPUTS **

                                         Shareable
                                         Expanders     Fan-In    Fan-Out
 Pin     LC  LAB  Primitive    Code   Total Shared n/a INP  FBK  OUT  FBK  Name
  41     17    B     OUTPUT      t        0      0   0    2    0    0    0  P0
  40     18    B     OUTPUT      t        1      0   1    4    0    0    0  P1


Code:

s = Synthesized pin or logic cell
t = Turbo logic cell
+ = Synchronous flipflop
! = NOT gate push-back
r = Fitter-inserted logic cell


Device-Specific Information:                       c:\projects\alu\4_8_msb.rpt
4_8_msb1

** LOGIC CELL INTERCONNECTIONS **

Logic Array Block 'B':

             Logic cells placed in LAB 'B'
        +--- LC17 P0
        | +- LC18 P1
        | | 
        | |   Other LABs fed by signals
        | |   that feed LAB 'B'
LC      | | | A B |     Logic cells that feed LAB 'B':

Pin
4    -> * * | - * | <-- A0
5    -> - * | - * | <-- A1
6    -> * * | - * | <-- B0
7    -> - * | - * | <-- B1


* = The logic cell or pin is an input to the logic cell (or LAB) through the PIA.
- = The logic cell or pin is not an input to the logic cell (or LAB).


Device-Specific Information:                       c:\projects\alu\4_8_msb.rpt
4_8_msb1

** EQUATIONS **

A0       : INPUT;
A1       : INPUT;
B0       : INPUT;
B1       : INPUT;

-- Node name is 'P0' 
-- Equation name is 'P0', location is LC017, type is output.
 P0      = LCELL( _EQ001 $  GND);
  _EQ001 =  A0 &  B0;

-- Node name is 'P1' 
-- Equation name is 'P1', location is LC018, type is output.
 P1      = LCELL( _EQ002 $  A1);
  _EQ002 =  A0 &  A1 &  B0 &  B1
         #  A0 & !A1 &  B1
         #  A1 & !B0 & !B1
         # !A0 &  A1 & !B0;



--     Shareable expanders that are duplicated in multiple LABs:
--     (none)




Project Information                                c:\projects\alu\4_8_msb.rpt

** COMPILATION SETTINGS & TIMES **

Processing Menu Commands
------------------------

Design Doctor                             = off

Logic Synthesis:

   Synthesis Type Used                    = Standard

   Default Synthesis Style                = NORMAL

      Logic option settings in 'NORMAL' style for 'MAX7000' family

      DECOMPOSE_GATES                     = on
      DUPLICATE_LOGIC_EXTRACTION          = on
      MINIMIZATION                        = full
      MULTI_LEVEL_FACTORING               = on
      NOT_GATE_PUSH_BACK                  = on
      PARALLEL_EXPANDERS                  = off
      REDUCE_LOGIC                        = on
      REFACTORIZATION                     = on
      REGISTER_OPTIMIZATION               = on
      RESYNTHESIZE_NETWORK                = on
      SLOW_SLEW_RATE                      = off
      SOFT_BUFFER_INSERTION               = on
      SUBFACTOR_EXTRACTION                = on
      TURBO_BIT                           = on
      XOR_SYNTHESIS                       = on
      IGNORE_SOFT_BUFFERS                 = off
      USE_LPM_FOR_AHDL_OPERATORS          = off

   Other logic synthesis settings:

      Automatic Global Clock              = on
      Automatic Global Clear              = on
      Automatic Global Preset             = on
      Automatic Global Output Enable      = on
      Automatic Fast I/O                  = off
      Automatic Register Packing          = off
      Automatic Open-Drain Pins           = on
      Automatic Implement in EAB          = off
      One-Hot State Machine Encoding      = off
      Optimize                            = 5

Default Timing Specifications: None

Cut All Bidir Feedback Timing Paths       = on
Cut All Clear & Preset Timing Paths       = on

Ignore Timing Assignments                 = off

Functional SNF Extractor                  = off

Linked SNF Extractor                      = off
Timing SNF Extractor                      = on
Optimize Timing SNF                       = off
Generate AHDL TDO File                    = off
Fitter Settings                           = NORMAL
Smart Recompile                           = off
Total Recompile                           = off

Interfaces Menu Commands
------------------------

EDIF Netlist Writer                       = off
Verilog Netlist Writer                    = off
VHDL Netlist Writer                       = off

Compilation Times
-----------------

   Compiler Netlist Extractor             00:00:00
   Database Builder                       00:00:00
   Logic Synthesizer                      00:00:00
   Partitioner                            00:00:00
   Fitter                                 00:00:00
   Timing SNF Extractor                   00:00:00
   Assembler                              00:00:00
   --------------------------             --------
   Total Time                             00:00:00


Memory Allocated
-----------------

Peak memory allocated during compilation  = 4,072K
