Project Information                                  e:\term3\lab20\delay8.rpt

MAX+plus II Compiler Report File
Version 9.01 07/30/98
Compiled: 10/26/16 14:10:11

Copyright (C) 1988-1998 Altera Corporation
Any megafunction design, and related net list (encrypted or decrypted),
support information, device programming or simulation file, and any other
associated documentation or information provided by Altera or a partner
under Altera's Megafunction Partnership Program may be used only to
program PLD devices (but not masked PLD devices) from Altera.  Any other
use of such megafunction design, net list, support information, device
programming or simulation file, or any other related documentation or
information is prohibited for any other purpose, including, but not
limited to modification, reverse engineering, de-compiling, or use with
any other silicon devices, unless such use is explicitly licensed under
a separate agreement with Altera or a megafunction partner.  Title to
the intellectual property, including patents, copyrights, trademarks,
trade secrets, or maskworks, embodied in any such megafunction design,
net list, support information, device programming or simulation file, or
any other related documentation or information provided by Altera or a
megafunction partner, remains with Altera, the megafunction partner, or
their respective licensors.  No other licenses, including any licenses
needed under any third party's intellectual property, are provided herein.



***** Project compilation was successful




** DEVICE SUMMARY **

Chip/                     Input   Output   Bidir         Shareable
POF       Device          Pins    Pins     Pins     LCs  Expanders  % Utilized

delay8    EPM9560RC208-15  8        8        0      512     0           91 %

User Pins:                 8        8        0  



Project Information                                  e:\term3\lab20\delay8.rpt

** FILE HIERARCHY **



|delay4:19|
|delay4:19|delay2:3|
|delay4:19|delay2:11|
|delay4:19|delay2:12|
|delay4:19|delay2:13|
|delay4:19|delay2:14|
|delay4:19|delay2:15|
|delay4:19|delay2:16|
|delay4:19|delay2:17|
|delay4:19|delay2:18|
|delay4:19|delay2:7|
|delay4:19|delay2:8|
|delay4:19|delay2:9|
|delay4:19|delay2:10|
|delay4:19|delay2:6|
|delay4:19|delay2:5|
|delay4:19|delay2:4|
|delay4:22|
|delay4:22|delay2:3|
|delay4:22|delay2:11|
|delay4:22|delay2:12|
|delay4:22|delay2:13|
|delay4:22|delay2:14|
|delay4:22|delay2:15|
|delay4:22|delay2:16|
|delay4:22|delay2:17|
|delay4:22|delay2:18|
|delay4:22|delay2:7|
|delay4:22|delay2:8|
|delay4:22|delay2:9|
|delay4:22|delay2:10|
|delay4:22|delay2:6|
|delay4:22|delay2:5|
|delay4:22|delay2:4|
|delay4:21|
|delay4:21|delay2:3|
|delay4:21|delay2:11|
|delay4:21|delay2:12|
|delay4:21|delay2:13|
|delay4:21|delay2:14|
|delay4:21|delay2:15|
|delay4:21|delay2:16|
|delay4:21|delay2:17|
|delay4:21|delay2:18|
|delay4:21|delay2:7|
|delay4:21|delay2:8|
|delay4:21|delay2:9|
|delay4:21|delay2:10|
|delay4:21|delay2:6|
|delay4:21|delay2:5|
|delay4:21|delay2:4|
|delay4:20|
|delay4:20|delay2:3|
|delay4:20|delay2:11|
|delay4:20|delay2:12|
|delay4:20|delay2:13|
|delay4:20|delay2:14|
|delay4:20|delay2:15|
|delay4:20|delay2:16|
|delay4:20|delay2:17|
|delay4:20|delay2:18|
|delay4:20|delay2:7|
|delay4:20|delay2:8|
|delay4:20|delay2:9|
|delay4:20|delay2:10|
|delay4:20|delay2:6|
|delay4:20|delay2:5|
|delay4:20|delay2:4|


Device-Specific Information:                         e:\term3\lab20\delay8.rpt
delay8

***** Logic for device 'delay8' compiled without errors.




Device: EPM9560RC208-15

Device Options:
    Turbo Bit                                    = ON
    Security Bit                                 = OFF
    User Code                                  = ffff
    MultiVolt I/O                              = OFF



Device-Specific Information:                         e:\term3\lab20\delay8.rpt
delay8

** ERROR SUMMARY **

Info: Chip 'delay8' in device 'EPM9560RC208-15' has less than 20% of logic cells available for future logic changes -- if your project is likely to change, Altera recommends using a larger device
              R R   R R R R R R R R R R   R R R R R   R R R R R     R R R R R   R R R R R   R R R R R R R R R R   R R  
              E E   E E E E E E E E E E   E E E E E   E E E E E     E E E E E   E E E E E   E E E E E E E E E E   E E  
              S S   S S S S S S S S S S   S S S S S   S S S S S     S S S S S   S S S S S   S S S S S S S S S S   S S  
              E E   E E E E E E E E E E V E E E E E   E E E E E     E E E E E V E E E E E   E E E E E E E E E E V E E  
              R R   R R R R R R R R R R C R R R R R   R R R R R     R R R R R C R R R R R   R R R R R R R R R R C R R  
              V V G V V V V V V V V V V C V V V V V G V V V V V i i V V V V V C V V V V V G V V V V V V V V V V C V V  
              E E N E E E E E E E E E E I E E E E E N E E E E E n n E E E E E I E E E E E N E E E E E E E E E E I E E  
              D D D D D D D D D D D D D O D D D D D D D D D D D 3 7 D D D D D O D D D D D D D D D D D D D D D D O D D  
            ----------------------------------------------------------------------------------------------------------_ 
           / 208 206 204 202 200 198 196 194 192 190 188 186 184 182 180 178 176 174 172 170 168 166 164 162 160 158   |_ 
          /    207 205 203 201 199 197 195 193 191 189 187 185 183 181 179 177 175 173 171 169 167 165 163 161 159 157    | 
RESERVED |  1                                                                                                         156 | RESERVED 
RESERVED |  2                                                                                                         155 | RESERVED 
RESERVED |  3                                                                                                         154 | RESERVED 
     in2 |  4                                                                                                         153 | in6 
   VCCIO |  5                                                                                                         152 | GND 
RESERVED |  6                                                                                                         151 | RESERVED 
RESERVED |  7                                                                                                         150 | RESERVED 
RESERVED |  8                                                                                                         149 | in0 
     in5 |  9                                                                                                         148 | VCCINT 
  VCCINT | 10                                                                                                         147 | RESERVED 
RESERVED | 11                                                                                                         146 | RESERVED 
RESERVED | 12                                                                                                         145 | out7 
RESERVED | 13                                                                                                         144 | out5 
     GND | 14                                                                                                         143 | GND 
RESERVED | 15                                                                                                         142 | RESERVED 
RESERVED | 16                                                                                                         141 | RESERVED 
RESERVED | 17                                                                                                         140 | out4 
RESERVED | 18                                                                                                         139 | VCCINT 
  VCCINT | 19                                                                                                         138 | VCCIO 
     GND | 20                                                                                                         137 | RESERVED 
RESERVED | 21                                                                                                         136 | RESERVED 
RESERVED | 22                                                                                                         135 | RESERVED 
RESERVED | 23                                                                                                         134 | out2 
     GND | 24                                                                                                         133 | GND 
   VCCIO | 25                                                                                                         132 | GND 
RESERVED | 26                                                                                                         131 | RESERVED 
RESERVED | 27                                             EPM9560RC208-15                                             130 | RESERVED 
    out3 | 28                                                                                                         129 | in1 
    out1 | 29                                                                                                         128 | VCCINT 
  VCCINT | 30                                                                                                         127 | VCCIO 
     GND | 31                                                                                                         126 | RESERVED 
RESERVED | 32                                                                                                         125 | out6 
RESERVED | 33                                                                                                         124 | out0 
RESERVED | 34                                                                                                         123 | RESERVED 
     GND | 35                                                                                                         122 | GND 
   VCCIO | 36                                                                                                         121 | GND 
RESERVED | 37                                                                                                         120 | RESERVED 
RESERVED | 38                                                                                                         119 | RESERVED 
RESERVED | 39                                                                                                         118 | GND 
RESERVED | 40                                                                                                         117 | in4 
     GND | 41                                                                                                         116 | GND 
     GND | 42                                                                                                         115 | GND 
     GND | 43                                                                                                         114 | GND 
     GND | 44                                                                                                         113 | GND 
  VCCINT | 45                                                                                                         112 | VCCINT 
     GND | 46                                                                                                         111 | VCCIO 
     GND | 47                                                                                                         110 | GND 
    ^VPP | 48                                                                                                         109 | N.C. 
    #TMS | 49                                                                                                         108 | #TDO 
RESERVED | 50                                                                                                         107 | RESERVED 
RESERVED | 51                                                                                                         106 | RESERVED 
RESERVED | 52                                                                                                         105 | RESERVED 
         |      54  56  58  60  62  64  66  68  70  72  74  76  78  80  82  84  86  88  90  92  94  96  98 100 102 104  _| 
          \   53  55  57  59  61  63  65  67  69  71  73  75  77  79  81  83  85  87  89  91  93  95  97  99 101 103   | 
           \----------------------------------------------------------------------------------------------------------- 
              R R V R R R R R R R R R R G R R R R R V R R R R R # # R R R R R G R R R R R V R R R R R R R R R R G R R  
              E E C E E E E E E E E E E N E E E E E C E E E E E T T E E E E E N E E E E E C E E E E E E E E E E N E E  
              S S C S S S S S S S S S S D S S S S S C S S S S S C D S S S S S D S S S S S C S S S S S S S S S S D S S  
              E E I E E E E E E E E E E   E E E E E I E E E E E K I E E E E E   E E E E E I E E E E E E E E E E   E E  
              R R O R R R R R R R R R R   R R R R R O R R R R R     R R R R R   R R R R R O R R R R R R R R R R   R R  
              V V   V V V V V V V V V V   V V V V V   V V V V V     V V V V V   V V V V V   V V V V V V V V V V   V V  
              E E   E E E E E E E E E E   E E E E E   E E E E E     E E E E E   E E E E E   E E E E E E E E E E   E E  
              D D   D D D D D D D D D D   D D D D D   D D D D D     D D D D D   D D D D D   D D D D D D D D D D   D D  


N.C. = Not Connected.
VCCINT = Dedicated power pin, which MUST be connected to VCC (5.0 volts).
VCCIO = Dedicated power pin, which MUST be connected to VCC (5.0 volts).
GND = Dedicated ground pin or unused dedicated input, which MUST be connected to GND.
RESERVED = Unused I/O pin, which MUST be left unconnected.

# = JTAG Boundary-Scan Testing/In-System Programming or Configuration Pin. The JTAG inputs (TMS, TCK, TDI) should be tied to VCC when not in use.
& = JTAG pin used for I/O. When used as user I/O, JTAG pins must be kept stable before and during configuration.  JTAG pin stability prevents accidental loading of JTAG instructions.


Device-Specific Information:                         e:\term3\lab20\delay8.rpt
delay8

** RESOURCE USAGE **

Logic                Column       Row                                   
Array                Interconnect Interconnect         Clears/     External    Shareable
Block   Logic Cells  Driven       Driven       Clocks  Presets   Interconnect  Expanders
A1      14/16( 87%)   1/16(  6%)   0/16(  0%)    0/2    0/2       1/33(  3%)    0/16(  0%)  
A2      13/16( 81%)   1/16(  6%)   0/16(  0%)    0/2    0/2       1/33(  3%)    0/16(  0%)  
A3      14/16( 87%)   0/16(  0%)   2/16( 12%)    0/2    0/2       2/33(  6%)    0/16(  0%)  
A4      16/16(100%)   0/16(  0%)   1/16(  6%)    0/2    0/2       1/33(  3%)    0/16(  0%)  
A5      14/16( 87%)   0/16(  0%)   1/16(  6%)    0/2    0/2       1/33(  3%)    0/16(  0%)  
B1      14/16( 87%)   0/16(  0%)   1/16(  6%)    0/2    0/2       1/33(  3%)    0/16(  0%)  
B2      14/16( 87%)   0/16(  0%)   1/16(  6%)    0/2    0/2       1/33(  3%)    0/16(  0%)  
B3      15/16( 93%)   0/16(  0%)   1/16(  6%)    0/2    0/2       1/33(  3%)    0/16(  0%)  
B4      11/16( 68%)   0/16(  0%)   1/16(  6%)    0/2    0/2       1/33(  3%)    0/16(  0%)  
B5      16/16(100%)   0/16(  0%)   1/16(  6%)    0/2    0/2       1/33(  3%)    0/16(  0%)  
C1      16/16(100%)   0/16(  0%)   2/16( 12%)    0/2    0/2       2/33(  6%)    0/16(  0%)  
C2      16/16(100%)   0/16(  0%)   1/16(  6%)    0/2    0/2       1/33(  3%)    0/16(  0%)  
C3      16/16(100%)   0/16(  0%)   1/16(  6%)    0/2    0/2       1/33(  3%)    0/16(  0%)  
C4       9/16( 56%)   0/16(  0%)   1/16(  6%)    0/2    0/2       1/33(  3%)    0/16(  0%)  
C5      16/16(100%)   0/16(  0%)   1/16(  6%)    0/2    0/2       1/33(  3%)    0/16(  0%)  
D1      16/16(100%)   1/16(  6%)   0/16(  0%)    0/2    0/2       1/33(  3%)    0/16(  0%)  
D2      14/16( 87%)   0/16(  0%)   2/16( 12%)    0/2    0/2       2/33(  6%)    0/16(  0%)  
D3      15/16( 93%)   0/16(  0%)   1/16(  6%)    0/2    0/2       1/33(  3%)    0/16(  0%)  
D4      14/16( 87%)   0/16(  0%)   1/16(  6%)    0/2    0/2       1/33(  3%)    0/16(  0%)  
D5      16/16(100%)   0/16(  0%)   1/16(  6%)    0/2    0/2       1/33(  3%)    0/16(  0%)  
E1      12/16( 75%)   0/16(  0%)   1/16(  6%)    0/2    0/2       1/33(  3%)    0/16(  0%)  
E2      16/16(100%)   1/16(  6%)   0/16(  0%)    0/2    0/2       1/33(  3%)    0/16(  0%)  
E3      15/16( 93%)   1/16(  6%)   0/16(  0%)    0/2    0/2       1/33(  3%)    0/16(  0%)  
E4      16/16(100%)   0/16(  0%)   1/16(  6%)    0/2    0/2       1/33(  3%)    0/16(  0%)  
E5      15/16( 93%)   0/16(  0%)   2/16( 12%)    0/2    0/2       2/33(  6%)    0/16(  0%)  
F1      16/16(100%)   0/16(  0%)   1/16(  6%)    0/2    0/2       1/33(  3%)    0/16(  0%)  
F2      16/16(100%)   0/16(  0%)   1/16(  6%)    0/2    0/2       1/33(  3%)    0/16(  0%)  
F3      16/16(100%)   0/16(  0%)   1/16(  6%)    0/2    0/2       1/33(  3%)    0/16(  0%)  
F4      16/16(100%)   0/16(  0%)   1/16(  6%)    0/2    0/2       1/33(  3%)    0/16(  0%)  
F5      10/16( 62%)   0/16(  0%)   1/16(  6%)    0/2    0/2       1/33(  3%)    0/16(  0%)  
G1      12/16( 75%)   0/16(  0%)   2/16( 12%)    0/2    0/2       2/33(  6%)    0/16(  0%)  
G2      15/16( 93%)   1/16(  6%)   1/16(  6%)    0/2    0/2       2/33(  6%)    0/16(  0%)  
G3      16/16(100%)   1/16(  6%)   0/16(  0%)    0/2    0/2       1/33(  3%)    0/16(  0%)  
G4      16/16(100%)   1/16(  6%)   0/16(  0%)    0/2    0/2       1/33(  3%)    0/16(  0%)  
G5      16/16(100%)   0/16(  0%)   1/16(  6%)    0/2    0/2       1/33(  3%)    0/16(  0%)  


Total dedicated input pins used:                 4/4      (100%)
Total I/O pins used:                            12/149    (  8%)
Total logic cells used:                        512/560    ( 91%)
Total shareable expanders used:                  0/560    (  0%)
Total Turbo logic cells used:                  512/560    ( 91%)
Total shareable expanders not available (n/a):   0/560    (  0%)
Average fan-in:                                  1.00
Total fan-in:                                   512

Total input pins required:                       8
Total input I/O cell registers required:         0
Total output pins required:                      8
Total output I/O cell registers required:        0
Total buried I/O cell registers required:        0
Total bidirectional pins required:               0
Total logic cells required:                    512
Total flipflops required:                        0
Total product terms required:                  512
Total logic cells lending parallel expanders:    0
Total shareable expanders in database:           0
Total packed registers required:                 0

Synthesized logic cells:                         0/ 560   (  0%)

Logic Cell Counts

Column:  01  02  03  04  05  Total
 A:     14  13  14  16  14     71
 B:     14  14  15  11  16     70
 C:     16  16  16   9  16     73
 D:     16  14  15  14  16     75
 E:     12  16  15  16  15     74
 F:     16  16  16  16  10     74
 G:     12  15  16  16  16     75

Total: 100 104 107  98 103    512



Device-Specific Information:                         e:\term3\lab20\delay8.rpt
delay8

** INPUTS **

                                               Shareable
                                               Expanders     Fan-In    Fan-Out
 Pin     LC   Row  Col  Primitive    Code   Total Shared n/a INP  FBK  OUT  FBK  Name
 149      -    G    --      INPUT               0      0   0    0    0    0    1  in0
 129      -    C    --      INPUT               0      0   0    0    0    0    1  in1
   4      -    -    --      INPUT               0      0   0    0    0    0    1  in2
 183      -    -    --      INPUT               0      0   0    0    0    0    1  in3
 117      -    A    --      INPUT               0      0   0    0    0    0    1  in4
   9      -    G    --      INPUT               0      0   0    0    0    0    1  in5
 153      -    -    --      INPUT               0      0   0    0    0    0    1  in6
 182      -    -    --      INPUT               0      0   0    0    0    0    1  in7


Code:

s = Synthesized pin or logic cell
t = Turbo logic cell
+ = Synchronous flipflop
/ = Slow slew-rate output
! = NOT gate push-back
r = Fitter-inserted logic cell


Device-Specific Information:                         e:\term3\lab20\delay8.rpt
delay8

** OUTPUTS **

                                               Shareable
                                               Expanders     Fan-In    Fan-Out
 Pin     LC   Row  Col  Primitive    Code   Total Shared n/a INP  FBK  OUT  FBK  Name
 124      -    B    --     OUTPUT               0      0   0    0    1    0    0  out0
  29      -    C    --     OUTPUT               0      0   0    0    1    0    0  out1
 134      -    D    --     OUTPUT               0      0   0    0    1    0    0  out2
  28      -    C    --     OUTPUT               0      0   0    0    1    0    0  out3
 140      -    E    --     OUTPUT               0      0   0    0    1    0    0  out4
 144      -    F    --     OUTPUT               0      0   0    0    1    0    0  out5
 125      -    B    --     OUTPUT               0      0   0    0    1    0    0  out6
 145      -    F    --     OUTPUT               0      0   0    0    1    0    0  out7


Code:

s = Synthesized pin or logic cell
t = Turbo logic cell
+ = Synchronous flipflop
/ = Slow slew-rate output
! = NOT gate push-back
r = Fitter-inserted logic cell


Device-Specific Information:                         e:\term3\lab20\delay8.rpt
delay8

** BURIED LOGIC **

                                               Shareable
                                               Expanders     Fan-In    Fan-Out
 IOC     LC   Row  Col  Primitive    Code   Total Shared n/a INP  FBK  OUT  FBK Name
   -      3    G    01      LCELL      t        0      0   0    1    0    0    1  |delay4:19|delay2:3|:3
   -      2    G    01      LCELL      t        0      0   0    0    1    0    1  |delay4:19|delay2:3|:4
   -     10    G    05      LCELL      t        0      0   0    0    1    0    1  |delay4:19|delay2:3|:5
   -     11    G    05      LCELL      t        0      0   0    0    1    0    1  |delay4:19|delay2:3|out0 (|delay4:19|delay2:3|:6)
   -     12    C    01      LCELL      t        0      0   0    1    0    0    1  |delay4:19|delay2:3|:7
   -     13    C    01      LCELL      t        0      0   0    0    1    0    1  |delay4:19|delay2:3|:8
   -     14    C    01      LCELL      t        0      0   0    0    1    0    1  |delay4:19|delay2:3|:9
   -     15    C    01      LCELL      t        0      0   0    0    1    0    1  |delay4:19|delay2:3|out1 (|delay4:19|delay2:3|:10)
   -     12    G    05      LCELL      t        0      0   0    0    1    0    1  |delay4:19|delay2:4|:3
   -     13    G    05      LCELL      t        0      0   0    0    1    0    1  |delay4:19|delay2:4|:4
   -     14    G    05      LCELL      t        0      0   0    0    1    0    1  |delay4:19|delay2:4|:5
   -     15    G    05      LCELL      t        0      0   0    0    1    0    1  |delay4:19|delay2:4|out0 (|delay4:19|delay2:4|:6)
   -     16    C    01      LCELL      t        0      0   0    0    1    0    1  |delay4:19|delay2:4|:7
   -      1    C    01      LCELL      t        0      0   0    0    1    0    1  |delay4:19|delay2:4|:8
   -     10    C    05      LCELL      t        0      0   0    0    1    0    1  |delay4:19|delay2:4|:9
   -     11    C    05      LCELL      t        0      0   0    0    1    0    1  |delay4:19|delay2:4|out1 (|delay4:19|delay2:4|:10)
   -     16    G    05      LCELL      t        0      0   0    0    1    0    1  |delay4:19|delay2:5|:3
   -      9    G    05      LCELL      t        0      0   0    0    1    0    1  |delay4:19|delay2:5|:4
   -      8    G    05      LCELL      t        0      0   0    0    1    0    1  |delay4:19|delay2:5|:5
   -      2    G    05      LCELL      t        0      0   0    0    1    0    1  |delay4:19|delay2:5|out0 (|delay4:19|delay2:5|:6)
   -      2    C    05      LCELL      t        0      0   0    0    1    0    1  |delay4:19|delay2:5|:7
   -      3    C    05      LCELL      t        0      0   0    0    1    0    1  |delay4:19|delay2:5|:8
   -      4    C    05      LCELL      t        0      0   0    0    1    0    1  |delay4:19|delay2:5|:9
   -      5    C    05      LCELL      t        0      0   0    0    1    0    1  |delay4:19|delay2:5|out1 (|delay4:19|delay2:5|:10)
   -      3    G    05      LCELL      t        0      0   0    0    1    0    1  |delay4:19|delay2:6|:3
   -      4    G    05      LCELL      t        0      0   0    0    1    0    1  |delay4:19|delay2:6|:4
   -      5    G    05      LCELL      t        0      0   0    0    1    0    1  |delay4:19|delay2:6|:5
   -      6    G    05      LCELL      t        0      0   0    0    1    0    1  |delay4:19|delay2:6|out0 (|delay4:19|delay2:6|:6)
   -      6    C    05      LCELL      t        0      0   0    0    1    0    1  |delay4:19|delay2:6|:7
   -      7    C    05      LCELL      t        0      0   0    0    1    0    1  |delay4:19|delay2:6|:8
   -      8    C    05      LCELL      t        0      0   0    0    1    0    1  |delay4:19|delay2:6|:9
   -      9    C    05      LCELL      t        0      0   0    0    1    0    1  |delay4:19|delay2:6|out1 (|delay4:19|delay2:6|:10)
   -      7    G    05      LCELL      t        0      0   0    0    1    0    1  |delay4:19|delay2:7|:3
   -      1    G    05      LCELL      t        0      0   0    0    1    0    1  |delay4:19|delay2:7|:4
   -      7    G    02      LCELL      t        0      0   0    0    1    0    1  |delay4:19|delay2:7|:5
   -      8    G    02      LCELL      t        0      0   0    0    1    0    1  |delay4:19|delay2:7|out0 (|delay4:19|delay2:7|:6)
   -     12    C    05      LCELL      t        0      0   0    0    1    0    1  |delay4:19|delay2:7|:7
   -     13    C    05      LCELL      t        0      0   0    0    1    0    1  |delay4:19|delay2:7|:8
   -     14    C    05      LCELL      t        0      0   0    0    1    0    1  |delay4:19|delay2:7|:9
   -     15    C    05      LCELL      t        0      0   0    0    1    0    1  |delay4:19|delay2:7|out1 (|delay4:19|delay2:7|:10)
   -      9    G    02      LCELL      t        0      0   0    0    1    0    1  |delay4:19|delay2:8|:3
   -     10    G    02      LCELL      t        0      0   0    0    1    0    1  |delay4:19|delay2:8|:4
   -      1    G    02      LCELL      t        0      0   0    0    1    0    1  |delay4:19|delay2:8|:5
   -      6    B    04      LCELL      t        0      0   0    0    1    0    1  |delay4:19|delay2:8|out0 (|delay4:19|delay2:8|:6)
   -     16    C    05      LCELL      t        0      0   0    0    1    0    1  |delay4:19|delay2:8|:7
   -      1    C    05      LCELL      t        0      0   0    0    1    0    1  |delay4:19|delay2:8|:8
   -      9    C    03      LCELL      t        0      0   0    0    1    0    1  |delay4:19|delay2:8|:9
   -     10    C    03      LCELL      t        0      0   0    0    1    0    1  |delay4:19|delay2:8|out1 (|delay4:19|delay2:8|:10)
   -      7    B    04      LCELL      t        0      0   0    0    1    0    1  |delay4:19|delay2:9|:3
   -      8    B    04      LCELL      t        0      0   0    0    1    0    1  |delay4:19|delay2:9|:4
   -      9    B    04      LCELL      t        0      0   0    0    1    0    1  |delay4:19|delay2:9|:5
   -     10    B    04      LCELL      t        0      0   0    0    1    0    1  |delay4:19|delay2:9|out0 (|delay4:19|delay2:9|:6)
   -     11    C    03      LCELL      t        0      0   0    0    1    0    1  |delay4:19|delay2:9|:7
   -      8    C    03      LCELL      t        0      0   0    0    1    0    1  |delay4:19|delay2:9|:8
   -      7    C    03      LCELL      t        0      0   0    0    1    0    1  |delay4:19|delay2:9|:9
   -      2    C    03      LCELL      t        0      0   0    0    1    0    1  |delay4:19|delay2:9|out1 (|delay4:19|delay2:9|:10)
   -      2    B    04      LCELL      t        0      0   0    0    1    0    1  |delay4:19|delay2:10|:3
   -      3    B    04      LCELL      t        0      0   0    0    1    0    1  |delay4:19|delay2:10|:4
   -      4    B    04      LCELL      t        0      0   0    0    1    0    1  |delay4:19|delay2:10|:5
   -      5    B    04      LCELL      t        0      0   0    0    1    0    1  |delay4:19|delay2:10|out0 (|delay4:19|delay2:10|:6)
   -      3    C    03      LCELL      t        0      0   0    0    1    0    1  |delay4:19|delay2:10|:7
   -      4    C    03      LCELL      t        0      0   0    0    1    0    1  |delay4:19|delay2:10|:8
   -      5    C    03      LCELL      t        0      0   0    0    1    0    1  |delay4:19|delay2:10|:9
   -      6    C    03      LCELL      t        0      0   0    0    1    0    1  |delay4:19|delay2:10|out1 (|delay4:19|delay2:10|:10)
   -     15    E    05      LCELL      t        0      0   0    1    0    0    1  |delay4:19|delay2:11|:3
   -      2    E    05      LCELL      t        0      0   0    0    1    0    1  |delay4:19|delay2:11|:4
   -     14    E    03      LCELL      t        0      0   0    0    1    0    1  |delay4:19|delay2:11|:5
   -     15    E    03      LCELL      t        0      0   0    0    1    0    1  |delay4:19|delay2:11|out0 (|delay4:19|delay2:11|:6)
   -     11    G    01      LCELL      t        0      0   0    1    0    0    1  |delay4:19|delay2:11|:7
   -     12    G    01      LCELL      t        0      0   0    0    1    0    1  |delay4:19|delay2:11|:8
   -     10    G    01      LCELL      t        0      0   0    0    1    0    1  |delay4:19|delay2:11|:9
   -      9    G    01      LCELL      t        0      0   0    0    1    0    1  |delay4:19|delay2:11|out1 (|delay4:19|delay2:11|:10)
   -     13    E    03      LCELL      t        0      0   0    0    1    0    1  |delay4:19|delay2:12|:3
   -      6    E    03      LCELL      t        0      0   0    0    1    0    1  |delay4:19|delay2:12|:4
   -      7    E    03      LCELL      t        0      0   0    0    1    0    1  |delay4:19|delay2:12|:5
   -      8    E    03      LCELL      t        0      0   0    0    1    0    1  |delay4:19|delay2:12|out0 (|delay4:19|delay2:12|:6)
   -      4    G    01      LCELL      t        0      0   0    0    1    0    1  |delay4:19|delay2:12|:7
   -      5    G    01      LCELL      t        0      0   0    0    1    0    1  |delay4:19|delay2:12|:8
   -      6    G    01      LCELL      t        0      0   0    0    1    0    1  |delay4:19|delay2:12|:9
   -      7    G    01      LCELL      t        0      0   0    0    1    0    1  |delay4:19|delay2:12|out1 (|delay4:19|delay2:12|:10)
   -      9    E    03      LCELL      t        0      0   0    0    1    0    1  |delay4:19|delay2:13|:3
   -     10    E    03      LCELL      t        0      0   0    0    1    0    1  |delay4:19|delay2:13|:4
   -     11    E    03      LCELL      t        0      0   0    0    1    0    1  |delay4:19|delay2:13|:5
   -     12    E    03      LCELL      t        0      0   0    0    1    0    1  |delay4:19|delay2:13|out0 (|delay4:19|delay2:13|:6)
   -      8    G    01      LCELL      t        0      0   0    0    1    0    1  |delay4:19|delay2:13|:7
   -      1    G    01      LCELL      t        0      0   0    0    1    0    1  |delay4:19|delay2:13|:8
   -     10    G    03      LCELL      t        0      0   0    0    1    0    1  |delay4:19|delay2:13|:9
   -     11    G    03      LCELL      t        0      0   0    0    1    0    1  |delay4:19|delay2:13|out1 (|delay4:19|delay2:13|:10)
   -      5    E    03      LCELL      t        0      0   0    0    1    0    1  |delay4:19|delay2:14|:3
   -      4    E    03      LCELL      t        0      0   0    0    1    0    1  |delay4:19|delay2:14|:4
   -      2    E    03      LCELL      t        0      0   0    0    1    0    1  |delay4:19|delay2:14|:5
   -      3    E    03      LCELL      t        0      0   0    0    1    0    1  |delay4:19|delay2:14|out0 (|delay4:19|delay2:14|:6)
   -      2    G    03      LCELL      t        0      0   0    0    1    0    1  |delay4:19|delay2:14|:7
   -      3    G    03      LCELL      t        0      0   0    0    1    0    1  |delay4:19|delay2:14|:8
   -      4    G    03      LCELL      t        0      0   0    0    1    0    1  |delay4:19|delay2:14|:9
   -      5    G    03      LCELL      t        0      0   0    0    1    0    1  |delay4:19|delay2:14|out1 (|delay4:19|delay2:14|:10)
   -      1    E    03      LCELL      t        0      0   0    0    1    0    1  |delay4:19|delay2:15|:3
   -      8    D    02      LCELL      t        0      0   0    0    1    0    1  |delay4:19|delay2:15|:4
   -      1    D    02      LCELL      t        0      0   0    0    1    0    1  |delay4:19|delay2:15|:5
   -      3    D    03      LCELL      t        0      0   0    0    1    0    1  |delay4:19|delay2:15|out0 (|delay4:19|delay2:15|:6)
   -      6    G    03      LCELL      t        0      0   0    0    1    0    1  |delay4:19|delay2:15|:7
   -      7    G    03      LCELL      t        0      0   0    0    1    0    1  |delay4:19|delay2:15|:8
   -      8    G    03      LCELL      t        0      0   0    0    1    0    1  |delay4:19|delay2:15|:9
   -      9    G    03      LCELL      t        0      0   0    0    1    0    1  |delay4:19|delay2:15|out1 (|delay4:19|delay2:15|:10)
   -      4    D    03      LCELL      t        0      0   0    0    1    0    1  |delay4:19|delay2:16|:3
   -      5    D    03      LCELL      t        0      0   0    0    1    0    1  |delay4:19|delay2:16|:4
   -      6    D    03      LCELL      t        0      0   0    0    1    0    1  |delay4:19|delay2:16|:5
   -      7    D    03      LCELL      t        0      0   0    0    1    0    1  |delay4:19|delay2:16|out0 (|delay4:19|delay2:16|:6)
   -     12    G    03      LCELL      t        0      0   0    0    1    0    1  |delay4:19|delay2:16|:7
   -     13    G    03      LCELL      t        0      0   0    0    1    0    1  |delay4:19|delay2:16|:8
   -     14    G    03      LCELL      t        0      0   0    0    1    0    1  |delay4:19|delay2:16|:9
   -     15    G    03      LCELL      t        0      0   0    0    1    0    1  |delay4:19|delay2:16|out1 (|delay4:19|delay2:16|:10)
   -      8    D    03      LCELL      t        0      0   0    0    1    0    1  |delay4:19|delay2:17|:3
   -      9    D    03      LCELL      t        0      0   0    0    1    0    1  |delay4:19|delay2:17|:4
   -     10    D    03      LCELL      t        0      0   0    0    1    0    1  |delay4:19|delay2:17|:5
   -     11    D    03      LCELL      t        0      0   0    0    1    0    1  |delay4:19|delay2:17|out0 (|delay4:19|delay2:17|:6)
   -     16    G    03      LCELL      t        0      0   0    0    1    0    1  |delay4:19|delay2:17|:7
   -      1    G    03      LCELL      t        0      0   0    0    1    0    1  |delay4:19|delay2:17|:8
   -     13    E    05      LCELL      t        0      0   0    0    1    0    1  |delay4:19|delay2:17|:9
   -     14    E    05      LCELL      t        0      0   0    0    1    0    1  |delay4:19|delay2:17|out1 (|delay4:19|delay2:17|:10)
   -     12    D    03      LCELL      t        0      0   0    0    1    0    1  |delay4:19|delay2:18|:3
   -     13    D    03      LCELL      t        0      0   0    0    1    0    1  |delay4:19|delay2:18|:4
   -     14    D    03      LCELL      t        0      0   0    0    1    0    1  |delay4:19|delay2:18|:5
   -     15    D    03      LCELL      t        0      0   0    0    1    0    1  |delay4:19|delay2:18|out0 (|delay4:19|delay2:18|:6)
   -     12    E    05      LCELL      t        0      0   0    0    1    0    1  |delay4:19|delay2:18|:7
   -     11    E    05      LCELL      t        0      0   0    0    1    0    1  |delay4:19|delay2:18|:8
   -      9    E    05      LCELL      t        0      0   0    0    1    0    1  |delay4:19|delay2:18|:9
   -     10    E    05      LCELL      t        0      0   0    0    1    0    1  |delay4:19|delay2:18|out1 (|delay4:19|delay2:18|:10)
   -      3    A    03      LCELL      t        0      0   0    1    0    0    1  |delay4:20|delay2:3|:3
   -      4    A    03      LCELL      t        0      0   0    0    1    0    1  |delay4:20|delay2:3|:4
   -      5    A    03      LCELL      t        0      0   0    0    1    0    1  |delay4:20|delay2:3|:5
   -      6    A    03      LCELL      t        0      0   0    0    1    0    1  |delay4:20|delay2:3|out0 (|delay4:20|delay2:3|:6)
   -      3    G    02      LCELL      t        0      0   0    1    0    0    1  |delay4:20|delay2:3|:7
   -      4    G    02      LCELL      t        0      0   0    0    1    0    1  |delay4:20|delay2:3|:8
   -      5    G    02      LCELL      t        0      0   0    0    1    0    1  |delay4:20|delay2:3|:9
   -      6    G    02      LCELL      t        0      0   0    0    1    0    1  |delay4:20|delay2:3|out1 (|delay4:20|delay2:3|:10)
   -      7    A    03      LCELL      t        0      0   0    0    1    0    1  |delay4:20|delay2:4|:3
   -      8    A    03      LCELL      t        0      0   0    0    1    0    1  |delay4:20|delay2:4|:4
   -      9    A    03      LCELL      t        0      0   0    0    1    0    1  |delay4:20|delay2:4|:5
   -     10    A    03      LCELL      t        0      0   0    0    1    0    1  |delay4:20|delay2:4|out0 (|delay4:20|delay2:4|:6)
   -     11    G    02      LCELL      t        0      0   0    0    1    0    1  |delay4:20|delay2:4|:7
   -     12    G    02      LCELL      t        0      0   0    0    1    0    1  |delay4:20|delay2:4|:8
   -     13    G    02      LCELL      t        0      0   0    0    1    0    1  |delay4:20|delay2:4|:9
   -     14    G    02      LCELL      t        0      0   0    0    1    0    1  |delay4:20|delay2:4|out1 (|delay4:20|delay2:4|:10)
   -      2    A    03      LCELL      t        0      0   0    0    1    0    1  |delay4:20|delay2:5|:3
   -      8    A    05      LCELL      t        0      0   0    0    1    0    1  |delay4:20|delay2:5|:4
   -      9    A    05      LCELL      t        0      0   0    0    1    0    1  |delay4:20|delay2:5|:5
   -     10    A    05      LCELL      t        0      0   0    0    1    0    1  |delay4:20|delay2:5|out0 (|delay4:20|delay2:5|:6)
   -     15    G    02      LCELL      t        0      0   0    0    1    0    1  |delay4:20|delay2:5|:7
   -      2    G    02      LCELL      t        0      0   0    0    1    0    1  |delay4:20|delay2:5|:8
   -     11    G    04      LCELL      t        0      0   0    0    1    0    1  |delay4:20|delay2:5|:9
   -     12    G    04      LCELL      t        0      0   0    0    1    0    1  |delay4:20|delay2:5|out1 (|delay4:20|delay2:5|:10)
   -     11    A    05      LCELL      t        0      0   0    0    1    0    1  |delay4:20|delay2:6|:3
   -     12    A    05      LCELL      t        0      0   0    0    1    0    1  |delay4:20|delay2:6|:4
   -     13    A    05      LCELL      t        0      0   0    0    1    0    1  |delay4:20|delay2:6|:5
   -     14    A    05      LCELL      t        0      0   0    0    1    0    1  |delay4:20|delay2:6|out0 (|delay4:20|delay2:6|:6)
   -     13    G    04      LCELL      t        0      0   0    0    1    0    1  |delay4:20|delay2:6|:7
   -     14    G    04      LCELL      t        0      0   0    0    1    0    1  |delay4:20|delay2:6|:8
   -     15    G    04      LCELL      t        0      0   0    0    1    0    1  |delay4:20|delay2:6|:9
   -     10    G    04      LCELL      t        0      0   0    0    1    0    1  |delay4:20|delay2:6|out1 (|delay4:20|delay2:6|:10)
   -      7    A    05      LCELL      t        0      0   0    0    1    0    1  |delay4:20|delay2:7|:3
   -      2    A    05      LCELL      t        0      0   0    0    1    0    1  |delay4:20|delay2:7|:4
   -      3    A    05      LCELL      t        0      0   0    0    1    0    1  |delay4:20|delay2:7|:5
   -      4    A    05      LCELL      t        0      0   0    0    1    0    1  |delay4:20|delay2:7|out0 (|delay4:20|delay2:7|:6)
   -      2    G    04      LCELL      t        0      0   0    0    1    0    1  |delay4:20|delay2:7|:7
   -      3    G    04      LCELL      t        0      0   0    0    1    0    1  |delay4:20|delay2:7|:8
   -      4    G    04      LCELL      t        0      0   0    0    1    0    1  |delay4:20|delay2:7|:9
   -      5    G    04      LCELL      t        0      0   0    0    1    0    1  |delay4:20|delay2:7|out1 (|delay4:20|delay2:7|:10)
   -      5    A    05      LCELL      t        0      0   0    0    1    0    1  |delay4:20|delay2:8|:3
   -      6    A    05      LCELL      t        0      0   0    0    1    0    1  |delay4:20|delay2:8|:4
   -      1    A    05      LCELL      t        0      0   0    0    1    0    1  |delay4:20|delay2:8|:5
   -      5    A    02      LCELL      t        0      0   0    0    1    0    1  |delay4:20|delay2:8|out0 (|delay4:20|delay2:8|:6)
   -      6    G    04      LCELL      t        0      0   0    0    1    0    1  |delay4:20|delay2:8|:7
   -      7    G    04      LCELL      t        0      0   0    0    1    0    1  |delay4:20|delay2:8|:8
   -      8    G    04      LCELL      t        0      0   0    0    1    0    1  |delay4:20|delay2:8|:9
   -      9    G    04      LCELL      t        0      0   0    0    1    0    1  |delay4:20|delay2:8|out1 (|delay4:20|delay2:8|:10)
   -      6    A    02      LCELL      t        0      0   0    0    1    0    1  |delay4:20|delay2:9|:3
   -      7    A    02      LCELL      t        0      0   0    0    1    0    1  |delay4:20|delay2:9|:4
   -      8    A    02      LCELL      t        0      0   0    0    1    0    1  |delay4:20|delay2:9|:5
   -      9    A    02      LCELL      t        0      0   0    0    1    0    1  |delay4:20|delay2:9|out0 (|delay4:20|delay2:9|:6)
   -     16    G    04      LCELL      t        0      0   0    0    1    0    1  |delay4:20|delay2:9|:7
   -      1    G    04      LCELL      t        0      0   0    0    1    0    1  |delay4:20|delay2:9|:8
   -      9    D    02      LCELL      t        0      0   0    0    1    0    1  |delay4:20|delay2:9|:9
   -     10    D    02      LCELL      t        0      0   0    0    1    0    1  |delay4:20|delay2:9|out1 (|delay4:20|delay2:9|:10)
   -     10    A    02      LCELL      t        0      0   0    0    1    0    1  |delay4:20|delay2:10|:3
   -     11    A    02      LCELL      t        0      0   0    0    1    0    1  |delay4:20|delay2:10|:4
   -     12    A    02      LCELL      t        0      0   0    0    1    0    1  |delay4:20|delay2:10|:5
   -     13    A    02      LCELL      t        0      0   0    0    1    0    1  |delay4:20|delay2:10|out0 (|delay4:20|delay2:10|:6)
   -     11    D    02      LCELL      t        0      0   0    0    1    0    1  |delay4:20|delay2:10|:7
   -     12    D    02      LCELL      t        0      0   0    0    1    0    1  |delay4:20|delay2:10|:8
   -     13    D    02      LCELL      t        0      0   0    0    1    0    1  |delay4:20|delay2:10|:9
   -     14    D    02      LCELL      t        0      0   0    0    1    0    1  |delay4:20|delay2:10|out1 (|delay4:20|delay2:10|:10)
   -     13    A    03      LCELL      t        0      0   0    1    0    0    1  |delay4:20|delay2:11|:3
   -     14    A    03      LCELL      t        0      0   0    0    1    0    1  |delay4:20|delay2:11|:4
   -     12    A    03      LCELL      t        0      0   0    0    1    0    1  |delay4:20|delay2:11|:5
   -     11    A    03      LCELL      t        0      0   0    0    1    0    1  |delay4:20|delay2:11|out0 (|delay4:20|delay2:11|:6)
   -      9    F    02      LCELL      t        0      0   0    1    0    0    1  |delay4:20|delay2:11|:7
   -     10    F    02      LCELL      t        0      0   0    0    1    0    1  |delay4:20|delay2:11|:8
   -     11    F    02      LCELL      t        0      0   0    0    1    0    1  |delay4:20|delay2:11|:9
   -     12    F    02      LCELL      t        0      0   0    0    1    0    1  |delay4:20|delay2:11|out1 (|delay4:20|delay2:11|:10)
   -      1    A    03      LCELL      t        0      0   0    0    1    0    1  |delay4:20|delay2:12|:3
   -     11    A    04      LCELL      t        0      0   0    0    1    0    1  |delay4:20|delay2:12|:4
   -     12    A    04      LCELL      t        0      0   0    0    1    0    1  |delay4:20|delay2:12|:5
   -     13    A    04      LCELL      t        0      0   0    0    1    0    1  |delay4:20|delay2:12|out0 (|delay4:20|delay2:12|:6)
   -     13    F    02      LCELL      t        0      0   0    0    1    0    1  |delay4:20|delay2:12|:7
   -     14    F    02      LCELL      t        0      0   0    0    1    0    1  |delay4:20|delay2:12|:8
   -     15    F    02      LCELL      t        0      0   0    0    1    0    1  |delay4:20|delay2:12|:9
   -     16    F    02      LCELL      t        0      0   0    0    1    0    1  |delay4:20|delay2:12|out1 (|delay4:20|delay2:12|:10)
   -     14    A    04      LCELL      t        0      0   0    0    1    0    1  |delay4:20|delay2:13|:3
   -     15    A    04      LCELL      t        0      0   0    0    1    0    1  |delay4:20|delay2:13|:4
   -     16    A    04      LCELL      t        0      0   0    0    1    0    1  |delay4:20|delay2:13|:5
   -     10    A    04      LCELL      t        0      0   0    0    1    0    1  |delay4:20|delay2:13|out0 (|delay4:20|delay2:13|:6)
   -      8    F    02      LCELL      t        0      0   0    0    1    0    1  |delay4:20|delay2:13|:7
   -      7    F    02      LCELL      t        0      0   0    0    1    0    1  |delay4:20|delay2:13|:8
   -      2    F    02      LCELL      t        0      0   0    0    1    0    1  |delay4:20|delay2:13|:9
   -      3    F    02      LCELL      t        0      0   0    0    1    0    1  |delay4:20|delay2:13|out1 (|delay4:20|delay2:13|:10)
   -      2    A    04      LCELL      t        0      0   0    0    1    0    1  |delay4:20|delay2:14|:3
   -      3    A    04      LCELL      t        0      0   0    0    1    0    1  |delay4:20|delay2:14|:4
   -      4    A    04      LCELL      t        0      0   0    0    1    0    1  |delay4:20|delay2:14|:5
   -      5    A    04      LCELL      t        0      0   0    0    1    0    1  |delay4:20|delay2:14|out0 (|delay4:20|delay2:14|:6)
   -      4    F    02      LCELL      t        0      0   0    0    1    0    1  |delay4:20|delay2:14|:7
   -      5    F    02      LCELL      t        0      0   0    0    1    0    1  |delay4:20|delay2:14|:8
   -      6    F    02      LCELL      t        0      0   0    0    1    0    1  |delay4:20|delay2:14|:9
   -      1    F    02      LCELL      t        0      0   0    0    1    0    1  |delay4:20|delay2:14|out1 (|delay4:20|delay2:14|:10)
   -      6    A    04      LCELL      t        0      0   0    0    1    0    1  |delay4:20|delay2:15|:3
   -      7    A    04      LCELL      t        0      0   0    0    1    0    1  |delay4:20|delay2:15|:4
   -      8    A    04      LCELL      t        0      0   0    0    1    0    1  |delay4:20|delay2:15|:5
   -      9    A    04      LCELL      t        0      0   0    0    1    0    1  |delay4:20|delay2:15|out0 (|delay4:20|delay2:15|:6)
   -     11    F    04      LCELL      t        0      0   0    0    1    0    1  |delay4:20|delay2:15|:7
   -     10    F    04      LCELL      t        0      0   0    0    1    0    1  |delay4:20|delay2:15|:8
   -      9    F    04      LCELL      t        0      0   0    0    1    0    1  |delay4:20|delay2:15|:9
   -      2    F    04      LCELL      t        0      0   0    0    1    0    1  |delay4:20|delay2:15|out1 (|delay4:20|delay2:15|:10)
   -      1    A    04      LCELL      t        0      0   0    0    1    0    1  |delay4:20|delay2:16|:3
   -      4    A    01      LCELL      t        0      0   0    0    1    0    1  |delay4:20|delay2:16|:4
   -      5    A    01      LCELL      t        0      0   0    0    1    0    1  |delay4:20|delay2:16|:5
   -      6    A    01      LCELL      t        0      0   0    0    1    0    1  |delay4:20|delay2:16|out0 (|delay4:20|delay2:16|:6)
   -      3    F    04      LCELL      t        0      0   0    0    1    0    1  |delay4:20|delay2:16|:7
   -      4    F    04      LCELL      t        0      0   0    0    1    0    1  |delay4:20|delay2:16|:8
   -      5    F    04      LCELL      t        0      0   0    0    1    0    1  |delay4:20|delay2:16|:9
   -      6    F    04      LCELL      t        0      0   0    0    1    0    1  |delay4:20|delay2:16|out1 (|delay4:20|delay2:16|:10)
   -      7    A    01      LCELL      t        0      0   0    0    1    0    1  |delay4:20|delay2:17|:3
   -      8    A    01      LCELL      t        0      0   0    0    1    0    1  |delay4:20|delay2:17|:4
   -      9    A    01      LCELL      t        0      0   0    0    1    0    1  |delay4:20|delay2:17|:5
   -     10    A    01      LCELL      t        0      0   0    0    1    0    1  |delay4:20|delay2:17|out0 (|delay4:20|delay2:17|:6)
   -      7    F    04      LCELL      t        0      0   0    0    1    0    1  |delay4:20|delay2:17|:7
   -      8    F    04      LCELL      t        0      0   0    0    1    0    1  |delay4:20|delay2:17|:8
   -     12    F    04      LCELL      t        0      0   0    0    1    0    1  |delay4:20|delay2:17|:9
   -     13    F    04      LCELL      t        0      0   0    0    1    0    1  |delay4:20|delay2:17|out1 (|delay4:20|delay2:17|:10)
   -     11    A    01      LCELL      t        0      0   0    0    1    0    1  |delay4:20|delay2:18|:3
   -     12    A    01      LCELL      t        0      0   0    0    1    0    1  |delay4:20|delay2:18|:4
   -     13    A    01      LCELL      t        0      0   0    0    1    0    1  |delay4:20|delay2:18|:5
   -     14    A    01      LCELL      t        0      0   0    0    1    0    1  |delay4:20|delay2:18|out0 (|delay4:20|delay2:18|:6)
   -     14    F    04      LCELL      t        0      0   0    0    1    0    1  |delay4:20|delay2:18|:7
   -     15    F    04      LCELL      t        0      0   0    0    1    0    1  |delay4:20|delay2:18|:8
   -     16    F    04      LCELL      t        0      0   0    0    1    0    1  |delay4:20|delay2:18|:9
   -      1    F    04      LCELL      t        0      0   0    0    1    0    1  |delay4:20|delay2:18|out1 (|delay4:20|delay2:18|:10)
   -     11    B    04      LCELL      t        0      0   0    0    1    0    1  |delay4:21|delay2:3|:3
   -      1    B    04      LCELL      t        0      0   0    0    1    0    1  |delay4:21|delay2:3|:4
   -     12    B    02      LCELL      t        0      0   0    0    1    0    1  |delay4:21|delay2:3|:5
   -     13    B    02      LCELL      t        0      0   0    0    1    0    1  |delay4:21|delay2:3|out0 (|delay4:21|delay2:3|:6)
   -     13    C    03      LCELL      t        0      0   0    0    1    0    1  |delay4:21|delay2:3|:7
   -     14    C    03      LCELL      t        0      0   0    0    1    0    1  |delay4:21|delay2:3|:8
   -     15    C    03      LCELL      t        0      0   0    0    1    0    1  |delay4:21|delay2:3|:9
   -     16    C    03      LCELL      t        0      0   0    0    1    0    1  |delay4:21|delay2:3|out1 (|delay4:21|delay2:3|:10)
   -      7    B    02      LCELL      t        0      0   0    0    1    0    1  |delay4:21|delay2:4|:3
   -      1    B    02      LCELL      t        0      0   0    0    1    0    1  |delay4:21|delay2:4|:4
   -      9    B    02      LCELL      t        0      0   0    0    1    0    1  |delay4:21|delay2:4|:5
   -      8    B    02      LCELL      t        0      0   0    0    1    0    1  |delay4:21|delay2:4|out0 (|delay4:21|delay2:4|:6)
   -     12    C    03      LCELL      t        0      0   0    0    1    0    1  |delay4:21|delay2:4|:7
   -      1    C    03      LCELL      t        0      0   0    0    1    0    1  |delay4:21|delay2:4|:8
   -     16    C    02      LCELL      t        0      0   0    0    1    0    1  |delay4:21|delay2:4|:9
   -     15    C    02      LCELL      t        0      0   0    0    1    0    1  |delay4:21|delay2:4|out1 (|delay4:21|delay2:4|:10)
   -      6    B    02      LCELL      t        0      0   0    0    1    0    1  |delay4:21|delay2:5|:3
   -      5    B    02      LCELL      t        0      0   0    0    1    0    1  |delay4:21|delay2:5|:4
   -      4    B    02      LCELL      t        0      0   0    0    1    0    1  |delay4:21|delay2:5|:5
   -      3    B    02      LCELL      t        0      0   0    0    1    0    1  |delay4:21|delay2:5|out0 (|delay4:21|delay2:5|:6)
   -     14    C    02      LCELL      t        0      0   0    0    1    0    1  |delay4:21|delay2:5|:7
   -     13    C    02      LCELL      t        0      0   0    0    1    0    1  |delay4:21|delay2:5|:8
   -     12    C    02      LCELL      t        0      0   0    0    1    0    1  |delay4:21|delay2:5|:9
   -     11    C    02      LCELL      t        0      0   0    0    1    0    1  |delay4:21|delay2:5|out1 (|delay4:21|delay2:5|:10)
   -     10    B    02      LCELL      t        0      0   0    0    1    0    1  |delay4:21|delay2:6|:3
   -     11    B    02      LCELL      t        0      0   0    0    1    0    1  |delay4:21|delay2:6|:4
   -     14    B    02      LCELL      t        0      0   0    0    1    0    1  |delay4:21|delay2:6|:5
   -      2    B    02      LCELL      t        0      0   0    0    1    0    1  |delay4:21|delay2:6|out0 (|delay4:21|delay2:6|:6)
   -      3    C    02      LCELL      t        0      0   0    0    1    0    1  |delay4:21|delay2:6|:7
   -      4    C    02      LCELL      t        0      0   0    0    1    0    1  |delay4:21|delay2:6|:8
   -      5    C    02      LCELL      t        0      0   0    0    1    0    1  |delay4:21|delay2:6|:9
   -      6    C    02      LCELL      t        0      0   0    0    1    0    1  |delay4:21|delay2:6|out1 (|delay4:21|delay2:6|:10)
   -     10    B    05      LCELL      t        0      0   0    0    1    0    1  |delay4:21|delay2:7|:3
   -     11    B    05      LCELL      t        0      0   0    0    1    0    1  |delay4:21|delay2:7|:4
   -     12    B    05      LCELL      t        0      0   0    0    1    0    1  |delay4:21|delay2:7|:5
   -     13    B    05      LCELL      t        0      0   0    0    1    0    1  |delay4:21|delay2:7|out0 (|delay4:21|delay2:7|:6)
   -      7    C    02      LCELL      t        0      0   0    0    1    0    1  |delay4:21|delay2:7|:7
   -      8    C    02      LCELL      t        0      0   0    0    1    0    1  |delay4:21|delay2:7|:8
   -      9    C    02      LCELL      t        0      0   0    0    1    0    1  |delay4:21|delay2:7|:9
   -     10    C    02      LCELL      t        0      0   0    0    1    0    1  |delay4:21|delay2:7|out1 (|delay4:21|delay2:7|:10)
   -      8    B    05      LCELL      t        0      0   0    0    1    0    1  |delay4:21|delay2:8|:3
   -      7    B    05      LCELL      t        0      0   0    0    1    0    1  |delay4:21|delay2:8|:4
   -      1    B    05      LCELL      t        0      0   0    0    1    0    1  |delay4:21|delay2:8|:5
   -      2    B    05      LCELL      t        0      0   0    0    1    0    1  |delay4:21|delay2:8|out0 (|delay4:21|delay2:8|:6)
   -      1    C    02      LCELL      t        0      0   0    0    1    0    1  |delay4:21|delay2:8|:7
   -      2    C    02      LCELL      t        0      0   0    0    1    0    1  |delay4:21|delay2:8|:8
   -      2    C    01      LCELL      t        0      0   0    0    1    0    1  |delay4:21|delay2:8|:9
   -      3    C    01      LCELL      t        0      0   0    0    1    0    1  |delay4:21|delay2:8|out1 (|delay4:21|delay2:8|:10)
   -      3    B    05      LCELL      t        0      0   0    0    1    0    1  |delay4:21|delay2:9|:3
   -      4    B    05      LCELL      t        0      0   0    0    1    0    1  |delay4:21|delay2:9|:4
   -      5    B    05      LCELL      t        0      0   0    0    1    0    1  |delay4:21|delay2:9|:5
   -      6    B    05      LCELL      t        0      0   0    0    1    0    1  |delay4:21|delay2:9|out0 (|delay4:21|delay2:9|:6)
   -      4    C    01      LCELL      t        0      0   0    0    1    0    1  |delay4:21|delay2:9|:7
   -      5    C    01      LCELL      t        0      0   0    0    1    0    1  |delay4:21|delay2:9|:8
   -      6    C    01      LCELL      t        0      0   0    0    1    0    1  |delay4:21|delay2:9|:9
   -      7    C    01      LCELL      t        0      0   0    0    1    0    1  |delay4:21|delay2:9|out1 (|delay4:21|delay2:9|:10)
   -     14    B    05      LCELL      t        0      0   0    0    1    0    1  |delay4:21|delay2:10|:3
   -     15    B    05      LCELL      t        0      0   0    0    1    0    1  |delay4:21|delay2:10|:4
   -     16    B    05      LCELL      t        0      0   0    0    1    0    1  |delay4:21|delay2:10|:5
   -      9    B    05      LCELL      t        0      0   0    0    1    1    0  |delay4:21|delay2:10|out0 (|delay4:21|delay2:10|:6)
   -      8    C    01      LCELL      t        0      0   0    0    1    0    1  |delay4:21|delay2:10|:7
   -     10    C    01      LCELL      t        0      0   0    0    1    0    1  |delay4:21|delay2:10|:8
   -     11    C    01      LCELL      t        0      0   0    0    1    0    1  |delay4:21|delay2:10|:9
   -      9    C    01      LCELL      t        0      0   0    0    1    1    0  |delay4:21|delay2:10|out1 (|delay4:21|delay2:10|:10)
   -      2    D    03      LCELL      t        0      0   0    0    1    0    1  |delay4:21|delay2:11|:3
   -      1    D    03      LCELL      t        0      0   0    0    1    0    1  |delay4:21|delay2:11|:4
   -     12    D    04      LCELL      t        0      0   0    0    1    0    1  |delay4:21|delay2:11|:5
   -     13    D    04      LCELL      t        0      0   0    0    1    0    1  |delay4:21|delay2:11|out0 (|delay4:21|delay2:11|:6)
   -      5    E    05      LCELL      t        0      0   0    0    1    0    1  |delay4:21|delay2:11|:7
   -      6    E    05      LCELL      t        0      0   0    0    1    0    1  |delay4:21|delay2:11|:8
   -      7    E    05      LCELL      t        0      0   0    0    1    0    1  |delay4:21|delay2:11|:9
   -      8    E    05      LCELL      t        0      0   0    0    1    0    1  |delay4:21|delay2:11|out1 (|delay4:21|delay2:11|:10)
   -     14    D    04      LCELL      t        0      0   0    0    1    0    1  |delay4:21|delay2:12|:3
   -     11    D    04      LCELL      t        0      0   0    0    1    0    1  |delay4:21|delay2:12|:4
   -     10    D    04      LCELL      t        0      0   0    0    1    0    1  |delay4:21|delay2:12|:5
   -      5    D    04      LCELL      t        0      0   0    0    1    0    1  |delay4:21|delay2:12|out0 (|delay4:21|delay2:12|:6)
   -      3    E    05      LCELL      t        0      0   0    0    1    0    1  |delay4:21|delay2:12|:7
   -      4    E    05      LCELL      t        0      0   0    0    1    0    1  |delay4:21|delay2:12|:8
   -      1    E    05      LCELL      t        0      0   0    0    1    0    1  |delay4:21|delay2:12|:9
   -     12    E    02      LCELL      t        0      0   0    0    1    0    1  |delay4:21|delay2:12|out1 (|delay4:21|delay2:12|:10)
   -      6    D    04      LCELL      t        0      0   0    0    1    0    1  |delay4:21|delay2:13|:3
   -      7    D    04      LCELL      t        0      0   0    0    1    0    1  |delay4:21|delay2:13|:4
   -      8    D    04      LCELL      t        0      0   0    0    1    0    1  |delay4:21|delay2:13|:5
   -      9    D    04      LCELL      t        0      0   0    0    1    0    1  |delay4:21|delay2:13|out0 (|delay4:21|delay2:13|:6)
   -     13    E    02      LCELL      t        0      0   0    0    1    0    1  |delay4:21|delay2:13|:7
   -     14    E    02      LCELL      t        0      0   0    0    1    0    1  |delay4:21|delay2:13|:8
   -     15    E    02      LCELL      t        0      0   0    0    1    0    1  |delay4:21|delay2:13|:9
   -     16    E    02      LCELL      t        0      0   0    0    1    0    1  |delay4:21|delay2:13|out1 (|delay4:21|delay2:13|:10)
   -      4    D    04      LCELL      t        0      0   0    0    1    0    1  |delay4:21|delay2:14|:3
   -      3    D    04      LCELL      t        0      0   0    0    1    0    1  |delay4:21|delay2:14|:4
   -      2    D    04      LCELL      t        0      0   0    0    1    0    1  |delay4:21|delay2:14|:5
   -      1    D    04      LCELL      t        0      0   0    0    1    0    1  |delay4:21|delay2:14|out0 (|delay4:21|delay2:14|:6)
   -      2    E    02      LCELL      t        0      0   0    0    1    0    1  |delay4:21|delay2:14|:7
   -      7    E    02      LCELL      t        0      0   0    0    1    0    1  |delay4:21|delay2:14|:8
   -      6    E    02      LCELL      t        0      0   0    0    1    0    1  |delay4:21|delay2:14|:9
   -      8    E    02      LCELL      t        0      0   0    0    1    0    1  |delay4:21|delay2:14|out1 (|delay4:21|delay2:14|:10)
   -      6    D    05      LCELL      t        0      0   0    0    1    0    1  |delay4:21|delay2:15|:3
   -      5    D    05      LCELL      t        0      0   0    0    1    0    1  |delay4:21|delay2:15|:4
   -      4    D    05      LCELL      t        0      0   0    0    1    0    1  |delay4:21|delay2:15|:5
   -      3    D    05      LCELL      t        0      0   0    0    1    0    1  |delay4:21|delay2:15|out0 (|delay4:21|delay2:15|:6)
   -      5    E    02      LCELL      t        0      0   0    0    1    0    1  |delay4:21|delay2:15|:7
   -      4    E    02      LCELL      t        0      0   0    0    1    0    1  |delay4:21|delay2:15|:8
   -      3    E    02      LCELL      t        0      0   0    0    1    0    1  |delay4:21|delay2:15|:9
   -      9    E    02      LCELL      t        0      0   0    0    1    0    1  |delay4:21|delay2:15|out1 (|delay4:21|delay2:15|:10)
   -     16    D    05      LCELL      t        0      0   0    0    1    0    1  |delay4:21|delay2:16|:3
   -     15    D    05      LCELL      t        0      0   0    0    1    0    1  |delay4:21|delay2:16|:4
   -     14    D    05      LCELL      t        0      0   0    0    1    0    1  |delay4:21|delay2:16|:5
   -     13    D    05      LCELL      t        0      0   0    0    1    0    1  |delay4:21|delay2:16|out0 (|delay4:21|delay2:16|:6)
   -     11    E    02      LCELL      t        0      0   0    0    1    0    1  |delay4:21|delay2:16|:7
   -     10    E    02      LCELL      t        0      0   0    0    1    0    1  |delay4:21|delay2:16|:8
   -      1    E    02      LCELL      t        0      0   0    0    1    0    1  |delay4:21|delay2:16|:9
   -      7    C    04      LCELL      t        0      0   0    0    1    0    1  |delay4:21|delay2:16|out1 (|delay4:21|delay2:16|:10)
   -     12    D    05      LCELL      t        0      0   0    0    1    0    1  |delay4:21|delay2:17|:3
   -     11    D    05      LCELL      t        0      0   0    0    1    0    1  |delay4:21|delay2:17|:4
   -      1    D    05      LCELL      t        0      0   0    0    1    0    1  |delay4:21|delay2:17|:5
   -      2    D    05      LCELL      t        0      0   0    0    1    0    1  |delay4:21|delay2:17|out0 (|delay4:21|delay2:17|:6)
   -      1    C    04      LCELL      t        0      0   0    0    1    0    1  |delay4:21|delay2:17|:7
   -      2    C    04      LCELL      t        0      0   0    0    1    0    1  |delay4:21|delay2:17|:8
   -      3    C    04      LCELL      t        0      0   0    0    1    0    1  |delay4:21|delay2:17|:9
   -      4    C    04      LCELL      t        0      0   0    0    1    0    1  |delay4:21|delay2:17|out1 (|delay4:21|delay2:17|:10)
   -      7    D    05      LCELL      t        0      0   0    0    1    0    1  |delay4:21|delay2:18|:3
   -      8    D    05      LCELL      t        0      0   0    0    1    0    1  |delay4:21|delay2:18|:4
   -     10    D    05      LCELL      t        0      0   0    0    1    0    1  |delay4:21|delay2:18|:5
   -      9    D    05      LCELL      t        0      0   0    0    1    1    0  |delay4:21|delay2:18|out0 (|delay4:21|delay2:18|:6)
   -      5    C    04      LCELL      t        0      0   0    0    1    0    1  |delay4:21|delay2:18|:7
   -      6    C    04      LCELL      t        0      0   0    0    1    0    1  |delay4:21|delay2:18|:8
   -      8    C    04      LCELL      t        0      0   0    0    1    0    1  |delay4:21|delay2:18|:9
   -     10    C    04      LCELL      t        0      0   0    0    1    1    0  |delay4:21|delay2:18|out1 (|delay4:21|delay2:18|:10)
   -      2    A    02      LCELL      t        0      0   0    0    1    0    1  |delay4:22|delay2:3|:3
   -      3    A    02      LCELL      t        0      0   0    0    1    0    1  |delay4:22|delay2:3|:4
   -      4    A    02      LCELL      t        0      0   0    0    1    0    1  |delay4:22|delay2:3|:5
   -      1    A    02      LCELL      t        0      0   0    0    1    0    1  |delay4:22|delay2:3|out0 (|delay4:22|delay2:3|:6)
   -      5    D    02      LCELL      t        0      0   0    0    1    0    1  |delay4:22|delay2:3|:7
   -      4    D    02      LCELL      t        0      0   0    0    1    0    1  |delay4:22|delay2:3|:8
   -      3    D    02      LCELL      t        0      0   0    0    1    0    1  |delay4:22|delay2:3|:9
   -      6    D    02      LCELL      t        0      0   0    0    1    0    1  |delay4:22|delay2:3|out1 (|delay4:22|delay2:3|:10)
   -      2    E    01      LCELL      t        0      0   0    0    1    0    1  |delay4:22|delay2:4|:3
   -      6    E    01      LCELL      t        0      0   0    0    1    0    1  |delay4:22|delay2:4|:4
   -      7    E    01      LCELL      t        0      0   0    0    1    0    1  |delay4:22|delay2:4|:5
   -      8    E    01      LCELL      t        0      0   0    0    1    0    1  |delay4:22|delay2:4|out0 (|delay4:22|delay2:4|:6)
   -      7    D    02      LCELL      t        0      0   0    0    1    0    1  |delay4:22|delay2:4|:7
   -      2    D    02      LCELL      t        0      0   0    0    1    0    1  |delay4:22|delay2:4|:8
   -     10    D    01      LCELL      t        0      0   0    0    1    0    1  |delay4:22|delay2:4|:9
   -     11    D    01      LCELL      t        0      0   0    0    1    0    1  |delay4:22|delay2:4|out1 (|delay4:22|delay2:4|:10)
   -      9    E    01      LCELL      t        0      0   0    0    1    0    1  |delay4:22|delay2:5|:3
   -     10    E    01      LCELL      t        0      0   0    0    1    0    1  |delay4:22|delay2:5|:4
   -     11    E    01      LCELL      t        0      0   0    0    1    0    1  |delay4:22|delay2:5|:5
   -     12    E    01      LCELL      t        0      0   0    0    1    0    1  |delay4:22|delay2:5|out0 (|delay4:22|delay2:5|:6)
   -     12    D    01      LCELL      t        0      0   0    0    1    0    1  |delay4:22|delay2:5|:7
   -     13    D    01      LCELL      t        0      0   0    0    1    0    1  |delay4:22|delay2:5|:8
   -      9    D    01      LCELL      t        0      0   0    0    1    0    1  |delay4:22|delay2:5|:9
   -      8    D    01      LCELL      t        0      0   0    0    1    0    1  |delay4:22|delay2:5|out1 (|delay4:22|delay2:5|:10)
   -      5    E    01      LCELL      t        0      0   0    0    1    0    1  |delay4:22|delay2:6|:3
   -      3    E    01      LCELL      t        0      0   0    0    1    0    1  |delay4:22|delay2:6|:4
   -      4    E    01      LCELL      t        0      0   0    0    1    0    1  |delay4:22|delay2:6|:5
   -      1    E    01      LCELL      t        0      0   0    0    1    0    1  |delay4:22|delay2:6|out0 (|delay4:22|delay2:6|:6)
   -      2    D    01      LCELL      t        0      0   0    0    1    0    1  |delay4:22|delay2:6|:7
   -      3    D    01      LCELL      t        0      0   0    0    1    0    1  |delay4:22|delay2:6|:8
   -      4    D    01      LCELL      t        0      0   0    0    1    0    1  |delay4:22|delay2:6|:9
   -      5    D    01      LCELL      t        0      0   0    0    1    0    1  |delay4:22|delay2:6|out1 (|delay4:22|delay2:6|:10)
   -      1    E    04      LCELL      t        0      0   0    0    1    0    1  |delay4:22|delay2:7|:3
   -      2    E    04      LCELL      t        0      0   0    0    1    0    1  |delay4:22|delay2:7|:4
   -      3    E    04      LCELL      t        0      0   0    0    1    0    1  |delay4:22|delay2:7|:5
   -      4    E    04      LCELL      t        0      0   0    0    1    0    1  |delay4:22|delay2:7|out0 (|delay4:22|delay2:7|:6)
   -      6    D    01      LCELL      t        0      0   0    0    1    0    1  |delay4:22|delay2:7|:7
   -      7    D    01      LCELL      t        0      0   0    0    1    0    1  |delay4:22|delay2:7|:8
   -     14    D    01      LCELL      t        0      0   0    0    1    0    1  |delay4:22|delay2:7|:9
   -     15    D    01      LCELL      t        0      0   0    0    1    0    1  |delay4:22|delay2:7|out1 (|delay4:22|delay2:7|:10)
   -      5    E    04      LCELL      t        0      0   0    0    1    0    1  |delay4:22|delay2:8|:3
   -     10    E    04      LCELL      t        0      0   0    0    1    0    1  |delay4:22|delay2:8|:4
   -     11    E    04      LCELL      t        0      0   0    0    1    0    1  |delay4:22|delay2:8|:5
   -     12    E    04      LCELL      t        0      0   0    0    1    0    1  |delay4:22|delay2:8|out0 (|delay4:22|delay2:8|:6)
   -     16    D    01      LCELL      t        0      0   0    0    1    0    1  |delay4:22|delay2:8|:7
   -      1    D    01      LCELL      t        0      0   0    0    1    0    1  |delay4:22|delay2:8|:8
   -      6    F    05      LCELL      t        0      0   0    0    1    0    1  |delay4:22|delay2:8|:9
   -      7    F    05      LCELL      t        0      0   0    0    1    0    1  |delay4:22|delay2:8|out1 (|delay4:22|delay2:8|:10)
   -     13    E    04      LCELL      t        0      0   0    0    1    0    1  |delay4:22|delay2:9|:3
   -     14    E    04      LCELL      t        0      0   0    0    1    0    1  |delay4:22|delay2:9|:4
   -     15    E    04      LCELL      t        0      0   0    0    1    0    1  |delay4:22|delay2:9|:5
   -     16    E    04      LCELL      t        0      0   0    0    1    0    1  |delay4:22|delay2:9|out0 (|delay4:22|delay2:9|:6)
   -      8    F    05      LCELL      t        0      0   0    0    1    0    1  |delay4:22|delay2:9|:7
   -     10    F    05      LCELL      t        0      0   0    0    1    0    1  |delay4:22|delay2:9|:8
   -      5    F    05      LCELL      t        0      0   0    0    1    0    1  |delay4:22|delay2:9|:9
   -      4    F    05      LCELL      t        0      0   0    0    1    0    1  |delay4:22|delay2:9|out1 (|delay4:22|delay2:9|:10)
   -      8    E    04      LCELL      t        0      0   0    0    1    0    1  |delay4:22|delay2:10|:3
   -      6    E    04      LCELL      t        0      0   0    0    1    0    1  |delay4:22|delay2:10|:4
   -      7    E    04      LCELL      t        0      0   0    0    1    0    1  |delay4:22|delay2:10|:5
   -      9    E    04      LCELL      t        0      0   0    0    1    1    0  |delay4:22|delay2:10|out0 (|delay4:22|delay2:10|:6)
   -      1    F    05      LCELL      t        0      0   0    0    1    0    1  |delay4:22|delay2:10|:7
   -      2    F    05      LCELL      t        0      0   0    0    1    0    1  |delay4:22|delay2:10|:8
   -      3    F    05      LCELL      t        0      0   0    0    1    0    1  |delay4:22|delay2:10|:9
   -      9    F    05      LCELL      t        0      0   0    0    1    1    0  |delay4:22|delay2:10|out1 (|delay4:22|delay2:10|:10)
   -      2    A    01      LCELL      t        0      0   0    0    1    0    1  |delay4:22|delay2:11|:3
   -      3    A    01      LCELL      t        0      0   0    0    1    0    1  |delay4:22|delay2:11|:4
   -      1    A    01      LCELL      t        0      0   0    0    1    0    1  |delay4:22|delay2:11|:5
   -     14    B    01      LCELL      t        0      0   0    0    1    0    1  |delay4:22|delay2:11|out0 (|delay4:22|delay2:11|:6)
   -     13    F    03      LCELL      t        0      0   0    0    1    0    1  |delay4:22|delay2:11|:7
   -     14    F    03      LCELL      t        0      0   0    0    1    0    1  |delay4:22|delay2:11|:8
   -     15    F    03      LCELL      t        0      0   0    0    1    0    1  |delay4:22|delay2:11|:9
   -     16    F    03      LCELL      t        0      0   0    0    1    0    1  |delay4:22|delay2:11|out1 (|delay4:22|delay2:11|:10)
   -     13    B    01      LCELL      t        0      0   0    0    1    0    1  |delay4:22|delay2:12|:3
   -     12    B    01      LCELL      t        0      0   0    0    1    0    1  |delay4:22|delay2:12|:4
   -      6    B    01      LCELL      t        0      0   0    0    1    0    1  |delay4:22|delay2:12|:5
   -      7    B    01      LCELL      t        0      0   0    0    1    0    1  |delay4:22|delay2:12|out0 (|delay4:22|delay2:12|:6)
   -      7    F    03      LCELL      t        0      0   0    0    1    0    1  |delay4:22|delay2:12|:7
   -      8    F    03      LCELL      t        0      0   0    0    1    0    1  |delay4:22|delay2:12|:8
   -      9    F    03      LCELL      t        0      0   0    0    1    0    1  |delay4:22|delay2:12|:9
   -     10    F    03      LCELL      t        0      0   0    0    1    0    1  |delay4:22|delay2:12|out1 (|delay4:22|delay2:12|:10)
   -      8    B    01      LCELL      t        0      0   0    0    1    0    1  |delay4:22|delay2:13|:3
   -      9    B    01      LCELL      t        0      0   0    0    1    0    1  |delay4:22|delay2:13|:4
   -     10    B    01      LCELL      t        0      0   0    0    1    0    1  |delay4:22|delay2:13|:5
   -     11    B    01      LCELL      t        0      0   0    0    1    0    1  |delay4:22|delay2:13|out0 (|delay4:22|delay2:13|:6)
   -     11    F    03      LCELL      t        0      0   0    0    1    0    1  |delay4:22|delay2:13|:7
   -     12    F    03      LCELL      t        0      0   0    0    1    0    1  |delay4:22|delay2:13|:8
   -      6    F    03      LCELL      t        0      0   0    0    1    0    1  |delay4:22|delay2:13|:9
   -      5    F    03      LCELL      t        0      0   0    0    1    0    1  |delay4:22|delay2:13|out1 (|delay4:22|delay2:13|:10)
   -      5    B    01      LCELL      t        0      0   0    0    1    0    1  |delay4:22|delay2:14|:3
   -      2    B    01      LCELL      t        0      0   0    0    1    0    1  |delay4:22|delay2:14|:4
   -      3    B    01      LCELL      t        0      0   0    0    1    0    1  |delay4:22|delay2:14|:5
   -      4    B    01      LCELL      t        0      0   0    0    1    0    1  |delay4:22|delay2:14|out0 (|delay4:22|delay2:14|:6)
   -      2    F    03      LCELL      t        0      0   0    0    1    0    1  |delay4:22|delay2:14|:7
   -      3    F    03      LCELL      t        0      0   0    0    1    0    1  |delay4:22|delay2:14|:8
   -      4    F    03      LCELL      t        0      0   0    0    1    0    1  |delay4:22|delay2:14|:9
   -      1    F    03      LCELL      t        0      0   0    0    1    0    1  |delay4:22|delay2:14|out1 (|delay4:22|delay2:14|:10)
   -      1    B    01      LCELL      t        0      0   0    0    1    0    1  |delay4:22|delay2:15|:3
   -      1    B    03      LCELL      t        0      0   0    0    1    0    1  |delay4:22|delay2:15|:4
   -      2    B    03      LCELL      t        0      0   0    0    1    0    1  |delay4:22|delay2:15|:5
   -      3    B    03      LCELL      t        0      0   0    0    1    0    1  |delay4:22|delay2:15|out0 (|delay4:22|delay2:15|:6)
   -      1    F    01      LCELL      t        0      0   0    0    1    0    1  |delay4:22|delay2:15|:7
   -      2    F    01      LCELL      t        0      0   0    0    1    0    1  |delay4:22|delay2:15|:8
   -      3    F    01      LCELL      t        0      0   0    0    1    0    1  |delay4:22|delay2:15|:9
   -      4    F    01      LCELL      t        0      0   0    0    1    0    1  |delay4:22|delay2:15|out1 (|delay4:22|delay2:15|:10)
   -      4    B    03      LCELL      t        0      0   0    0    1    0    1  |delay4:22|delay2:16|:3
   -      5    B    03      LCELL      t        0      0   0    0    1    0    1  |delay4:22|delay2:16|:4
   -      9    B    03      LCELL      t        0      0   0    0    1    0    1  |delay4:22|delay2:16|:5
   -     10    B    03      LCELL      t        0      0   0    0    1    0    1  |delay4:22|delay2:16|out0 (|delay4:22|delay2:16|:6)
   -     11    F    01      LCELL      t        0      0   0    0    1    0    1  |delay4:22|delay2:16|:7
   -     12    F    01      LCELL      t        0      0   0    0    1    0    1  |delay4:22|delay2:16|:8
   -     13    F    01      LCELL      t        0      0   0    0    1    0    1  |delay4:22|delay2:16|:9
   -     14    F    01      LCELL      t        0      0   0    0    1    0    1  |delay4:22|delay2:16|out1 (|delay4:22|delay2:16|:10)
   -     12    B    03      LCELL      t        0      0   0    0    1    0    1  |delay4:22|delay2:17|:3
   -     13    B    03      LCELL      t        0      0   0    0    1    0    1  |delay4:22|delay2:17|:4
   -     14    B    03      LCELL      t        0      0   0    0    1    0    1  |delay4:22|delay2:17|:5
   -     15    B    03      LCELL      t        0      0   0    0    1    0    1  |delay4:22|delay2:17|out0 (|delay4:22|delay2:17|:6)
   -     15    F    01      LCELL      t        0      0   0    0    1    0    1  |delay4:22|delay2:17|:7
   -     16    F    01      LCELL      t        0      0   0    0    1    0    1  |delay4:22|delay2:17|:8
   -      9    F    01      LCELL      t        0      0   0    0    1    0    1  |delay4:22|delay2:17|:9
   -      8    F    01      LCELL      t        0      0   0    0    1    0    1  |delay4:22|delay2:17|out1 (|delay4:22|delay2:17|:10)
   -      8    B    03      LCELL      t        0      0   0    0    1    0    1  |delay4:22|delay2:18|:3
   -      6    B    03      LCELL      t        0      0   0    0    1    0    1  |delay4:22|delay2:18|:4
   -      7    B    03      LCELL      t        0      0   0    0    1    0    1  |delay4:22|delay2:18|:5
   -     11    B    03      LCELL      t        0      0   0    0    1    1    0  |delay4:22|delay2:18|out0 (|delay4:22|delay2:18|:6)
   -      5    F    01      LCELL      t        0      0   0    0    1    0    1  |delay4:22|delay2:18|:7
   -      6    F    01      LCELL      t        0      0   0    0    1    0    1  |delay4:22|delay2:18|:8
   -      7    F    01      LCELL      t        0      0   0    0    1    0    1  |delay4:22|delay2:18|:9
   -     10    F    01      LCELL      t        0      0   0    0    1    1    0  |delay4:22|delay2:18|out1 (|delay4:22|delay2:18|:10)


Code:

s = Synthesized pin or logic cell
t = Turbo logic cell
+ = Synchronous flipflop
/ = Slow slew-rate output
! = NOT gate push-back
r = Fitter-inserted logic cell
p = Packed register


Device-Specific Information:                         e:\term3\lab20\delay8.rpt
delay8

** FASTTRACK INTERCONNECT UTILIZATION **

Row FastTrack Interconnect:

         FastTrack                                 
Row     Interconnect    Input Pins     Output Pins     Bidir Pins
A:       6/ 96(  6%)    1/16(  6%)      0/16(  0%)     0/16(  0%)
B:       7/ 96(  7%)    0/16(  0%)      2/16( 12%)     0/16(  0%)
C:       8/ 96(  8%)    1/16(  6%)      2/16( 12%)     0/16(  0%)
D:       7/ 96(  7%)    0/16(  0%)      1/16(  6%)     0/16(  0%)
E:       7/ 96(  7%)    0/16(  0%)      1/16(  6%)     0/16(  0%)
F:       7/ 96(  7%)    0/16(  0%)      2/16( 12%)     0/16(  0%)
G:       7/ 96(  7%)    2/16( 12%)      0/16(  0%)     0/16(  0%)


Column FastTrack Interconnect:

         FastTrack                                 
Column  Interconnect    Input Pins     Output Pins     Bidir Pins
01:      2/48(  4%)     0/20(  0%)      0/20(  0%)       0/20(  0%)
02:      3/48(  6%)     0/20(  0%)      0/20(  0%)       0/20(  0%)
03:      2/48(  4%)     0/20(  0%)      0/20(  0%)       0/20(  0%)
04:      1/48(  2%)     0/20(  0%)      0/20(  0%)       0/20(  0%)
05:      0/48(  0%)     0/20(  0%)      0/20(  0%)       0/20(  0%)


Device-Specific Information:                         e:\term3\lab20\delay8.rpt
delay8

** EQUATIONS **

in0      : INPUT;
in1      : INPUT;
in2      : INPUT;
in3      : INPUT;
in4      : INPUT;
in5      : INPUT;
in6      : INPUT;
in7      : INPUT;

-- Node name is 'out0' 
-- Equation name is 'out0', type is output 
out0     =  _LC9_B5;

-- Node name is 'out1' 
-- Equation name is 'out1', type is output 
out1     =  _LC9_C1;

-- Node name is 'out2' 
-- Equation name is 'out2', type is output 
out2     =  _LC9_D5;

-- Node name is 'out3' 
-- Equation name is 'out3', type is output 
out3     =  _LC10_C4;

-- Node name is 'out4' 
-- Equation name is 'out4', type is output 
out4     =  _LC9_E4;

-- Node name is 'out5' 
-- Equation name is 'out5', type is output 
out5     =  _LC9_F5;

-- Node name is 'out6' 
-- Equation name is 'out6', type is output 
out6     =  _LC11_B3;

-- Node name is 'out7' 
-- Equation name is 'out7', type is output 
out7     =  _LC10_F1;

-- Node name is '|delay4:19|delay2:3|:6' = '|delay4:19|delay2:3|out0' 
-- Equation name is '_LC11_G5', type is buried 
_LC11_G5 = LCELL( _LC10_G5 $  GND);

-- Node name is '|delay4:19|delay2:3|:10' = '|delay4:19|delay2:3|out1' 
-- Equation name is '_LC15_C1', type is buried 
_LC15_C1 = LCELL( _LC14_C1 $  GND);

-- Node name is '|delay4:19|delay2:3|:3' 
-- Equation name is '_LC3_G1', type is buried 
_LC3_G1  = LCELL( in0 $  GND);

-- Node name is '|delay4:19|delay2:3|:4' 
-- Equation name is '_LC2_G1', type is buried 
_LC2_G1  = LCELL( _LC3_G1 $  GND);

-- Node name is '|delay4:19|delay2:3|:5' 
-- Equation name is '_LC10_G5', type is buried 
_LC10_G5 = LCELL( _LC2_G1 $  GND);

-- Node name is '|delay4:19|delay2:3|:7' 
-- Equation name is '_LC12_C1', type is buried 
_LC12_C1 = LCELL( in1 $  GND);

-- Node name is '|delay4:19|delay2:3|:8' 
-- Equation name is '_LC13_C1', type is buried 
_LC13_C1 = LCELL( _LC12_C1 $  GND);

-- Node name is '|delay4:19|delay2:3|:9' 
-- Equation name is '_LC14_C1', type is buried 
_LC14_C1 = LCELL( _LC13_C1 $  GND);

-- Node name is '|delay4:19|delay2:4|:6' = '|delay4:19|delay2:4|out0' 
-- Equation name is '_LC15_G5', type is buried 
_LC15_G5 = LCELL( _LC14_G5 $  GND);

-- Node name is '|delay4:19|delay2:4|:10' = '|delay4:19|delay2:4|out1' 
-- Equation name is '_LC11_C5', type is buried 
_LC11_C5 = LCELL( _LC10_C5 $  GND);

-- Node name is '|delay4:19|delay2:4|:3' 
-- Equation name is '_LC12_G5', type is buried 
_LC12_G5 = LCELL( _LC11_G5 $  GND);

-- Node name is '|delay4:19|delay2:4|:4' 
-- Equation name is '_LC13_G5', type is buried 
_LC13_G5 = LCELL( _LC12_G5 $  GND);

-- Node name is '|delay4:19|delay2:4|:5' 
-- Equation name is '_LC14_G5', type is buried 
_LC14_G5 = LCELL( _LC13_G5 $  GND);

-- Node name is '|delay4:19|delay2:4|:7' 
-- Equation name is '_LC16_C1', type is buried 
_LC16_C1 = LCELL( _LC15_C1 $  GND);

-- Node name is '|delay4:19|delay2:4|:8' 
-- Equation name is '_LC1_C1', type is buried 
_LC1_C1  = LCELL( _LC16_C1 $  GND);

-- Node name is '|delay4:19|delay2:4|:9' 
-- Equation name is '_LC10_C5', type is buried 
_LC10_C5 = LCELL( _LC1_C1 $  GND);

-- Node name is '|delay4:19|delay2:5|:6' = '|delay4:19|delay2:5|out0' 
-- Equation name is '_LC2_G5', type is buried 
_LC2_G5  = LCELL( _LC8_G5 $  GND);

-- Node name is '|delay4:19|delay2:5|:10' = '|delay4:19|delay2:5|out1' 
-- Equation name is '_LC5_C5', type is buried 
_LC5_C5  = LCELL( _LC4_C5 $  GND);

-- Node name is '|delay4:19|delay2:5|:3' 
-- Equation name is '_LC16_G5', type is buried 
_LC16_G5 = LCELL( _LC15_G5 $  GND);

-- Node name is '|delay4:19|delay2:5|:4' 
-- Equation name is '_LC9_G5', type is buried 
_LC9_G5  = LCELL( _LC16_G5 $  GND);

-- Node name is '|delay4:19|delay2:5|:5' 
-- Equation name is '_LC8_G5', type is buried 
_LC8_G5  = LCELL( _LC9_G5 $  GND);

-- Node name is '|delay4:19|delay2:5|:7' 
-- Equation name is '_LC2_C5', type is buried 
_LC2_C5  = LCELL( _LC11_C5 $  GND);

-- Node name is '|delay4:19|delay2:5|:8' 
-- Equation name is '_LC3_C5', type is buried 
_LC3_C5  = LCELL( _LC2_C5 $  GND);

-- Node name is '|delay4:19|delay2:5|:9' 
-- Equation name is '_LC4_C5', type is buried 
_LC4_C5  = LCELL( _LC3_C5 $  GND);

-- Node name is '|delay4:19|delay2:6|:6' = '|delay4:19|delay2:6|out0' 
-- Equation name is '_LC6_G5', type is buried 
_LC6_G5  = LCELL( _LC5_G5 $  GND);

-- Node name is '|delay4:19|delay2:6|:10' = '|delay4:19|delay2:6|out1' 
-- Equation name is '_LC9_C5', type is buried 
_LC9_C5  = LCELL( _LC8_C5 $  GND);

-- Node name is '|delay4:19|delay2:6|:3' 
-- Equation name is '_LC3_G5', type is buried 
_LC3_G5  = LCELL( _LC2_G5 $  GND);

-- Node name is '|delay4:19|delay2:6|:4' 
-- Equation name is '_LC4_G5', type is buried 
_LC4_G5  = LCELL( _LC3_G5 $  GND);

-- Node name is '|delay4:19|delay2:6|:5' 
-- Equation name is '_LC5_G5', type is buried 
_LC5_G5  = LCELL( _LC4_G5 $  GND);

-- Node name is '|delay4:19|delay2:6|:7' 
-- Equation name is '_LC6_C5', type is buried 
_LC6_C5  = LCELL( _LC5_C5 $  GND);

-- Node name is '|delay4:19|delay2:6|:8' 
-- Equation name is '_LC7_C5', type is buried 
_LC7_C5  = LCELL( _LC6_C5 $  GND);

-- Node name is '|delay4:19|delay2:6|:9' 
-- Equation name is '_LC8_C5', type is buried 
_LC8_C5  = LCELL( _LC7_C5 $  GND);

-- Node name is '|delay4:19|delay2:7|:6' = '|delay4:19|delay2:7|out0' 
-- Equation name is '_LC8_G2', type is buried 
_LC8_G2  = LCELL( _LC7_G2 $  GND);

-- Node name is '|delay4:19|delay2:7|:10' = '|delay4:19|delay2:7|out1' 
-- Equation name is '_LC15_C5', type is buried 
_LC15_C5 = LCELL( _LC14_C5 $  GND);

-- Node name is '|delay4:19|delay2:7|:3' 
-- Equation name is '_LC7_G5', type is buried 
_LC7_G5  = LCELL( _LC6_G5 $  GND);

-- Node name is '|delay4:19|delay2:7|:4' 
-- Equation name is '_LC1_G5', type is buried 
_LC1_G5  = LCELL( _LC7_G5 $  GND);

-- Node name is '|delay4:19|delay2:7|:5' 
-- Equation name is '_LC7_G2', type is buried 
_LC7_G2  = LCELL( _LC1_G5 $  GND);

-- Node name is '|delay4:19|delay2:7|:7' 
-- Equation name is '_LC12_C5', type is buried 
_LC12_C5 = LCELL( _LC9_C5 $  GND);

-- Node name is '|delay4:19|delay2:7|:8' 
-- Equation name is '_LC13_C5', type is buried 
_LC13_C5 = LCELL( _LC12_C5 $  GND);

-- Node name is '|delay4:19|delay2:7|:9' 
-- Equation name is '_LC14_C5', type is buried 
_LC14_C5 = LCELL( _LC13_C5 $  GND);

-- Node name is '|delay4:19|delay2:8|:6' = '|delay4:19|delay2:8|out0' 
-- Equation name is '_LC6_B4', type is buried 
_LC6_B4  = LCELL( _LC1_G2 $  GND);

-- Node name is '|delay4:19|delay2:8|:10' = '|delay4:19|delay2:8|out1' 
-- Equation name is '_LC10_C3', type is buried 
_LC10_C3 = LCELL( _LC9_C3 $  GND);

-- Node name is '|delay4:19|delay2:8|:3' 
-- Equation name is '_LC9_G2', type is buried 
_LC9_G2  = LCELL( _LC8_G2 $  GND);

-- Node name is '|delay4:19|delay2:8|:4' 
-- Equation name is '_LC10_G2', type is buried 
_LC10_G2 = LCELL( _LC9_G2 $  GND);

-- Node name is '|delay4:19|delay2:8|:5' 
-- Equation name is '_LC1_G2', type is buried 
_LC1_G2  = LCELL( _LC10_G2 $  GND);

-- Node name is '|delay4:19|delay2:8|:7' 
-- Equation name is '_LC16_C5', type is buried 
_LC16_C5 = LCELL( _LC15_C5 $  GND);

-- Node name is '|delay4:19|delay2:8|:8' 
-- Equation name is '_LC1_C5', type is buried 
_LC1_C5  = LCELL( _LC16_C5 $  GND);

-- Node name is '|delay4:19|delay2:8|:9' 
-- Equation name is '_LC9_C3', type is buried 
_LC9_C3  = LCELL( _LC1_C5 $  GND);

-- Node name is '|delay4:19|delay2:9|:6' = '|delay4:19|delay2:9|out0' 
-- Equation name is '_LC10_B4', type is buried 
_LC10_B4 = LCELL( _LC9_B4 $  GND);

-- Node name is '|delay4:19|delay2:9|:10' = '|delay4:19|delay2:9|out1' 
-- Equation name is '_LC2_C3', type is buried 
_LC2_C3  = LCELL( _LC7_C3 $  GND);

-- Node name is '|delay4:19|delay2:9|:3' 
-- Equation name is '_LC7_B4', type is buried 
_LC7_B4  = LCELL( _LC6_B4 $  GND);

-- Node name is '|delay4:19|delay2:9|:4' 
-- Equation name is '_LC8_B4', type is buried 
_LC8_B4  = LCELL( _LC7_B4 $  GND);

-- Node name is '|delay4:19|delay2:9|:5' 
-- Equation name is '_LC9_B4', type is buried 
_LC9_B4  = LCELL( _LC8_B4 $  GND);

-- Node name is '|delay4:19|delay2:9|:7' 
-- Equation name is '_LC11_C3', type is buried 
_LC11_C3 = LCELL( _LC10_C3 $  GND);

-- Node name is '|delay4:19|delay2:9|:8' 
-- Equation name is '_LC8_C3', type is buried 
_LC8_C3  = LCELL( _LC11_C3 $  GND);

-- Node name is '|delay4:19|delay2:9|:9' 
-- Equation name is '_LC7_C3', type is buried 
_LC7_C3  = LCELL( _LC8_C3 $  GND);

-- Node name is '|delay4:19|delay2:10|:6' = '|delay4:19|delay2:10|out0' 
-- Equation name is '_LC5_B4', type is buried 
_LC5_B4  = LCELL( _LC4_B4 $  GND);

-- Node name is '|delay4:19|delay2:10|:10' = '|delay4:19|delay2:10|out1' 
-- Equation name is '_LC6_C3', type is buried 
_LC6_C3  = LCELL( _LC5_C3 $  GND);

-- Node name is '|delay4:19|delay2:10|:3' 
-- Equation name is '_LC2_B4', type is buried 
_LC2_B4  = LCELL( _LC10_B4 $  GND);

-- Node name is '|delay4:19|delay2:10|:4' 
-- Equation name is '_LC3_B4', type is buried 
_LC3_B4  = LCELL( _LC2_B4 $  GND);

-- Node name is '|delay4:19|delay2:10|:5' 
-- Equation name is '_LC4_B4', type is buried 
_LC4_B4  = LCELL( _LC3_B4 $  GND);

-- Node name is '|delay4:19|delay2:10|:7' 
-- Equation name is '_LC3_C3', type is buried 
_LC3_C3  = LCELL( _LC2_C3 $  GND);

-- Node name is '|delay4:19|delay2:10|:8' 
-- Equation name is '_LC4_C3', type is buried 
_LC4_C3  = LCELL( _LC3_C3 $  GND);

-- Node name is '|delay4:19|delay2:10|:9' 
-- Equation name is '_LC5_C3', type is buried 
_LC5_C3  = LCELL( _LC4_C3 $  GND);

-- Node name is '|delay4:19|delay2:11|:6' = '|delay4:19|delay2:11|out0' 
-- Equation name is '_LC15_E3', type is buried 
_LC15_E3 = LCELL( _LC14_E3 $  GND);

-- Node name is '|delay4:19|delay2:11|:10' = '|delay4:19|delay2:11|out1' 
-- Equation name is '_LC9_G1', type is buried 
_LC9_G1  = LCELL( _LC10_G1 $  GND);

-- Node name is '|delay4:19|delay2:11|:3' 
-- Equation name is '_LC15_E5', type is buried 
_LC15_E5 = LCELL( in2 $  GND);

-- Node name is '|delay4:19|delay2:11|:4' 
-- Equation name is '_LC2_E5', type is buried 
_LC2_E5  = LCELL( _LC15_E5 $  GND);

-- Node name is '|delay4:19|delay2:11|:5' 
-- Equation name is '_LC14_E3', type is buried 
_LC14_E3 = LCELL( _LC2_E5 $  GND);

-- Node name is '|delay4:19|delay2:11|:7' 
-- Equation name is '_LC11_G1', type is buried 
_LC11_G1 = LCELL( in3 $  GND);

-- Node name is '|delay4:19|delay2:11|:8' 
-- Equation name is '_LC12_G1', type is buried 
_LC12_G1 = LCELL( _LC11_G1 $  GND);

-- Node name is '|delay4:19|delay2:11|:9' 
-- Equation name is '_LC10_G1', type is buried 
_LC10_G1 = LCELL( _LC12_G1 $  GND);

-- Node name is '|delay4:19|delay2:12|:6' = '|delay4:19|delay2:12|out0' 
-- Equation name is '_LC8_E3', type is buried 
_LC8_E3  = LCELL( _LC7_E3 $  GND);

-- Node name is '|delay4:19|delay2:12|:10' = '|delay4:19|delay2:12|out1' 
-- Equation name is '_LC7_G1', type is buried 
_LC7_G1  = LCELL( _LC6_G1 $  GND);

-- Node name is '|delay4:19|delay2:12|:3' 
-- Equation name is '_LC13_E3', type is buried 
_LC13_E3 = LCELL( _LC15_E3 $  GND);

-- Node name is '|delay4:19|delay2:12|:4' 
-- Equation name is '_LC6_E3', type is buried 
_LC6_E3  = LCELL( _LC13_E3 $  GND);

-- Node name is '|delay4:19|delay2:12|:5' 
-- Equation name is '_LC7_E3', type is buried 
_LC7_E3  = LCELL( _LC6_E3 $  GND);

-- Node name is '|delay4:19|delay2:12|:7' 
-- Equation name is '_LC4_G1', type is buried 
_LC4_G1  = LCELL( _LC9_G1 $  GND);

-- Node name is '|delay4:19|delay2:12|:8' 
-- Equation name is '_LC5_G1', type is buried 
_LC5_G1  = LCELL( _LC4_G1 $  GND);

-- Node name is '|delay4:19|delay2:12|:9' 
-- Equation name is '_LC6_G1', type is buried 
_LC6_G1  = LCELL( _LC5_G1 $  GND);

-- Node name is '|delay4:19|delay2:13|:6' = '|delay4:19|delay2:13|out0' 
-- Equation name is '_LC12_E3', type is buried 
_LC12_E3 = LCELL( _LC11_E3 $  GND);

-- Node name is '|delay4:19|delay2:13|:10' = '|delay4:19|delay2:13|out1' 
-- Equation name is '_LC11_G3', type is buried 
_LC11_G3 = LCELL( _LC10_G3 $  GND);

-- Node name is '|delay4:19|delay2:13|:3' 
-- Equation name is '_LC9_E3', type is buried 
_LC9_E3  = LCELL( _LC8_E3 $  GND);

-- Node name is '|delay4:19|delay2:13|:4' 
-- Equation name is '_LC10_E3', type is buried 
_LC10_E3 = LCELL( _LC9_E3 $  GND);

-- Node name is '|delay4:19|delay2:13|:5' 
-- Equation name is '_LC11_E3', type is buried 
_LC11_E3 = LCELL( _LC10_E3 $  GND);

-- Node name is '|delay4:19|delay2:13|:7' 
-- Equation name is '_LC8_G1', type is buried 
_LC8_G1  = LCELL( _LC7_G1 $  GND);

-- Node name is '|delay4:19|delay2:13|:8' 
-- Equation name is '_LC1_G1', type is buried 
_LC1_G1  = LCELL( _LC8_G1 $  GND);

-- Node name is '|delay4:19|delay2:13|:9' 
-- Equation name is '_LC10_G3', type is buried 
_LC10_G3 = LCELL( _LC1_G1 $  GND);

-- Node name is '|delay4:19|delay2:14|:6' = '|delay4:19|delay2:14|out0' 
-- Equation name is '_LC3_E3', type is buried 
_LC3_E3  = LCELL( _LC2_E3 $  GND);

-- Node name is '|delay4:19|delay2:14|:10' = '|delay4:19|delay2:14|out1' 
-- Equation name is '_LC5_G3', type is buried 
_LC5_G3  = LCELL( _LC4_G3 $  GND);

-- Node name is '|delay4:19|delay2:14|:3' 
-- Equation name is '_LC5_E3', type is buried 
_LC5_E3  = LCELL( _LC12_E3 $  GND);

-- Node name is '|delay4:19|delay2:14|:4' 
-- Equation name is '_LC4_E3', type is buried 
_LC4_E3  = LCELL( _LC5_E3 $  GND);

-- Node name is '|delay4:19|delay2:14|:5' 
-- Equation name is '_LC2_E3', type is buried 
_LC2_E3  = LCELL( _LC4_E3 $  GND);

-- Node name is '|delay4:19|delay2:14|:7' 
-- Equation name is '_LC2_G3', type is buried 
_LC2_G3  = LCELL( _LC11_G3 $  GND);

-- Node name is '|delay4:19|delay2:14|:8' 
-- Equation name is '_LC3_G3', type is buried 
_LC3_G3  = LCELL( _LC2_G3 $  GND);

-- Node name is '|delay4:19|delay2:14|:9' 
-- Equation name is '_LC4_G3', type is buried 
_LC4_G3  = LCELL( _LC3_G3 $  GND);

-- Node name is '|delay4:19|delay2:15|:6' = '|delay4:19|delay2:15|out0' 
-- Equation name is '_LC3_D3', type is buried 
_LC3_D3  = LCELL( _LC1_D2 $  GND);

-- Node name is '|delay4:19|delay2:15|:10' = '|delay4:19|delay2:15|out1' 
-- Equation name is '_LC9_G3', type is buried 
_LC9_G3  = LCELL( _LC8_G3 $  GND);

-- Node name is '|delay4:19|delay2:15|:3' 
-- Equation name is '_LC1_E3', type is buried 
_LC1_E3  = LCELL( _LC3_E3 $  GND);

-- Node name is '|delay4:19|delay2:15|:4' 
-- Equation name is '_LC8_D2', type is buried 
_LC8_D2  = LCELL( _LC1_E3 $  GND);

-- Node name is '|delay4:19|delay2:15|:5' 
-- Equation name is '_LC1_D2', type is buried 
_LC1_D2  = LCELL( _LC8_D2 $  GND);

-- Node name is '|delay4:19|delay2:15|:7' 
-- Equation name is '_LC6_G3', type is buried 
_LC6_G3  = LCELL( _LC5_G3 $  GND);

-- Node name is '|delay4:19|delay2:15|:8' 
-- Equation name is '_LC7_G3', type is buried 
_LC7_G3  = LCELL( _LC6_G3 $  GND);

-- Node name is '|delay4:19|delay2:15|:9' 
-- Equation name is '_LC8_G3', type is buried 
_LC8_G3  = LCELL( _LC7_G3 $  GND);

-- Node name is '|delay4:19|delay2:16|:6' = '|delay4:19|delay2:16|out0' 
-- Equation name is '_LC7_D3', type is buried 
_LC7_D3  = LCELL( _LC6_D3 $  GND);

-- Node name is '|delay4:19|delay2:16|:10' = '|delay4:19|delay2:16|out1' 
-- Equation name is '_LC15_G3', type is buried 
_LC15_G3 = LCELL( _LC14_G3 $  GND);

-- Node name is '|delay4:19|delay2:16|:3' 
-- Equation name is '_LC4_D3', type is buried 
_LC4_D3  = LCELL( _LC3_D3 $  GND);

-- Node name is '|delay4:19|delay2:16|:4' 
-- Equation name is '_LC5_D3', type is buried 
_LC5_D3  = LCELL( _LC4_D3 $  GND);

-- Node name is '|delay4:19|delay2:16|:5' 
-- Equation name is '_LC6_D3', type is buried 
_LC6_D3  = LCELL( _LC5_D3 $  GND);

-- Node name is '|delay4:19|delay2:16|:7' 
-- Equation name is '_LC12_G3', type is buried 
_LC12_G3 = LCELL( _LC9_G3 $  GND);

-- Node name is '|delay4:19|delay2:16|:8' 
-- Equation name is '_LC13_G3', type is buried 
_LC13_G3 = LCELL( _LC12_G3 $  GND);

-- Node name is '|delay4:19|delay2:16|:9' 
-- Equation name is '_LC14_G3', type is buried 
_LC14_G3 = LCELL( _LC13_G3 $  GND);

-- Node name is '|delay4:19|delay2:17|:6' = '|delay4:19|delay2:17|out0' 
-- Equation name is '_LC11_D3', type is buried 
_LC11_D3 = LCELL( _LC10_D3 $  GND);

-- Node name is '|delay4:19|delay2:17|:10' = '|delay4:19|delay2:17|out1' 
-- Equation name is '_LC14_E5', type is buried 
_LC14_E5 = LCELL( _LC13_E5 $  GND);

-- Node name is '|delay4:19|delay2:17|:3' 
-- Equation name is '_LC8_D3', type is buried 
_LC8_D3  = LCELL( _LC7_D3 $  GND);

-- Node name is '|delay4:19|delay2:17|:4' 
-- Equation name is '_LC9_D3', type is buried 
_LC9_D3  = LCELL( _LC8_D3 $  GND);

-- Node name is '|delay4:19|delay2:17|:5' 
-- Equation name is '_LC10_D3', type is buried 
_LC10_D3 = LCELL( _LC9_D3 $  GND);

-- Node name is '|delay4:19|delay2:17|:7' 
-- Equation name is '_LC16_G3', type is buried 
_LC16_G3 = LCELL( _LC15_G3 $  GND);

-- Node name is '|delay4:19|delay2:17|:8' 
-- Equation name is '_LC1_G3', type is buried 
_LC1_G3  = LCELL( _LC16_G3 $  GND);

-- Node name is '|delay4:19|delay2:17|:9' 
-- Equation name is '_LC13_E5', type is buried 
_LC13_E5 = LCELL( _LC1_G3 $  GND);

-- Node name is '|delay4:19|delay2:18|:6' = '|delay4:19|delay2:18|out0' 
-- Equation name is '_LC15_D3', type is buried 
_LC15_D3 = LCELL( _LC14_D3 $  GND);

-- Node name is '|delay4:19|delay2:18|:10' = '|delay4:19|delay2:18|out1' 
-- Equation name is '_LC10_E5', type is buried 
_LC10_E5 = LCELL( _LC9_E5 $  GND);

-- Node name is '|delay4:19|delay2:18|:3' 
-- Equation name is '_LC12_D3', type is buried 
_LC12_D3 = LCELL( _LC11_D3 $  GND);

-- Node name is '|delay4:19|delay2:18|:4' 
-- Equation name is '_LC13_D3', type is buried 
_LC13_D3 = LCELL( _LC12_D3 $  GND);

-- Node name is '|delay4:19|delay2:18|:5' 
-- Equation name is '_LC14_D3', type is buried 
_LC14_D3 = LCELL( _LC13_D3 $  GND);

-- Node name is '|delay4:19|delay2:18|:7' 
-- Equation name is '_LC12_E5', type is buried 
_LC12_E5 = LCELL( _LC14_E5 $  GND);

-- Node name is '|delay4:19|delay2:18|:8' 
-- Equation name is '_LC11_E5', type is buried 
_LC11_E5 = LCELL( _LC12_E5 $  GND);

-- Node name is '|delay4:19|delay2:18|:9' 
-- Equation name is '_LC9_E5', type is buried 
_LC9_E5  = LCELL( _LC11_E5 $  GND);

-- Node name is '|delay4:20|delay2:3|:6' = '|delay4:20|delay2:3|out0' 
-- Equation name is '_LC6_A3', type is buried 
_LC6_A3  = LCELL( _LC5_A3 $  GND);

-- Node name is '|delay4:20|delay2:3|:10' = '|delay4:20|delay2:3|out1' 
-- Equation name is '_LC6_G2', type is buried 
_LC6_G2  = LCELL( _LC5_G2 $  GND);

-- Node name is '|delay4:20|delay2:3|:3' 
-- Equation name is '_LC3_A3', type is buried 
_LC3_A3  = LCELL( in4 $  GND);

-- Node name is '|delay4:20|delay2:3|:4' 
-- Equation name is '_LC4_A3', type is buried 
_LC4_A3  = LCELL( _LC3_A3 $  GND);

-- Node name is '|delay4:20|delay2:3|:5' 
-- Equation name is '_LC5_A3', type is buried 
_LC5_A3  = LCELL( _LC4_A3 $  GND);

-- Node name is '|delay4:20|delay2:3|:7' 
-- Equation name is '_LC3_G2', type is buried 
_LC3_G2  = LCELL( in5 $  GND);

-- Node name is '|delay4:20|delay2:3|:8' 
-- Equation name is '_LC4_G2', type is buried 
_LC4_G2  = LCELL( _LC3_G2 $  GND);

-- Node name is '|delay4:20|delay2:3|:9' 
-- Equation name is '_LC5_G2', type is buried 
_LC5_G2  = LCELL( _LC4_G2 $  GND);

-- Node name is '|delay4:20|delay2:4|:6' = '|delay4:20|delay2:4|out0' 
-- Equation name is '_LC10_A3', type is buried 
_LC10_A3 = LCELL( _LC9_A3 $  GND);

-- Node name is '|delay4:20|delay2:4|:10' = '|delay4:20|delay2:4|out1' 
-- Equation name is '_LC14_G2', type is buried 
_LC14_G2 = LCELL( _LC13_G2 $  GND);

-- Node name is '|delay4:20|delay2:4|:3' 
-- Equation name is '_LC7_A3', type is buried 
_LC7_A3  = LCELL( _LC6_A3 $  GND);

-- Node name is '|delay4:20|delay2:4|:4' 
-- Equation name is '_LC8_A3', type is buried 
_LC8_A3  = LCELL( _LC7_A3 $  GND);

-- Node name is '|delay4:20|delay2:4|:5' 
-- Equation name is '_LC9_A3', type is buried 
_LC9_A3  = LCELL( _LC8_A3 $  GND);

-- Node name is '|delay4:20|delay2:4|:7' 
-- Equation name is '_LC11_G2', type is buried 
_LC11_G2 = LCELL( _LC6_G2 $  GND);

-- Node name is '|delay4:20|delay2:4|:8' 
-- Equation name is '_LC12_G2', type is buried 
_LC12_G2 = LCELL( _LC11_G2 $  GND);

-- Node name is '|delay4:20|delay2:4|:9' 
-- Equation name is '_LC13_G2', type is buried 
_LC13_G2 = LCELL( _LC12_G2 $  GND);

-- Node name is '|delay4:20|delay2:5|:6' = '|delay4:20|delay2:5|out0' 
-- Equation name is '_LC10_A5', type is buried 
_LC10_A5 = LCELL( _LC9_A5 $  GND);

-- Node name is '|delay4:20|delay2:5|:10' = '|delay4:20|delay2:5|out1' 
-- Equation name is '_LC12_G4', type is buried 
_LC12_G4 = LCELL( _LC11_G4 $  GND);

-- Node name is '|delay4:20|delay2:5|:3' 
-- Equation name is '_LC2_A3', type is buried 
_LC2_A3  = LCELL( _LC10_A3 $  GND);

-- Node name is '|delay4:20|delay2:5|:4' 
-- Equation name is '_LC8_A5', type is buried 
_LC8_A5  = LCELL( _LC2_A3 $  GND);

-- Node name is '|delay4:20|delay2:5|:5' 
-- Equation name is '_LC9_A5', type is buried 
_LC9_A5  = LCELL( _LC8_A5 $  GND);

-- Node name is '|delay4:20|delay2:5|:7' 
-- Equation name is '_LC15_G2', type is buried 
_LC15_G2 = LCELL( _LC14_G2 $  GND);

-- Node name is '|delay4:20|delay2:5|:8' 
-- Equation name is '_LC2_G2', type is buried 
_LC2_G2  = LCELL( _LC15_G2 $  GND);

-- Node name is '|delay4:20|delay2:5|:9' 
-- Equation name is '_LC11_G4', type is buried 
_LC11_G4 = LCELL( _LC2_G2 $  GND);

-- Node name is '|delay4:20|delay2:6|:6' = '|delay4:20|delay2:6|out0' 
-- Equation name is '_LC14_A5', type is buried 
_LC14_A5 = LCELL( _LC13_A5 $  GND);

-- Node name is '|delay4:20|delay2:6|:10' = '|delay4:20|delay2:6|out1' 
-- Equation name is '_LC10_G4', type is buried 
_LC10_G4 = LCELL( _LC15_G4 $  GND);

-- Node name is '|delay4:20|delay2:6|:3' 
-- Equation name is '_LC11_A5', type is buried 
_LC11_A5 = LCELL( _LC10_A5 $  GND);

-- Node name is '|delay4:20|delay2:6|:4' 
-- Equation name is '_LC12_A5', type is buried 
_LC12_A5 = LCELL( _LC11_A5 $  GND);

-- Node name is '|delay4:20|delay2:6|:5' 
-- Equation name is '_LC13_A5', type is buried 
_LC13_A5 = LCELL( _LC12_A5 $  GND);

-- Node name is '|delay4:20|delay2:6|:7' 
-- Equation name is '_LC13_G4', type is buried 
_LC13_G4 = LCELL( _LC12_G4 $  GND);

-- Node name is '|delay4:20|delay2:6|:8' 
-- Equation name is '_LC14_G4', type is buried 
_LC14_G4 = LCELL( _LC13_G4 $  GND);

-- Node name is '|delay4:20|delay2:6|:9' 
-- Equation name is '_LC15_G4', type is buried 
_LC15_G4 = LCELL( _LC14_G4 $  GND);

-- Node name is '|delay4:20|delay2:7|:6' = '|delay4:20|delay2:7|out0' 
-- Equation name is '_LC4_A5', type is buried 
_LC4_A5  = LCELL( _LC3_A5 $  GND);

-- Node name is '|delay4:20|delay2:7|:10' = '|delay4:20|delay2:7|out1' 
-- Equation name is '_LC5_G4', type is buried 
_LC5_G4  = LCELL( _LC4_G4 $  GND);

-- Node name is '|delay4:20|delay2:7|:3' 
-- Equation name is '_LC7_A5', type is buried 
_LC7_A5  = LCELL( _LC14_A5 $  GND);

-- Node name is '|delay4:20|delay2:7|:4' 
-- Equation name is '_LC2_A5', type is buried 
_LC2_A5  = LCELL( _LC7_A5 $  GND);

-- Node name is '|delay4:20|delay2:7|:5' 
-- Equation name is '_LC3_A5', type is buried 
_LC3_A5  = LCELL( _LC2_A5 $  GND);

-- Node name is '|delay4:20|delay2:7|:7' 
-- Equation name is '_LC2_G4', type is buried 
_LC2_G4  = LCELL( _LC10_G4 $  GND);

-- Node name is '|delay4:20|delay2:7|:8' 
-- Equation name is '_LC3_G4', type is buried 
_LC3_G4  = LCELL( _LC2_G4 $  GND);

-- Node name is '|delay4:20|delay2:7|:9' 
-- Equation name is '_LC4_G4', type is buried 
_LC4_G4  = LCELL( _LC3_G4 $  GND);

-- Node name is '|delay4:20|delay2:8|:6' = '|delay4:20|delay2:8|out0' 
-- Equation name is '_LC5_A2', type is buried 
_LC5_A2  = LCELL( _LC1_A5 $  GND);

-- Node name is '|delay4:20|delay2:8|:10' = '|delay4:20|delay2:8|out1' 
-- Equation name is '_LC9_G4', type is buried 
_LC9_G4  = LCELL( _LC8_G4 $  GND);

-- Node name is '|delay4:20|delay2:8|:3' 
-- Equation name is '_LC5_A5', type is buried 
_LC5_A5  = LCELL( _LC4_A5 $  GND);

-- Node name is '|delay4:20|delay2:8|:4' 
-- Equation name is '_LC6_A5', type is buried 
_LC6_A5  = LCELL( _LC5_A5 $  GND);

-- Node name is '|delay4:20|delay2:8|:5' 
-- Equation name is '_LC1_A5', type is buried 
_LC1_A5  = LCELL( _LC6_A5 $  GND);

-- Node name is '|delay4:20|delay2:8|:7' 
-- Equation name is '_LC6_G4', type is buried 
_LC6_G4  = LCELL( _LC5_G4 $  GND);

-- Node name is '|delay4:20|delay2:8|:8' 
-- Equation name is '_LC7_G4', type is buried 
_LC7_G4  = LCELL( _LC6_G4 $  GND);

-- Node name is '|delay4:20|delay2:8|:9' 
-- Equation name is '_LC8_G4', type is buried 
_LC8_G4  = LCELL( _LC7_G4 $  GND);

-- Node name is '|delay4:20|delay2:9|:6' = '|delay4:20|delay2:9|out0' 
-- Equation name is '_LC9_A2', type is buried 
_LC9_A2  = LCELL( _LC8_A2 $  GND);

-- Node name is '|delay4:20|delay2:9|:10' = '|delay4:20|delay2:9|out1' 
-- Equation name is '_LC10_D2', type is buried 
_LC10_D2 = LCELL( _LC9_D2 $  GND);

-- Node name is '|delay4:20|delay2:9|:3' 
-- Equation name is '_LC6_A2', type is buried 
_LC6_A2  = LCELL( _LC5_A2 $  GND);

-- Node name is '|delay4:20|delay2:9|:4' 
-- Equation name is '_LC7_A2', type is buried 
_LC7_A2  = LCELL( _LC6_A2 $  GND);

-- Node name is '|delay4:20|delay2:9|:5' 
-- Equation name is '_LC8_A2', type is buried 
_LC8_A2  = LCELL( _LC7_A2 $  GND);

-- Node name is '|delay4:20|delay2:9|:7' 
-- Equation name is '_LC16_G4', type is buried 
_LC16_G4 = LCELL( _LC9_G4 $  GND);

-- Node name is '|delay4:20|delay2:9|:8' 
-- Equation name is '_LC1_G4', type is buried 
_LC1_G4  = LCELL( _LC16_G4 $  GND);

-- Node name is '|delay4:20|delay2:9|:9' 
-- Equation name is '_LC9_D2', type is buried 
_LC9_D2  = LCELL( _LC1_G4 $  GND);

-- Node name is '|delay4:20|delay2:10|:6' = '|delay4:20|delay2:10|out0' 
-- Equation name is '_LC13_A2', type is buried 
_LC13_A2 = LCELL( _LC12_A2 $  GND);

-- Node name is '|delay4:20|delay2:10|:10' = '|delay4:20|delay2:10|out1' 
-- Equation name is '_LC14_D2', type is buried 
_LC14_D2 = LCELL( _LC13_D2 $  GND);

-- Node name is '|delay4:20|delay2:10|:3' 
-- Equation name is '_LC10_A2', type is buried 
_LC10_A2 = LCELL( _LC9_A2 $  GND);

-- Node name is '|delay4:20|delay2:10|:4' 
-- Equation name is '_LC11_A2', type is buried 
_LC11_A2 = LCELL( _LC10_A2 $  GND);

-- Node name is '|delay4:20|delay2:10|:5' 
-- Equation name is '_LC12_A2', type is buried 
_LC12_A2 = LCELL( _LC11_A2 $  GND);

-- Node name is '|delay4:20|delay2:10|:7' 
-- Equation name is '_LC11_D2', type is buried 
_LC11_D2 = LCELL( _LC10_D2 $  GND);

-- Node name is '|delay4:20|delay2:10|:8' 
-- Equation name is '_LC12_D2', type is buried 
_LC12_D2 = LCELL( _LC11_D2 $  GND);

-- Node name is '|delay4:20|delay2:10|:9' 
-- Equation name is '_LC13_D2', type is buried 
_LC13_D2 = LCELL( _LC12_D2 $  GND);

-- Node name is '|delay4:20|delay2:11|:6' = '|delay4:20|delay2:11|out0' 
-- Equation name is '_LC11_A3', type is buried 
_LC11_A3 = LCELL( _LC12_A3 $  GND);

-- Node name is '|delay4:20|delay2:11|:10' = '|delay4:20|delay2:11|out1' 
-- Equation name is '_LC12_F2', type is buried 
_LC12_F2 = LCELL( _LC11_F2 $  GND);

-- Node name is '|delay4:20|delay2:11|:3' 
-- Equation name is '_LC13_A3', type is buried 
_LC13_A3 = LCELL( in6 $  GND);

-- Node name is '|delay4:20|delay2:11|:4' 
-- Equation name is '_LC14_A3', type is buried 
_LC14_A3 = LCELL( _LC13_A3 $  GND);

-- Node name is '|delay4:20|delay2:11|:5' 
-- Equation name is '_LC12_A3', type is buried 
_LC12_A3 = LCELL( _LC14_A3 $  GND);

-- Node name is '|delay4:20|delay2:11|:7' 
-- Equation name is '_LC9_F2', type is buried 
_LC9_F2  = LCELL( in7 $  GND);

-- Node name is '|delay4:20|delay2:11|:8' 
-- Equation name is '_LC10_F2', type is buried 
_LC10_F2 = LCELL( _LC9_F2 $  GND);

-- Node name is '|delay4:20|delay2:11|:9' 
-- Equation name is '_LC11_F2', type is buried 
_LC11_F2 = LCELL( _LC10_F2 $  GND);

-- Node name is '|delay4:20|delay2:12|:6' = '|delay4:20|delay2:12|out0' 
-- Equation name is '_LC13_A4', type is buried 
_LC13_A4 = LCELL( _LC12_A4 $  GND);

-- Node name is '|delay4:20|delay2:12|:10' = '|delay4:20|delay2:12|out1' 
-- Equation name is '_LC16_F2', type is buried 
_LC16_F2 = LCELL( _LC15_F2 $  GND);

-- Node name is '|delay4:20|delay2:12|:3' 
-- Equation name is '_LC1_A3', type is buried 
_LC1_A3  = LCELL( _LC11_A3 $  GND);

-- Node name is '|delay4:20|delay2:12|:4' 
-- Equation name is '_LC11_A4', type is buried 
_LC11_A4 = LCELL( _LC1_A3 $  GND);

-- Node name is '|delay4:20|delay2:12|:5' 
-- Equation name is '_LC12_A4', type is buried 
_LC12_A4 = LCELL( _LC11_A4 $  GND);

-- Node name is '|delay4:20|delay2:12|:7' 
-- Equation name is '_LC13_F2', type is buried 
_LC13_F2 = LCELL( _LC12_F2 $  GND);

-- Node name is '|delay4:20|delay2:12|:8' 
-- Equation name is '_LC14_F2', type is buried 
_LC14_F2 = LCELL( _LC13_F2 $  GND);

-- Node name is '|delay4:20|delay2:12|:9' 
-- Equation name is '_LC15_F2', type is buried 
_LC15_F2 = LCELL( _LC14_F2 $  GND);

-- Node name is '|delay4:20|delay2:13|:6' = '|delay4:20|delay2:13|out0' 
-- Equation name is '_LC10_A4', type is buried 
_LC10_A4 = LCELL( _LC16_A4 $  GND);

-- Node name is '|delay4:20|delay2:13|:10' = '|delay4:20|delay2:13|out1' 
-- Equation name is '_LC3_F2', type is buried 
_LC3_F2  = LCELL( _LC2_F2 $  GND);

-- Node name is '|delay4:20|delay2:13|:3' 
-- Equation name is '_LC14_A4', type is buried 
_LC14_A4 = LCELL( _LC13_A4 $  GND);

-- Node name is '|delay4:20|delay2:13|:4' 
-- Equation name is '_LC15_A4', type is buried 
_LC15_A4 = LCELL( _LC14_A4 $  GND);

-- Node name is '|delay4:20|delay2:13|:5' 
-- Equation name is '_LC16_A4', type is buried 
_LC16_A4 = LCELL( _LC15_A4 $  GND);

-- Node name is '|delay4:20|delay2:13|:7' 
-- Equation name is '_LC8_F2', type is buried 
_LC8_F2  = LCELL( _LC16_F2 $  GND);

-- Node name is '|delay4:20|delay2:13|:8' 
-- Equation name is '_LC7_F2', type is buried 
_LC7_F2  = LCELL( _LC8_F2 $  GND);

-- Node name is '|delay4:20|delay2:13|:9' 
-- Equation name is '_LC2_F2', type is buried 
_LC2_F2  = LCELL( _LC7_F2 $  GND);

-- Node name is '|delay4:20|delay2:14|:6' = '|delay4:20|delay2:14|out0' 
-- Equation name is '_LC5_A4', type is buried 
_LC5_A4  = LCELL( _LC4_A4 $  GND);

-- Node name is '|delay4:20|delay2:14|:10' = '|delay4:20|delay2:14|out1' 
-- Equation name is '_LC1_F2', type is buried 
_LC1_F2  = LCELL( _LC6_F2 $  GND);

-- Node name is '|delay4:20|delay2:14|:3' 
-- Equation name is '_LC2_A4', type is buried 
_LC2_A4  = LCELL( _LC10_A4 $  GND);

-- Node name is '|delay4:20|delay2:14|:4' 
-- Equation name is '_LC3_A4', type is buried 
_LC3_A4  = LCELL( _LC2_A4 $  GND);

-- Node name is '|delay4:20|delay2:14|:5' 
-- Equation name is '_LC4_A4', type is buried 
_LC4_A4  = LCELL( _LC3_A4 $  GND);

-- Node name is '|delay4:20|delay2:14|:7' 
-- Equation name is '_LC4_F2', type is buried 
_LC4_F2  = LCELL( _LC3_F2 $  GND);

-- Node name is '|delay4:20|delay2:14|:8' 
-- Equation name is '_LC5_F2', type is buried 
_LC5_F2  = LCELL( _LC4_F2 $  GND);

-- Node name is '|delay4:20|delay2:14|:9' 
-- Equation name is '_LC6_F2', type is buried 
_LC6_F2  = LCELL( _LC5_F2 $  GND);

-- Node name is '|delay4:20|delay2:15|:6' = '|delay4:20|delay2:15|out0' 
-- Equation name is '_LC9_A4', type is buried 
_LC9_A4  = LCELL( _LC8_A4 $  GND);

-- Node name is '|delay4:20|delay2:15|:10' = '|delay4:20|delay2:15|out1' 
-- Equation name is '_LC2_F4', type is buried 
_LC2_F4  = LCELL( _LC9_F4 $  GND);

-- Node name is '|delay4:20|delay2:15|:3' 
-- Equation name is '_LC6_A4', type is buried 
_LC6_A4  = LCELL( _LC5_A4 $  GND);

-- Node name is '|delay4:20|delay2:15|:4' 
-- Equation name is '_LC7_A4', type is buried 
_LC7_A4  = LCELL( _LC6_A4 $  GND);

-- Node name is '|delay4:20|delay2:15|:5' 
-- Equation name is '_LC8_A4', type is buried 
_LC8_A4  = LCELL( _LC7_A4 $  GND);

-- Node name is '|delay4:20|delay2:15|:7' 
-- Equation name is '_LC11_F4', type is buried 
_LC11_F4 = LCELL( _LC1_F2 $  GND);

-- Node name is '|delay4:20|delay2:15|:8' 
-- Equation name is '_LC10_F4', type is buried 
_LC10_F4 = LCELL( _LC11_F4 $  GND);

-- Node name is '|delay4:20|delay2:15|:9' 
-- Equation name is '_LC9_F4', type is buried 
_LC9_F4  = LCELL( _LC10_F4 $  GND);

-- Node name is '|delay4:20|delay2:16|:6' = '|delay4:20|delay2:16|out0' 
-- Equation name is '_LC6_A1', type is buried 
_LC6_A1  = LCELL( _LC5_A1 $  GND);

-- Node name is '|delay4:20|delay2:16|:10' = '|delay4:20|delay2:16|out1' 
-- Equation name is '_LC6_F4', type is buried 
_LC6_F4  = LCELL( _LC5_F4 $  GND);

-- Node name is '|delay4:20|delay2:16|:3' 
-- Equation name is '_LC1_A4', type is buried 
_LC1_A4  = LCELL( _LC9_A4 $  GND);

-- Node name is '|delay4:20|delay2:16|:4' 
-- Equation name is '_LC4_A1', type is buried 
_LC4_A1  = LCELL( _LC1_A4 $  GND);

-- Node name is '|delay4:20|delay2:16|:5' 
-- Equation name is '_LC5_A1', type is buried 
_LC5_A1  = LCELL( _LC4_A1 $  GND);

-- Node name is '|delay4:20|delay2:16|:7' 
-- Equation name is '_LC3_F4', type is buried 
_LC3_F4  = LCELL( _LC2_F4 $  GND);

-- Node name is '|delay4:20|delay2:16|:8' 
-- Equation name is '_LC4_F4', type is buried 
_LC4_F4  = LCELL( _LC3_F4 $  GND);

-- Node name is '|delay4:20|delay2:16|:9' 
-- Equation name is '_LC5_F4', type is buried 
_LC5_F4  = LCELL( _LC4_F4 $  GND);

-- Node name is '|delay4:20|delay2:17|:6' = '|delay4:20|delay2:17|out0' 
-- Equation name is '_LC10_A1', type is buried 
_LC10_A1 = LCELL( _LC9_A1 $  GND);

-- Node name is '|delay4:20|delay2:17|:10' = '|delay4:20|delay2:17|out1' 
-- Equation name is '_LC13_F4', type is buried 
_LC13_F4 = LCELL( _LC12_F4 $  GND);

-- Node name is '|delay4:20|delay2:17|:3' 
-- Equation name is '_LC7_A1', type is buried 
_LC7_A1  = LCELL( _LC6_A1 $  GND);

-- Node name is '|delay4:20|delay2:17|:4' 
-- Equation name is '_LC8_A1', type is buried 
_LC8_A1  = LCELL( _LC7_A1 $  GND);

-- Node name is '|delay4:20|delay2:17|:5' 
-- Equation name is '_LC9_A1', type is buried 
_LC9_A1  = LCELL( _LC8_A1 $  GND);

-- Node name is '|delay4:20|delay2:17|:7' 
-- Equation name is '_LC7_F4', type is buried 
_LC7_F4  = LCELL( _LC6_F4 $  GND);

-- Node name is '|delay4:20|delay2:17|:8' 
-- Equation name is '_LC8_F4', type is buried 
_LC8_F4  = LCELL( _LC7_F4 $  GND);

-- Node name is '|delay4:20|delay2:17|:9' 
-- Equation name is '_LC12_F4', type is buried 
_LC12_F4 = LCELL( _LC8_F4 $  GND);

-- Node name is '|delay4:20|delay2:18|:6' = '|delay4:20|delay2:18|out0' 
-- Equation name is '_LC14_A1', type is buried 
_LC14_A1 = LCELL( _LC13_A1 $  GND);

-- Node name is '|delay4:20|delay2:18|:10' = '|delay4:20|delay2:18|out1' 
-- Equation name is '_LC1_F4', type is buried 
_LC1_F4  = LCELL( _LC16_F4 $  GND);

-- Node name is '|delay4:20|delay2:18|:3' 
-- Equation name is '_LC11_A1', type is buried 
_LC11_A1 = LCELL( _LC10_A1 $  GND);

-- Node name is '|delay4:20|delay2:18|:4' 
-- Equation name is '_LC12_A1', type is buried 
_LC12_A1 = LCELL( _LC11_A1 $  GND);

-- Node name is '|delay4:20|delay2:18|:5' 
-- Equation name is '_LC13_A1', type is buried 
_LC13_A1 = LCELL( _LC12_A1 $  GND);

-- Node name is '|delay4:20|delay2:18|:7' 
-- Equation name is '_LC14_F4', type is buried 
_LC14_F4 = LCELL( _LC13_F4 $  GND);

-- Node name is '|delay4:20|delay2:18|:8' 
-- Equation name is '_LC15_F4', type is buried 
_LC15_F4 = LCELL( _LC14_F4 $  GND);

-- Node name is '|delay4:20|delay2:18|:9' 
-- Equation name is '_LC16_F4', type is buried 
_LC16_F4 = LCELL( _LC15_F4 $  GND);

-- Node name is '|delay4:21|delay2:3|:6' = '|delay4:21|delay2:3|out0' 
-- Equation name is '_LC13_B2', type is buried 
_LC13_B2 = LCELL( _LC12_B2 $  GND);

-- Node name is '|delay4:21|delay2:3|:10' = '|delay4:21|delay2:3|out1' 
-- Equation name is '_LC16_C3', type is buried 
_LC16_C3 = LCELL( _LC15_C3 $  GND);

-- Node name is '|delay4:21|delay2:3|:3' 
-- Equation name is '_LC11_B4', type is buried 
_LC11_B4 = LCELL( _LC5_B4 $  GND);

-- Node name is '|delay4:21|delay2:3|:4' 
-- Equation name is '_LC1_B4', type is buried 
_LC1_B4  = LCELL( _LC11_B4 $  GND);

-- Node name is '|delay4:21|delay2:3|:5' 
-- Equation name is '_LC12_B2', type is buried 
_LC12_B2 = LCELL( _LC1_B4 $  GND);

-- Node name is '|delay4:21|delay2:3|:7' 
-- Equation name is '_LC13_C3', type is buried 
_LC13_C3 = LCELL( _LC6_C3 $  GND);

-- Node name is '|delay4:21|delay2:3|:8' 
-- Equation name is '_LC14_C3', type is buried 
_LC14_C3 = LCELL( _LC13_C3 $  GND);

-- Node name is '|delay4:21|delay2:3|:9' 
-- Equation name is '_LC15_C3', type is buried 
_LC15_C3 = LCELL( _LC14_C3 $  GND);

-- Node name is '|delay4:21|delay2:4|:6' = '|delay4:21|delay2:4|out0' 
-- Equation name is '_LC8_B2', type is buried 
_LC8_B2  = LCELL( _LC9_B2 $  GND);

-- Node name is '|delay4:21|delay2:4|:10' = '|delay4:21|delay2:4|out1' 
-- Equation name is '_LC15_C2', type is buried 
_LC15_C2 = LCELL( _LC16_C2 $  GND);

-- Node name is '|delay4:21|delay2:4|:3' 
-- Equation name is '_LC7_B2', type is buried 
_LC7_B2  = LCELL( _LC13_B2 $  GND);

-- Node name is '|delay4:21|delay2:4|:4' 
-- Equation name is '_LC1_B2', type is buried 
_LC1_B2  = LCELL( _LC7_B2 $  GND);

-- Node name is '|delay4:21|delay2:4|:5' 
-- Equation name is '_LC9_B2', type is buried 
_LC9_B2  = LCELL( _LC1_B2 $  GND);

-- Node name is '|delay4:21|delay2:4|:7' 
-- Equation name is '_LC12_C3', type is buried 
_LC12_C3 = LCELL( _LC16_C3 $  GND);

-- Node name is '|delay4:21|delay2:4|:8' 
-- Equation name is '_LC1_C3', type is buried 
_LC1_C3  = LCELL( _LC12_C3 $  GND);

-- Node name is '|delay4:21|delay2:4|:9' 
-- Equation name is '_LC16_C2', type is buried 
_LC16_C2 = LCELL( _LC1_C3 $  GND);

-- Node name is '|delay4:21|delay2:5|:6' = '|delay4:21|delay2:5|out0' 
-- Equation name is '_LC3_B2', type is buried 
_LC3_B2  = LCELL( _LC4_B2 $  GND);

-- Node name is '|delay4:21|delay2:5|:10' = '|delay4:21|delay2:5|out1' 
-- Equation name is '_LC11_C2', type is buried 
_LC11_C2 = LCELL( _LC12_C2 $  GND);

-- Node name is '|delay4:21|delay2:5|:3' 
-- Equation name is '_LC6_B2', type is buried 
_LC6_B2  = LCELL( _LC8_B2 $  GND);

-- Node name is '|delay4:21|delay2:5|:4' 
-- Equation name is '_LC5_B2', type is buried 
_LC5_B2  = LCELL( _LC6_B2 $  GND);

-- Node name is '|delay4:21|delay2:5|:5' 
-- Equation name is '_LC4_B2', type is buried 
_LC4_B2  = LCELL( _LC5_B2 $  GND);

-- Node name is '|delay4:21|delay2:5|:7' 
-- Equation name is '_LC14_C2', type is buried 
_LC14_C2 = LCELL( _LC15_C2 $  GND);

-- Node name is '|delay4:21|delay2:5|:8' 
-- Equation name is '_LC13_C2', type is buried 
_LC13_C2 = LCELL( _LC14_C2 $  GND);

-- Node name is '|delay4:21|delay2:5|:9' 
-- Equation name is '_LC12_C2', type is buried 
_LC12_C2 = LCELL( _LC13_C2 $  GND);

-- Node name is '|delay4:21|delay2:6|:6' = '|delay4:21|delay2:6|out0' 
-- Equation name is '_LC2_B2', type is buried 
_LC2_B2  = LCELL( _LC14_B2 $  GND);

-- Node name is '|delay4:21|delay2:6|:10' = '|delay4:21|delay2:6|out1' 
-- Equation name is '_LC6_C2', type is buried 
_LC6_C2  = LCELL( _LC5_C2 $  GND);

-- Node name is '|delay4:21|delay2:6|:3' 
-- Equation name is '_LC10_B2', type is buried 
_LC10_B2 = LCELL( _LC3_B2 $  GND);

-- Node name is '|delay4:21|delay2:6|:4' 
-- Equation name is '_LC11_B2', type is buried 
_LC11_B2 = LCELL( _LC10_B2 $  GND);

-- Node name is '|delay4:21|delay2:6|:5' 
-- Equation name is '_LC14_B2', type is buried 
_LC14_B2 = LCELL( _LC11_B2 $  GND);

-- Node name is '|delay4:21|delay2:6|:7' 
-- Equation name is '_LC3_C2', type is buried 
_LC3_C2  = LCELL( _LC11_C2 $  GND);

-- Node name is '|delay4:21|delay2:6|:8' 
-- Equation name is '_LC4_C2', type is buried 
_LC4_C2  = LCELL( _LC3_C2 $  GND);

-- Node name is '|delay4:21|delay2:6|:9' 
-- Equation name is '_LC5_C2', type is buried 
_LC5_C2  = LCELL( _LC4_C2 $  GND);

-- Node name is '|delay4:21|delay2:7|:6' = '|delay4:21|delay2:7|out0' 
-- Equation name is '_LC13_B5', type is buried 
_LC13_B5 = LCELL( _LC12_B5 $  GND);

-- Node name is '|delay4:21|delay2:7|:10' = '|delay4:21|delay2:7|out1' 
-- Equation name is '_LC10_C2', type is buried 
_LC10_C2 = LCELL( _LC9_C2 $  GND);

-- Node name is '|delay4:21|delay2:7|:3' 
-- Equation name is '_LC10_B5', type is buried 
_LC10_B5 = LCELL( _LC2_B2 $  GND);

-- Node name is '|delay4:21|delay2:7|:4' 
-- Equation name is '_LC11_B5', type is buried 
_LC11_B5 = LCELL( _LC10_B5 $  GND);

-- Node name is '|delay4:21|delay2:7|:5' 
-- Equation name is '_LC12_B5', type is buried 
_LC12_B5 = LCELL( _LC11_B5 $  GND);

-- Node name is '|delay4:21|delay2:7|:7' 
-- Equation name is '_LC7_C2', type is buried 
_LC7_C2  = LCELL( _LC6_C2 $  GND);

-- Node name is '|delay4:21|delay2:7|:8' 
-- Equation name is '_LC8_C2', type is buried 
_LC8_C2  = LCELL( _LC7_C2 $  GND);

-- Node name is '|delay4:21|delay2:7|:9' 
-- Equation name is '_LC9_C2', type is buried 
_LC9_C2  = LCELL( _LC8_C2 $  GND);

-- Node name is '|delay4:21|delay2:8|:6' = '|delay4:21|delay2:8|out0' 
-- Equation name is '_LC2_B5', type is buried 
_LC2_B5  = LCELL( _LC1_B5 $  GND);

-- Node name is '|delay4:21|delay2:8|:10' = '|delay4:21|delay2:8|out1' 
-- Equation name is '_LC3_C1', type is buried 
_LC3_C1  = LCELL( _LC2_C1 $  GND);

-- Node name is '|delay4:21|delay2:8|:3' 
-- Equation name is '_LC8_B5', type is buried 
_LC8_B5  = LCELL( _LC13_B5 $  GND);

-- Node name is '|delay4:21|delay2:8|:4' 
-- Equation name is '_LC7_B5', type is buried 
_LC7_B5  = LCELL( _LC8_B5 $  GND);

-- Node name is '|delay4:21|delay2:8|:5' 
-- Equation name is '_LC1_B5', type is buried 
_LC1_B5  = LCELL( _LC7_B5 $  GND);

-- Node name is '|delay4:21|delay2:8|:7' 
-- Equation name is '_LC1_C2', type is buried 
_LC1_C2  = LCELL( _LC10_C2 $  GND);

-- Node name is '|delay4:21|delay2:8|:8' 
-- Equation name is '_LC2_C2', type is buried 
_LC2_C2  = LCELL( _LC1_C2 $  GND);

-- Node name is '|delay4:21|delay2:8|:9' 
-- Equation name is '_LC2_C1', type is buried 
_LC2_C1  = LCELL( _LC2_C2 $  GND);

-- Node name is '|delay4:21|delay2:9|:6' = '|delay4:21|delay2:9|out0' 
-- Equation name is '_LC6_B5', type is buried 
_LC6_B5  = LCELL( _LC5_B5 $  GND);

-- Node name is '|delay4:21|delay2:9|:10' = '|delay4:21|delay2:9|out1' 
-- Equation name is '_LC7_C1', type is buried 
_LC7_C1  = LCELL( _LC6_C1 $  GND);

-- Node name is '|delay4:21|delay2:9|:3' 
-- Equation name is '_LC3_B5', type is buried 
_LC3_B5  = LCELL( _LC2_B5 $  GND);

-- Node name is '|delay4:21|delay2:9|:4' 
-- Equation name is '_LC4_B5', type is buried 
_LC4_B5  = LCELL( _LC3_B5 $  GND);

-- Node name is '|delay4:21|delay2:9|:5' 
-- Equation name is '_LC5_B5', type is buried 
_LC5_B5  = LCELL( _LC4_B5 $  GND);

-- Node name is '|delay4:21|delay2:9|:7' 
-- Equation name is '_LC4_C1', type is buried 
_LC4_C1  = LCELL( _LC3_C1 $  GND);

-- Node name is '|delay4:21|delay2:9|:8' 
-- Equation name is '_LC5_C1', type is buried 
_LC5_C1  = LCELL( _LC4_C1 $  GND);

-- Node name is '|delay4:21|delay2:9|:9' 
-- Equation name is '_LC6_C1', type is buried 
_LC6_C1  = LCELL( _LC5_C1 $  GND);

-- Node name is '|delay4:21|delay2:10|:6' = '|delay4:21|delay2:10|out0' 
-- Equation name is '_LC9_B5', type is buried 
_LC9_B5  = LCELL( _LC16_B5 $  GND);

-- Node name is '|delay4:21|delay2:10|:10' = '|delay4:21|delay2:10|out1' 
-- Equation name is '_LC9_C1', type is buried 
_LC9_C1  = LCELL( _LC11_C1 $  GND);

-- Node name is '|delay4:21|delay2:10|:3' 
-- Equation name is '_LC14_B5', type is buried 
_LC14_B5 = LCELL( _LC6_B5 $  GND);

-- Node name is '|delay4:21|delay2:10|:4' 
-- Equation name is '_LC15_B5', type is buried 
_LC15_B5 = LCELL( _LC14_B5 $  GND);

-- Node name is '|delay4:21|delay2:10|:5' 
-- Equation name is '_LC16_B5', type is buried 
_LC16_B5 = LCELL( _LC15_B5 $  GND);

-- Node name is '|delay4:21|delay2:10|:7' 
-- Equation name is '_LC8_C1', type is buried 
_LC8_C1  = LCELL( _LC7_C1 $  GND);

-- Node name is '|delay4:21|delay2:10|:8' 
-- Equation name is '_LC10_C1', type is buried 
_LC10_C1 = LCELL( _LC8_C1 $  GND);

-- Node name is '|delay4:21|delay2:10|:9' 
-- Equation name is '_LC11_C1', type is buried 
_LC11_C1 = LCELL( _LC10_C1 $  GND);

-- Node name is '|delay4:21|delay2:11|:6' = '|delay4:21|delay2:11|out0' 
-- Equation name is '_LC13_D4', type is buried 
_LC13_D4 = LCELL( _LC12_D4 $  GND);

-- Node name is '|delay4:21|delay2:11|:10' = '|delay4:21|delay2:11|out1' 
-- Equation name is '_LC8_E5', type is buried 
_LC8_E5  = LCELL( _LC7_E5 $  GND);

-- Node name is '|delay4:21|delay2:11|:3' 
-- Equation name is '_LC2_D3', type is buried 
_LC2_D3  = LCELL( _LC15_D3 $  GND);

-- Node name is '|delay4:21|delay2:11|:4' 
-- Equation name is '_LC1_D3', type is buried 
_LC1_D3  = LCELL( _LC2_D3 $  GND);

-- Node name is '|delay4:21|delay2:11|:5' 
-- Equation name is '_LC12_D4', type is buried 
_LC12_D4 = LCELL( _LC1_D3 $  GND);

-- Node name is '|delay4:21|delay2:11|:7' 
-- Equation name is '_LC5_E5', type is buried 
_LC5_E5  = LCELL( _LC10_E5 $  GND);

-- Node name is '|delay4:21|delay2:11|:8' 
-- Equation name is '_LC6_E5', type is buried 
_LC6_E5  = LCELL( _LC5_E5 $  GND);

-- Node name is '|delay4:21|delay2:11|:9' 
-- Equation name is '_LC7_E5', type is buried 
_LC7_E5  = LCELL( _LC6_E5 $  GND);

-- Node name is '|delay4:21|delay2:12|:6' = '|delay4:21|delay2:12|out0' 
-- Equation name is '_LC5_D4', type is buried 
_LC5_D4  = LCELL( _LC10_D4 $  GND);

-- Node name is '|delay4:21|delay2:12|:10' = '|delay4:21|delay2:12|out1' 
-- Equation name is '_LC12_E2', type is buried 
_LC12_E2 = LCELL( _LC1_E5 $  GND);

-- Node name is '|delay4:21|delay2:12|:3' 
-- Equation name is '_LC14_D4', type is buried 
_LC14_D4 = LCELL( _LC13_D4 $  GND);

-- Node name is '|delay4:21|delay2:12|:4' 
-- Equation name is '_LC11_D4', type is buried 
_LC11_D4 = LCELL( _LC14_D4 $  GND);

-- Node name is '|delay4:21|delay2:12|:5' 
-- Equation name is '_LC10_D4', type is buried 
_LC10_D4 = LCELL( _LC11_D4 $  GND);

-- Node name is '|delay4:21|delay2:12|:7' 
-- Equation name is '_LC3_E5', type is buried 
_LC3_E5  = LCELL( _LC8_E5 $  GND);

-- Node name is '|delay4:21|delay2:12|:8' 
-- Equation name is '_LC4_E5', type is buried 
_LC4_E5  = LCELL( _LC3_E5 $  GND);

-- Node name is '|delay4:21|delay2:12|:9' 
-- Equation name is '_LC1_E5', type is buried 
_LC1_E5  = LCELL( _LC4_E5 $  GND);

-- Node name is '|delay4:21|delay2:13|:6' = '|delay4:21|delay2:13|out0' 
-- Equation name is '_LC9_D4', type is buried 
_LC9_D4  = LCELL( _LC8_D4 $  GND);

-- Node name is '|delay4:21|delay2:13|:10' = '|delay4:21|delay2:13|out1' 
-- Equation name is '_LC16_E2', type is buried 
_LC16_E2 = LCELL( _LC15_E2 $  GND);

-- Node name is '|delay4:21|delay2:13|:3' 
-- Equation name is '_LC6_D4', type is buried 
_LC6_D4  = LCELL( _LC5_D4 $  GND);

-- Node name is '|delay4:21|delay2:13|:4' 
-- Equation name is '_LC7_D4', type is buried 
_LC7_D4  = LCELL( _LC6_D4 $  GND);

-- Node name is '|delay4:21|delay2:13|:5' 
-- Equation name is '_LC8_D4', type is buried 
_LC8_D4  = LCELL( _LC7_D4 $  GND);

-- Node name is '|delay4:21|delay2:13|:7' 
-- Equation name is '_LC13_E2', type is buried 
_LC13_E2 = LCELL( _LC12_E2 $  GND);

-- Node name is '|delay4:21|delay2:13|:8' 
-- Equation name is '_LC14_E2', type is buried 
_LC14_E2 = LCELL( _LC13_E2 $  GND);

-- Node name is '|delay4:21|delay2:13|:9' 
-- Equation name is '_LC15_E2', type is buried 
_LC15_E2 = LCELL( _LC14_E2 $  GND);

-- Node name is '|delay4:21|delay2:14|:6' = '|delay4:21|delay2:14|out0' 
-- Equation name is '_LC1_D4', type is buried 
_LC1_D4  = LCELL( _LC2_D4 $  GND);

-- Node name is '|delay4:21|delay2:14|:10' = '|delay4:21|delay2:14|out1' 
-- Equation name is '_LC8_E2', type is buried 
_LC8_E2  = LCELL( _LC6_E2 $  GND);

-- Node name is '|delay4:21|delay2:14|:3' 
-- Equation name is '_LC4_D4', type is buried 
_LC4_D4  = LCELL( _LC9_D4 $  GND);

-- Node name is '|delay4:21|delay2:14|:4' 
-- Equation name is '_LC3_D4', type is buried 
_LC3_D4  = LCELL( _LC4_D4 $  GND);

-- Node name is '|delay4:21|delay2:14|:5' 
-- Equation name is '_LC2_D4', type is buried 
_LC2_D4  = LCELL( _LC3_D4 $  GND);

-- Node name is '|delay4:21|delay2:14|:7' 
-- Equation name is '_LC2_E2', type is buried 
_LC2_E2  = LCELL( _LC16_E2 $  GND);

-- Node name is '|delay4:21|delay2:14|:8' 
-- Equation name is '_LC7_E2', type is buried 
_LC7_E2  = LCELL( _LC2_E2 $  GND);

-- Node name is '|delay4:21|delay2:14|:9' 
-- Equation name is '_LC6_E2', type is buried 
_LC6_E2  = LCELL( _LC7_E2 $  GND);

-- Node name is '|delay4:21|delay2:15|:6' = '|delay4:21|delay2:15|out0' 
-- Equation name is '_LC3_D5', type is buried 
_LC3_D5  = LCELL( _LC4_D5 $  GND);

-- Node name is '|delay4:21|delay2:15|:10' = '|delay4:21|delay2:15|out1' 
-- Equation name is '_LC9_E2', type is buried 
_LC9_E2  = LCELL( _LC3_E2 $  GND);

-- Node name is '|delay4:21|delay2:15|:3' 
-- Equation name is '_LC6_D5', type is buried 
_LC6_D5  = LCELL( _LC1_D4 $  GND);

-- Node name is '|delay4:21|delay2:15|:4' 
-- Equation name is '_LC5_D5', type is buried 
_LC5_D5  = LCELL( _LC6_D5 $  GND);

-- Node name is '|delay4:21|delay2:15|:5' 
-- Equation name is '_LC4_D5', type is buried 
_LC4_D5  = LCELL( _LC5_D5 $  GND);

-- Node name is '|delay4:21|delay2:15|:7' 
-- Equation name is '_LC5_E2', type is buried 
_LC5_E2  = LCELL( _LC8_E2 $  GND);

-- Node name is '|delay4:21|delay2:15|:8' 
-- Equation name is '_LC4_E2', type is buried 
_LC4_E2  = LCELL( _LC5_E2 $  GND);

-- Node name is '|delay4:21|delay2:15|:9' 
-- Equation name is '_LC3_E2', type is buried 
_LC3_E2  = LCELL( _LC4_E2 $  GND);

-- Node name is '|delay4:21|delay2:16|:6' = '|delay4:21|delay2:16|out0' 
-- Equation name is '_LC13_D5', type is buried 
_LC13_D5 = LCELL( _LC14_D5 $  GND);

-- Node name is '|delay4:21|delay2:16|:10' = '|delay4:21|delay2:16|out1' 
-- Equation name is '_LC7_C4', type is buried 
_LC7_C4  = LCELL( _LC1_E2 $  GND);

-- Node name is '|delay4:21|delay2:16|:3' 
-- Equation name is '_LC16_D5', type is buried 
_LC16_D5 = LCELL( _LC3_D5 $  GND);

-- Node name is '|delay4:21|delay2:16|:4' 
-- Equation name is '_LC15_D5', type is buried 
_LC15_D5 = LCELL( _LC16_D5 $  GND);

-- Node name is '|delay4:21|delay2:16|:5' 
-- Equation name is '_LC14_D5', type is buried 
_LC14_D5 = LCELL( _LC15_D5 $  GND);

-- Node name is '|delay4:21|delay2:16|:7' 
-- Equation name is '_LC11_E2', type is buried 
_LC11_E2 = LCELL( _LC9_E2 $  GND);

-- Node name is '|delay4:21|delay2:16|:8' 
-- Equation name is '_LC10_E2', type is buried 
_LC10_E2 = LCELL( _LC11_E2 $  GND);

-- Node name is '|delay4:21|delay2:16|:9' 
-- Equation name is '_LC1_E2', type is buried 
_LC1_E2  = LCELL( _LC10_E2 $  GND);

-- Node name is '|delay4:21|delay2:17|:6' = '|delay4:21|delay2:17|out0' 
-- Equation name is '_LC2_D5', type is buried 
_LC2_D5  = LCELL( _LC1_D5 $  GND);

-- Node name is '|delay4:21|delay2:17|:10' = '|delay4:21|delay2:17|out1' 
-- Equation name is '_LC4_C4', type is buried 
_LC4_C4  = LCELL( _LC3_C4 $  GND);

-- Node name is '|delay4:21|delay2:17|:3' 
-- Equation name is '_LC12_D5', type is buried 
_LC12_D5 = LCELL( _LC13_D5 $  GND);

-- Node name is '|delay4:21|delay2:17|:4' 
-- Equation name is '_LC11_D5', type is buried 
_LC11_D5 = LCELL( _LC12_D5 $  GND);

-- Node name is '|delay4:21|delay2:17|:5' 
-- Equation name is '_LC1_D5', type is buried 
_LC1_D5  = LCELL( _LC11_D5 $  GND);

-- Node name is '|delay4:21|delay2:17|:7' 
-- Equation name is '_LC1_C4', type is buried 
_LC1_C4  = LCELL( _LC7_C4 $  GND);

-- Node name is '|delay4:21|delay2:17|:8' 
-- Equation name is '_LC2_C4', type is buried 
_LC2_C4  = LCELL( _LC1_C4 $  GND);

-- Node name is '|delay4:21|delay2:17|:9' 
-- Equation name is '_LC3_C4', type is buried 
_LC3_C4  = LCELL( _LC2_C4 $  GND);

-- Node name is '|delay4:21|delay2:18|:6' = '|delay4:21|delay2:18|out0' 
-- Equation name is '_LC9_D5', type is buried 
_LC9_D5  = LCELL( _LC10_D5 $  GND);

-- Node name is '|delay4:21|delay2:18|:10' = '|delay4:21|delay2:18|out1' 
-- Equation name is '_LC10_C4', type is buried 
_LC10_C4 = LCELL( _LC8_C4 $  GND);

-- Node name is '|delay4:21|delay2:18|:3' 
-- Equation name is '_LC7_D5', type is buried 
_LC7_D5  = LCELL( _LC2_D5 $  GND);

-- Node name is '|delay4:21|delay2:18|:4' 
-- Equation name is '_LC8_D5', type is buried 
_LC8_D5  = LCELL( _LC7_D5 $  GND);

-- Node name is '|delay4:21|delay2:18|:5' 
-- Equation name is '_LC10_D5', type is buried 
_LC10_D5 = LCELL( _LC8_D5 $  GND);

-- Node name is '|delay4:21|delay2:18|:7' 
-- Equation name is '_LC5_C4', type is buried 
_LC5_C4  = LCELL( _LC4_C4 $  GND);

-- Node name is '|delay4:21|delay2:18|:8' 
-- Equation name is '_LC6_C4', type is buried 
_LC6_C4  = LCELL( _LC5_C4 $  GND);

-- Node name is '|delay4:21|delay2:18|:9' 
-- Equation name is '_LC8_C4', type is buried 
_LC8_C4  = LCELL( _LC6_C4 $  GND);

-- Node name is '|delay4:22|delay2:3|:6' = '|delay4:22|delay2:3|out0' 
-- Equation name is '_LC1_A2', type is buried 
_LC1_A2  = LCELL( _LC4_A2 $  GND);

-- Node name is '|delay4:22|delay2:3|:10' = '|delay4:22|delay2:3|out1' 
-- Equation name is '_LC6_D2', type is buried 
_LC6_D2  = LCELL( _LC3_D2 $  GND);

-- Node name is '|delay4:22|delay2:3|:3' 
-- Equation name is '_LC2_A2', type is buried 
_LC2_A2  = LCELL( _LC13_A2 $  GND);

-- Node name is '|delay4:22|delay2:3|:4' 
-- Equation name is '_LC3_A2', type is buried 
_LC3_A2  = LCELL( _LC2_A2 $  GND);

-- Node name is '|delay4:22|delay2:3|:5' 
-- Equation name is '_LC4_A2', type is buried 
_LC4_A2  = LCELL( _LC3_A2 $  GND);

-- Node name is '|delay4:22|delay2:3|:7' 
-- Equation name is '_LC5_D2', type is buried 
_LC5_D2  = LCELL( _LC14_D2 $  GND);

-- Node name is '|delay4:22|delay2:3|:8' 
-- Equation name is '_LC4_D2', type is buried 
_LC4_D2  = LCELL( _LC5_D2 $  GND);

-- Node name is '|delay4:22|delay2:3|:9' 
-- Equation name is '_LC3_D2', type is buried 
_LC3_D2  = LCELL( _LC4_D2 $  GND);

-- Node name is '|delay4:22|delay2:4|:6' = '|delay4:22|delay2:4|out0' 
-- Equation name is '_LC8_E1', type is buried 
_LC8_E1  = LCELL( _LC7_E1 $  GND);

-- Node name is '|delay4:22|delay2:4|:10' = '|delay4:22|delay2:4|out1' 
-- Equation name is '_LC11_D1', type is buried 
_LC11_D1 = LCELL( _LC10_D1 $  GND);

-- Node name is '|delay4:22|delay2:4|:3' 
-- Equation name is '_LC2_E1', type is buried 
_LC2_E1  = LCELL( _LC1_A2 $  GND);

-- Node name is '|delay4:22|delay2:4|:4' 
-- Equation name is '_LC6_E1', type is buried 
_LC6_E1  = LCELL( _LC2_E1 $  GND);

-- Node name is '|delay4:22|delay2:4|:5' 
-- Equation name is '_LC7_E1', type is buried 
_LC7_E1  = LCELL( _LC6_E1 $  GND);

-- Node name is '|delay4:22|delay2:4|:7' 
-- Equation name is '_LC7_D2', type is buried 
_LC7_D2  = LCELL( _LC6_D2 $  GND);

-- Node name is '|delay4:22|delay2:4|:8' 
-- Equation name is '_LC2_D2', type is buried 
_LC2_D2  = LCELL( _LC7_D2 $  GND);

-- Node name is '|delay4:22|delay2:4|:9' 
-- Equation name is '_LC10_D1', type is buried 
_LC10_D1 = LCELL( _LC2_D2 $  GND);

-- Node name is '|delay4:22|delay2:5|:6' = '|delay4:22|delay2:5|out0' 
-- Equation name is '_LC12_E1', type is buried 
_LC12_E1 = LCELL( _LC11_E1 $  GND);

-- Node name is '|delay4:22|delay2:5|:10' = '|delay4:22|delay2:5|out1' 
-- Equation name is '_LC8_D1', type is buried 
_LC8_D1  = LCELL( _LC9_D1 $  GND);

-- Node name is '|delay4:22|delay2:5|:3' 
-- Equation name is '_LC9_E1', type is buried 
_LC9_E1  = LCELL( _LC8_E1 $  GND);

-- Node name is '|delay4:22|delay2:5|:4' 
-- Equation name is '_LC10_E1', type is buried 
_LC10_E1 = LCELL( _LC9_E1 $  GND);

-- Node name is '|delay4:22|delay2:5|:5' 
-- Equation name is '_LC11_E1', type is buried 
_LC11_E1 = LCELL( _LC10_E1 $  GND);

-- Node name is '|delay4:22|delay2:5|:7' 
-- Equation name is '_LC12_D1', type is buried 
_LC12_D1 = LCELL( _LC11_D1 $  GND);

-- Node name is '|delay4:22|delay2:5|:8' 
-- Equation name is '_LC13_D1', type is buried 
_LC13_D1 = LCELL( _LC12_D1 $  GND);

-- Node name is '|delay4:22|delay2:5|:9' 
-- Equation name is '_LC9_D1', type is buried 
_LC9_D1  = LCELL( _LC13_D1 $  GND);

-- Node name is '|delay4:22|delay2:6|:6' = '|delay4:22|delay2:6|out0' 
-- Equation name is '_LC1_E1', type is buried 
_LC1_E1  = LCELL( _LC4_E1 $  GND);

-- Node name is '|delay4:22|delay2:6|:10' = '|delay4:22|delay2:6|out1' 
-- Equation name is '_LC5_D1', type is buried 
_LC5_D1  = LCELL( _LC4_D1 $  GND);

-- Node name is '|delay4:22|delay2:6|:3' 
-- Equation name is '_LC5_E1', type is buried 
_LC5_E1  = LCELL( _LC12_E1 $  GND);

-- Node name is '|delay4:22|delay2:6|:4' 
-- Equation name is '_LC3_E1', type is buried 
_LC3_E1  = LCELL( _LC5_E1 $  GND);

-- Node name is '|delay4:22|delay2:6|:5' 
-- Equation name is '_LC4_E1', type is buried 
_LC4_E1  = LCELL( _LC3_E1 $  GND);

-- Node name is '|delay4:22|delay2:6|:7' 
-- Equation name is '_LC2_D1', type is buried 
_LC2_D1  = LCELL( _LC8_D1 $  GND);

-- Node name is '|delay4:22|delay2:6|:8' 
-- Equation name is '_LC3_D1', type is buried 
_LC3_D1  = LCELL( _LC2_D1 $  GND);

-- Node name is '|delay4:22|delay2:6|:9' 
-- Equation name is '_LC4_D1', type is buried 
_LC4_D1  = LCELL( _LC3_D1 $  GND);

-- Node name is '|delay4:22|delay2:7|:6' = '|delay4:22|delay2:7|out0' 
-- Equation name is '_LC4_E4', type is buried 
_LC4_E4  = LCELL( _LC3_E4 $  GND);

-- Node name is '|delay4:22|delay2:7|:10' = '|delay4:22|delay2:7|out1' 
-- Equation name is '_LC15_D1', type is buried 
_LC15_D1 = LCELL( _LC14_D1 $  GND);

-- Node name is '|delay4:22|delay2:7|:3' 
-- Equation name is '_LC1_E4', type is buried 
_LC1_E4  = LCELL( _LC1_E1 $  GND);

-- Node name is '|delay4:22|delay2:7|:4' 
-- Equation name is '_LC2_E4', type is buried 
_LC2_E4  = LCELL( _LC1_E4 $  GND);

-- Node name is '|delay4:22|delay2:7|:5' 
-- Equation name is '_LC3_E4', type is buried 
_LC3_E4  = LCELL( _LC2_E4 $  GND);

-- Node name is '|delay4:22|delay2:7|:7' 
-- Equation name is '_LC6_D1', type is buried 
_LC6_D1  = LCELL( _LC5_D1 $  GND);

-- Node name is '|delay4:22|delay2:7|:8' 
-- Equation name is '_LC7_D1', type is buried 
_LC7_D1  = LCELL( _LC6_D1 $  GND);

-- Node name is '|delay4:22|delay2:7|:9' 
-- Equation name is '_LC14_D1', type is buried 
_LC14_D1 = LCELL( _LC7_D1 $  GND);

-- Node name is '|delay4:22|delay2:8|:6' = '|delay4:22|delay2:8|out0' 
-- Equation name is '_LC12_E4', type is buried 
_LC12_E4 = LCELL( _LC11_E4 $  GND);

-- Node name is '|delay4:22|delay2:8|:10' = '|delay4:22|delay2:8|out1' 
-- Equation name is '_LC7_F5', type is buried 
_LC7_F5  = LCELL( _LC6_F5 $  GND);

-- Node name is '|delay4:22|delay2:8|:3' 
-- Equation name is '_LC5_E4', type is buried 
_LC5_E4  = LCELL( _LC4_E4 $  GND);

-- Node name is '|delay4:22|delay2:8|:4' 
-- Equation name is '_LC10_E4', type is buried 
_LC10_E4 = LCELL( _LC5_E4 $  GND);

-- Node name is '|delay4:22|delay2:8|:5' 
-- Equation name is '_LC11_E4', type is buried 
_LC11_E4 = LCELL( _LC10_E4 $  GND);

-- Node name is '|delay4:22|delay2:8|:7' 
-- Equation name is '_LC16_D1', type is buried 
_LC16_D1 = LCELL( _LC15_D1 $  GND);

-- Node name is '|delay4:22|delay2:8|:8' 
-- Equation name is '_LC1_D1', type is buried 
_LC1_D1  = LCELL( _LC16_D1 $  GND);

-- Node name is '|delay4:22|delay2:8|:9' 
-- Equation name is '_LC6_F5', type is buried 
_LC6_F5  = LCELL( _LC1_D1 $  GND);

-- Node name is '|delay4:22|delay2:9|:6' = '|delay4:22|delay2:9|out0' 
-- Equation name is '_LC16_E4', type is buried 
_LC16_E4 = LCELL( _LC15_E4 $  GND);

-- Node name is '|delay4:22|delay2:9|:10' = '|delay4:22|delay2:9|out1' 
-- Equation name is '_LC4_F5', type is buried 
_LC4_F5  = LCELL( _LC5_F5 $  GND);

-- Node name is '|delay4:22|delay2:9|:3' 
-- Equation name is '_LC13_E4', type is buried 
_LC13_E4 = LCELL( _LC12_E4 $  GND);

-- Node name is '|delay4:22|delay2:9|:4' 
-- Equation name is '_LC14_E4', type is buried 
_LC14_E4 = LCELL( _LC13_E4 $  GND);

-- Node name is '|delay4:22|delay2:9|:5' 
-- Equation name is '_LC15_E4', type is buried 
_LC15_E4 = LCELL( _LC14_E4 $  GND);

-- Node name is '|delay4:22|delay2:9|:7' 
-- Equation name is '_LC8_F5', type is buried 
_LC8_F5  = LCELL( _LC7_F5 $  GND);

-- Node name is '|delay4:22|delay2:9|:8' 
-- Equation name is '_LC10_F5', type is buried 
_LC10_F5 = LCELL( _LC8_F5 $  GND);

-- Node name is '|delay4:22|delay2:9|:9' 
-- Equation name is '_LC5_F5', type is buried 
_LC5_F5  = LCELL( _LC10_F5 $  GND);

-- Node name is '|delay4:22|delay2:10|:6' = '|delay4:22|delay2:10|out0' 
-- Equation name is '_LC9_E4', type is buried 
_LC9_E4  = LCELL( _LC7_E4 $  GND);

-- Node name is '|delay4:22|delay2:10|:10' = '|delay4:22|delay2:10|out1' 
-- Equation name is '_LC9_F5', type is buried 
_LC9_F5  = LCELL( _LC3_F5 $  GND);

-- Node name is '|delay4:22|delay2:10|:3' 
-- Equation name is '_LC8_E4', type is buried 
_LC8_E4  = LCELL( _LC16_E4 $  GND);

-- Node name is '|delay4:22|delay2:10|:4' 
-- Equation name is '_LC6_E4', type is buried 
_LC6_E4  = LCELL( _LC8_E4 $  GND);

-- Node name is '|delay4:22|delay2:10|:5' 
-- Equation name is '_LC7_E4', type is buried 
_LC7_E4  = LCELL( _LC6_E4 $  GND);

-- Node name is '|delay4:22|delay2:10|:7' 
-- Equation name is '_LC1_F5', type is buried 
_LC1_F5  = LCELL( _LC4_F5 $  GND);

-- Node name is '|delay4:22|delay2:10|:8' 
-- Equation name is '_LC2_F5', type is buried 
_LC2_F5  = LCELL( _LC1_F5 $  GND);

-- Node name is '|delay4:22|delay2:10|:9' 
-- Equation name is '_LC3_F5', type is buried 
_LC3_F5  = LCELL( _LC2_F5 $  GND);

-- Node name is '|delay4:22|delay2:11|:6' = '|delay4:22|delay2:11|out0' 
-- Equation name is '_LC14_B1', type is buried 
_LC14_B1 = LCELL( _LC1_A1 $  GND);

-- Node name is '|delay4:22|delay2:11|:10' = '|delay4:22|delay2:11|out1' 
-- Equation name is '_LC16_F3', type is buried 
_LC16_F3 = LCELL( _LC15_F3 $  GND);

-- Node name is '|delay4:22|delay2:11|:3' 
-- Equation name is '_LC2_A1', type is buried 
_LC2_A1  = LCELL( _LC14_A1 $  GND);

-- Node name is '|delay4:22|delay2:11|:4' 
-- Equation name is '_LC3_A1', type is buried 
_LC3_A1  = LCELL( _LC2_A1 $  GND);

-- Node name is '|delay4:22|delay2:11|:5' 
-- Equation name is '_LC1_A1', type is buried 
_LC1_A1  = LCELL( _LC3_A1 $  GND);

-- Node name is '|delay4:22|delay2:11|:7' 
-- Equation name is '_LC13_F3', type is buried 
_LC13_F3 = LCELL( _LC1_F4 $  GND);

-- Node name is '|delay4:22|delay2:11|:8' 
-- Equation name is '_LC14_F3', type is buried 
_LC14_F3 = LCELL( _LC13_F3 $  GND);

-- Node name is '|delay4:22|delay2:11|:9' 
-- Equation name is '_LC15_F3', type is buried 
_LC15_F3 = LCELL( _LC14_F3 $  GND);

-- Node name is '|delay4:22|delay2:12|:6' = '|delay4:22|delay2:12|out0' 
-- Equation name is '_LC7_B1', type is buried 
_LC7_B1  = LCELL( _LC6_B1 $  GND);

-- Node name is '|delay4:22|delay2:12|:10' = '|delay4:22|delay2:12|out1' 
-- Equation name is '_LC10_F3', type is buried 
_LC10_F3 = LCELL( _LC9_F3 $  GND);

-- Node name is '|delay4:22|delay2:12|:3' 
-- Equation name is '_LC13_B1', type is buried 
_LC13_B1 = LCELL( _LC14_B1 $  GND);

-- Node name is '|delay4:22|delay2:12|:4' 
-- Equation name is '_LC12_B1', type is buried 
_LC12_B1 = LCELL( _LC13_B1 $  GND);

-- Node name is '|delay4:22|delay2:12|:5' 
-- Equation name is '_LC6_B1', type is buried 
_LC6_B1  = LCELL( _LC12_B1 $  GND);

-- Node name is '|delay4:22|delay2:12|:7' 
-- Equation name is '_LC7_F3', type is buried 
_LC7_F3  = LCELL( _LC16_F3 $  GND);

-- Node name is '|delay4:22|delay2:12|:8' 
-- Equation name is '_LC8_F3', type is buried 
_LC8_F3  = LCELL( _LC7_F3 $  GND);

-- Node name is '|delay4:22|delay2:12|:9' 
-- Equation name is '_LC9_F3', type is buried 
_LC9_F3  = LCELL( _LC8_F3 $  GND);

-- Node name is '|delay4:22|delay2:13|:6' = '|delay4:22|delay2:13|out0' 
-- Equation name is '_LC11_B1', type is buried 
_LC11_B1 = LCELL( _LC10_B1 $  GND);

-- Node name is '|delay4:22|delay2:13|:10' = '|delay4:22|delay2:13|out1' 
-- Equation name is '_LC5_F3', type is buried 
_LC5_F3  = LCELL( _LC6_F3 $  GND);

-- Node name is '|delay4:22|delay2:13|:3' 
-- Equation name is '_LC8_B1', type is buried 
_LC8_B1  = LCELL( _LC7_B1 $  GND);

-- Node name is '|delay4:22|delay2:13|:4' 
-- Equation name is '_LC9_B1', type is buried 
_LC9_B1  = LCELL( _LC8_B1 $  GND);

-- Node name is '|delay4:22|delay2:13|:5' 
-- Equation name is '_LC10_B1', type is buried 
_LC10_B1 = LCELL( _LC9_B1 $  GND);

-- Node name is '|delay4:22|delay2:13|:7' 
-- Equation name is '_LC11_F3', type is buried 
_LC11_F3 = LCELL( _LC10_F3 $  GND);

-- Node name is '|delay4:22|delay2:13|:8' 
-- Equation name is '_LC12_F3', type is buried 
_LC12_F3 = LCELL( _LC11_F3 $  GND);

-- Node name is '|delay4:22|delay2:13|:9' 
-- Equation name is '_LC6_F3', type is buried 
_LC6_F3  = LCELL( _LC12_F3 $  GND);

-- Node name is '|delay4:22|delay2:14|:6' = '|delay4:22|delay2:14|out0' 
-- Equation name is '_LC4_B1', type is buried 
_LC4_B1  = LCELL( _LC3_B1 $  GND);

-- Node name is '|delay4:22|delay2:14|:10' = '|delay4:22|delay2:14|out1' 
-- Equation name is '_LC1_F3', type is buried 
_LC1_F3  = LCELL( _LC4_F3 $  GND);

-- Node name is '|delay4:22|delay2:14|:3' 
-- Equation name is '_LC5_B1', type is buried 
_LC5_B1  = LCELL( _LC11_B1 $  GND);

-- Node name is '|delay4:22|delay2:14|:4' 
-- Equation name is '_LC2_B1', type is buried 
_LC2_B1  = LCELL( _LC5_B1 $  GND);

-- Node name is '|delay4:22|delay2:14|:5' 
-- Equation name is '_LC3_B1', type is buried 
_LC3_B1  = LCELL( _LC2_B1 $  GND);

-- Node name is '|delay4:22|delay2:14|:7' 
-- Equation name is '_LC2_F3', type is buried 
_LC2_F3  = LCELL( _LC5_F3 $  GND);

-- Node name is '|delay4:22|delay2:14|:8' 
-- Equation name is '_LC3_F3', type is buried 
_LC3_F3  = LCELL( _LC2_F3 $  GND);

-- Node name is '|delay4:22|delay2:14|:9' 
-- Equation name is '_LC4_F3', type is buried 
_LC4_F3  = LCELL( _LC3_F3 $  GND);

-- Node name is '|delay4:22|delay2:15|:6' = '|delay4:22|delay2:15|out0' 
-- Equation name is '_LC3_B3', type is buried 
_LC3_B3  = LCELL( _LC2_B3 $  GND);

-- Node name is '|delay4:22|delay2:15|:10' = '|delay4:22|delay2:15|out1' 
-- Equation name is '_LC4_F1', type is buried 
_LC4_F1  = LCELL( _LC3_F1 $  GND);

-- Node name is '|delay4:22|delay2:15|:3' 
-- Equation name is '_LC1_B1', type is buried 
_LC1_B1  = LCELL( _LC4_B1 $  GND);

-- Node name is '|delay4:22|delay2:15|:4' 
-- Equation name is '_LC1_B3', type is buried 
_LC1_B3  = LCELL( _LC1_B1 $  GND);

-- Node name is '|delay4:22|delay2:15|:5' 
-- Equation name is '_LC2_B3', type is buried 
_LC2_B3  = LCELL( _LC1_B3 $  GND);

-- Node name is '|delay4:22|delay2:15|:7' 
-- Equation name is '_LC1_F1', type is buried 
_LC1_F1  = LCELL( _LC1_F3 $  GND);

-- Node name is '|delay4:22|delay2:15|:8' 
-- Equation name is '_LC2_F1', type is buried 
_LC2_F1  = LCELL( _LC1_F1 $  GND);

-- Node name is '|delay4:22|delay2:15|:9' 
-- Equation name is '_LC3_F1', type is buried 
_LC3_F1  = LCELL( _LC2_F1 $  GND);

-- Node name is '|delay4:22|delay2:16|:6' = '|delay4:22|delay2:16|out0' 
-- Equation name is '_LC10_B3', type is buried 
_LC10_B3 = LCELL( _LC9_B3 $  GND);

-- Node name is '|delay4:22|delay2:16|:10' = '|delay4:22|delay2:16|out1' 
-- Equation name is '_LC14_F1', type is buried 
_LC14_F1 = LCELL( _LC13_F1 $  GND);

-- Node name is '|delay4:22|delay2:16|:3' 
-- Equation name is '_LC4_B3', type is buried 
_LC4_B3  = LCELL( _LC3_B3 $  GND);

-- Node name is '|delay4:22|delay2:16|:4' 
-- Equation name is '_LC5_B3', type is buried 
_LC5_B3  = LCELL( _LC4_B3 $  GND);

-- Node name is '|delay4:22|delay2:16|:5' 
-- Equation name is '_LC9_B3', type is buried 
_LC9_B3  = LCELL( _LC5_B3 $  GND);

-- Node name is '|delay4:22|delay2:16|:7' 
-- Equation name is '_LC11_F1', type is buried 
_LC11_F1 = LCELL( _LC4_F1 $  GND);

-- Node name is '|delay4:22|delay2:16|:8' 
-- Equation name is '_LC12_F1', type is buried 
_LC12_F1 = LCELL( _LC11_F1 $  GND);

-- Node name is '|delay4:22|delay2:16|:9' 
-- Equation name is '_LC13_F1', type is buried 
_LC13_F1 = LCELL( _LC12_F1 $  GND);

-- Node name is '|delay4:22|delay2:17|:6' = '|delay4:22|delay2:17|out0' 
-- Equation name is '_LC15_B3', type is buried 
_LC15_B3 = LCELL( _LC14_B3 $  GND);

-- Node name is '|delay4:22|delay2:17|:10' = '|delay4:22|delay2:17|out1' 
-- Equation name is '_LC8_F1', type is buried 
_LC8_F1  = LCELL( _LC9_F1 $  GND);

-- Node name is '|delay4:22|delay2:17|:3' 
-- Equation name is '_LC12_B3', type is buried 
_LC12_B3 = LCELL( _LC10_B3 $  GND);

-- Node name is '|delay4:22|delay2:17|:4' 
-- Equation name is '_LC13_B3', type is buried 
_LC13_B3 = LCELL( _LC12_B3 $  GND);

-- Node name is '|delay4:22|delay2:17|:5' 
-- Equation name is '_LC14_B3', type is buried 
_LC14_B3 = LCELL( _LC13_B3 $  GND);

-- Node name is '|delay4:22|delay2:17|:7' 
-- Equation name is '_LC15_F1', type is buried 
_LC15_F1 = LCELL( _LC14_F1 $  GND);

-- Node name is '|delay4:22|delay2:17|:8' 
-- Equation name is '_LC16_F1', type is buried 
_LC16_F1 = LCELL( _LC15_F1 $  GND);

-- Node name is '|delay4:22|delay2:17|:9' 
-- Equation name is '_LC9_F1', type is buried 
_LC9_F1  = LCELL( _LC16_F1 $  GND);

-- Node name is '|delay4:22|delay2:18|:6' = '|delay4:22|delay2:18|out0' 
-- Equation name is '_LC11_B3', type is buried 
_LC11_B3 = LCELL( _LC7_B3 $  GND);

-- Node name is '|delay4:22|delay2:18|:10' = '|delay4:22|delay2:18|out1' 
-- Equation name is '_LC10_F1', type is buried 
_LC10_F1 = LCELL( _LC7_F1 $  GND);

-- Node name is '|delay4:22|delay2:18|:3' 
-- Equation name is '_LC8_B3', type is buried 
_LC8_B3  = LCELL( _LC15_B3 $  GND);

-- Node name is '|delay4:22|delay2:18|:4' 
-- Equation name is '_LC6_B3', type is buried 
_LC6_B3  = LCELL( _LC8_B3 $  GND);

-- Node name is '|delay4:22|delay2:18|:5' 
-- Equation name is '_LC7_B3', type is buried 
_LC7_B3  = LCELL( _LC6_B3 $  GND);

-- Node name is '|delay4:22|delay2:18|:7' 
-- Equation name is '_LC5_F1', type is buried 
_LC5_F1  = LCELL( _LC8_F1 $  GND);

-- Node name is '|delay4:22|delay2:18|:8' 
-- Equation name is '_LC6_F1', type is buried 
_LC6_F1  = LCELL( _LC5_F1 $  GND);

-- Node name is '|delay4:22|delay2:18|:9' 
-- Equation name is '_LC7_F1', type is buried 
_LC7_F1  = LCELL( _LC6_F1 $  GND);



Project Information                                  e:\term3\lab20\delay8.rpt

** COMPILATION SETTINGS & TIMES **

Processing Menu Commands
------------------------

Design Doctor                             = off

Logic Synthesis:

   Synthesis Type Used                    = Multi-Level

   Default Synthesis Style                = NORMAL

      Logic option settings in 'NORMAL' style for 'MAX9000' family

      DECOMPOSE_GATES                     = on
      DUPLICATE_LOGIC_EXTRACTION          = on
      MINIMIZATION                        = full
      MULTI_LEVEL_FACTORING               = on
      NOT_GATE_PUSH_BACK                  = on
      PARALLEL_EXPANDERS                  = off
      REDUCE_LOGIC                        = on
      REFACTORIZATION                     = on
      REGISTER_OPTIMIZATION               = on
      RESYNTHESIZE_NETWORK                = on
      SLOW_SLEW_RATE                      = off
      SOFT_BUFFER_INSERTION               = on
      SUBFACTOR_EXTRACTION                = on
      TURBO_BIT                           = on
      XOR_SYNTHESIS                       = on
      IGNORE_SOFT_BUFFERS                 = off
      USE_LPM_FOR_AHDL_OPERATORS          = off

   Other logic synthesis settings:

      Automatic Global Clock              = on
      Automatic Global Clear              = on
      Automatic Global Preset             = on
      Automatic Global Output Enable      = on
      Automatic Fast I/O                  = off
      Automatic Register Packing          = off
      Automatic Open-Drain Pins           = on
      Automatic Implement in EAB          = off
      One-Hot State Machine Encoding      = off
      Optimize                            = 5

Default Timing Specifications: None

Cut All Bidir Feedback Timing Paths       = on
Cut All Clear & Preset Timing Paths       = on

Ignore Timing Assignments                 = off

Functional SNF Extractor                  = off

Linked SNF Extractor                      = off
Timing SNF Extractor                      = on
Optimize Timing SNF                       = off
Generate AHDL TDO File                    = off
Fitter Settings                           = NORMAL
Smart Recompile                           = off
Total Recompile                           = off

Interfaces Menu Commands
------------------------

EDIF Netlist Writer                       = off
Verilog Netlist Writer                    = off
VHDL Netlist Writer                       = off

Compilation Times
-----------------

   Compiler Netlist Extractor             00:00:01
   Database Builder                       00:00:00
   Logic Synthesizer                      00:00:00
   Partitioner                            00:00:00
   Fitter                                 00:00:01
   Timing SNF Extractor                   00:00:00
   Assembler                              00:00:00
   --------------------------             --------
   Total Time                             00:00:02


Memory Allocated
-----------------

Peak memory allocated during compilation  = 9,204K
