Timing Analyzer report for cache
Sun Feb 28 00:47:42 2021
Version 5.0 Build 148 04/26/2005 SJ Full Version


---------------------
; Table of Contents ;
---------------------
  1. Legal Notice
  2. Timing Analyzer Summary
  3. Timing Analyzer Settings
  4. Clock Settings Summary
  5. Clock Setup: 'clk'
  6. Clock Setup: 'addr[3]'
  7. Clock Setup: 'addr[7]'
  8. Clock Setup: 'addr[4]'
  9. Clock Setup: 'addr[1]'
 10. Clock Setup: 'addr[2]'
 11. Clock Setup: 'addr[5]'
 12. Clock Setup: 'addr[6]'
 13. Clock Setup: 'addr[0]'
 14. Clock Hold: 'clk'
 15. Clock Hold: 'addr[3]'
 16. Clock Hold: 'addr[7]'
 17. Clock Hold: 'addr[1]'
 18. Clock Hold: 'addr[2]'
 19. Clock Hold: 'addr[5]'
 20. tsu
 21. tco
 22. tpd
 23. th
 24. Timing Analyzer Messages



----------------
; Legal Notice ;
----------------
Copyright (C) 1991-2005 Altera Corporation
Your use of Altera Corporation's design tools, logic functions 
and other software and tools, and its AMPP partner logic       
functions, and any output files any of the foregoing           
(including device programming or simulation files), and any    
associated documentation or information are expressly subject  
to the terms and conditions of the Altera Program License      
Subscription Agreement, Altera MegaCore Function License       
Agreement, or other applicable license agreement, including,   
without limitation, that your use is for the sole purpose of   
programming logic devices manufactured by Altera and sold by   
Altera or its authorized distributors.  Please refer to the    
applicable agreement for further details.



+-------------------------------------------------------------------------------------------------------------------------------------------------------------------------------------------------------------------------------------------------------------------------------------------------------------------------------------------------------------------------------------------+
; Timing Analyzer Summary                                                                                                                                                                                                                                                                                                                                                                   ;
+------------------------------+------------------------------------------+---------------+------------------------------------------------+----------------------------------------------------------------------------------------------------+----------------------------------------------------------------------------------------------------+------------+----------+--------------+
; Type                         ; Slack                                    ; Required Time ; Actual Time                                    ; From                                                                                               ; To                                                                                                 ; From Clock ; To Clock ; Failed Paths ;
+------------------------------+------------------------------------------+---------------+------------------------------------------------+----------------------------------------------------------------------------------------------------+----------------------------------------------------------------------------------------------------+------------+----------+--------------+
; Worst-case tsu               ; N/A                                      ; None          ; 5.143 ns                                       ; addr[1]                                                                                            ; cache:inst|cacheline:inst32|lpm_dff0:inst1|lpm_ff:lpm_ff_component|dffs[0]                         ;            ; clk      ; 0            ;
; Worst-case tco               ; N/A                                      ; None          ; 11.703 ns                                      ; cache:inst|cacheline:inst32|lpm_dff0:inst1|lpm_ff:lpm_ff_component|dffs[6]                         ; out[5]                                                                                             ; clk        ;          ; 0            ;
; Worst-case tpd               ; N/A                                      ; None          ; 11.104 ns                                      ; addr[1]                                                                                            ; out[5]                                                                                             ;            ;          ; 0            ;
; Worst-case th                ; N/A                                      ; None          ; -2.006 ns                                      ; addr[2]                                                                                            ; cache:inst|cacheline:inst34|lpm_dff0:inst1|lpm_ff:lpm_ff_component|dffs[2]                         ;            ; clk      ; 0            ;
; Clock Setup: 'clk'           ; N/A                                      ; None          ; 99.15 MHz ( period = 10.086 ns )               ; cache:inst|lpm_counter0:inst27|lpm_counter:lpm_counter_component|cntr_ct6:auto_generated|safe_q[1] ; cache:inst|cacheline:inst33|lpm_dff0:inst2|lpm_ff:lpm_ff_component|dffs[1]                         ; clk        ; clk      ; 0            ;
; Clock Setup: 'addr[3]'       ; N/A                                      ; None          ; 393.08 MHz ( period = 2.544 ns )               ; cache:inst|lpm_counter0:inst27|lpm_counter:lpm_counter_component|cntr_ct6:auto_generated|safe_q[0] ; cache:inst|lpm_counter0:inst27|lpm_counter:lpm_counter_component|cntr_ct6:auto_generated|safe_q[1] ; addr[3]    ; addr[3]  ; 0            ;
; Clock Setup: 'addr[2]'       ; N/A                                      ; None          ; 408.50 MHz ( period = 2.448 ns )               ; cache:inst|lpm_counter0:inst27|lpm_counter:lpm_counter_component|cntr_ct6:auto_generated|safe_q[0] ; cache:inst|lpm_counter0:inst27|lpm_counter:lpm_counter_component|cntr_ct6:auto_generated|safe_q[1] ; addr[2]    ; addr[2]  ; 0            ;
; Clock Setup: 'addr[0]'       ; N/A                                      ; None          ; Restricted to 422.12 MHz ( period = 2.369 ns ) ; cache:inst|lpm_counter0:inst27|lpm_counter:lpm_counter_component|cntr_ct6:auto_generated|safe_q[0] ; cache:inst|lpm_counter0:inst27|lpm_counter:lpm_counter_component|cntr_ct6:auto_generated|safe_q[1] ; addr[0]    ; addr[0]  ; 0            ;
; Clock Setup: 'addr[6]'       ; N/A                                      ; None          ; Restricted to 422.12 MHz ( period = 2.369 ns ) ; cache:inst|lpm_counter0:inst27|lpm_counter:lpm_counter_component|cntr_ct6:auto_generated|safe_q[0] ; cache:inst|lpm_counter0:inst27|lpm_counter:lpm_counter_component|cntr_ct6:auto_generated|safe_q[1] ; addr[6]    ; addr[6]  ; 0            ;
; Clock Setup: 'addr[5]'       ; N/A                                      ; None          ; Restricted to 422.12 MHz ( period = 2.369 ns ) ; cache:inst|lpm_counter0:inst27|lpm_counter:lpm_counter_component|cntr_ct6:auto_generated|safe_q[0] ; cache:inst|lpm_counter0:inst27|lpm_counter:lpm_counter_component|cntr_ct6:auto_generated|safe_q[1] ; addr[5]    ; addr[5]  ; 0            ;
; Clock Setup: 'addr[1]'       ; N/A                                      ; None          ; Restricted to 422.12 MHz ( period = 2.369 ns ) ; cache:inst|lpm_counter0:inst27|lpm_counter:lpm_counter_component|cntr_ct6:auto_generated|safe_q[0] ; cache:inst|lpm_counter0:inst27|lpm_counter:lpm_counter_component|cntr_ct6:auto_generated|safe_q[1] ; addr[1]    ; addr[1]  ; 0            ;
; Clock Setup: 'addr[4]'       ; N/A                                      ; None          ; Restricted to 422.12 MHz ( period = 2.369 ns ) ; cache:inst|lpm_counter0:inst27|lpm_counter:lpm_counter_component|cntr_ct6:auto_generated|safe_q[0] ; cache:inst|lpm_counter0:inst27|lpm_counter:lpm_counter_component|cntr_ct6:auto_generated|safe_q[1] ; addr[4]    ; addr[4]  ; 0            ;
; Clock Setup: 'addr[7]'       ; N/A                                      ; None          ; Restricted to 422.12 MHz ( period = 2.369 ns ) ; cache:inst|lpm_counter0:inst27|lpm_counter:lpm_counter_component|cntr_ct6:auto_generated|safe_q[0] ; cache:inst|lpm_counter0:inst27|lpm_counter:lpm_counter_component|cntr_ct6:auto_generated|safe_q[1] ; addr[7]    ; addr[7]  ; 0            ;
; Clock Hold: 'clk'            ; Not operational: Clock Skew > Data Delay ; None          ; N/A                                            ; cache:inst|lpm_counter0:inst27|lpm_counter:lpm_counter_component|cntr_ct6:auto_generated|safe_q[1] ; cache:inst|lpm_counter0:inst27|lpm_counter:lpm_counter_component|cntr_ct6:auto_generated|safe_q[1] ; clk        ; clk      ; 3            ;
; Clock Hold: 'addr[3]'        ; Not operational: Clock Skew > Data Delay ; None          ; N/A                                            ; cache:inst|lpm_counter0:inst27|lpm_counter:lpm_counter_component|cntr_ct6:auto_generated|safe_q[1] ; cache:inst|lpm_counter0:inst27|lpm_counter:lpm_counter_component|cntr_ct6:auto_generated|safe_q[1] ; addr[3]    ; addr[3]  ; 2            ;
; Clock Hold: 'addr[2]'        ; Not operational: Clock Skew > Data Delay ; None          ; N/A                                            ; cache:inst|lpm_counter0:inst27|lpm_counter:lpm_counter_component|cntr_ct6:auto_generated|safe_q[1] ; cache:inst|lpm_counter0:inst27|lpm_counter:lpm_counter_component|cntr_ct6:auto_generated|safe_q[1] ; addr[2]    ; addr[2]  ; 2            ;
; Clock Hold: 'addr[5]'        ; Not operational: Clock Skew > Data Delay ; None          ; N/A                                            ; cache:inst|lpm_counter0:inst27|lpm_counter:lpm_counter_component|cntr_ct6:auto_generated|safe_q[1] ; cache:inst|lpm_counter0:inst27|lpm_counter:lpm_counter_component|cntr_ct6:auto_generated|safe_q[1] ; addr[5]    ; addr[5]  ; 2            ;
; Clock Hold: 'addr[1]'        ; Not operational: Clock Skew > Data Delay ; None          ; N/A                                            ; cache:inst|lpm_counter0:inst27|lpm_counter:lpm_counter_component|cntr_ct6:auto_generated|safe_q[1] ; cache:inst|lpm_counter0:inst27|lpm_counter:lpm_counter_component|cntr_ct6:auto_generated|safe_q[1] ; addr[1]    ; addr[1]  ; 1            ;
; Clock Hold: 'addr[7]'        ; Not operational: Clock Skew > Data Delay ; None          ; N/A                                            ; cache:inst|lpm_counter0:inst27|lpm_counter:lpm_counter_component|cntr_ct6:auto_generated|safe_q[1] ; cache:inst|lpm_counter0:inst27|lpm_counter:lpm_counter_component|cntr_ct6:auto_generated|safe_q[1] ; addr[7]    ; addr[7]  ; 1            ;
; Total number of failed paths ;                                          ;               ;                                                ;                                                                                                    ;                                                                                                    ;            ;          ; 11           ;
+------------------------------+------------------------------------------+---------------+------------------------------------------------+----------------------------------------------------------------------------------------------------+----------------------------------------------------------------------------------------------------+------------+----------+--------------+


+------------------------------------------------------------------------------------------------------+
; Timing Analyzer Settings                                                                             ;
+-------------------------------------------------------+--------------------+------+----+-------------+
; Option                                                ; Setting            ; From ; To ; Entity Name ;
+-------------------------------------------------------+--------------------+------+----+-------------+
; Device Name                                           ; EP1S10F484C5       ;      ;    ;             ;
; Timing Models                                         ; Final              ;      ;    ;             ;
; Number of source nodes to report per destination node ; 10                 ;      ;    ;             ;
; Number of destination nodes to report                 ; 10                 ;      ;    ;             ;
; Number of paths to report                             ; 200                ;      ;    ;             ;
; Report Minimum Timing Checks                          ; Off                ;      ;    ;             ;
; Use Fast Timing Models                                ; Off                ;      ;    ;             ;
; Report IO Paths Separately                            ; Off                ;      ;    ;             ;
; Default hold multicycle                               ; Same as Multicycle ;      ;    ;             ;
; Cut paths between unrelated clock domains             ; On                 ;      ;    ;             ;
; Cut off read during write signal paths                ; On                 ;      ;    ;             ;
; Cut off feedback from I/O pins                        ; On                 ;      ;    ;             ;
; Report Combined Fast/Slow Timing                      ; Off                ;      ;    ;             ;
; Ignore Clock Settings                                 ; Off                ;      ;    ;             ;
; Analyze latches as synchronous elements               ; Off                ;      ;    ;             ;
; Enable Recovery/Removal analysis                      ; Off                ;      ;    ;             ;
; Enable Clock Latency                                  ; Off                ;      ;    ;             ;
+-------------------------------------------------------+--------------------+------+----+-------------+


+------------------------------------------------------------------------------------------------------------------------------------------------------------------------------------+
; Clock Settings Summary                                                                                                                                                             ;
+-----------------+--------------------+----------+------------------+---------------+--------------+----------+-----------------------+---------------------+--------+--------------+
; Clock Node Name ; Clock Setting Name ; Type     ; Fmax Requirement ; Early Latency ; Late Latency ; Based on ; Multiply Base Fmax by ; Divide Base Fmax by ; Offset ; Phase offset ;
+-----------------+--------------------+----------+------------------+---------------+--------------+----------+-----------------------+---------------------+--------+--------------+
; clk             ;                    ; User Pin ; NONE             ; 0.000 ns      ; 0.000 ns     ; NONE     ; N/A                   ; N/A                 ; N/A    ;              ;
; addr[3]         ;                    ; User Pin ; NONE             ; 0.000 ns      ; 0.000 ns     ; NONE     ; N/A                   ; N/A                 ; N/A    ;              ;
; addr[7]         ;                    ; User Pin ; NONE             ; 0.000 ns      ; 0.000 ns     ; NONE     ; N/A                   ; N/A                 ; N/A    ;              ;
; addr[4]         ;                    ; User Pin ; NONE             ; 0.000 ns      ; 0.000 ns     ; NONE     ; N/A                   ; N/A                 ; N/A    ;              ;
; addr[1]         ;                    ; User Pin ; NONE             ; 0.000 ns      ; 0.000 ns     ; NONE     ; N/A                   ; N/A                 ; N/A    ;              ;
; addr[2]         ;                    ; User Pin ; NONE             ; 0.000 ns      ; 0.000 ns     ; NONE     ; N/A                   ; N/A                 ; N/A    ;              ;
; addr[5]         ;                    ; User Pin ; NONE             ; 0.000 ns      ; 0.000 ns     ; NONE     ; N/A                   ; N/A                 ; N/A    ;              ;
; addr[6]         ;                    ; User Pin ; NONE             ; 0.000 ns      ; 0.000 ns     ; NONE     ; N/A                   ; N/A                 ; N/A    ;              ;
; addr[0]         ;                    ; User Pin ; NONE             ; 0.000 ns      ; 0.000 ns     ; NONE     ; N/A                   ; N/A                 ; N/A    ;              ;
+-----------------+--------------------+----------+------------------+---------------+--------------+----------+-----------------------+---------------------+--------+--------------+


+---------------------------------------------------------------------------------------------------------------------------------------------------------------------------------------------------------------------------------------------------------------------------------------------------------------------------------------------------------------------------------------------+
; Clock Setup: 'clk'                                                                                                                                                                                                                                                                                                                                                                          ;
+-----------------------------------------+-----------------------------------------------------+----------------------------------------------------------------------------------------------------+----------------------------------------------------------------------------+------------+----------+-----------------------------+---------------------------+-------------------------+
; Slack                                   ; Actual fmax (period)                                ; From                                                                                               ; To                                                                         ; From Clock ; To Clock ; Required Setup Relationship ; Required Longest P2P Time ; Actual Longest P2P Time ;
+-----------------------------------------+-----------------------------------------------------+----------------------------------------------------------------------------------------------------+----------------------------------------------------------------------------+------------+----------+-----------------------------+---------------------------+-------------------------+
; N/A                                     ; 99.15 MHz ( period = 10.086 ns )                    ; cache:inst|lpm_counter0:inst27|lpm_counter:lpm_counter_component|cntr_ct6:auto_generated|safe_q[1] ; cache:inst|cacheline:inst33|lpm_dff0:inst2|lpm_ff:lpm_ff_component|dffs[1] ; clk        ; clk      ; None                        ; None                      ; 3.394 ns                ;
; N/A                                     ; 99.23 MHz ( period = 10.078 ns )                    ; cache:inst|lpm_counter0:inst27|lpm_counter:lpm_counter_component|cntr_ct6:auto_generated|safe_q[1] ; cache:inst|cacheline:inst33|lpm_dff0:inst2|lpm_ff:lpm_ff_component|dffs[7] ; clk        ; clk      ; None                        ; None                      ; 3.386 ns                ;
; N/A                                     ; 99.28 MHz ( period = 10.073 ns )                    ; cache:inst|lpm_counter0:inst27|lpm_counter:lpm_counter_component|cntr_ct6:auto_generated|safe_q[1] ; cache:inst|cacheline:inst32|lpm_dff0:inst1|lpm_ff:lpm_ff_component|dffs[0] ; clk        ; clk      ; None                        ; None                      ; 3.384 ns                ;
; N/A                                     ; 99.28 MHz ( period = 10.073 ns )                    ; cache:inst|lpm_counter0:inst27|lpm_counter:lpm_counter_component|cntr_ct6:auto_generated|safe_q[1] ; cache:inst|cacheline:inst32|lpm_dff0:inst1|lpm_ff:lpm_ff_component|dffs[6] ; clk        ; clk      ; None                        ; None                      ; 3.384 ns                ;
; N/A                                     ; 99.28 MHz ( period = 10.073 ns )                    ; cache:inst|lpm_counter0:inst27|lpm_counter:lpm_counter_component|cntr_ct6:auto_generated|safe_q[1] ; cache:inst|cacheline:inst32|lpm_dff0:inst1|lpm_ff:lpm_ff_component|dffs[5] ; clk        ; clk      ; None                        ; None                      ; 3.384 ns                ;
; N/A                                     ; 99.28 MHz ( period = 10.073 ns )                    ; cache:inst|lpm_counter0:inst27|lpm_counter:lpm_counter_component|cntr_ct6:auto_generated|safe_q[1] ; cache:inst|cacheline:inst32|lpm_dff0:inst1|lpm_ff:lpm_ff_component|dffs[2] ; clk        ; clk      ; None                        ; None                      ; 3.384 ns                ;
; N/A                                     ; 99.28 MHz ( period = 10.073 ns )                    ; cache:inst|lpm_counter0:inst27|lpm_counter:lpm_counter_component|cntr_ct6:auto_generated|safe_q[1] ; cache:inst|cacheline:inst32|lpm_dff0:inst1|lpm_ff:lpm_ff_component|dffs[7] ; clk        ; clk      ; None                        ; None                      ; 3.384 ns                ;
; N/A                                     ; 99.28 MHz ( period = 10.073 ns )                    ; cache:inst|lpm_counter0:inst27|lpm_counter:lpm_counter_component|cntr_ct6:auto_generated|safe_q[1] ; cache:inst|cacheline:inst32|lpm_dff0:inst1|lpm_ff:lpm_ff_component|dffs[3] ; clk        ; clk      ; None                        ; None                      ; 3.384 ns                ;
; N/A                                     ; 99.49 MHz ( period = 10.051 ns )                    ; cache:inst|lpm_counter0:inst27|lpm_counter:lpm_counter_component|cntr_ct6:auto_generated|safe_q[1] ; cache:inst|cacheline:inst32|lpm_dff0:inst1|lpm_ff:lpm_ff_component|dffs[4] ; clk        ; clk      ; None                        ; None                      ; 3.362 ns                ;
; N/A                                     ; 99.49 MHz ( period = 10.051 ns )                    ; cache:inst|lpm_counter0:inst27|lpm_counter:lpm_counter_component|cntr_ct6:auto_generated|safe_q[1] ; cache:inst|cacheline:inst32|lpm_dff0:inst1|lpm_ff:lpm_ff_component|dffs[1] ; clk        ; clk      ; None                        ; None                      ; 3.362 ns                ;
; N/A                                     ; 100.50 MHz ( period = 9.950 ns )                    ; cache:inst|lpm_counter0:inst27|lpm_counter:lpm_counter_component|cntr_ct6:auto_generated|safe_q[0] ; cache:inst|cacheline:inst32|lpm_dff0:inst1|lpm_ff:lpm_ff_component|dffs[0] ; clk        ; clk      ; None                        ; None                      ; 3.261 ns                ;
; N/A                                     ; 100.50 MHz ( period = 9.950 ns )                    ; cache:inst|lpm_counter0:inst27|lpm_counter:lpm_counter_component|cntr_ct6:auto_generated|safe_q[0] ; cache:inst|cacheline:inst32|lpm_dff0:inst1|lpm_ff:lpm_ff_component|dffs[6] ; clk        ; clk      ; None                        ; None                      ; 3.261 ns                ;
; N/A                                     ; 100.50 MHz ( period = 9.950 ns )                    ; cache:inst|lpm_counter0:inst27|lpm_counter:lpm_counter_component|cntr_ct6:auto_generated|safe_q[0] ; cache:inst|cacheline:inst32|lpm_dff0:inst1|lpm_ff:lpm_ff_component|dffs[5] ; clk        ; clk      ; None                        ; None                      ; 3.261 ns                ;
; N/A                                     ; 100.50 MHz ( period = 9.950 ns )                    ; cache:inst|lpm_counter0:inst27|lpm_counter:lpm_counter_component|cntr_ct6:auto_generated|safe_q[0] ; cache:inst|cacheline:inst32|lpm_dff0:inst1|lpm_ff:lpm_ff_component|dffs[2] ; clk        ; clk      ; None                        ; None                      ; 3.261 ns                ;
; N/A                                     ; 100.50 MHz ( period = 9.950 ns )                    ; cache:inst|lpm_counter0:inst27|lpm_counter:lpm_counter_component|cntr_ct6:auto_generated|safe_q[0] ; cache:inst|cacheline:inst32|lpm_dff0:inst1|lpm_ff:lpm_ff_component|dffs[7] ; clk        ; clk      ; None                        ; None                      ; 3.261 ns                ;
; N/A                                     ; 100.50 MHz ( period = 9.950 ns )                    ; cache:inst|lpm_counter0:inst27|lpm_counter:lpm_counter_component|cntr_ct6:auto_generated|safe_q[0] ; cache:inst|cacheline:inst32|lpm_dff0:inst1|lpm_ff:lpm_ff_component|dffs[3] ; clk        ; clk      ; None                        ; None                      ; 3.261 ns                ;
; N/A                                     ; 100.73 MHz ( period = 9.928 ns )                    ; cache:inst|lpm_counter0:inst27|lpm_counter:lpm_counter_component|cntr_ct6:auto_generated|safe_q[0] ; cache:inst|cacheline:inst32|lpm_dff0:inst1|lpm_ff:lpm_ff_component|dffs[4] ; clk        ; clk      ; None                        ; None                      ; 3.239 ns                ;
; N/A                                     ; 100.73 MHz ( period = 9.928 ns )                    ; cache:inst|lpm_counter0:inst27|lpm_counter:lpm_counter_component|cntr_ct6:auto_generated|safe_q[0] ; cache:inst|cacheline:inst32|lpm_dff0:inst1|lpm_ff:lpm_ff_component|dffs[1] ; clk        ; clk      ; None                        ; None                      ; 3.239 ns                ;
; N/A                                     ; 101.61 MHz ( period = 9.842 ns )                    ; cache:inst|lpm_counter0:inst27|lpm_counter:lpm_counter_component|cntr_ct6:auto_generated|safe_q[1] ; cache:inst|cacheline:inst32|lpm_dff0:inst2|lpm_ff:lpm_ff_component|dffs[0] ; clk        ; clk      ; None                        ; None                      ; 3.144 ns                ;
; N/A                                     ; 101.96 MHz ( period = 9.808 ns )                    ; cache:inst|lpm_counter0:inst27|lpm_counter:lpm_counter_component|cntr_ct6:auto_generated|safe_q[0] ; cache:inst|cacheline:inst33|lpm_dff0:inst2|lpm_ff:lpm_ff_component|dffs[1] ; clk        ; clk      ; None                        ; None                      ; 3.116 ns                ;
; N/A                                     ; 102.04 MHz ( period = 9.800 ns )                    ; cache:inst|lpm_counter0:inst27|lpm_counter:lpm_counter_component|cntr_ct6:auto_generated|safe_q[0] ; cache:inst|cacheline:inst33|lpm_dff0:inst2|lpm_ff:lpm_ff_component|dffs[7] ; clk        ; clk      ; None                        ; None                      ; 3.108 ns                ;
; N/A                                     ; 102.87 MHz ( period = 9.721 ns )                    ; cache:inst|lpm_counter0:inst27|lpm_counter:lpm_counter_component|cntr_ct6:auto_generated|safe_q[0] ; cache:inst|cacheline:inst32|lpm_dff0:inst2|lpm_ff:lpm_ff_component|dffs[0] ; clk        ; clk      ; None                        ; None                      ; 3.023 ns                ;
; N/A                                     ; 103.53 MHz ( period = 9.659 ns )                    ; cache:inst|lpm_counter0:inst27|lpm_counter:lpm_counter_component|cntr_ct6:auto_generated|safe_q[1] ; cache:inst|cacheline:inst32|lpm_dff0:inst2|lpm_ff:lpm_ff_component|dffs[1] ; clk        ; clk      ; None                        ; None                      ; 2.967 ns                ;
; N/A                                     ; 103.53 MHz ( period = 9.659 ns )                    ; cache:inst|lpm_counter0:inst27|lpm_counter:lpm_counter_component|cntr_ct6:auto_generated|safe_q[1] ; cache:inst|cacheline:inst32|lpm_dff0:inst2|lpm_ff:lpm_ff_component|dffs[2] ; clk        ; clk      ; None                        ; None                      ; 2.967 ns                ;
; N/A                                     ; 103.53 MHz ( period = 9.659 ns )                    ; cache:inst|lpm_counter0:inst27|lpm_counter:lpm_counter_component|cntr_ct6:auto_generated|safe_q[1] ; cache:inst|cacheline:inst32|lpm_dff0:inst2|lpm_ff:lpm_ff_component|dffs[3] ; clk        ; clk      ; None                        ; None                      ; 2.967 ns                ;
; N/A                                     ; 103.53 MHz ( period = 9.659 ns )                    ; cache:inst|lpm_counter0:inst27|lpm_counter:lpm_counter_component|cntr_ct6:auto_generated|safe_q[1] ; cache:inst|cacheline:inst32|lpm_dff0:inst2|lpm_ff:lpm_ff_component|dffs[4] ; clk        ; clk      ; None                        ; None                      ; 2.967 ns                ;
; N/A                                     ; 103.53 MHz ( period = 9.659 ns )                    ; cache:inst|lpm_counter0:inst27|lpm_counter:lpm_counter_component|cntr_ct6:auto_generated|safe_q[1] ; cache:inst|cacheline:inst32|lpm_dff0:inst2|lpm_ff:lpm_ff_component|dffs[5] ; clk        ; clk      ; None                        ; None                      ; 2.967 ns                ;
; N/A                                     ; 103.53 MHz ( period = 9.659 ns )                    ; cache:inst|lpm_counter0:inst27|lpm_counter:lpm_counter_component|cntr_ct6:auto_generated|safe_q[1] ; cache:inst|cacheline:inst32|lpm_dff0:inst2|lpm_ff:lpm_ff_component|dffs[6] ; clk        ; clk      ; None                        ; None                      ; 2.967 ns                ;
; N/A                                     ; 103.53 MHz ( period = 9.659 ns )                    ; cache:inst|lpm_counter0:inst27|lpm_counter:lpm_counter_component|cntr_ct6:auto_generated|safe_q[1] ; cache:inst|cacheline:inst32|lpm_dff0:inst2|lpm_ff:lpm_ff_component|dffs[7] ; clk        ; clk      ; None                        ; None                      ; 2.967 ns                ;
; N/A                                     ; 104.03 MHz ( period = 9.613 ns )                    ; cache:inst|lpm_counter0:inst27|lpm_counter:lpm_counter_component|cntr_ct6:auto_generated|safe_q[1] ; cache:inst|cacheline:inst33|lpm_dff0:inst2|lpm_ff:lpm_ff_component|dffs[0] ; clk        ; clk      ; None                        ; None                      ; 2.915 ns                ;
; N/A                                     ; 104.03 MHz ( period = 9.613 ns )                    ; cache:inst|lpm_counter0:inst27|lpm_counter:lpm_counter_component|cntr_ct6:auto_generated|safe_q[1] ; cache:inst|cacheline:inst33|lpm_dff0:inst2|lpm_ff:lpm_ff_component|dffs[2] ; clk        ; clk      ; None                        ; None                      ; 2.915 ns                ;
; N/A                                     ; 104.03 MHz ( period = 9.613 ns )                    ; cache:inst|lpm_counter0:inst27|lpm_counter:lpm_counter_component|cntr_ct6:auto_generated|safe_q[1] ; cache:inst|cacheline:inst33|lpm_dff0:inst2|lpm_ff:lpm_ff_component|dffs[3] ; clk        ; clk      ; None                        ; None                      ; 2.915 ns                ;
; N/A                                     ; 104.03 MHz ( period = 9.613 ns )                    ; cache:inst|lpm_counter0:inst27|lpm_counter:lpm_counter_component|cntr_ct6:auto_generated|safe_q[1] ; cache:inst|cacheline:inst33|lpm_dff0:inst2|lpm_ff:lpm_ff_component|dffs[4] ; clk        ; clk      ; None                        ; None                      ; 2.915 ns                ;
; N/A                                     ; 104.03 MHz ( period = 9.613 ns )                    ; cache:inst|lpm_counter0:inst27|lpm_counter:lpm_counter_component|cntr_ct6:auto_generated|safe_q[1] ; cache:inst|cacheline:inst33|lpm_dff0:inst2|lpm_ff:lpm_ff_component|dffs[5] ; clk        ; clk      ; None                        ; None                      ; 2.915 ns                ;
; N/A                                     ; 104.03 MHz ( period = 9.613 ns )                    ; cache:inst|lpm_counter0:inst27|lpm_counter:lpm_counter_component|cntr_ct6:auto_generated|safe_q[1] ; cache:inst|cacheline:inst33|lpm_dff0:inst2|lpm_ff:lpm_ff_component|dffs[6] ; clk        ; clk      ; None                        ; None                      ; 2.915 ns                ;
; N/A                                     ; 104.84 MHz ( period = 9.538 ns )                    ; cache:inst|lpm_counter0:inst27|lpm_counter:lpm_counter_component|cntr_ct6:auto_generated|safe_q[0] ; cache:inst|cacheline:inst32|lpm_dff0:inst2|lpm_ff:lpm_ff_component|dffs[1] ; clk        ; clk      ; None                        ; None                      ; 2.846 ns                ;
; N/A                                     ; 104.84 MHz ( period = 9.538 ns )                    ; cache:inst|lpm_counter0:inst27|lpm_counter:lpm_counter_component|cntr_ct6:auto_generated|safe_q[0] ; cache:inst|cacheline:inst32|lpm_dff0:inst2|lpm_ff:lpm_ff_component|dffs[2] ; clk        ; clk      ; None                        ; None                      ; 2.846 ns                ;
; N/A                                     ; 104.84 MHz ( period = 9.538 ns )                    ; cache:inst|lpm_counter0:inst27|lpm_counter:lpm_counter_component|cntr_ct6:auto_generated|safe_q[0] ; cache:inst|cacheline:inst32|lpm_dff0:inst2|lpm_ff:lpm_ff_component|dffs[3] ; clk        ; clk      ; None                        ; None                      ; 2.846 ns                ;
; N/A                                     ; 104.84 MHz ( period = 9.538 ns )                    ; cache:inst|lpm_counter0:inst27|lpm_counter:lpm_counter_component|cntr_ct6:auto_generated|safe_q[0] ; cache:inst|cacheline:inst32|lpm_dff0:inst2|lpm_ff:lpm_ff_component|dffs[4] ; clk        ; clk      ; None                        ; None                      ; 2.846 ns                ;
; N/A                                     ; 104.84 MHz ( period = 9.538 ns )                    ; cache:inst|lpm_counter0:inst27|lpm_counter:lpm_counter_component|cntr_ct6:auto_generated|safe_q[0] ; cache:inst|cacheline:inst32|lpm_dff0:inst2|lpm_ff:lpm_ff_component|dffs[5] ; clk        ; clk      ; None                        ; None                      ; 2.846 ns                ;
; N/A                                     ; 104.84 MHz ( period = 9.538 ns )                    ; cache:inst|lpm_counter0:inst27|lpm_counter:lpm_counter_component|cntr_ct6:auto_generated|safe_q[0] ; cache:inst|cacheline:inst32|lpm_dff0:inst2|lpm_ff:lpm_ff_component|dffs[6] ; clk        ; clk      ; None                        ; None                      ; 2.846 ns                ;
; N/A                                     ; 104.84 MHz ( period = 9.538 ns )                    ; cache:inst|lpm_counter0:inst27|lpm_counter:lpm_counter_component|cntr_ct6:auto_generated|safe_q[0] ; cache:inst|cacheline:inst32|lpm_dff0:inst2|lpm_ff:lpm_ff_component|dffs[7] ; clk        ; clk      ; None                        ; None                      ; 2.846 ns                ;
; N/A                                     ; 106.19 MHz ( period = 9.417 ns )                    ; cache:inst|lpm_counter0:inst27|lpm_counter:lpm_counter_component|cntr_ct6:auto_generated|safe_q[1] ; cache:inst|cacheline:inst|lpm_dff0:inst2|lpm_ff:lpm_ff_component|dffs[0]   ; clk        ; clk      ; None                        ; None                      ; 2.719 ns                ;
; N/A                                     ; 106.19 MHz ( period = 9.417 ns )                    ; cache:inst|lpm_counter0:inst27|lpm_counter:lpm_counter_component|cntr_ct6:auto_generated|safe_q[1] ; cache:inst|cacheline:inst|lpm_dff0:inst2|lpm_ff:lpm_ff_component|dffs[1]   ; clk        ; clk      ; None                        ; None                      ; 2.719 ns                ;
; N/A                                     ; 106.19 MHz ( period = 9.417 ns )                    ; cache:inst|lpm_counter0:inst27|lpm_counter:lpm_counter_component|cntr_ct6:auto_generated|safe_q[1] ; cache:inst|cacheline:inst|lpm_dff0:inst2|lpm_ff:lpm_ff_component|dffs[2]   ; clk        ; clk      ; None                        ; None                      ; 2.719 ns                ;
; N/A                                     ; 106.19 MHz ( period = 9.417 ns )                    ; cache:inst|lpm_counter0:inst27|lpm_counter:lpm_counter_component|cntr_ct6:auto_generated|safe_q[1] ; cache:inst|cacheline:inst|lpm_dff0:inst2|lpm_ff:lpm_ff_component|dffs[3]   ; clk        ; clk      ; None                        ; None                      ; 2.719 ns                ;
; N/A                                     ; 106.19 MHz ( period = 9.417 ns )                    ; cache:inst|lpm_counter0:inst27|lpm_counter:lpm_counter_component|cntr_ct6:auto_generated|safe_q[1] ; cache:inst|cacheline:inst|lpm_dff0:inst2|lpm_ff:lpm_ff_component|dffs[4]   ; clk        ; clk      ; None                        ; None                      ; 2.719 ns                ;
; N/A                                     ; 106.19 MHz ( period = 9.417 ns )                    ; cache:inst|lpm_counter0:inst27|lpm_counter:lpm_counter_component|cntr_ct6:auto_generated|safe_q[1] ; cache:inst|cacheline:inst|lpm_dff0:inst2|lpm_ff:lpm_ff_component|dffs[5]   ; clk        ; clk      ; None                        ; None                      ; 2.719 ns                ;
; N/A                                     ; 106.19 MHz ( period = 9.417 ns )                    ; cache:inst|lpm_counter0:inst27|lpm_counter:lpm_counter_component|cntr_ct6:auto_generated|safe_q[1] ; cache:inst|cacheline:inst|lpm_dff0:inst2|lpm_ff:lpm_ff_component|dffs[6]   ; clk        ; clk      ; None                        ; None                      ; 2.719 ns                ;
; N/A                                     ; 106.19 MHz ( period = 9.417 ns )                    ; cache:inst|lpm_counter0:inst27|lpm_counter:lpm_counter_component|cntr_ct6:auto_generated|safe_q[1] ; cache:inst|cacheline:inst|lpm_dff0:inst2|lpm_ff:lpm_ff_component|dffs[7]   ; clk        ; clk      ; None                        ; None                      ; 2.719 ns                ;
; N/A                                     ; 107.12 MHz ( period = 9.335 ns )                    ; cache:inst|lpm_counter0:inst27|lpm_counter:lpm_counter_component|cntr_ct6:auto_generated|safe_q[0] ; cache:inst|cacheline:inst33|lpm_dff0:inst2|lpm_ff:lpm_ff_component|dffs[0] ; clk        ; clk      ; None                        ; None                      ; 2.637 ns                ;
; N/A                                     ; 107.12 MHz ( period = 9.335 ns )                    ; cache:inst|lpm_counter0:inst27|lpm_counter:lpm_counter_component|cntr_ct6:auto_generated|safe_q[0] ; cache:inst|cacheline:inst33|lpm_dff0:inst2|lpm_ff:lpm_ff_component|dffs[2] ; clk        ; clk      ; None                        ; None                      ; 2.637 ns                ;
; N/A                                     ; 107.12 MHz ( period = 9.335 ns )                    ; cache:inst|lpm_counter0:inst27|lpm_counter:lpm_counter_component|cntr_ct6:auto_generated|safe_q[0] ; cache:inst|cacheline:inst33|lpm_dff0:inst2|lpm_ff:lpm_ff_component|dffs[3] ; clk        ; clk      ; None                        ; None                      ; 2.637 ns                ;
; N/A                                     ; 107.12 MHz ( period = 9.335 ns )                    ; cache:inst|lpm_counter0:inst27|lpm_counter:lpm_counter_component|cntr_ct6:auto_generated|safe_q[0] ; cache:inst|cacheline:inst33|lpm_dff0:inst2|lpm_ff:lpm_ff_component|dffs[4] ; clk        ; clk      ; None                        ; None                      ; 2.637 ns                ;
; N/A                                     ; 107.12 MHz ( period = 9.335 ns )                    ; cache:inst|lpm_counter0:inst27|lpm_counter:lpm_counter_component|cntr_ct6:auto_generated|safe_q[0] ; cache:inst|cacheline:inst33|lpm_dff0:inst2|lpm_ff:lpm_ff_component|dffs[5] ; clk        ; clk      ; None                        ; None                      ; 2.637 ns                ;
; N/A                                     ; 107.12 MHz ( period = 9.335 ns )                    ; cache:inst|lpm_counter0:inst27|lpm_counter:lpm_counter_component|cntr_ct6:auto_generated|safe_q[0] ; cache:inst|cacheline:inst33|lpm_dff0:inst2|lpm_ff:lpm_ff_component|dffs[6] ; clk        ; clk      ; None                        ; None                      ; 2.637 ns                ;
; N/A                                     ; 109.41 MHz ( period = 9.140 ns )                    ; cache:inst|lpm_counter0:inst27|lpm_counter:lpm_counter_component|cntr_ct6:auto_generated|safe_q[0] ; cache:inst|cacheline:inst|lpm_dff0:inst2|lpm_ff:lpm_ff_component|dffs[0]   ; clk        ; clk      ; None                        ; None                      ; 2.442 ns                ;
; N/A                                     ; 109.41 MHz ( period = 9.140 ns )                    ; cache:inst|lpm_counter0:inst27|lpm_counter:lpm_counter_component|cntr_ct6:auto_generated|safe_q[0] ; cache:inst|cacheline:inst|lpm_dff0:inst2|lpm_ff:lpm_ff_component|dffs[1]   ; clk        ; clk      ; None                        ; None                      ; 2.442 ns                ;
; N/A                                     ; 109.41 MHz ( period = 9.140 ns )                    ; cache:inst|lpm_counter0:inst27|lpm_counter:lpm_counter_component|cntr_ct6:auto_generated|safe_q[0] ; cache:inst|cacheline:inst|lpm_dff0:inst2|lpm_ff:lpm_ff_component|dffs[2]   ; clk        ; clk      ; None                        ; None                      ; 2.442 ns                ;
; N/A                                     ; 109.41 MHz ( period = 9.140 ns )                    ; cache:inst|lpm_counter0:inst27|lpm_counter:lpm_counter_component|cntr_ct6:auto_generated|safe_q[0] ; cache:inst|cacheline:inst|lpm_dff0:inst2|lpm_ff:lpm_ff_component|dffs[3]   ; clk        ; clk      ; None                        ; None                      ; 2.442 ns                ;
; N/A                                     ; 109.41 MHz ( period = 9.140 ns )                    ; cache:inst|lpm_counter0:inst27|lpm_counter:lpm_counter_component|cntr_ct6:auto_generated|safe_q[0] ; cache:inst|cacheline:inst|lpm_dff0:inst2|lpm_ff:lpm_ff_component|dffs[4]   ; clk        ; clk      ; None                        ; None                      ; 2.442 ns                ;
; N/A                                     ; 109.41 MHz ( period = 9.140 ns )                    ; cache:inst|lpm_counter0:inst27|lpm_counter:lpm_counter_component|cntr_ct6:auto_generated|safe_q[0] ; cache:inst|cacheline:inst|lpm_dff0:inst2|lpm_ff:lpm_ff_component|dffs[5]   ; clk        ; clk      ; None                        ; None                      ; 2.442 ns                ;
; N/A                                     ; 109.41 MHz ( period = 9.140 ns )                    ; cache:inst|lpm_counter0:inst27|lpm_counter:lpm_counter_component|cntr_ct6:auto_generated|safe_q[0] ; cache:inst|cacheline:inst|lpm_dff0:inst2|lpm_ff:lpm_ff_component|dffs[6]   ; clk        ; clk      ; None                        ; None                      ; 2.442 ns                ;
; N/A                                     ; 109.41 MHz ( period = 9.140 ns )                    ; cache:inst|lpm_counter0:inst27|lpm_counter:lpm_counter_component|cntr_ct6:auto_generated|safe_q[0] ; cache:inst|cacheline:inst|lpm_dff0:inst2|lpm_ff:lpm_ff_component|dffs[7]   ; clk        ; clk      ; None                        ; None                      ; 2.442 ns                ;
; N/A                                     ; 111.98 MHz ( period = 8.930 ns )                    ; cache:inst|lpm_counter0:inst27|lpm_counter:lpm_counter_component|cntr_ct6:auto_generated|safe_q[0] ; cache:inst|cacheline:inst34|lpm_dff0:inst2|lpm_ff:lpm_ff_component|dffs[0] ; clk        ; clk      ; None                        ; None                      ; 2.238 ns                ;
; N/A                                     ; 111.98 MHz ( period = 8.930 ns )                    ; cache:inst|lpm_counter0:inst27|lpm_counter:lpm_counter_component|cntr_ct6:auto_generated|safe_q[0] ; cache:inst|cacheline:inst34|lpm_dff0:inst2|lpm_ff:lpm_ff_component|dffs[1] ; clk        ; clk      ; None                        ; None                      ; 2.238 ns                ;
; N/A                                     ; 111.98 MHz ( period = 8.930 ns )                    ; cache:inst|lpm_counter0:inst27|lpm_counter:lpm_counter_component|cntr_ct6:auto_generated|safe_q[0] ; cache:inst|cacheline:inst34|lpm_dff0:inst2|lpm_ff:lpm_ff_component|dffs[2] ; clk        ; clk      ; None                        ; None                      ; 2.238 ns                ;
; N/A                                     ; 111.98 MHz ( period = 8.930 ns )                    ; cache:inst|lpm_counter0:inst27|lpm_counter:lpm_counter_component|cntr_ct6:auto_generated|safe_q[0] ; cache:inst|cacheline:inst34|lpm_dff0:inst2|lpm_ff:lpm_ff_component|dffs[3] ; clk        ; clk      ; None                        ; None                      ; 2.238 ns                ;
; N/A                                     ; 111.98 MHz ( period = 8.930 ns )                    ; cache:inst|lpm_counter0:inst27|lpm_counter:lpm_counter_component|cntr_ct6:auto_generated|safe_q[0] ; cache:inst|cacheline:inst34|lpm_dff0:inst2|lpm_ff:lpm_ff_component|dffs[4] ; clk        ; clk      ; None                        ; None                      ; 2.238 ns                ;
; N/A                                     ; 111.98 MHz ( period = 8.930 ns )                    ; cache:inst|lpm_counter0:inst27|lpm_counter:lpm_counter_component|cntr_ct6:auto_generated|safe_q[0] ; cache:inst|cacheline:inst34|lpm_dff0:inst2|lpm_ff:lpm_ff_component|dffs[5] ; clk        ; clk      ; None                        ; None                      ; 2.238 ns                ;
; N/A                                     ; 111.98 MHz ( period = 8.930 ns )                    ; cache:inst|lpm_counter0:inst27|lpm_counter:lpm_counter_component|cntr_ct6:auto_generated|safe_q[0] ; cache:inst|cacheline:inst34|lpm_dff0:inst2|lpm_ff:lpm_ff_component|dffs[6] ; clk        ; clk      ; None                        ; None                      ; 2.238 ns                ;
; N/A                                     ; 111.98 MHz ( period = 8.930 ns )                    ; cache:inst|lpm_counter0:inst27|lpm_counter:lpm_counter_component|cntr_ct6:auto_generated|safe_q[0] ; cache:inst|cacheline:inst34|lpm_dff0:inst2|lpm_ff:lpm_ff_component|dffs[7] ; clk        ; clk      ; None                        ; None                      ; 2.238 ns                ;
; N/A                                     ; 113.11 MHz ( period = 8.841 ns )                    ; cache:inst|lpm_counter0:inst27|lpm_counter:lpm_counter_component|cntr_ct6:auto_generated|safe_q[1] ; cache:inst|cacheline:inst34|lpm_dff0:inst2|lpm_ff:lpm_ff_component|dffs[0] ; clk        ; clk      ; None                        ; None                      ; 2.149 ns                ;
; N/A                                     ; 113.11 MHz ( period = 8.841 ns )                    ; cache:inst|lpm_counter0:inst27|lpm_counter:lpm_counter_component|cntr_ct6:auto_generated|safe_q[1] ; cache:inst|cacheline:inst34|lpm_dff0:inst2|lpm_ff:lpm_ff_component|dffs[1] ; clk        ; clk      ; None                        ; None                      ; 2.149 ns                ;
; N/A                                     ; 113.11 MHz ( period = 8.841 ns )                    ; cache:inst|lpm_counter0:inst27|lpm_counter:lpm_counter_component|cntr_ct6:auto_generated|safe_q[1] ; cache:inst|cacheline:inst34|lpm_dff0:inst2|lpm_ff:lpm_ff_component|dffs[2] ; clk        ; clk      ; None                        ; None                      ; 2.149 ns                ;
; N/A                                     ; 113.11 MHz ( period = 8.841 ns )                    ; cache:inst|lpm_counter0:inst27|lpm_counter:lpm_counter_component|cntr_ct6:auto_generated|safe_q[1] ; cache:inst|cacheline:inst34|lpm_dff0:inst2|lpm_ff:lpm_ff_component|dffs[3] ; clk        ; clk      ; None                        ; None                      ; 2.149 ns                ;
; N/A                                     ; 113.11 MHz ( period = 8.841 ns )                    ; cache:inst|lpm_counter0:inst27|lpm_counter:lpm_counter_component|cntr_ct6:auto_generated|safe_q[1] ; cache:inst|cacheline:inst34|lpm_dff0:inst2|lpm_ff:lpm_ff_component|dffs[4] ; clk        ; clk      ; None                        ; None                      ; 2.149 ns                ;
; N/A                                     ; 113.11 MHz ( period = 8.841 ns )                    ; cache:inst|lpm_counter0:inst27|lpm_counter:lpm_counter_component|cntr_ct6:auto_generated|safe_q[1] ; cache:inst|cacheline:inst34|lpm_dff0:inst2|lpm_ff:lpm_ff_component|dffs[5] ; clk        ; clk      ; None                        ; None                      ; 2.149 ns                ;
; N/A                                     ; 113.11 MHz ( period = 8.841 ns )                    ; cache:inst|lpm_counter0:inst27|lpm_counter:lpm_counter_component|cntr_ct6:auto_generated|safe_q[1] ; cache:inst|cacheline:inst34|lpm_dff0:inst2|lpm_ff:lpm_ff_component|dffs[6] ; clk        ; clk      ; None                        ; None                      ; 2.149 ns                ;
; N/A                                     ; 113.11 MHz ( period = 8.841 ns )                    ; cache:inst|lpm_counter0:inst27|lpm_counter:lpm_counter_component|cntr_ct6:auto_generated|safe_q[1] ; cache:inst|cacheline:inst34|lpm_dff0:inst2|lpm_ff:lpm_ff_component|dffs[7] ; clk        ; clk      ; None                        ; None                      ; 2.149 ns                ;
; N/A                                     ; 113.69 MHz ( period = 8.796 ns )                    ; cache:inst|lpm_counter0:inst27|lpm_counter:lpm_counter_component|cntr_ct6:auto_generated|safe_q[0] ; cache:inst|cacheline:inst34|lpm_dff0:inst1|lpm_ff:lpm_ff_component|dffs[5] ; clk        ; clk      ; None                        ; None                      ; 2.107 ns                ;
; N/A                                     ; 113.69 MHz ( period = 8.796 ns )                    ; cache:inst|lpm_counter0:inst27|lpm_counter:lpm_counter_component|cntr_ct6:auto_generated|safe_q[0] ; cache:inst|cacheline:inst34|lpm_dff0:inst1|lpm_ff:lpm_ff_component|dffs[7] ; clk        ; clk      ; None                        ; None                      ; 2.107 ns                ;
; N/A                                     ; 114.00 MHz ( period = 8.772 ns )                    ; cache:inst|lpm_counter0:inst27|lpm_counter:lpm_counter_component|cntr_ct6:auto_generated|safe_q[0] ; cache:inst|cacheline:inst33|lpm_dff0:inst1|lpm_ff:lpm_ff_component|dffs[0] ; clk        ; clk      ; None                        ; None                      ; 2.083 ns                ;
; N/A                                     ; 114.00 MHz ( period = 8.772 ns )                    ; cache:inst|lpm_counter0:inst27|lpm_counter:lpm_counter_component|cntr_ct6:auto_generated|safe_q[0] ; cache:inst|cacheline:inst33|lpm_dff0:inst1|lpm_ff:lpm_ff_component|dffs[6] ; clk        ; clk      ; None                        ; None                      ; 2.083 ns                ;
; N/A                                     ; 114.00 MHz ( period = 8.772 ns )                    ; cache:inst|lpm_counter0:inst27|lpm_counter:lpm_counter_component|cntr_ct6:auto_generated|safe_q[0] ; cache:inst|cacheline:inst33|lpm_dff0:inst1|lpm_ff:lpm_ff_component|dffs[5] ; clk        ; clk      ; None                        ; None                      ; 2.083 ns                ;
; N/A                                     ; 114.00 MHz ( period = 8.772 ns )                    ; cache:inst|lpm_counter0:inst27|lpm_counter:lpm_counter_component|cntr_ct6:auto_generated|safe_q[0] ; cache:inst|cacheline:inst33|lpm_dff0:inst1|lpm_ff:lpm_ff_component|dffs[2] ; clk        ; clk      ; None                        ; None                      ; 2.083 ns                ;
; N/A                                     ; 114.10 MHz ( period = 8.764 ns )                    ; cache:inst|lpm_counter0:inst27|lpm_counter:lpm_counter_component|cntr_ct6:auto_generated|safe_q[0] ; cache:inst|cacheline:inst|lpm_dff0:inst1|lpm_ff:lpm_ff_component|dffs[2]   ; clk        ; clk      ; None                        ; None                      ; 2.075 ns                ;
; N/A                                     ; 114.10 MHz ( period = 8.764 ns )                    ; cache:inst|lpm_counter0:inst27|lpm_counter:lpm_counter_component|cntr_ct6:auto_generated|safe_q[0] ; cache:inst|cacheline:inst|lpm_dff0:inst1|lpm_ff:lpm_ff_component|dffs[3]   ; clk        ; clk      ; None                        ; None                      ; 2.075 ns                ;
; N/A                                     ; 114.10 MHz ( period = 8.764 ns )                    ; cache:inst|lpm_counter0:inst27|lpm_counter:lpm_counter_component|cntr_ct6:auto_generated|safe_q[0] ; cache:inst|cacheline:inst|lpm_dff0:inst1|lpm_ff:lpm_ff_component|dffs[7]   ; clk        ; clk      ; None                        ; None                      ; 2.075 ns                ;
; N/A                                     ; 114.18 MHz ( period = 8.758 ns )                    ; cache:inst|lpm_counter0:inst27|lpm_counter:lpm_counter_component|cntr_ct6:auto_generated|safe_q[0] ; cache:inst|cacheline:inst33|lpm_dff0:inst1|lpm_ff:lpm_ff_component|dffs[4] ; clk        ; clk      ; None                        ; None                      ; 2.069 ns                ;
; N/A                                     ; 114.18 MHz ( period = 8.758 ns )                    ; cache:inst|lpm_counter0:inst27|lpm_counter:lpm_counter_component|cntr_ct6:auto_generated|safe_q[0] ; cache:inst|cacheline:inst33|lpm_dff0:inst1|lpm_ff:lpm_ff_component|dffs[1] ; clk        ; clk      ; None                        ; None                      ; 2.069 ns                ;
; N/A                                     ; 114.18 MHz ( period = 8.758 ns )                    ; cache:inst|lpm_counter0:inst27|lpm_counter:lpm_counter_component|cntr_ct6:auto_generated|safe_q[0] ; cache:inst|cacheline:inst33|lpm_dff0:inst1|lpm_ff:lpm_ff_component|dffs[7] ; clk        ; clk      ; None                        ; None                      ; 2.069 ns                ;
; N/A                                     ; 114.18 MHz ( period = 8.758 ns )                    ; cache:inst|lpm_counter0:inst27|lpm_counter:lpm_counter_component|cntr_ct6:auto_generated|safe_q[0] ; cache:inst|cacheline:inst33|lpm_dff0:inst1|lpm_ff:lpm_ff_component|dffs[3] ; clk        ; clk      ; None                        ; None                      ; 2.069 ns                ;
; N/A                                     ; 115.22 MHz ( period = 8.679 ns )                    ; cache:inst|lpm_counter0:inst27|lpm_counter:lpm_counter_component|cntr_ct6:auto_generated|safe_q[1] ; cache:inst|cacheline:inst34|lpm_dff0:inst1|lpm_ff:lpm_ff_component|dffs[5] ; clk        ; clk      ; None                        ; None                      ; 1.990 ns                ;
; N/A                                     ; 115.22 MHz ( period = 8.679 ns )                    ; cache:inst|lpm_counter0:inst27|lpm_counter:lpm_counter_component|cntr_ct6:auto_generated|safe_q[1] ; cache:inst|cacheline:inst34|lpm_dff0:inst1|lpm_ff:lpm_ff_component|dffs[7] ; clk        ; clk      ; None                        ; None                      ; 1.990 ns                ;
; N/A                                     ; 115.55 MHz ( period = 8.654 ns )                    ; cache:inst|lpm_counter0:inst27|lpm_counter:lpm_counter_component|cntr_ct6:auto_generated|safe_q[1] ; cache:inst|cacheline:inst33|lpm_dff0:inst1|lpm_ff:lpm_ff_component|dffs[0] ; clk        ; clk      ; None                        ; None                      ; 1.965 ns                ;
; N/A                                     ; 115.55 MHz ( period = 8.654 ns )                    ; cache:inst|lpm_counter0:inst27|lpm_counter:lpm_counter_component|cntr_ct6:auto_generated|safe_q[1] ; cache:inst|cacheline:inst33|lpm_dff0:inst1|lpm_ff:lpm_ff_component|dffs[6] ; clk        ; clk      ; None                        ; None                      ; 1.965 ns                ;
; N/A                                     ; 115.55 MHz ( period = 8.654 ns )                    ; cache:inst|lpm_counter0:inst27|lpm_counter:lpm_counter_component|cntr_ct6:auto_generated|safe_q[1] ; cache:inst|cacheline:inst33|lpm_dff0:inst1|lpm_ff:lpm_ff_component|dffs[5] ; clk        ; clk      ; None                        ; None                      ; 1.965 ns                ;
; N/A                                     ; 115.55 MHz ( period = 8.654 ns )                    ; cache:inst|lpm_counter0:inst27|lpm_counter:lpm_counter_component|cntr_ct6:auto_generated|safe_q[1] ; cache:inst|cacheline:inst33|lpm_dff0:inst1|lpm_ff:lpm_ff_component|dffs[2] ; clk        ; clk      ; None                        ; None                      ; 1.965 ns                ;
; N/A                                     ; 115.65 MHz ( period = 8.647 ns )                    ; cache:inst|lpm_counter0:inst27|lpm_counter:lpm_counter_component|cntr_ct6:auto_generated|safe_q[1] ; cache:inst|cacheline:inst|lpm_dff0:inst1|lpm_ff:lpm_ff_component|dffs[2]   ; clk        ; clk      ; None                        ; None                      ; 1.958 ns                ;
; N/A                                     ; 115.65 MHz ( period = 8.647 ns )                    ; cache:inst|lpm_counter0:inst27|lpm_counter:lpm_counter_component|cntr_ct6:auto_generated|safe_q[1] ; cache:inst|cacheline:inst|lpm_dff0:inst1|lpm_ff:lpm_ff_component|dffs[3]   ; clk        ; clk      ; None                        ; None                      ; 1.958 ns                ;
; N/A                                     ; 115.65 MHz ( period = 8.647 ns )                    ; cache:inst|lpm_counter0:inst27|lpm_counter:lpm_counter_component|cntr_ct6:auto_generated|safe_q[1] ; cache:inst|cacheline:inst|lpm_dff0:inst1|lpm_ff:lpm_ff_component|dffs[7]   ; clk        ; clk      ; None                        ; None                      ; 1.958 ns                ;
; N/A                                     ; 115.74 MHz ( period = 8.640 ns )                    ; cache:inst|lpm_counter0:inst27|lpm_counter:lpm_counter_component|cntr_ct6:auto_generated|safe_q[1] ; cache:inst|cacheline:inst33|lpm_dff0:inst1|lpm_ff:lpm_ff_component|dffs[4] ; clk        ; clk      ; None                        ; None                      ; 1.951 ns                ;
; N/A                                     ; 115.74 MHz ( period = 8.640 ns )                    ; cache:inst|lpm_counter0:inst27|lpm_counter:lpm_counter_component|cntr_ct6:auto_generated|safe_q[1] ; cache:inst|cacheline:inst33|lpm_dff0:inst1|lpm_ff:lpm_ff_component|dffs[1] ; clk        ; clk      ; None                        ; None                      ; 1.951 ns                ;
; N/A                                     ; 115.74 MHz ( period = 8.640 ns )                    ; cache:inst|lpm_counter0:inst27|lpm_counter:lpm_counter_component|cntr_ct6:auto_generated|safe_q[1] ; cache:inst|cacheline:inst33|lpm_dff0:inst1|lpm_ff:lpm_ff_component|dffs[7] ; clk        ; clk      ; None                        ; None                      ; 1.951 ns                ;
; N/A                                     ; 115.74 MHz ( period = 8.640 ns )                    ; cache:inst|lpm_counter0:inst27|lpm_counter:lpm_counter_component|cntr_ct6:auto_generated|safe_q[1] ; cache:inst|cacheline:inst33|lpm_dff0:inst1|lpm_ff:lpm_ff_component|dffs[3] ; clk        ; clk      ; None                        ; None                      ; 1.951 ns                ;
; N/A                                     ; 117.51 MHz ( period = 8.510 ns )                    ; cache:inst|lpm_counter0:inst27|lpm_counter:lpm_counter_component|cntr_ct6:auto_generated|safe_q[0] ; cache:inst|cacheline:inst34|lpm_dff0:inst1|lpm_ff:lpm_ff_component|dffs[0] ; clk        ; clk      ; None                        ; None                      ; 1.821 ns                ;
; N/A                                     ; 117.51 MHz ( period = 8.510 ns )                    ; cache:inst|lpm_counter0:inst27|lpm_counter:lpm_counter_component|cntr_ct6:auto_generated|safe_q[0] ; cache:inst|cacheline:inst34|lpm_dff0:inst1|lpm_ff:lpm_ff_component|dffs[6] ; clk        ; clk      ; None                        ; None                      ; 1.821 ns                ;
; N/A                                     ; 117.51 MHz ( period = 8.510 ns )                    ; cache:inst|lpm_counter0:inst27|lpm_counter:lpm_counter_component|cntr_ct6:auto_generated|safe_q[0] ; cache:inst|cacheline:inst34|lpm_dff0:inst1|lpm_ff:lpm_ff_component|dffs[4] ; clk        ; clk      ; None                        ; None                      ; 1.821 ns                ;
; N/A                                     ; 117.51 MHz ( period = 8.510 ns )                    ; cache:inst|lpm_counter0:inst27|lpm_counter:lpm_counter_component|cntr_ct6:auto_generated|safe_q[0] ; cache:inst|cacheline:inst34|lpm_dff0:inst1|lpm_ff:lpm_ff_component|dffs[1] ; clk        ; clk      ; None                        ; None                      ; 1.821 ns                ;
; N/A                                     ; 117.51 MHz ( period = 8.510 ns )                    ; cache:inst|lpm_counter0:inst27|lpm_counter:lpm_counter_component|cntr_ct6:auto_generated|safe_q[0] ; cache:inst|cacheline:inst34|lpm_dff0:inst1|lpm_ff:lpm_ff_component|dffs[2] ; clk        ; clk      ; None                        ; None                      ; 1.821 ns                ;
; N/A                                     ; 117.51 MHz ( period = 8.510 ns )                    ; cache:inst|lpm_counter0:inst27|lpm_counter:lpm_counter_component|cntr_ct6:auto_generated|safe_q[0] ; cache:inst|cacheline:inst34|lpm_dff0:inst1|lpm_ff:lpm_ff_component|dffs[3] ; clk        ; clk      ; None                        ; None                      ; 1.821 ns                ;
; N/A                                     ; 119.15 MHz ( period = 8.393 ns )                    ; cache:inst|lpm_counter0:inst27|lpm_counter:lpm_counter_component|cntr_ct6:auto_generated|safe_q[1] ; cache:inst|cacheline:inst34|lpm_dff0:inst1|lpm_ff:lpm_ff_component|dffs[0] ; clk        ; clk      ; None                        ; None                      ; 1.704 ns                ;
; N/A                                     ; 119.15 MHz ( period = 8.393 ns )                    ; cache:inst|lpm_counter0:inst27|lpm_counter:lpm_counter_component|cntr_ct6:auto_generated|safe_q[1] ; cache:inst|cacheline:inst34|lpm_dff0:inst1|lpm_ff:lpm_ff_component|dffs[6] ; clk        ; clk      ; None                        ; None                      ; 1.704 ns                ;
; N/A                                     ; 119.15 MHz ( period = 8.393 ns )                    ; cache:inst|lpm_counter0:inst27|lpm_counter:lpm_counter_component|cntr_ct6:auto_generated|safe_q[1] ; cache:inst|cacheline:inst34|lpm_dff0:inst1|lpm_ff:lpm_ff_component|dffs[4] ; clk        ; clk      ; None                        ; None                      ; 1.704 ns                ;
; N/A                                     ; 119.15 MHz ( period = 8.393 ns )                    ; cache:inst|lpm_counter0:inst27|lpm_counter:lpm_counter_component|cntr_ct6:auto_generated|safe_q[1] ; cache:inst|cacheline:inst34|lpm_dff0:inst1|lpm_ff:lpm_ff_component|dffs[1] ; clk        ; clk      ; None                        ; None                      ; 1.704 ns                ;
; N/A                                     ; 119.15 MHz ( period = 8.393 ns )                    ; cache:inst|lpm_counter0:inst27|lpm_counter:lpm_counter_component|cntr_ct6:auto_generated|safe_q[1] ; cache:inst|cacheline:inst34|lpm_dff0:inst1|lpm_ff:lpm_ff_component|dffs[2] ; clk        ; clk      ; None                        ; None                      ; 1.704 ns                ;
; N/A                                     ; 119.15 MHz ( period = 8.393 ns )                    ; cache:inst|lpm_counter0:inst27|lpm_counter:lpm_counter_component|cntr_ct6:auto_generated|safe_q[1] ; cache:inst|cacheline:inst34|lpm_dff0:inst1|lpm_ff:lpm_ff_component|dffs[3] ; clk        ; clk      ; None                        ; None                      ; 1.704 ns                ;
; N/A                                     ; 119.90 MHz ( period = 8.340 ns )                    ; cache:inst|lpm_counter0:inst27|lpm_counter:lpm_counter_component|cntr_ct6:auto_generated|safe_q[0] ; cache:inst|cacheline:inst|lpm_dff0:inst1|lpm_ff:lpm_ff_component|dffs[6]   ; clk        ; clk      ; None                        ; None                      ; 1.651 ns                ;
; N/A                                     ; 119.90 MHz ( period = 8.340 ns )                    ; cache:inst|lpm_counter0:inst27|lpm_counter:lpm_counter_component|cntr_ct6:auto_generated|safe_q[0] ; cache:inst|cacheline:inst|lpm_dff0:inst1|lpm_ff:lpm_ff_component|dffs[0]   ; clk        ; clk      ; None                        ; None                      ; 1.651 ns                ;
; N/A                                     ; 119.90 MHz ( period = 8.340 ns )                    ; cache:inst|lpm_counter0:inst27|lpm_counter:lpm_counter_component|cntr_ct6:auto_generated|safe_q[0] ; cache:inst|cacheline:inst|lpm_dff0:inst1|lpm_ff:lpm_ff_component|dffs[1]   ; clk        ; clk      ; None                        ; None                      ; 1.651 ns                ;
; N/A                                     ; 119.90 MHz ( period = 8.340 ns )                    ; cache:inst|lpm_counter0:inst27|lpm_counter:lpm_counter_component|cntr_ct6:auto_generated|safe_q[0] ; cache:inst|cacheline:inst|lpm_dff0:inst1|lpm_ff:lpm_ff_component|dffs[4]   ; clk        ; clk      ; None                        ; None                      ; 1.651 ns                ;
; N/A                                     ; 119.90 MHz ( period = 8.340 ns )                    ; cache:inst|lpm_counter0:inst27|lpm_counter:lpm_counter_component|cntr_ct6:auto_generated|safe_q[0] ; cache:inst|cacheline:inst|lpm_dff0:inst1|lpm_ff:lpm_ff_component|dffs[5]   ; clk        ; clk      ; None                        ; None                      ; 1.651 ns                ;
; N/A                                     ; 121.61 MHz ( period = 8.223 ns )                    ; cache:inst|lpm_counter0:inst27|lpm_counter:lpm_counter_component|cntr_ct6:auto_generated|safe_q[1] ; cache:inst|cacheline:inst|lpm_dff0:inst1|lpm_ff:lpm_ff_component|dffs[6]   ; clk        ; clk      ; None                        ; None                      ; 1.534 ns                ;
; N/A                                     ; 121.61 MHz ( period = 8.223 ns )                    ; cache:inst|lpm_counter0:inst27|lpm_counter:lpm_counter_component|cntr_ct6:auto_generated|safe_q[1] ; cache:inst|cacheline:inst|lpm_dff0:inst1|lpm_ff:lpm_ff_component|dffs[0]   ; clk        ; clk      ; None                        ; None                      ; 1.534 ns                ;
; N/A                                     ; 121.61 MHz ( period = 8.223 ns )                    ; cache:inst|lpm_counter0:inst27|lpm_counter:lpm_counter_component|cntr_ct6:auto_generated|safe_q[1] ; cache:inst|cacheline:inst|lpm_dff0:inst1|lpm_ff:lpm_ff_component|dffs[1]   ; clk        ; clk      ; None                        ; None                      ; 1.534 ns                ;
; N/A                                     ; 121.61 MHz ( period = 8.223 ns )                    ; cache:inst|lpm_counter0:inst27|lpm_counter:lpm_counter_component|cntr_ct6:auto_generated|safe_q[1] ; cache:inst|cacheline:inst|lpm_dff0:inst1|lpm_ff:lpm_ff_component|dffs[4]   ; clk        ; clk      ; None                        ; None                      ; 1.534 ns                ;
; N/A                                     ; 121.61 MHz ( period = 8.223 ns )                    ; cache:inst|lpm_counter0:inst27|lpm_counter:lpm_counter_component|cntr_ct6:auto_generated|safe_q[1] ; cache:inst|cacheline:inst|lpm_dff0:inst1|lpm_ff:lpm_ff_component|dffs[5]   ; clk        ; clk      ; None                        ; None                      ; 1.534 ns                ;
; N/A                                     ; 169.98 MHz ( period = 5.883 ns )                    ; cache:inst|cacheline:inst|lpm_dff0:inst1|lpm_ff:lpm_ff_component|dffs[4]                           ; cache:inst|cacheline:inst32|lpm_dff0:inst1|lpm_ff:lpm_ff_component|dffs[0] ; clk        ; clk      ; None                        ; None                      ; 5.717 ns                ;
; N/A                                     ; 169.98 MHz ( period = 5.883 ns )                    ; cache:inst|cacheline:inst|lpm_dff0:inst1|lpm_ff:lpm_ff_component|dffs[4]                           ; cache:inst|cacheline:inst32|lpm_dff0:inst1|lpm_ff:lpm_ff_component|dffs[6] ; clk        ; clk      ; None                        ; None                      ; 5.717 ns                ;
; N/A                                     ; 169.98 MHz ( period = 5.883 ns )                    ; cache:inst|cacheline:inst|lpm_dff0:inst1|lpm_ff:lpm_ff_component|dffs[4]                           ; cache:inst|cacheline:inst32|lpm_dff0:inst1|lpm_ff:lpm_ff_component|dffs[5] ; clk        ; clk      ; None                        ; None                      ; 5.717 ns                ;
; N/A                                     ; 169.98 MHz ( period = 5.883 ns )                    ; cache:inst|cacheline:inst|lpm_dff0:inst1|lpm_ff:lpm_ff_component|dffs[4]                           ; cache:inst|cacheline:inst32|lpm_dff0:inst1|lpm_ff:lpm_ff_component|dffs[2] ; clk        ; clk      ; None                        ; None                      ; 5.717 ns                ;
; N/A                                     ; 169.98 MHz ( period = 5.883 ns )                    ; cache:inst|cacheline:inst|lpm_dff0:inst1|lpm_ff:lpm_ff_component|dffs[4]                           ; cache:inst|cacheline:inst32|lpm_dff0:inst1|lpm_ff:lpm_ff_component|dffs[7] ; clk        ; clk      ; None                        ; None                      ; 5.717 ns                ;
; N/A                                     ; 169.98 MHz ( period = 5.883 ns )                    ; cache:inst|cacheline:inst|lpm_dff0:inst1|lpm_ff:lpm_ff_component|dffs[4]                           ; cache:inst|cacheline:inst32|lpm_dff0:inst1|lpm_ff:lpm_ff_component|dffs[3] ; clk        ; clk      ; None                        ; None                      ; 5.717 ns                ;
; N/A                                     ; 170.62 MHz ( period = 5.861 ns )                    ; cache:inst|cacheline:inst|lpm_dff0:inst1|lpm_ff:lpm_ff_component|dffs[4]                           ; cache:inst|cacheline:inst32|lpm_dff0:inst1|lpm_ff:lpm_ff_component|dffs[4] ; clk        ; clk      ; None                        ; None                      ; 5.695 ns                ;
; N/A                                     ; 170.62 MHz ( period = 5.861 ns )                    ; cache:inst|cacheline:inst|lpm_dff0:inst1|lpm_ff:lpm_ff_component|dffs[4]                           ; cache:inst|cacheline:inst32|lpm_dff0:inst1|lpm_ff:lpm_ff_component|dffs[1] ; clk        ; clk      ; None                        ; None                      ; 5.695 ns                ;
; N/A                                     ; 170.79 MHz ( period = 5.855 ns )                    ; cache:inst|cacheline:inst|lpm_dff0:inst1|lpm_ff:lpm_ff_component|dffs[4]                           ; cache:inst|cacheline:inst34|lpm_dff0:inst2|lpm_ff:lpm_ff_component|dffs[0] ; clk        ; clk      ; None                        ; None                      ; 5.686 ns                ;
; N/A                                     ; 170.79 MHz ( period = 5.855 ns )                    ; cache:inst|cacheline:inst|lpm_dff0:inst1|lpm_ff:lpm_ff_component|dffs[4]                           ; cache:inst|cacheline:inst34|lpm_dff0:inst2|lpm_ff:lpm_ff_component|dffs[1] ; clk        ; clk      ; None                        ; None                      ; 5.686 ns                ;
; N/A                                     ; 170.79 MHz ( period = 5.855 ns )                    ; cache:inst|cacheline:inst|lpm_dff0:inst1|lpm_ff:lpm_ff_component|dffs[4]                           ; cache:inst|cacheline:inst34|lpm_dff0:inst2|lpm_ff:lpm_ff_component|dffs[2] ; clk        ; clk      ; None                        ; None                      ; 5.686 ns                ;
; N/A                                     ; 170.79 MHz ( period = 5.855 ns )                    ; cache:inst|cacheline:inst|lpm_dff0:inst1|lpm_ff:lpm_ff_component|dffs[4]                           ; cache:inst|cacheline:inst34|lpm_dff0:inst2|lpm_ff:lpm_ff_component|dffs[3] ; clk        ; clk      ; None                        ; None                      ; 5.686 ns                ;
; N/A                                     ; 170.79 MHz ( period = 5.855 ns )                    ; cache:inst|cacheline:inst|lpm_dff0:inst1|lpm_ff:lpm_ff_component|dffs[4]                           ; cache:inst|cacheline:inst34|lpm_dff0:inst2|lpm_ff:lpm_ff_component|dffs[4] ; clk        ; clk      ; None                        ; None                      ; 5.686 ns                ;
; N/A                                     ; 170.79 MHz ( period = 5.855 ns )                    ; cache:inst|cacheline:inst|lpm_dff0:inst1|lpm_ff:lpm_ff_component|dffs[4]                           ; cache:inst|cacheline:inst34|lpm_dff0:inst2|lpm_ff:lpm_ff_component|dffs[5] ; clk        ; clk      ; None                        ; None                      ; 5.686 ns                ;
; N/A                                     ; 170.79 MHz ( period = 5.855 ns )                    ; cache:inst|cacheline:inst|lpm_dff0:inst1|lpm_ff:lpm_ff_component|dffs[4]                           ; cache:inst|cacheline:inst34|lpm_dff0:inst2|lpm_ff:lpm_ff_component|dffs[6] ; clk        ; clk      ; None                        ; None                      ; 5.686 ns                ;
; N/A                                     ; 170.79 MHz ( period = 5.855 ns )                    ; cache:inst|cacheline:inst|lpm_dff0:inst1|lpm_ff:lpm_ff_component|dffs[4]                           ; cache:inst|cacheline:inst34|lpm_dff0:inst2|lpm_ff:lpm_ff_component|dffs[7] ; clk        ; clk      ; None                        ; None                      ; 5.686 ns                ;
; N/A                                     ; 173.55 MHz ( period = 5.762 ns )                    ; cache:inst|cacheline:inst|lpm_dff0:inst1|lpm_ff:lpm_ff_component|dffs[0]                           ; cache:inst|cacheline:inst32|lpm_dff0:inst1|lpm_ff:lpm_ff_component|dffs[0] ; clk        ; clk      ; None                        ; None                      ; 5.596 ns                ;
; N/A                                     ; 173.55 MHz ( period = 5.762 ns )                    ; cache:inst|cacheline:inst|lpm_dff0:inst1|lpm_ff:lpm_ff_component|dffs[0]                           ; cache:inst|cacheline:inst32|lpm_dff0:inst1|lpm_ff:lpm_ff_component|dffs[6] ; clk        ; clk      ; None                        ; None                      ; 5.596 ns                ;
; N/A                                     ; 173.55 MHz ( period = 5.762 ns )                    ; cache:inst|cacheline:inst|lpm_dff0:inst1|lpm_ff:lpm_ff_component|dffs[0]                           ; cache:inst|cacheline:inst32|lpm_dff0:inst1|lpm_ff:lpm_ff_component|dffs[5] ; clk        ; clk      ; None                        ; None                      ; 5.596 ns                ;
; N/A                                     ; 173.55 MHz ( period = 5.762 ns )                    ; cache:inst|cacheline:inst|lpm_dff0:inst1|lpm_ff:lpm_ff_component|dffs[0]                           ; cache:inst|cacheline:inst32|lpm_dff0:inst1|lpm_ff:lpm_ff_component|dffs[2] ; clk        ; clk      ; None                        ; None                      ; 5.596 ns                ;
; N/A                                     ; 173.55 MHz ( period = 5.762 ns )                    ; cache:inst|cacheline:inst|lpm_dff0:inst1|lpm_ff:lpm_ff_component|dffs[0]                           ; cache:inst|cacheline:inst32|lpm_dff0:inst1|lpm_ff:lpm_ff_component|dffs[7] ; clk        ; clk      ; None                        ; None                      ; 5.596 ns                ;
; N/A                                     ; 173.55 MHz ( period = 5.762 ns )                    ; cache:inst|cacheline:inst|lpm_dff0:inst1|lpm_ff:lpm_ff_component|dffs[0]                           ; cache:inst|cacheline:inst32|lpm_dff0:inst1|lpm_ff:lpm_ff_component|dffs[3] ; clk        ; clk      ; None                        ; None                      ; 5.596 ns                ;
; N/A                                     ; 174.22 MHz ( period = 5.740 ns )                    ; cache:inst|cacheline:inst|lpm_dff0:inst1|lpm_ff:lpm_ff_component|dffs[0]                           ; cache:inst|cacheline:inst32|lpm_dff0:inst1|lpm_ff:lpm_ff_component|dffs[4] ; clk        ; clk      ; None                        ; None                      ; 5.574 ns                ;
; N/A                                     ; 174.22 MHz ( period = 5.740 ns )                    ; cache:inst|cacheline:inst|lpm_dff0:inst1|lpm_ff:lpm_ff_component|dffs[0]                           ; cache:inst|cacheline:inst32|lpm_dff0:inst1|lpm_ff:lpm_ff_component|dffs[1] ; clk        ; clk      ; None                        ; None                      ; 5.574 ns                ;
; N/A                                     ; 174.40 MHz ( period = 5.734 ns )                    ; cache:inst|cacheline:inst|lpm_dff0:inst1|lpm_ff:lpm_ff_component|dffs[0]                           ; cache:inst|cacheline:inst34|lpm_dff0:inst2|lpm_ff:lpm_ff_component|dffs[0] ; clk        ; clk      ; None                        ; None                      ; 5.565 ns                ;
; N/A                                     ; 174.40 MHz ( period = 5.734 ns )                    ; cache:inst|cacheline:inst|lpm_dff0:inst1|lpm_ff:lpm_ff_component|dffs[0]                           ; cache:inst|cacheline:inst34|lpm_dff0:inst2|lpm_ff:lpm_ff_component|dffs[1] ; clk        ; clk      ; None                        ; None                      ; 5.565 ns                ;
; N/A                                     ; 174.40 MHz ( period = 5.734 ns )                    ; cache:inst|cacheline:inst|lpm_dff0:inst1|lpm_ff:lpm_ff_component|dffs[0]                           ; cache:inst|cacheline:inst34|lpm_dff0:inst2|lpm_ff:lpm_ff_component|dffs[2] ; clk        ; clk      ; None                        ; None                      ; 5.565 ns                ;
; N/A                                     ; 174.40 MHz ( period = 5.734 ns )                    ; cache:inst|cacheline:inst|lpm_dff0:inst1|lpm_ff:lpm_ff_component|dffs[0]                           ; cache:inst|cacheline:inst34|lpm_dff0:inst2|lpm_ff:lpm_ff_component|dffs[3] ; clk        ; clk      ; None                        ; None                      ; 5.565 ns                ;
; N/A                                     ; 174.40 MHz ( period = 5.734 ns )                    ; cache:inst|cacheline:inst|lpm_dff0:inst1|lpm_ff:lpm_ff_component|dffs[0]                           ; cache:inst|cacheline:inst34|lpm_dff0:inst2|lpm_ff:lpm_ff_component|dffs[4] ; clk        ; clk      ; None                        ; None                      ; 5.565 ns                ;
; N/A                                     ; 174.40 MHz ( period = 5.734 ns )                    ; cache:inst|cacheline:inst|lpm_dff0:inst1|lpm_ff:lpm_ff_component|dffs[0]                           ; cache:inst|cacheline:inst34|lpm_dff0:inst2|lpm_ff:lpm_ff_component|dffs[5] ; clk        ; clk      ; None                        ; None                      ; 5.565 ns                ;
; N/A                                     ; 174.40 MHz ( period = 5.734 ns )                    ; cache:inst|cacheline:inst|lpm_dff0:inst1|lpm_ff:lpm_ff_component|dffs[0]                           ; cache:inst|cacheline:inst34|lpm_dff0:inst2|lpm_ff:lpm_ff_component|dffs[6] ; clk        ; clk      ; None                        ; None                      ; 5.565 ns                ;
; N/A                                     ; 174.40 MHz ( period = 5.734 ns )                    ; cache:inst|cacheline:inst|lpm_dff0:inst1|lpm_ff:lpm_ff_component|dffs[0]                           ; cache:inst|cacheline:inst34|lpm_dff0:inst2|lpm_ff:lpm_ff_component|dffs[7] ; clk        ; clk      ; None                        ; None                      ; 5.565 ns                ;
; N/A                                     ; 174.58 MHz ( period = 5.728 ns )                    ; cache:inst|cacheline:inst|lpm_dff0:inst1|lpm_ff:lpm_ff_component|dffs[4]                           ; cache:inst|cacheline:inst33|lpm_dff0:inst2|lpm_ff:lpm_ff_component|dffs[1] ; clk        ; clk      ; None                        ; None                      ; 5.559 ns                ;
; N/A                                     ; 174.83 MHz ( period = 5.720 ns )                    ; cache:inst|cacheline:inst|lpm_dff0:inst1|lpm_ff:lpm_ff_component|dffs[4]                           ; cache:inst|cacheline:inst33|lpm_dff0:inst2|lpm_ff:lpm_ff_component|dffs[7] ; clk        ; clk      ; None                        ; None                      ; 5.551 ns                ;
; N/A                                     ; 175.90 MHz ( period = 5.685 ns )                    ; cache:inst|cacheline:inst33|lpm_dff0:inst1|lpm_ff:lpm_ff_component|dffs[3]                         ; cache:inst|cacheline:inst32|lpm_dff0:inst1|lpm_ff:lpm_ff_component|dffs[0] ; clk        ; clk      ; None                        ; None                      ; 5.519 ns                ;
; N/A                                     ; 175.90 MHz ( period = 5.685 ns )                    ; cache:inst|cacheline:inst33|lpm_dff0:inst1|lpm_ff:lpm_ff_component|dffs[3]                         ; cache:inst|cacheline:inst32|lpm_dff0:inst1|lpm_ff:lpm_ff_component|dffs[6] ; clk        ; clk      ; None                        ; None                      ; 5.519 ns                ;
; N/A                                     ; 175.90 MHz ( period = 5.685 ns )                    ; cache:inst|cacheline:inst33|lpm_dff0:inst1|lpm_ff:lpm_ff_component|dffs[3]                         ; cache:inst|cacheline:inst32|lpm_dff0:inst1|lpm_ff:lpm_ff_component|dffs[5] ; clk        ; clk      ; None                        ; None                      ; 5.519 ns                ;
; N/A                                     ; 175.90 MHz ( period = 5.685 ns )                    ; cache:inst|cacheline:inst33|lpm_dff0:inst1|lpm_ff:lpm_ff_component|dffs[3]                         ; cache:inst|cacheline:inst32|lpm_dff0:inst1|lpm_ff:lpm_ff_component|dffs[2] ; clk        ; clk      ; None                        ; None                      ; 5.519 ns                ;
; N/A                                     ; 175.90 MHz ( period = 5.685 ns )                    ; cache:inst|cacheline:inst33|lpm_dff0:inst1|lpm_ff:lpm_ff_component|dffs[3]                         ; cache:inst|cacheline:inst32|lpm_dff0:inst1|lpm_ff:lpm_ff_component|dffs[7] ; clk        ; clk      ; None                        ; None                      ; 5.519 ns                ;
; N/A                                     ; 175.90 MHz ( period = 5.685 ns )                    ; cache:inst|cacheline:inst33|lpm_dff0:inst1|lpm_ff:lpm_ff_component|dffs[3]                         ; cache:inst|cacheline:inst32|lpm_dff0:inst1|lpm_ff:lpm_ff_component|dffs[3] ; clk        ; clk      ; None                        ; None                      ; 5.519 ns                ;
; N/A                                     ; 176.15 MHz ( period = 5.677 ns )                    ; cache:inst|cacheline:inst33|lpm_dff0:inst1|lpm_ff:lpm_ff_component|dffs[1]                         ; cache:inst|cacheline:inst32|lpm_dff0:inst1|lpm_ff:lpm_ff_component|dffs[0] ; clk        ; clk      ; None                        ; None                      ; 5.511 ns                ;
; N/A                                     ; 176.15 MHz ( period = 5.677 ns )                    ; cache:inst|cacheline:inst33|lpm_dff0:inst1|lpm_ff:lpm_ff_component|dffs[1]                         ; cache:inst|cacheline:inst32|lpm_dff0:inst1|lpm_ff:lpm_ff_component|dffs[6] ; clk        ; clk      ; None                        ; None                      ; 5.511 ns                ;
; N/A                                     ; 176.15 MHz ( period = 5.677 ns )                    ; cache:inst|cacheline:inst33|lpm_dff0:inst1|lpm_ff:lpm_ff_component|dffs[1]                         ; cache:inst|cacheline:inst32|lpm_dff0:inst1|lpm_ff:lpm_ff_component|dffs[5] ; clk        ; clk      ; None                        ; None                      ; 5.511 ns                ;
; N/A                                     ; 176.15 MHz ( period = 5.677 ns )                    ; cache:inst|cacheline:inst33|lpm_dff0:inst1|lpm_ff:lpm_ff_component|dffs[1]                         ; cache:inst|cacheline:inst32|lpm_dff0:inst1|lpm_ff:lpm_ff_component|dffs[2] ; clk        ; clk      ; None                        ; None                      ; 5.511 ns                ;
; N/A                                     ; 176.15 MHz ( period = 5.677 ns )                    ; cache:inst|cacheline:inst33|lpm_dff0:inst1|lpm_ff:lpm_ff_component|dffs[1]                         ; cache:inst|cacheline:inst32|lpm_dff0:inst1|lpm_ff:lpm_ff_component|dffs[7] ; clk        ; clk      ; None                        ; None                      ; 5.511 ns                ;
; N/A                                     ; 176.15 MHz ( period = 5.677 ns )                    ; cache:inst|cacheline:inst33|lpm_dff0:inst1|lpm_ff:lpm_ff_component|dffs[1]                         ; cache:inst|cacheline:inst32|lpm_dff0:inst1|lpm_ff:lpm_ff_component|dffs[3] ; clk        ; clk      ; None                        ; None                      ; 5.511 ns                ;
; N/A                                     ; 176.21 MHz ( period = 5.675 ns )                    ; cache:inst|cacheline:inst|lpm_dff0:inst1|lpm_ff:lpm_ff_component|dffs[5]                           ; cache:inst|cacheline:inst32|lpm_dff0:inst1|lpm_ff:lpm_ff_component|dffs[0] ; clk        ; clk      ; None                        ; None                      ; 5.509 ns                ;
; N/A                                     ; 176.21 MHz ( period = 5.675 ns )                    ; cache:inst|cacheline:inst|lpm_dff0:inst1|lpm_ff:lpm_ff_component|dffs[5]                           ; cache:inst|cacheline:inst32|lpm_dff0:inst1|lpm_ff:lpm_ff_component|dffs[6] ; clk        ; clk      ; None                        ; None                      ; 5.509 ns                ;
; N/A                                     ; 176.21 MHz ( period = 5.675 ns )                    ; cache:inst|cacheline:inst|lpm_dff0:inst1|lpm_ff:lpm_ff_component|dffs[5]                           ; cache:inst|cacheline:inst32|lpm_dff0:inst1|lpm_ff:lpm_ff_component|dffs[5] ; clk        ; clk      ; None                        ; None                      ; 5.509 ns                ;
; N/A                                     ; 176.21 MHz ( period = 5.675 ns )                    ; cache:inst|cacheline:inst|lpm_dff0:inst1|lpm_ff:lpm_ff_component|dffs[5]                           ; cache:inst|cacheline:inst32|lpm_dff0:inst1|lpm_ff:lpm_ff_component|dffs[2] ; clk        ; clk      ; None                        ; None                      ; 5.509 ns                ;
; N/A                                     ; 176.21 MHz ( period = 5.675 ns )                    ; cache:inst|cacheline:inst|lpm_dff0:inst1|lpm_ff:lpm_ff_component|dffs[5]                           ; cache:inst|cacheline:inst32|lpm_dff0:inst1|lpm_ff:lpm_ff_component|dffs[7] ; clk        ; clk      ; None                        ; None                      ; 5.509 ns                ;
; N/A                                     ; 176.21 MHz ( period = 5.675 ns )                    ; cache:inst|cacheline:inst|lpm_dff0:inst1|lpm_ff:lpm_ff_component|dffs[5]                           ; cache:inst|cacheline:inst32|lpm_dff0:inst1|lpm_ff:lpm_ff_component|dffs[3] ; clk        ; clk      ; None                        ; None                      ; 5.509 ns                ;
; N/A                                     ; 176.58 MHz ( period = 5.663 ns )                    ; cache:inst|cacheline:inst33|lpm_dff0:inst1|lpm_ff:lpm_ff_component|dffs[3]                         ; cache:inst|cacheline:inst32|lpm_dff0:inst1|lpm_ff:lpm_ff_component|dffs[4] ; clk        ; clk      ; None                        ; None                      ; 5.497 ns                ;
; N/A                                     ; 176.58 MHz ( period = 5.663 ns )                    ; cache:inst|cacheline:inst33|lpm_dff0:inst1|lpm_ff:lpm_ff_component|dffs[3]                         ; cache:inst|cacheline:inst32|lpm_dff0:inst1|lpm_ff:lpm_ff_component|dffs[1] ; clk        ; clk      ; None                        ; None                      ; 5.497 ns                ;
; N/A                                     ; 176.77 MHz ( period = 5.657 ns )                    ; cache:inst|cacheline:inst33|lpm_dff0:inst1|lpm_ff:lpm_ff_component|dffs[3]                         ; cache:inst|cacheline:inst34|lpm_dff0:inst2|lpm_ff:lpm_ff_component|dffs[0] ; clk        ; clk      ; None                        ; None                      ; 5.488 ns                ;
; N/A                                     ; 176.77 MHz ( period = 5.657 ns )                    ; cache:inst|cacheline:inst33|lpm_dff0:inst1|lpm_ff:lpm_ff_component|dffs[3]                         ; cache:inst|cacheline:inst34|lpm_dff0:inst2|lpm_ff:lpm_ff_component|dffs[1] ; clk        ; clk      ; None                        ; None                      ; 5.488 ns                ;
; N/A                                     ; 176.77 MHz ( period = 5.657 ns )                    ; cache:inst|cacheline:inst33|lpm_dff0:inst1|lpm_ff:lpm_ff_component|dffs[3]                         ; cache:inst|cacheline:inst34|lpm_dff0:inst2|lpm_ff:lpm_ff_component|dffs[2] ; clk        ; clk      ; None                        ; None                      ; 5.488 ns                ;
; N/A                                     ; 176.77 MHz ( period = 5.657 ns )                    ; cache:inst|cacheline:inst33|lpm_dff0:inst1|lpm_ff:lpm_ff_component|dffs[3]                         ; cache:inst|cacheline:inst34|lpm_dff0:inst2|lpm_ff:lpm_ff_component|dffs[3] ; clk        ; clk      ; None                        ; None                      ; 5.488 ns                ;
; N/A                                     ; 176.77 MHz ( period = 5.657 ns )                    ; cache:inst|cacheline:inst33|lpm_dff0:inst1|lpm_ff:lpm_ff_component|dffs[3]                         ; cache:inst|cacheline:inst34|lpm_dff0:inst2|lpm_ff:lpm_ff_component|dffs[4] ; clk        ; clk      ; None                        ; None                      ; 5.488 ns                ;
; N/A                                     ; 176.77 MHz ( period = 5.657 ns )                    ; cache:inst|cacheline:inst33|lpm_dff0:inst1|lpm_ff:lpm_ff_component|dffs[3]                         ; cache:inst|cacheline:inst34|lpm_dff0:inst2|lpm_ff:lpm_ff_component|dffs[5] ; clk        ; clk      ; None                        ; None                      ; 5.488 ns                ;
; N/A                                     ; 176.77 MHz ( period = 5.657 ns )                    ; cache:inst|cacheline:inst33|lpm_dff0:inst1|lpm_ff:lpm_ff_component|dffs[3]                         ; cache:inst|cacheline:inst34|lpm_dff0:inst2|lpm_ff:lpm_ff_component|dffs[6] ; clk        ; clk      ; None                        ; None                      ; 5.488 ns                ;
; N/A                                     ; 176.77 MHz ( period = 5.657 ns )                    ; cache:inst|cacheline:inst33|lpm_dff0:inst1|lpm_ff:lpm_ff_component|dffs[3]                         ; cache:inst|cacheline:inst34|lpm_dff0:inst2|lpm_ff:lpm_ff_component|dffs[7] ; clk        ; clk      ; None                        ; None                      ; 5.488 ns                ;
; N/A                                     ; 176.83 MHz ( period = 5.655 ns )                    ; cache:inst|cacheline:inst33|lpm_dff0:inst1|lpm_ff:lpm_ff_component|dffs[1]                         ; cache:inst|cacheline:inst32|lpm_dff0:inst1|lpm_ff:lpm_ff_component|dffs[4] ; clk        ; clk      ; None                        ; None                      ; 5.489 ns                ;
; N/A                                     ; 176.83 MHz ( period = 5.655 ns )                    ; cache:inst|cacheline:inst33|lpm_dff0:inst1|lpm_ff:lpm_ff_component|dffs[1]                         ; cache:inst|cacheline:inst32|lpm_dff0:inst1|lpm_ff:lpm_ff_component|dffs[1] ; clk        ; clk      ; None                        ; None                      ; 5.489 ns                ;
; N/A                                     ; 176.90 MHz ( period = 5.653 ns )                    ; cache:inst|cacheline:inst|lpm_dff0:inst1|lpm_ff:lpm_ff_component|dffs[4]                           ; cache:inst|cacheline:inst32|lpm_dff0:inst2|lpm_ff:lpm_ff_component|dffs[0] ; clk        ; clk      ; None                        ; None                      ; 5.478 ns                ;
; N/A                                     ; 176.90 MHz ( period = 5.653 ns )                    ; cache:inst|cacheline:inst|lpm_dff0:inst1|lpm_ff:lpm_ff_component|dffs[5]                           ; cache:inst|cacheline:inst32|lpm_dff0:inst1|lpm_ff:lpm_ff_component|dffs[4] ; clk        ; clk      ; None                        ; None                      ; 5.487 ns                ;
; N/A                                     ; 176.90 MHz ( period = 5.653 ns )                    ; cache:inst|cacheline:inst|lpm_dff0:inst1|lpm_ff:lpm_ff_component|dffs[5]                           ; cache:inst|cacheline:inst32|lpm_dff0:inst1|lpm_ff:lpm_ff_component|dffs[1] ; clk        ; clk      ; None                        ; None                      ; 5.487 ns                ;
; N/A                                     ; 177.02 MHz ( period = 5.649 ns )                    ; cache:inst|cacheline:inst33|lpm_dff0:inst1|lpm_ff:lpm_ff_component|dffs[1]                         ; cache:inst|cacheline:inst34|lpm_dff0:inst2|lpm_ff:lpm_ff_component|dffs[2] ; clk        ; clk      ; None                        ; None                      ; 5.480 ns                ;
; N/A                                     ; 177.02 MHz ( period = 5.649 ns )                    ; cache:inst|cacheline:inst33|lpm_dff0:inst1|lpm_ff:lpm_ff_component|dffs[1]                         ; cache:inst|cacheline:inst34|lpm_dff0:inst2|lpm_ff:lpm_ff_component|dffs[3] ; clk        ; clk      ; None                        ; None                      ; 5.480 ns                ;
; N/A                                     ; 177.02 MHz ( period = 5.649 ns )                    ; cache:inst|cacheline:inst33|lpm_dff0:inst1|lpm_ff:lpm_ff_component|dffs[1]                         ; cache:inst|cacheline:inst34|lpm_dff0:inst2|lpm_ff:lpm_ff_component|dffs[4] ; clk        ; clk      ; None                        ; None                      ; 5.480 ns                ;
; N/A                                     ; 177.02 MHz ( period = 5.649 ns )                    ; cache:inst|cacheline:inst33|lpm_dff0:inst1|lpm_ff:lpm_ff_component|dffs[1]                         ; cache:inst|cacheline:inst34|lpm_dff0:inst2|lpm_ff:lpm_ff_component|dffs[5] ; clk        ; clk      ; None                        ; None                      ; 5.480 ns                ;
; N/A                                     ; 177.02 MHz ( period = 5.649 ns )                    ; cache:inst|cacheline:inst33|lpm_dff0:inst1|lpm_ff:lpm_ff_component|dffs[1]                         ; cache:inst|cacheline:inst34|lpm_dff0:inst2|lpm_ff:lpm_ff_component|dffs[6] ; clk        ; clk      ; None                        ; None                      ; 5.480 ns                ;
; Timing analysis restricted to 200 rows. ; To change the limit use Settings (Assignments menu) ;                                                                                                    ;                                                                            ;            ;          ;                             ;                           ;                         ;
+-----------------------------------------+-----------------------------------------------------+----------------------------------------------------------------------------------------------------+----------------------------------------------------------------------------+------------+----------+-----------------------------+---------------------------+-------------------------+


+------------------------------------------------------------------------------------------------------------------------------------------------------------------------------------------------------------------------------------------------------------------------------------------------------------------------------------------------------------------------------+
; Clock Setup: 'addr[3]'                                                                                                                                                                                                                                                                                                                                                       ;
+-------+------------------------------------------------+----------------------------------------------------------------------------------------------------+----------------------------------------------------------------------------------------------------+------------+----------+-----------------------------+---------------------------+-------------------------+
; Slack ; Actual fmax (period)                           ; From                                                                                               ; To                                                                                                 ; From Clock ; To Clock ; Required Setup Relationship ; Required Longest P2P Time ; Actual Longest P2P Time ;
+-------+------------------------------------------------+----------------------------------------------------------------------------------------------------+----------------------------------------------------------------------------------------------------+------------+----------+-----------------------------+---------------------------+-------------------------+
; N/A   ; 393.08 MHz ( period = 2.544 ns )               ; cache:inst|lpm_counter0:inst27|lpm_counter:lpm_counter_component|cntr_ct6:auto_generated|safe_q[0] ; cache:inst|lpm_counter0:inst27|lpm_counter:lpm_counter_component|cntr_ct6:auto_generated|safe_q[1] ; addr[3]    ; addr[3]  ; None                        ; None                      ; 1.237 ns                ;
; N/A   ; Restricted to 422.12 MHz ( period = 2.369 ns ) ; cache:inst|lpm_counter0:inst27|lpm_counter:lpm_counter_component|cntr_ct6:auto_generated|safe_q[0] ; cache:inst|lpm_counter0:inst27|lpm_counter:lpm_counter_component|cntr_ct6:auto_generated|safe_q[0] ; addr[3]    ; addr[3]  ; None                        ; None                      ; 0.857 ns                ;
; N/A   ; Restricted to 422.12 MHz ( period = 2.369 ns ) ; cache:inst|lpm_counter0:inst27|lpm_counter:lpm_counter_component|cntr_ct6:auto_generated|safe_q[1] ; cache:inst|lpm_counter0:inst27|lpm_counter:lpm_counter_component|cntr_ct6:auto_generated|safe_q[1] ; addr[3]    ; addr[3]  ; None                        ; None                      ; 0.639 ns                ;
+-------+------------------------------------------------+----------------------------------------------------------------------------------------------------+----------------------------------------------------------------------------------------------------+------------+----------+-----------------------------+---------------------------+-------------------------+


+------------------------------------------------------------------------------------------------------------------------------------------------------------------------------------------------------------------------------------------------------------------------------------------------------------------------------------------------------------------------------+
; Clock Setup: 'addr[7]'                                                                                                                                                                                                                                                                                                                                                       ;
+-------+------------------------------------------------+----------------------------------------------------------------------------------------------------+----------------------------------------------------------------------------------------------------+------------+----------+-----------------------------+---------------------------+-------------------------+
; Slack ; Actual fmax (period)                           ; From                                                                                               ; To                                                                                                 ; From Clock ; To Clock ; Required Setup Relationship ; Required Longest P2P Time ; Actual Longest P2P Time ;
+-------+------------------------------------------------+----------------------------------------------------------------------------------------------------+----------------------------------------------------------------------------------------------------+------------+----------+-----------------------------+---------------------------+-------------------------+
; N/A   ; Restricted to 422.12 MHz ( period = 2.369 ns ) ; cache:inst|lpm_counter0:inst27|lpm_counter:lpm_counter_component|cntr_ct6:auto_generated|safe_q[0] ; cache:inst|lpm_counter0:inst27|lpm_counter:lpm_counter_component|cntr_ct6:auto_generated|safe_q[1] ; addr[7]    ; addr[7]  ; None                        ; None                      ; 1.237 ns                ;
; N/A   ; Restricted to 422.12 MHz ( period = 2.369 ns ) ; cache:inst|lpm_counter0:inst27|lpm_counter:lpm_counter_component|cntr_ct6:auto_generated|safe_q[0] ; cache:inst|lpm_counter0:inst27|lpm_counter:lpm_counter_component|cntr_ct6:auto_generated|safe_q[0] ; addr[7]    ; addr[7]  ; None                        ; None                      ; 0.857 ns                ;
; N/A   ; Restricted to 422.12 MHz ( period = 2.369 ns ) ; cache:inst|lpm_counter0:inst27|lpm_counter:lpm_counter_component|cntr_ct6:auto_generated|safe_q[1] ; cache:inst|lpm_counter0:inst27|lpm_counter:lpm_counter_component|cntr_ct6:auto_generated|safe_q[1] ; addr[7]    ; addr[7]  ; None                        ; None                      ; 0.639 ns                ;
+-------+------------------------------------------------+----------------------------------------------------------------------------------------------------+----------------------------------------------------------------------------------------------------+------------+----------+-----------------------------+---------------------------+-------------------------+


+------------------------------------------------------------------------------------------------------------------------------------------------------------------------------------------------------------------------------------------------------------------------------------------------------------------------------------------------------------------------------+
; Clock Setup: 'addr[4]'                                                                                                                                                                                                                                                                                                                                                       ;
+-------+------------------------------------------------+----------------------------------------------------------------------------------------------------+----------------------------------------------------------------------------------------------------+------------+----------+-----------------------------+---------------------------+-------------------------+
; Slack ; Actual fmax (period)                           ; From                                                                                               ; To                                                                                                 ; From Clock ; To Clock ; Required Setup Relationship ; Required Longest P2P Time ; Actual Longest P2P Time ;
+-------+------------------------------------------------+----------------------------------------------------------------------------------------------------+----------------------------------------------------------------------------------------------------+------------+----------+-----------------------------+---------------------------+-------------------------+
; N/A   ; Restricted to 422.12 MHz ( period = 2.369 ns ) ; cache:inst|lpm_counter0:inst27|lpm_counter:lpm_counter_component|cntr_ct6:auto_generated|safe_q[0] ; cache:inst|lpm_counter0:inst27|lpm_counter:lpm_counter_component|cntr_ct6:auto_generated|safe_q[1] ; addr[4]    ; addr[4]  ; None                        ; None                      ; 1.237 ns                ;
; N/A   ; Restricted to 422.12 MHz ( period = 2.369 ns ) ; cache:inst|lpm_counter0:inst27|lpm_counter:lpm_counter_component|cntr_ct6:auto_generated|safe_q[0] ; cache:inst|lpm_counter0:inst27|lpm_counter:lpm_counter_component|cntr_ct6:auto_generated|safe_q[0] ; addr[4]    ; addr[4]  ; None                        ; None                      ; 0.857 ns                ;
; N/A   ; Restricted to 422.12 MHz ( period = 2.369 ns ) ; cache:inst|lpm_counter0:inst27|lpm_counter:lpm_counter_component|cntr_ct6:auto_generated|safe_q[1] ; cache:inst|lpm_counter0:inst27|lpm_counter:lpm_counter_component|cntr_ct6:auto_generated|safe_q[1] ; addr[4]    ; addr[4]  ; None                        ; None                      ; 0.639 ns                ;
+-------+------------------------------------------------+----------------------------------------------------------------------------------------------------+----------------------------------------------------------------------------------------------------+------------+----------+-----------------------------+---------------------------+-------------------------+


+------------------------------------------------------------------------------------------------------------------------------------------------------------------------------------------------------------------------------------------------------------------------------------------------------------------------------------------------------------------------------+
; Clock Setup: 'addr[1]'                                                                                                                                                                                                                                                                                                                                                       ;
+-------+------------------------------------------------+----------------------------------------------------------------------------------------------------+----------------------------------------------------------------------------------------------------+------------+----------+-----------------------------+---------------------------+-------------------------+
; Slack ; Actual fmax (period)                           ; From                                                                                               ; To                                                                                                 ; From Clock ; To Clock ; Required Setup Relationship ; Required Longest P2P Time ; Actual Longest P2P Time ;
+-------+------------------------------------------------+----------------------------------------------------------------------------------------------------+----------------------------------------------------------------------------------------------------+------------+----------+-----------------------------+---------------------------+-------------------------+
; N/A   ; Restricted to 422.12 MHz ( period = 2.369 ns ) ; cache:inst|lpm_counter0:inst27|lpm_counter:lpm_counter_component|cntr_ct6:auto_generated|safe_q[0] ; cache:inst|lpm_counter0:inst27|lpm_counter:lpm_counter_component|cntr_ct6:auto_generated|safe_q[1] ; addr[1]    ; addr[1]  ; None                        ; None                      ; 1.237 ns                ;
; N/A   ; Restricted to 422.12 MHz ( period = 2.369 ns ) ; cache:inst|lpm_counter0:inst27|lpm_counter:lpm_counter_component|cntr_ct6:auto_generated|safe_q[0] ; cache:inst|lpm_counter0:inst27|lpm_counter:lpm_counter_component|cntr_ct6:auto_generated|safe_q[0] ; addr[1]    ; addr[1]  ; None                        ; None                      ; 0.857 ns                ;
; N/A   ; Restricted to 422.12 MHz ( period = 2.369 ns ) ; cache:inst|lpm_counter0:inst27|lpm_counter:lpm_counter_component|cntr_ct6:auto_generated|safe_q[1] ; cache:inst|lpm_counter0:inst27|lpm_counter:lpm_counter_component|cntr_ct6:auto_generated|safe_q[1] ; addr[1]    ; addr[1]  ; None                        ; None                      ; 0.639 ns                ;
+-------+------------------------------------------------+----------------------------------------------------------------------------------------------------+----------------------------------------------------------------------------------------------------+------------+----------+-----------------------------+---------------------------+-------------------------+


+------------------------------------------------------------------------------------------------------------------------------------------------------------------------------------------------------------------------------------------------------------------------------------------------------------------------------------------------------------------------------+
; Clock Setup: 'addr[2]'                                                                                                                                                                                                                                                                                                                                                       ;
+-------+------------------------------------------------+----------------------------------------------------------------------------------------------------+----------------------------------------------------------------------------------------------------+------------+----------+-----------------------------+---------------------------+-------------------------+
; Slack ; Actual fmax (period)                           ; From                                                                                               ; To                                                                                                 ; From Clock ; To Clock ; Required Setup Relationship ; Required Longest P2P Time ; Actual Longest P2P Time ;
+-------+------------------------------------------------+----------------------------------------------------------------------------------------------------+----------------------------------------------------------------------------------------------------+------------+----------+-----------------------------+---------------------------+-------------------------+
; N/A   ; 408.50 MHz ( period = 2.448 ns )               ; cache:inst|lpm_counter0:inst27|lpm_counter:lpm_counter_component|cntr_ct6:auto_generated|safe_q[0] ; cache:inst|lpm_counter0:inst27|lpm_counter:lpm_counter_component|cntr_ct6:auto_generated|safe_q[1] ; addr[2]    ; addr[2]  ; None                        ; None                      ; 1.237 ns                ;
; N/A   ; Restricted to 422.12 MHz ( period = 2.369 ns ) ; cache:inst|lpm_counter0:inst27|lpm_counter:lpm_counter_component|cntr_ct6:auto_generated|safe_q[0] ; cache:inst|lpm_counter0:inst27|lpm_counter:lpm_counter_component|cntr_ct6:auto_generated|safe_q[0] ; addr[2]    ; addr[2]  ; None                        ; None                      ; 0.857 ns                ;
; N/A   ; Restricted to 422.12 MHz ( period = 2.369 ns ) ; cache:inst|lpm_counter0:inst27|lpm_counter:lpm_counter_component|cntr_ct6:auto_generated|safe_q[1] ; cache:inst|lpm_counter0:inst27|lpm_counter:lpm_counter_component|cntr_ct6:auto_generated|safe_q[1] ; addr[2]    ; addr[2]  ; None                        ; None                      ; 0.639 ns                ;
+-------+------------------------------------------------+----------------------------------------------------------------------------------------------------+----------------------------------------------------------------------------------------------------+------------+----------+-----------------------------+---------------------------+-------------------------+


+------------------------------------------------------------------------------------------------------------------------------------------------------------------------------------------------------------------------------------------------------------------------------------------------------------------------------------------------------------------------------+
; Clock Setup: 'addr[5]'                                                                                                                                                                                                                                                                                                                                                       ;
+-------+------------------------------------------------+----------------------------------------------------------------------------------------------------+----------------------------------------------------------------------------------------------------+------------+----------+-----------------------------+---------------------------+-------------------------+
; Slack ; Actual fmax (period)                           ; From                                                                                               ; To                                                                                                 ; From Clock ; To Clock ; Required Setup Relationship ; Required Longest P2P Time ; Actual Longest P2P Time ;
+-------+------------------------------------------------+----------------------------------------------------------------------------------------------------+----------------------------------------------------------------------------------------------------+------------+----------+-----------------------------+---------------------------+-------------------------+
; N/A   ; Restricted to 422.12 MHz ( period = 2.369 ns ) ; cache:inst|lpm_counter0:inst27|lpm_counter:lpm_counter_component|cntr_ct6:auto_generated|safe_q[0] ; cache:inst|lpm_counter0:inst27|lpm_counter:lpm_counter_component|cntr_ct6:auto_generated|safe_q[1] ; addr[5]    ; addr[5]  ; None                        ; None                      ; 1.237 ns                ;
; N/A   ; Restricted to 422.12 MHz ( period = 2.369 ns ) ; cache:inst|lpm_counter0:inst27|lpm_counter:lpm_counter_component|cntr_ct6:auto_generated|safe_q[0] ; cache:inst|lpm_counter0:inst27|lpm_counter:lpm_counter_component|cntr_ct6:auto_generated|safe_q[0] ; addr[5]    ; addr[5]  ; None                        ; None                      ; 0.857 ns                ;
; N/A   ; Restricted to 422.12 MHz ( period = 2.369 ns ) ; cache:inst|lpm_counter0:inst27|lpm_counter:lpm_counter_component|cntr_ct6:auto_generated|safe_q[1] ; cache:inst|lpm_counter0:inst27|lpm_counter:lpm_counter_component|cntr_ct6:auto_generated|safe_q[1] ; addr[5]    ; addr[5]  ; None                        ; None                      ; 0.639 ns                ;
+-------+------------------------------------------------+----------------------------------------------------------------------------------------------------+----------------------------------------------------------------------------------------------------+------------+----------+-----------------------------+---------------------------+-------------------------+


+------------------------------------------------------------------------------------------------------------------------------------------------------------------------------------------------------------------------------------------------------------------------------------------------------------------------------------------------------------------------------+
; Clock Setup: 'addr[6]'                                                                                                                                                                                                                                                                                                                                                       ;
+-------+------------------------------------------------+----------------------------------------------------------------------------------------------------+----------------------------------------------------------------------------------------------------+------------+----------+-----------------------------+---------------------------+-------------------------+
; Slack ; Actual fmax (period)                           ; From                                                                                               ; To                                                                                                 ; From Clock ; To Clock ; Required Setup Relationship ; Required Longest P2P Time ; Actual Longest P2P Time ;
+-------+------------------------------------------------+----------------------------------------------------------------------------------------------------+----------------------------------------------------------------------------------------------------+------------+----------+-----------------------------+---------------------------+-------------------------+
; N/A   ; Restricted to 422.12 MHz ( period = 2.369 ns ) ; cache:inst|lpm_counter0:inst27|lpm_counter:lpm_counter_component|cntr_ct6:auto_generated|safe_q[0] ; cache:inst|lpm_counter0:inst27|lpm_counter:lpm_counter_component|cntr_ct6:auto_generated|safe_q[1] ; addr[6]    ; addr[6]  ; None                        ; None                      ; 1.237 ns                ;
; N/A   ; Restricted to 422.12 MHz ( period = 2.369 ns ) ; cache:inst|lpm_counter0:inst27|lpm_counter:lpm_counter_component|cntr_ct6:auto_generated|safe_q[0] ; cache:inst|lpm_counter0:inst27|lpm_counter:lpm_counter_component|cntr_ct6:auto_generated|safe_q[0] ; addr[6]    ; addr[6]  ; None                        ; None                      ; 0.857 ns                ;
; N/A   ; Restricted to 422.12 MHz ( period = 2.369 ns ) ; cache:inst|lpm_counter0:inst27|lpm_counter:lpm_counter_component|cntr_ct6:auto_generated|safe_q[1] ; cache:inst|lpm_counter0:inst27|lpm_counter:lpm_counter_component|cntr_ct6:auto_generated|safe_q[1] ; addr[6]    ; addr[6]  ; None                        ; None                      ; 0.639 ns                ;
+-------+------------------------------------------------+----------------------------------------------------------------------------------------------------+----------------------------------------------------------------------------------------------------+------------+----------+-----------------------------+---------------------------+-------------------------+


+------------------------------------------------------------------------------------------------------------------------------------------------------------------------------------------------------------------------------------------------------------------------------------------------------------------------------------------------------------------------------+
; Clock Setup: 'addr[0]'                                                                                                                                                                                                                                                                                                                                                       ;
+-------+------------------------------------------------+----------------------------------------------------------------------------------------------------+----------------------------------------------------------------------------------------------------+------------+----------+-----------------------------+---------------------------+-------------------------+
; Slack ; Actual fmax (period)                           ; From                                                                                               ; To                                                                                                 ; From Clock ; To Clock ; Required Setup Relationship ; Required Longest P2P Time ; Actual Longest P2P Time ;
+-------+------------------------------------------------+----------------------------------------------------------------------------------------------------+----------------------------------------------------------------------------------------------------+------------+----------+-----------------------------+---------------------------+-------------------------+
; N/A   ; Restricted to 422.12 MHz ( period = 2.369 ns ) ; cache:inst|lpm_counter0:inst27|lpm_counter:lpm_counter_component|cntr_ct6:auto_generated|safe_q[0] ; cache:inst|lpm_counter0:inst27|lpm_counter:lpm_counter_component|cntr_ct6:auto_generated|safe_q[1] ; addr[0]    ; addr[0]  ; None                        ; None                      ; 1.237 ns                ;
; N/A   ; Restricted to 422.12 MHz ( period = 2.369 ns ) ; cache:inst|lpm_counter0:inst27|lpm_counter:lpm_counter_component|cntr_ct6:auto_generated|safe_q[0] ; cache:inst|lpm_counter0:inst27|lpm_counter:lpm_counter_component|cntr_ct6:auto_generated|safe_q[0] ; addr[0]    ; addr[0]  ; None                        ; None                      ; 0.857 ns                ;
; N/A   ; Restricted to 422.12 MHz ( period = 2.369 ns ) ; cache:inst|lpm_counter0:inst27|lpm_counter:lpm_counter_component|cntr_ct6:auto_generated|safe_q[1] ; cache:inst|lpm_counter0:inst27|lpm_counter:lpm_counter_component|cntr_ct6:auto_generated|safe_q[1] ; addr[0]    ; addr[0]  ; None                        ; None                      ; 0.639 ns                ;
+-------+------------------------------------------------+----------------------------------------------------------------------------------------------------+----------------------------------------------------------------------------------------------------+------------+----------+-----------------------------+---------------------------+-------------------------+


+-----------------------------------------------------------------------------------------------------------------------------------------------------------------------------------------------------------------------------------------------------------------------------------------------------------------------------------------------------------------+
; Clock Hold: 'clk'                                                                                                                                                                                                                                                                                                                                               ;
+------------------------------------------+----------------------------------------------------------------------------------------------------+----------------------------------------------------------------------------------------------------+------------+----------+----------------------------+----------------------------+--------------------------+
; Minimum Slack                            ; From                                                                                               ; To                                                                                                 ; From Clock ; To Clock ; Required Hold Relationship ; Required Shortest P2P Time ; Actual Shortest P2P Time ;
+------------------------------------------+----------------------------------------------------------------------------------------------------+----------------------------------------------------------------------------------------------------+------------+----------+----------------------------+----------------------------+--------------------------+
; Not operational: Clock Skew > Data Delay ; cache:inst|lpm_counter0:inst27|lpm_counter:lpm_counter_component|cntr_ct6:auto_generated|safe_q[1] ; cache:inst|lpm_counter0:inst27|lpm_counter:lpm_counter_component|cntr_ct6:auto_generated|safe_q[1] ; clk        ; clk      ; None                       ; None                       ; 0.639 ns                 ;
; Not operational: Clock Skew > Data Delay ; cache:inst|lpm_counter0:inst27|lpm_counter:lpm_counter_component|cntr_ct6:auto_generated|safe_q[0] ; cache:inst|lpm_counter0:inst27|lpm_counter:lpm_counter_component|cntr_ct6:auto_generated|safe_q[0] ; clk        ; clk      ; None                       ; None                       ; 0.857 ns                 ;
; Not operational: Clock Skew > Data Delay ; cache:inst|lpm_counter0:inst27|lpm_counter:lpm_counter_component|cntr_ct6:auto_generated|safe_q[0] ; cache:inst|lpm_counter0:inst27|lpm_counter:lpm_counter_component|cntr_ct6:auto_generated|safe_q[1] ; clk        ; clk      ; None                       ; None                       ; 1.232 ns                 ;
+------------------------------------------+----------------------------------------------------------------------------------------------------+----------------------------------------------------------------------------------------------------+------------+----------+----------------------------+----------------------------+--------------------------+


+-----------------------------------------------------------------------------------------------------------------------------------------------------------------------------------------------------------------------------------------------------------------------------------------------------------------------------------------------------------------+
; Clock Hold: 'addr[3]'                                                                                                                                                                                                                                                                                                                                           ;
+------------------------------------------+----------------------------------------------------------------------------------------------------+----------------------------------------------------------------------------------------------------+------------+----------+----------------------------+----------------------------+--------------------------+
; Minimum Slack                            ; From                                                                                               ; To                                                                                                 ; From Clock ; To Clock ; Required Hold Relationship ; Required Shortest P2P Time ; Actual Shortest P2P Time ;
+------------------------------------------+----------------------------------------------------------------------------------------------------+----------------------------------------------------------------------------------------------------+------------+----------+----------------------------+----------------------------+--------------------------+
; Not operational: Clock Skew > Data Delay ; cache:inst|lpm_counter0:inst27|lpm_counter:lpm_counter_component|cntr_ct6:auto_generated|safe_q[1] ; cache:inst|lpm_counter0:inst27|lpm_counter:lpm_counter_component|cntr_ct6:auto_generated|safe_q[1] ; addr[3]    ; addr[3]  ; None                       ; None                       ; 0.639 ns                 ;
; Not operational: Clock Skew > Data Delay ; cache:inst|lpm_counter0:inst27|lpm_counter:lpm_counter_component|cntr_ct6:auto_generated|safe_q[0] ; cache:inst|lpm_counter0:inst27|lpm_counter:lpm_counter_component|cntr_ct6:auto_generated|safe_q[0] ; addr[3]    ; addr[3]  ; None                       ; None                       ; 0.857 ns                 ;
+------------------------------------------+----------------------------------------------------------------------------------------------------+----------------------------------------------------------------------------------------------------+------------+----------+----------------------------+----------------------------+--------------------------+


+-----------------------------------------------------------------------------------------------------------------------------------------------------------------------------------------------------------------------------------------------------------------------------------------------------------------------------------------------------------------+
; Clock Hold: 'addr[7]'                                                                                                                                                                                                                                                                                                                                           ;
+------------------------------------------+----------------------------------------------------------------------------------------------------+----------------------------------------------------------------------------------------------------+------------+----------+----------------------------+----------------------------+--------------------------+
; Minimum Slack                            ; From                                                                                               ; To                                                                                                 ; From Clock ; To Clock ; Required Hold Relationship ; Required Shortest P2P Time ; Actual Shortest P2P Time ;
+------------------------------------------+----------------------------------------------------------------------------------------------------+----------------------------------------------------------------------------------------------------+------------+----------+----------------------------+----------------------------+--------------------------+
; Not operational: Clock Skew > Data Delay ; cache:inst|lpm_counter0:inst27|lpm_counter:lpm_counter_component|cntr_ct6:auto_generated|safe_q[1] ; cache:inst|lpm_counter0:inst27|lpm_counter:lpm_counter_component|cntr_ct6:auto_generated|safe_q[1] ; addr[7]    ; addr[7]  ; None                       ; None                       ; 0.639 ns                 ;
+------------------------------------------+----------------------------------------------------------------------------------------------------+----------------------------------------------------------------------------------------------------+------------+----------+----------------------------+----------------------------+--------------------------+


+-----------------------------------------------------------------------------------------------------------------------------------------------------------------------------------------------------------------------------------------------------------------------------------------------------------------------------------------------------------------+
; Clock Hold: 'addr[1]'                                                                                                                                                                                                                                                                                                                                           ;
+------------------------------------------+----------------------------------------------------------------------------------------------------+----------------------------------------------------------------------------------------------------+------------+----------+----------------------------+----------------------------+--------------------------+
; Minimum Slack                            ; From                                                                                               ; To                                                                                                 ; From Clock ; To Clock ; Required Hold Relationship ; Required Shortest P2P Time ; Actual Shortest P2P Time ;
+------------------------------------------+----------------------------------------------------------------------------------------------------+----------------------------------------------------------------------------------------------------+------------+----------+----------------------------+----------------------------+--------------------------+
; Not operational: Clock Skew > Data Delay ; cache:inst|lpm_counter0:inst27|lpm_counter:lpm_counter_component|cntr_ct6:auto_generated|safe_q[1] ; cache:inst|lpm_counter0:inst27|lpm_counter:lpm_counter_component|cntr_ct6:auto_generated|safe_q[1] ; addr[1]    ; addr[1]  ; None                       ; None                       ; 0.639 ns                 ;
+------------------------------------------+----------------------------------------------------------------------------------------------------+----------------------------------------------------------------------------------------------------+------------+----------+----------------------------+----------------------------+--------------------------+


+-----------------------------------------------------------------------------------------------------------------------------------------------------------------------------------------------------------------------------------------------------------------------------------------------------------------------------------------------------------------+
; Clock Hold: 'addr[2]'                                                                                                                                                                                                                                                                                                                                           ;
+------------------------------------------+----------------------------------------------------------------------------------------------------+----------------------------------------------------------------------------------------------------+------------+----------+----------------------------+----------------------------+--------------------------+
; Minimum Slack                            ; From                                                                                               ; To                                                                                                 ; From Clock ; To Clock ; Required Hold Relationship ; Required Shortest P2P Time ; Actual Shortest P2P Time ;
+------------------------------------------+----------------------------------------------------------------------------------------------------+----------------------------------------------------------------------------------------------------+------------+----------+----------------------------+----------------------------+--------------------------+
; Not operational: Clock Skew > Data Delay ; cache:inst|lpm_counter0:inst27|lpm_counter:lpm_counter_component|cntr_ct6:auto_generated|safe_q[1] ; cache:inst|lpm_counter0:inst27|lpm_counter:lpm_counter_component|cntr_ct6:auto_generated|safe_q[1] ; addr[2]    ; addr[2]  ; None                       ; None                       ; 0.639 ns                 ;
; Not operational: Clock Skew > Data Delay ; cache:inst|lpm_counter0:inst27|lpm_counter:lpm_counter_component|cntr_ct6:auto_generated|safe_q[0] ; cache:inst|lpm_counter0:inst27|lpm_counter:lpm_counter_component|cntr_ct6:auto_generated|safe_q[0] ; addr[2]    ; addr[2]  ; None                       ; None                       ; 0.857 ns                 ;
+------------------------------------------+----------------------------------------------------------------------------------------------------+----------------------------------------------------------------------------------------------------+------------+----------+----------------------------+----------------------------+--------------------------+


+-----------------------------------------------------------------------------------------------------------------------------------------------------------------------------------------------------------------------------------------------------------------------------------------------------------------------------------------------------------------+
; Clock Hold: 'addr[5]'                                                                                                                                                                                                                                                                                                                                           ;
+------------------------------------------+----------------------------------------------------------------------------------------------------+----------------------------------------------------------------------------------------------------+------------+----------+----------------------------+----------------------------+--------------------------+
; Minimum Slack                            ; From                                                                                               ; To                                                                                                 ; From Clock ; To Clock ; Required Hold Relationship ; Required Shortest P2P Time ; Actual Shortest P2P Time ;
+------------------------------------------+----------------------------------------------------------------------------------------------------+----------------------------------------------------------------------------------------------------+------------+----------+----------------------------+----------------------------+--------------------------+
; Not operational: Clock Skew > Data Delay ; cache:inst|lpm_counter0:inst27|lpm_counter:lpm_counter_component|cntr_ct6:auto_generated|safe_q[1] ; cache:inst|lpm_counter0:inst27|lpm_counter:lpm_counter_component|cntr_ct6:auto_generated|safe_q[1] ; addr[5]    ; addr[5]  ; None                       ; None                       ; 0.639 ns                 ;
; Not operational: Clock Skew > Data Delay ; cache:inst|lpm_counter0:inst27|lpm_counter:lpm_counter_component|cntr_ct6:auto_generated|safe_q[0] ; cache:inst|lpm_counter0:inst27|lpm_counter:lpm_counter_component|cntr_ct6:auto_generated|safe_q[0] ; addr[5]    ; addr[5]  ; None                       ; None                       ; 0.857 ns                 ;
+------------------------------------------+----------------------------------------------------------------------------------------------------+----------------------------------------------------------------------------------------------------+------------+----------+----------------------------+----------------------------+--------------------------+


+--------------------------------------------------------------------------------------------------------------------------------------------------------------------------------------------------------------+
; tsu                                                                                                                                                                                                          ;
+-----------------------------------------+-----------------------------------------------------+------------+---------+----------------------------------------------------------------------------+----------+
; Slack                                   ; Required tsu                                        ; Actual tsu ; From    ; To                                                                         ; To Clock ;
+-----------------------------------------+-----------------------------------------------------+------------+---------+----------------------------------------------------------------------------+----------+
; N/A                                     ; None                                                ; 5.143 ns   ; addr[1] ; cache:inst|cacheline:inst32|lpm_dff0:inst1|lpm_ff:lpm_ff_component|dffs[3] ; clk      ;
; N/A                                     ; None                                                ; 5.143 ns   ; addr[1] ; cache:inst|cacheline:inst32|lpm_dff0:inst1|lpm_ff:lpm_ff_component|dffs[7] ; clk      ;
; N/A                                     ; None                                                ; 5.143 ns   ; addr[1] ; cache:inst|cacheline:inst32|lpm_dff0:inst1|lpm_ff:lpm_ff_component|dffs[2] ; clk      ;
; N/A                                     ; None                                                ; 5.143 ns   ; addr[1] ; cache:inst|cacheline:inst32|lpm_dff0:inst1|lpm_ff:lpm_ff_component|dffs[5] ; clk      ;
; N/A                                     ; None                                                ; 5.143 ns   ; addr[1] ; cache:inst|cacheline:inst32|lpm_dff0:inst1|lpm_ff:lpm_ff_component|dffs[6] ; clk      ;
; N/A                                     ; None                                                ; 5.143 ns   ; addr[1] ; cache:inst|cacheline:inst32|lpm_dff0:inst1|lpm_ff:lpm_ff_component|dffs[0] ; clk      ;
; N/A                                     ; None                                                ; 5.121 ns   ; addr[1] ; cache:inst|cacheline:inst32|lpm_dff0:inst1|lpm_ff:lpm_ff_component|dffs[1] ; clk      ;
; N/A                                     ; None                                                ; 5.121 ns   ; addr[1] ; cache:inst|cacheline:inst32|lpm_dff0:inst1|lpm_ff:lpm_ff_component|dffs[4] ; clk      ;
; N/A                                     ; None                                                ; 5.115 ns   ; addr[1] ; cache:inst|cacheline:inst34|lpm_dff0:inst2|lpm_ff:lpm_ff_component|dffs[7] ; clk      ;
; N/A                                     ; None                                                ; 5.115 ns   ; addr[1] ; cache:inst|cacheline:inst34|lpm_dff0:inst2|lpm_ff:lpm_ff_component|dffs[6] ; clk      ;
; N/A                                     ; None                                                ; 5.115 ns   ; addr[1] ; cache:inst|cacheline:inst34|lpm_dff0:inst2|lpm_ff:lpm_ff_component|dffs[5] ; clk      ;
; N/A                                     ; None                                                ; 5.115 ns   ; addr[1] ; cache:inst|cacheline:inst34|lpm_dff0:inst2|lpm_ff:lpm_ff_component|dffs[4] ; clk      ;
; N/A                                     ; None                                                ; 5.115 ns   ; addr[1] ; cache:inst|cacheline:inst34|lpm_dff0:inst2|lpm_ff:lpm_ff_component|dffs[3] ; clk      ;
; N/A                                     ; None                                                ; 5.115 ns   ; addr[1] ; cache:inst|cacheline:inst34|lpm_dff0:inst2|lpm_ff:lpm_ff_component|dffs[2] ; clk      ;
; N/A                                     ; None                                                ; 5.115 ns   ; addr[1] ; cache:inst|cacheline:inst34|lpm_dff0:inst2|lpm_ff:lpm_ff_component|dffs[1] ; clk      ;
; N/A                                     ; None                                                ; 5.115 ns   ; addr[1] ; cache:inst|cacheline:inst34|lpm_dff0:inst2|lpm_ff:lpm_ff_component|dffs[0] ; clk      ;
; N/A                                     ; None                                                ; 5.091 ns   ; addr[4] ; cache:inst|cacheline:inst32|lpm_dff0:inst1|lpm_ff:lpm_ff_component|dffs[3] ; clk      ;
; N/A                                     ; None                                                ; 5.091 ns   ; addr[4] ; cache:inst|cacheline:inst32|lpm_dff0:inst1|lpm_ff:lpm_ff_component|dffs[7] ; clk      ;
; N/A                                     ; None                                                ; 5.091 ns   ; addr[4] ; cache:inst|cacheline:inst32|lpm_dff0:inst1|lpm_ff:lpm_ff_component|dffs[2] ; clk      ;
; N/A                                     ; None                                                ; 5.091 ns   ; addr[4] ; cache:inst|cacheline:inst32|lpm_dff0:inst1|lpm_ff:lpm_ff_component|dffs[5] ; clk      ;
; N/A                                     ; None                                                ; 5.091 ns   ; addr[4] ; cache:inst|cacheline:inst32|lpm_dff0:inst1|lpm_ff:lpm_ff_component|dffs[6] ; clk      ;
; N/A                                     ; None                                                ; 5.091 ns   ; addr[4] ; cache:inst|cacheline:inst32|lpm_dff0:inst1|lpm_ff:lpm_ff_component|dffs[0] ; clk      ;
; N/A                                     ; None                                                ; 5.078 ns   ; addr[3] ; cache:inst|cacheline:inst32|lpm_dff0:inst1|lpm_ff:lpm_ff_component|dffs[3] ; clk      ;
; N/A                                     ; None                                                ; 5.078 ns   ; addr[3] ; cache:inst|cacheline:inst32|lpm_dff0:inst1|lpm_ff:lpm_ff_component|dffs[7] ; clk      ;
; N/A                                     ; None                                                ; 5.078 ns   ; addr[3] ; cache:inst|cacheline:inst32|lpm_dff0:inst1|lpm_ff:lpm_ff_component|dffs[2] ; clk      ;
; N/A                                     ; None                                                ; 5.078 ns   ; addr[3] ; cache:inst|cacheline:inst32|lpm_dff0:inst1|lpm_ff:lpm_ff_component|dffs[5] ; clk      ;
; N/A                                     ; None                                                ; 5.078 ns   ; addr[3] ; cache:inst|cacheline:inst32|lpm_dff0:inst1|lpm_ff:lpm_ff_component|dffs[6] ; clk      ;
; N/A                                     ; None                                                ; 5.078 ns   ; addr[3] ; cache:inst|cacheline:inst32|lpm_dff0:inst1|lpm_ff:lpm_ff_component|dffs[0] ; clk      ;
; N/A                                     ; None                                                ; 5.069 ns   ; addr[4] ; cache:inst|cacheline:inst32|lpm_dff0:inst1|lpm_ff:lpm_ff_component|dffs[1] ; clk      ;
; N/A                                     ; None                                                ; 5.069 ns   ; addr[4] ; cache:inst|cacheline:inst32|lpm_dff0:inst1|lpm_ff:lpm_ff_component|dffs[4] ; clk      ;
; N/A                                     ; None                                                ; 5.063 ns   ; addr[4] ; cache:inst|cacheline:inst34|lpm_dff0:inst2|lpm_ff:lpm_ff_component|dffs[7] ; clk      ;
; N/A                                     ; None                                                ; 5.063 ns   ; addr[4] ; cache:inst|cacheline:inst34|lpm_dff0:inst2|lpm_ff:lpm_ff_component|dffs[6] ; clk      ;
; N/A                                     ; None                                                ; 5.063 ns   ; addr[4] ; cache:inst|cacheline:inst34|lpm_dff0:inst2|lpm_ff:lpm_ff_component|dffs[5] ; clk      ;
; N/A                                     ; None                                                ; 5.063 ns   ; addr[4] ; cache:inst|cacheline:inst34|lpm_dff0:inst2|lpm_ff:lpm_ff_component|dffs[4] ; clk      ;
; N/A                                     ; None                                                ; 5.063 ns   ; addr[4] ; cache:inst|cacheline:inst34|lpm_dff0:inst2|lpm_ff:lpm_ff_component|dffs[3] ; clk      ;
; N/A                                     ; None                                                ; 5.063 ns   ; addr[4] ; cache:inst|cacheline:inst34|lpm_dff0:inst2|lpm_ff:lpm_ff_component|dffs[2] ; clk      ;
; N/A                                     ; None                                                ; 5.063 ns   ; addr[4] ; cache:inst|cacheline:inst34|lpm_dff0:inst2|lpm_ff:lpm_ff_component|dffs[1] ; clk      ;
; N/A                                     ; None                                                ; 5.063 ns   ; addr[4] ; cache:inst|cacheline:inst34|lpm_dff0:inst2|lpm_ff:lpm_ff_component|dffs[0] ; clk      ;
; N/A                                     ; None                                                ; 5.056 ns   ; addr[3] ; cache:inst|cacheline:inst32|lpm_dff0:inst1|lpm_ff:lpm_ff_component|dffs[1] ; clk      ;
; N/A                                     ; None                                                ; 5.056 ns   ; addr[3] ; cache:inst|cacheline:inst32|lpm_dff0:inst1|lpm_ff:lpm_ff_component|dffs[4] ; clk      ;
; N/A                                     ; None                                                ; 5.051 ns   ; addr[0] ; cache:inst|cacheline:inst32|lpm_dff0:inst1|lpm_ff:lpm_ff_component|dffs[3] ; clk      ;
; N/A                                     ; None                                                ; 5.051 ns   ; addr[0] ; cache:inst|cacheline:inst32|lpm_dff0:inst1|lpm_ff:lpm_ff_component|dffs[7] ; clk      ;
; N/A                                     ; None                                                ; 5.051 ns   ; addr[0] ; cache:inst|cacheline:inst32|lpm_dff0:inst1|lpm_ff:lpm_ff_component|dffs[2] ; clk      ;
; N/A                                     ; None                                                ; 5.051 ns   ; addr[0] ; cache:inst|cacheline:inst32|lpm_dff0:inst1|lpm_ff:lpm_ff_component|dffs[5] ; clk      ;
; N/A                                     ; None                                                ; 5.051 ns   ; addr[0] ; cache:inst|cacheline:inst32|lpm_dff0:inst1|lpm_ff:lpm_ff_component|dffs[6] ; clk      ;
; N/A                                     ; None                                                ; 5.051 ns   ; addr[0] ; cache:inst|cacheline:inst32|lpm_dff0:inst1|lpm_ff:lpm_ff_component|dffs[0] ; clk      ;
; N/A                                     ; None                                                ; 5.050 ns   ; addr[3] ; cache:inst|cacheline:inst34|lpm_dff0:inst2|lpm_ff:lpm_ff_component|dffs[7] ; clk      ;
; N/A                                     ; None                                                ; 5.050 ns   ; addr[3] ; cache:inst|cacheline:inst34|lpm_dff0:inst2|lpm_ff:lpm_ff_component|dffs[6] ; clk      ;
; N/A                                     ; None                                                ; 5.050 ns   ; addr[3] ; cache:inst|cacheline:inst34|lpm_dff0:inst2|lpm_ff:lpm_ff_component|dffs[5] ; clk      ;
; N/A                                     ; None                                                ; 5.050 ns   ; addr[3] ; cache:inst|cacheline:inst34|lpm_dff0:inst2|lpm_ff:lpm_ff_component|dffs[4] ; clk      ;
; N/A                                     ; None                                                ; 5.050 ns   ; addr[3] ; cache:inst|cacheline:inst34|lpm_dff0:inst2|lpm_ff:lpm_ff_component|dffs[3] ; clk      ;
; N/A                                     ; None                                                ; 5.050 ns   ; addr[3] ; cache:inst|cacheline:inst34|lpm_dff0:inst2|lpm_ff:lpm_ff_component|dffs[2] ; clk      ;
; N/A                                     ; None                                                ; 5.050 ns   ; addr[3] ; cache:inst|cacheline:inst34|lpm_dff0:inst2|lpm_ff:lpm_ff_component|dffs[1] ; clk      ;
; N/A                                     ; None                                                ; 5.050 ns   ; addr[3] ; cache:inst|cacheline:inst34|lpm_dff0:inst2|lpm_ff:lpm_ff_component|dffs[0] ; clk      ;
; N/A                                     ; None                                                ; 5.029 ns   ; addr[0] ; cache:inst|cacheline:inst32|lpm_dff0:inst1|lpm_ff:lpm_ff_component|dffs[1] ; clk      ;
; N/A                                     ; None                                                ; 5.029 ns   ; addr[0] ; cache:inst|cacheline:inst32|lpm_dff0:inst1|lpm_ff:lpm_ff_component|dffs[4] ; clk      ;
; N/A                                     ; None                                                ; 5.023 ns   ; addr[0] ; cache:inst|cacheline:inst34|lpm_dff0:inst2|lpm_ff:lpm_ff_component|dffs[7] ; clk      ;
; N/A                                     ; None                                                ; 5.023 ns   ; addr[0] ; cache:inst|cacheline:inst34|lpm_dff0:inst2|lpm_ff:lpm_ff_component|dffs[6] ; clk      ;
; N/A                                     ; None                                                ; 5.023 ns   ; addr[0] ; cache:inst|cacheline:inst34|lpm_dff0:inst2|lpm_ff:lpm_ff_component|dffs[5] ; clk      ;
; N/A                                     ; None                                                ; 5.023 ns   ; addr[0] ; cache:inst|cacheline:inst34|lpm_dff0:inst2|lpm_ff:lpm_ff_component|dffs[4] ; clk      ;
; N/A                                     ; None                                                ; 5.023 ns   ; addr[0] ; cache:inst|cacheline:inst34|lpm_dff0:inst2|lpm_ff:lpm_ff_component|dffs[3] ; clk      ;
; N/A                                     ; None                                                ; 5.023 ns   ; addr[0] ; cache:inst|cacheline:inst34|lpm_dff0:inst2|lpm_ff:lpm_ff_component|dffs[2] ; clk      ;
; N/A                                     ; None                                                ; 5.023 ns   ; addr[0] ; cache:inst|cacheline:inst34|lpm_dff0:inst2|lpm_ff:lpm_ff_component|dffs[1] ; clk      ;
; N/A                                     ; None                                                ; 5.023 ns   ; addr[0] ; cache:inst|cacheline:inst34|lpm_dff0:inst2|lpm_ff:lpm_ff_component|dffs[0] ; clk      ;
; N/A                                     ; None                                                ; 4.992 ns   ; addr[7] ; cache:inst|cacheline:inst32|lpm_dff0:inst1|lpm_ff:lpm_ff_component|dffs[3] ; clk      ;
; N/A                                     ; None                                                ; 4.992 ns   ; addr[7] ; cache:inst|cacheline:inst32|lpm_dff0:inst1|lpm_ff:lpm_ff_component|dffs[7] ; clk      ;
; N/A                                     ; None                                                ; 4.992 ns   ; addr[7] ; cache:inst|cacheline:inst32|lpm_dff0:inst1|lpm_ff:lpm_ff_component|dffs[2] ; clk      ;
; N/A                                     ; None                                                ; 4.992 ns   ; addr[7] ; cache:inst|cacheline:inst32|lpm_dff0:inst1|lpm_ff:lpm_ff_component|dffs[5] ; clk      ;
; N/A                                     ; None                                                ; 4.992 ns   ; addr[7] ; cache:inst|cacheline:inst32|lpm_dff0:inst1|lpm_ff:lpm_ff_component|dffs[6] ; clk      ;
; N/A                                     ; None                                                ; 4.992 ns   ; addr[7] ; cache:inst|cacheline:inst32|lpm_dff0:inst1|lpm_ff:lpm_ff_component|dffs[0] ; clk      ;
; N/A                                     ; None                                                ; 4.988 ns   ; addr[1] ; cache:inst|cacheline:inst33|lpm_dff0:inst2|lpm_ff:lpm_ff_component|dffs[1] ; clk      ;
; N/A                                     ; None                                                ; 4.980 ns   ; addr[1] ; cache:inst|cacheline:inst33|lpm_dff0:inst2|lpm_ff:lpm_ff_component|dffs[7] ; clk      ;
; N/A                                     ; None                                                ; 4.970 ns   ; addr[7] ; cache:inst|cacheline:inst32|lpm_dff0:inst1|lpm_ff:lpm_ff_component|dffs[1] ; clk      ;
; N/A                                     ; None                                                ; 4.970 ns   ; addr[7] ; cache:inst|cacheline:inst32|lpm_dff0:inst1|lpm_ff:lpm_ff_component|dffs[4] ; clk      ;
; N/A                                     ; None                                                ; 4.964 ns   ; addr[7] ; cache:inst|cacheline:inst34|lpm_dff0:inst2|lpm_ff:lpm_ff_component|dffs[7] ; clk      ;
; N/A                                     ; None                                                ; 4.964 ns   ; addr[7] ; cache:inst|cacheline:inst34|lpm_dff0:inst2|lpm_ff:lpm_ff_component|dffs[6] ; clk      ;
; N/A                                     ; None                                                ; 4.964 ns   ; addr[7] ; cache:inst|cacheline:inst34|lpm_dff0:inst2|lpm_ff:lpm_ff_component|dffs[5] ; clk      ;
; N/A                                     ; None                                                ; 4.964 ns   ; addr[7] ; cache:inst|cacheline:inst34|lpm_dff0:inst2|lpm_ff:lpm_ff_component|dffs[4] ; clk      ;
; N/A                                     ; None                                                ; 4.964 ns   ; addr[7] ; cache:inst|cacheline:inst34|lpm_dff0:inst2|lpm_ff:lpm_ff_component|dffs[3] ; clk      ;
; N/A                                     ; None                                                ; 4.964 ns   ; addr[7] ; cache:inst|cacheline:inst34|lpm_dff0:inst2|lpm_ff:lpm_ff_component|dffs[2] ; clk      ;
; N/A                                     ; None                                                ; 4.964 ns   ; addr[7] ; cache:inst|cacheline:inst34|lpm_dff0:inst2|lpm_ff:lpm_ff_component|dffs[1] ; clk      ;
; N/A                                     ; None                                                ; 4.964 ns   ; addr[7] ; cache:inst|cacheline:inst34|lpm_dff0:inst2|lpm_ff:lpm_ff_component|dffs[0] ; clk      ;
; N/A                                     ; None                                                ; 4.936 ns   ; addr[4] ; cache:inst|cacheline:inst33|lpm_dff0:inst2|lpm_ff:lpm_ff_component|dffs[1] ; clk      ;
; N/A                                     ; None                                                ; 4.928 ns   ; addr[4] ; cache:inst|cacheline:inst33|lpm_dff0:inst2|lpm_ff:lpm_ff_component|dffs[7] ; clk      ;
; N/A                                     ; None                                                ; 4.923 ns   ; addr[3] ; cache:inst|cacheline:inst33|lpm_dff0:inst2|lpm_ff:lpm_ff_component|dffs[1] ; clk      ;
; N/A                                     ; None                                                ; 4.915 ns   ; addr[3] ; cache:inst|cacheline:inst33|lpm_dff0:inst2|lpm_ff:lpm_ff_component|dffs[7] ; clk      ;
; N/A                                     ; None                                                ; 4.913 ns   ; addr[1] ; cache:inst|cacheline:inst32|lpm_dff0:inst2|lpm_ff:lpm_ff_component|dffs[0] ; clk      ;
; N/A                                     ; None                                                ; 4.896 ns   ; addr[0] ; cache:inst|cacheline:inst33|lpm_dff0:inst2|lpm_ff:lpm_ff_component|dffs[1] ; clk      ;
; N/A                                     ; None                                                ; 4.888 ns   ; addr[0] ; cache:inst|cacheline:inst33|lpm_dff0:inst2|lpm_ff:lpm_ff_component|dffs[7] ; clk      ;
; N/A                                     ; None                                                ; 4.866 ns   ; data[0] ; cache:inst|cacheline:inst34|lpm_dff0:inst2|lpm_ff:lpm_ff_component|dffs[0] ; clk      ;
; N/A                                     ; None                                                ; 4.861 ns   ; addr[4] ; cache:inst|cacheline:inst32|lpm_dff0:inst2|lpm_ff:lpm_ff_component|dffs[0] ; clk      ;
; N/A                                     ; None                                                ; 4.848 ns   ; addr[3] ; cache:inst|cacheline:inst32|lpm_dff0:inst2|lpm_ff:lpm_ff_component|dffs[0] ; clk      ;
; N/A                                     ; None                                                ; 4.837 ns   ; addr[7] ; cache:inst|cacheline:inst33|lpm_dff0:inst2|lpm_ff:lpm_ff_component|dffs[1] ; clk      ;
; N/A                                     ; None                                                ; 4.829 ns   ; addr[7] ; cache:inst|cacheline:inst33|lpm_dff0:inst2|lpm_ff:lpm_ff_component|dffs[7] ; clk      ;
; N/A                                     ; None                                                ; 4.821 ns   ; addr[0] ; cache:inst|cacheline:inst32|lpm_dff0:inst2|lpm_ff:lpm_ff_component|dffs[0] ; clk      ;
; N/A                                     ; None                                                ; 4.762 ns   ; addr[7] ; cache:inst|cacheline:inst32|lpm_dff0:inst2|lpm_ff:lpm_ff_component|dffs[0] ; clk      ;
; N/A                                     ; None                                                ; 4.730 ns   ; addr[1] ; cache:inst|cacheline:inst32|lpm_dff0:inst2|lpm_ff:lpm_ff_component|dffs[7] ; clk      ;
; N/A                                     ; None                                                ; 4.730 ns   ; addr[1] ; cache:inst|cacheline:inst32|lpm_dff0:inst2|lpm_ff:lpm_ff_component|dffs[6] ; clk      ;
; N/A                                     ; None                                                ; 4.730 ns   ; addr[1] ; cache:inst|cacheline:inst32|lpm_dff0:inst2|lpm_ff:lpm_ff_component|dffs[5] ; clk      ;
; N/A                                     ; None                                                ; 4.730 ns   ; addr[1] ; cache:inst|cacheline:inst32|lpm_dff0:inst2|lpm_ff:lpm_ff_component|dffs[4] ; clk      ;
; N/A                                     ; None                                                ; 4.730 ns   ; addr[1] ; cache:inst|cacheline:inst32|lpm_dff0:inst2|lpm_ff:lpm_ff_component|dffs[3] ; clk      ;
; N/A                                     ; None                                                ; 4.730 ns   ; addr[1] ; cache:inst|cacheline:inst32|lpm_dff0:inst2|lpm_ff:lpm_ff_component|dffs[2] ; clk      ;
; N/A                                     ; None                                                ; 4.730 ns   ; addr[1] ; cache:inst|cacheline:inst32|lpm_dff0:inst2|lpm_ff:lpm_ff_component|dffs[1] ; clk      ;
; N/A                                     ; None                                                ; 4.678 ns   ; addr[4] ; cache:inst|cacheline:inst32|lpm_dff0:inst2|lpm_ff:lpm_ff_component|dffs[7] ; clk      ;
; N/A                                     ; None                                                ; 4.678 ns   ; addr[4] ; cache:inst|cacheline:inst32|lpm_dff0:inst2|lpm_ff:lpm_ff_component|dffs[6] ; clk      ;
; N/A                                     ; None                                                ; 4.678 ns   ; addr[4] ; cache:inst|cacheline:inst32|lpm_dff0:inst2|lpm_ff:lpm_ff_component|dffs[5] ; clk      ;
; N/A                                     ; None                                                ; 4.678 ns   ; addr[4] ; cache:inst|cacheline:inst32|lpm_dff0:inst2|lpm_ff:lpm_ff_component|dffs[4] ; clk      ;
; N/A                                     ; None                                                ; 4.678 ns   ; addr[4] ; cache:inst|cacheline:inst32|lpm_dff0:inst2|lpm_ff:lpm_ff_component|dffs[3] ; clk      ;
; N/A                                     ; None                                                ; 4.678 ns   ; addr[4] ; cache:inst|cacheline:inst32|lpm_dff0:inst2|lpm_ff:lpm_ff_component|dffs[2] ; clk      ;
; N/A                                     ; None                                                ; 4.678 ns   ; addr[4] ; cache:inst|cacheline:inst32|lpm_dff0:inst2|lpm_ff:lpm_ff_component|dffs[1] ; clk      ;
; N/A                                     ; None                                                ; 4.665 ns   ; addr[3] ; cache:inst|cacheline:inst32|lpm_dff0:inst2|lpm_ff:lpm_ff_component|dffs[7] ; clk      ;
; N/A                                     ; None                                                ; 4.665 ns   ; addr[3] ; cache:inst|cacheline:inst32|lpm_dff0:inst2|lpm_ff:lpm_ff_component|dffs[6] ; clk      ;
; N/A                                     ; None                                                ; 4.665 ns   ; addr[3] ; cache:inst|cacheline:inst32|lpm_dff0:inst2|lpm_ff:lpm_ff_component|dffs[5] ; clk      ;
; N/A                                     ; None                                                ; 4.665 ns   ; addr[3] ; cache:inst|cacheline:inst32|lpm_dff0:inst2|lpm_ff:lpm_ff_component|dffs[4] ; clk      ;
; N/A                                     ; None                                                ; 4.665 ns   ; addr[3] ; cache:inst|cacheline:inst32|lpm_dff0:inst2|lpm_ff:lpm_ff_component|dffs[3] ; clk      ;
; N/A                                     ; None                                                ; 4.665 ns   ; addr[3] ; cache:inst|cacheline:inst32|lpm_dff0:inst2|lpm_ff:lpm_ff_component|dffs[2] ; clk      ;
; N/A                                     ; None                                                ; 4.665 ns   ; addr[3] ; cache:inst|cacheline:inst32|lpm_dff0:inst2|lpm_ff:lpm_ff_component|dffs[1] ; clk      ;
; N/A                                     ; None                                                ; 4.647 ns   ; data[2] ; cache:inst|cacheline:inst34|lpm_dff0:inst2|lpm_ff:lpm_ff_component|dffs[2] ; clk      ;
; N/A                                     ; None                                                ; 4.638 ns   ; addr[0] ; cache:inst|cacheline:inst32|lpm_dff0:inst2|lpm_ff:lpm_ff_component|dffs[7] ; clk      ;
; N/A                                     ; None                                                ; 4.638 ns   ; addr[0] ; cache:inst|cacheline:inst32|lpm_dff0:inst2|lpm_ff:lpm_ff_component|dffs[6] ; clk      ;
; N/A                                     ; None                                                ; 4.638 ns   ; addr[0] ; cache:inst|cacheline:inst32|lpm_dff0:inst2|lpm_ff:lpm_ff_component|dffs[5] ; clk      ;
; N/A                                     ; None                                                ; 4.638 ns   ; addr[0] ; cache:inst|cacheline:inst32|lpm_dff0:inst2|lpm_ff:lpm_ff_component|dffs[4] ; clk      ;
; N/A                                     ; None                                                ; 4.638 ns   ; addr[0] ; cache:inst|cacheline:inst32|lpm_dff0:inst2|lpm_ff:lpm_ff_component|dffs[3] ; clk      ;
; N/A                                     ; None                                                ; 4.638 ns   ; addr[0] ; cache:inst|cacheline:inst32|lpm_dff0:inst2|lpm_ff:lpm_ff_component|dffs[2] ; clk      ;
; N/A                                     ; None                                                ; 4.638 ns   ; addr[0] ; cache:inst|cacheline:inst32|lpm_dff0:inst2|lpm_ff:lpm_ff_component|dffs[1] ; clk      ;
; N/A                                     ; None                                                ; 4.610 ns   ; addr[5] ; cache:inst|cacheline:inst32|lpm_dff0:inst1|lpm_ff:lpm_ff_component|dffs[3] ; clk      ;
; N/A                                     ; None                                                ; 4.610 ns   ; addr[5] ; cache:inst|cacheline:inst32|lpm_dff0:inst1|lpm_ff:lpm_ff_component|dffs[7] ; clk      ;
; N/A                                     ; None                                                ; 4.610 ns   ; addr[5] ; cache:inst|cacheline:inst32|lpm_dff0:inst1|lpm_ff:lpm_ff_component|dffs[2] ; clk      ;
; N/A                                     ; None                                                ; 4.610 ns   ; addr[5] ; cache:inst|cacheline:inst32|lpm_dff0:inst1|lpm_ff:lpm_ff_component|dffs[5] ; clk      ;
; N/A                                     ; None                                                ; 4.610 ns   ; addr[5] ; cache:inst|cacheline:inst32|lpm_dff0:inst1|lpm_ff:lpm_ff_component|dffs[6] ; clk      ;
; N/A                                     ; None                                                ; 4.610 ns   ; addr[5] ; cache:inst|cacheline:inst32|lpm_dff0:inst1|lpm_ff:lpm_ff_component|dffs[0] ; clk      ;
; N/A                                     ; None                                                ; 4.588 ns   ; addr[5] ; cache:inst|cacheline:inst32|lpm_dff0:inst1|lpm_ff:lpm_ff_component|dffs[1] ; clk      ;
; N/A                                     ; None                                                ; 4.588 ns   ; addr[5] ; cache:inst|cacheline:inst32|lpm_dff0:inst1|lpm_ff:lpm_ff_component|dffs[4] ; clk      ;
; N/A                                     ; None                                                ; 4.582 ns   ; addr[5] ; cache:inst|cacheline:inst34|lpm_dff0:inst2|lpm_ff:lpm_ff_component|dffs[7] ; clk      ;
; N/A                                     ; None                                                ; 4.582 ns   ; addr[5] ; cache:inst|cacheline:inst34|lpm_dff0:inst2|lpm_ff:lpm_ff_component|dffs[6] ; clk      ;
; N/A                                     ; None                                                ; 4.582 ns   ; addr[5] ; cache:inst|cacheline:inst34|lpm_dff0:inst2|lpm_ff:lpm_ff_component|dffs[5] ; clk      ;
; N/A                                     ; None                                                ; 4.582 ns   ; addr[5] ; cache:inst|cacheline:inst34|lpm_dff0:inst2|lpm_ff:lpm_ff_component|dffs[4] ; clk      ;
; N/A                                     ; None                                                ; 4.582 ns   ; addr[5] ; cache:inst|cacheline:inst34|lpm_dff0:inst2|lpm_ff:lpm_ff_component|dffs[3] ; clk      ;
; N/A                                     ; None                                                ; 4.582 ns   ; addr[5] ; cache:inst|cacheline:inst34|lpm_dff0:inst2|lpm_ff:lpm_ff_component|dffs[2] ; clk      ;
; N/A                                     ; None                                                ; 4.582 ns   ; addr[5] ; cache:inst|cacheline:inst34|lpm_dff0:inst2|lpm_ff:lpm_ff_component|dffs[1] ; clk      ;
; N/A                                     ; None                                                ; 4.582 ns   ; addr[5] ; cache:inst|cacheline:inst34|lpm_dff0:inst2|lpm_ff:lpm_ff_component|dffs[0] ; clk      ;
; N/A                                     ; None                                                ; 4.579 ns   ; addr[7] ; cache:inst|cacheline:inst32|lpm_dff0:inst2|lpm_ff:lpm_ff_component|dffs[7] ; clk      ;
; N/A                                     ; None                                                ; 4.579 ns   ; addr[7] ; cache:inst|cacheline:inst32|lpm_dff0:inst2|lpm_ff:lpm_ff_component|dffs[6] ; clk      ;
; N/A                                     ; None                                                ; 4.579 ns   ; addr[7] ; cache:inst|cacheline:inst32|lpm_dff0:inst2|lpm_ff:lpm_ff_component|dffs[5] ; clk      ;
; N/A                                     ; None                                                ; 4.579 ns   ; addr[7] ; cache:inst|cacheline:inst32|lpm_dff0:inst2|lpm_ff:lpm_ff_component|dffs[4] ; clk      ;
; N/A                                     ; None                                                ; 4.579 ns   ; addr[7] ; cache:inst|cacheline:inst32|lpm_dff0:inst2|lpm_ff:lpm_ff_component|dffs[3] ; clk      ;
; N/A                                     ; None                                                ; 4.579 ns   ; addr[7] ; cache:inst|cacheline:inst32|lpm_dff0:inst2|lpm_ff:lpm_ff_component|dffs[2] ; clk      ;
; N/A                                     ; None                                                ; 4.579 ns   ; addr[7] ; cache:inst|cacheline:inst32|lpm_dff0:inst2|lpm_ff:lpm_ff_component|dffs[1] ; clk      ;
; N/A                                     ; None                                                ; 4.570 ns   ; addr[6] ; cache:inst|cacheline:inst32|lpm_dff0:inst1|lpm_ff:lpm_ff_component|dffs[3] ; clk      ;
; N/A                                     ; None                                                ; 4.570 ns   ; addr[6] ; cache:inst|cacheline:inst32|lpm_dff0:inst1|lpm_ff:lpm_ff_component|dffs[7] ; clk      ;
; N/A                                     ; None                                                ; 4.570 ns   ; addr[6] ; cache:inst|cacheline:inst32|lpm_dff0:inst1|lpm_ff:lpm_ff_component|dffs[2] ; clk      ;
; N/A                                     ; None                                                ; 4.570 ns   ; addr[6] ; cache:inst|cacheline:inst32|lpm_dff0:inst1|lpm_ff:lpm_ff_component|dffs[5] ; clk      ;
; N/A                                     ; None                                                ; 4.570 ns   ; addr[6] ; cache:inst|cacheline:inst32|lpm_dff0:inst1|lpm_ff:lpm_ff_component|dffs[6] ; clk      ;
; N/A                                     ; None                                                ; 4.570 ns   ; addr[6] ; cache:inst|cacheline:inst32|lpm_dff0:inst1|lpm_ff:lpm_ff_component|dffs[0] ; clk      ;
; N/A                                     ; None                                                ; 4.548 ns   ; addr[6] ; cache:inst|cacheline:inst32|lpm_dff0:inst1|lpm_ff:lpm_ff_component|dffs[1] ; clk      ;
; N/A                                     ; None                                                ; 4.548 ns   ; addr[6] ; cache:inst|cacheline:inst32|lpm_dff0:inst1|lpm_ff:lpm_ff_component|dffs[4] ; clk      ;
; N/A                                     ; None                                                ; 4.542 ns   ; addr[6] ; cache:inst|cacheline:inst34|lpm_dff0:inst2|lpm_ff:lpm_ff_component|dffs[7] ; clk      ;
; N/A                                     ; None                                                ; 4.542 ns   ; addr[6] ; cache:inst|cacheline:inst34|lpm_dff0:inst2|lpm_ff:lpm_ff_component|dffs[6] ; clk      ;
; N/A                                     ; None                                                ; 4.542 ns   ; addr[6] ; cache:inst|cacheline:inst34|lpm_dff0:inst2|lpm_ff:lpm_ff_component|dffs[5] ; clk      ;
; N/A                                     ; None                                                ; 4.542 ns   ; addr[6] ; cache:inst|cacheline:inst34|lpm_dff0:inst2|lpm_ff:lpm_ff_component|dffs[4] ; clk      ;
; N/A                                     ; None                                                ; 4.542 ns   ; addr[6] ; cache:inst|cacheline:inst34|lpm_dff0:inst2|lpm_ff:lpm_ff_component|dffs[3] ; clk      ;
; N/A                                     ; None                                                ; 4.542 ns   ; addr[6] ; cache:inst|cacheline:inst34|lpm_dff0:inst2|lpm_ff:lpm_ff_component|dffs[2] ; clk      ;
; N/A                                     ; None                                                ; 4.542 ns   ; addr[6] ; cache:inst|cacheline:inst34|lpm_dff0:inst2|lpm_ff:lpm_ff_component|dffs[1] ; clk      ;
; N/A                                     ; None                                                ; 4.542 ns   ; addr[6] ; cache:inst|cacheline:inst34|lpm_dff0:inst2|lpm_ff:lpm_ff_component|dffs[0] ; clk      ;
; N/A                                     ; None                                                ; 4.531 ns   ; data[2] ; cache:inst|cacheline:inst32|lpm_dff0:inst2|lpm_ff:lpm_ff_component|dffs[2] ; clk      ;
; N/A                                     ; None                                                ; 4.515 ns   ; addr[1] ; cache:inst|cacheline:inst33|lpm_dff0:inst2|lpm_ff:lpm_ff_component|dffs[6] ; clk      ;
; N/A                                     ; None                                                ; 4.515 ns   ; addr[1] ; cache:inst|cacheline:inst33|lpm_dff0:inst2|lpm_ff:lpm_ff_component|dffs[5] ; clk      ;
; N/A                                     ; None                                                ; 4.515 ns   ; addr[1] ; cache:inst|cacheline:inst33|lpm_dff0:inst2|lpm_ff:lpm_ff_component|dffs[4] ; clk      ;
; N/A                                     ; None                                                ; 4.515 ns   ; addr[1] ; cache:inst|cacheline:inst33|lpm_dff0:inst2|lpm_ff:lpm_ff_component|dffs[3] ; clk      ;
; N/A                                     ; None                                                ; 4.515 ns   ; addr[1] ; cache:inst|cacheline:inst33|lpm_dff0:inst2|lpm_ff:lpm_ff_component|dffs[2] ; clk      ;
; N/A                                     ; None                                                ; 4.515 ns   ; addr[1] ; cache:inst|cacheline:inst33|lpm_dff0:inst2|lpm_ff:lpm_ff_component|dffs[0] ; clk      ;
; N/A                                     ; None                                                ; 4.466 ns   ; addr[1] ; cache:inst|cacheline:inst34|lpm_dff0:inst1|lpm_ff:lpm_ff_component|dffs[7] ; clk      ;
; N/A                                     ; None                                                ; 4.466 ns   ; addr[1] ; cache:inst|cacheline:inst34|lpm_dff0:inst1|lpm_ff:lpm_ff_component|dffs[5] ; clk      ;
; N/A                                     ; None                                                ; 4.463 ns   ; addr[4] ; cache:inst|cacheline:inst33|lpm_dff0:inst2|lpm_ff:lpm_ff_component|dffs[6] ; clk      ;
; N/A                                     ; None                                                ; 4.463 ns   ; addr[4] ; cache:inst|cacheline:inst33|lpm_dff0:inst2|lpm_ff:lpm_ff_component|dffs[5] ; clk      ;
; N/A                                     ; None                                                ; 4.463 ns   ; addr[4] ; cache:inst|cacheline:inst33|lpm_dff0:inst2|lpm_ff:lpm_ff_component|dffs[4] ; clk      ;
; N/A                                     ; None                                                ; 4.463 ns   ; addr[4] ; cache:inst|cacheline:inst33|lpm_dff0:inst2|lpm_ff:lpm_ff_component|dffs[3] ; clk      ;
; N/A                                     ; None                                                ; 4.463 ns   ; addr[4] ; cache:inst|cacheline:inst33|lpm_dff0:inst2|lpm_ff:lpm_ff_component|dffs[2] ; clk      ;
; N/A                                     ; None                                                ; 4.463 ns   ; addr[4] ; cache:inst|cacheline:inst33|lpm_dff0:inst2|lpm_ff:lpm_ff_component|dffs[0] ; clk      ;
; N/A                                     ; None                                                ; 4.455 ns   ; addr[5] ; cache:inst|cacheline:inst33|lpm_dff0:inst2|lpm_ff:lpm_ff_component|dffs[1] ; clk      ;
; N/A                                     ; None                                                ; 4.454 ns   ; addr[2] ; cache:inst|cacheline:inst32|lpm_dff0:inst1|lpm_ff:lpm_ff_component|dffs[3] ; clk      ;
; N/A                                     ; None                                                ; 4.454 ns   ; addr[2] ; cache:inst|cacheline:inst32|lpm_dff0:inst1|lpm_ff:lpm_ff_component|dffs[7] ; clk      ;
; N/A                                     ; None                                                ; 4.454 ns   ; addr[2] ; cache:inst|cacheline:inst32|lpm_dff0:inst1|lpm_ff:lpm_ff_component|dffs[2] ; clk      ;
; N/A                                     ; None                                                ; 4.454 ns   ; addr[2] ; cache:inst|cacheline:inst32|lpm_dff0:inst1|lpm_ff:lpm_ff_component|dffs[5] ; clk      ;
; N/A                                     ; None                                                ; 4.454 ns   ; addr[2] ; cache:inst|cacheline:inst32|lpm_dff0:inst1|lpm_ff:lpm_ff_component|dffs[6] ; clk      ;
; N/A                                     ; None                                                ; 4.454 ns   ; addr[2] ; cache:inst|cacheline:inst32|lpm_dff0:inst1|lpm_ff:lpm_ff_component|dffs[0] ; clk      ;
; N/A                                     ; None                                                ; 4.450 ns   ; addr[3] ; cache:inst|cacheline:inst33|lpm_dff0:inst2|lpm_ff:lpm_ff_component|dffs[6] ; clk      ;
; N/A                                     ; None                                                ; 4.450 ns   ; addr[3] ; cache:inst|cacheline:inst33|lpm_dff0:inst2|lpm_ff:lpm_ff_component|dffs[5] ; clk      ;
; N/A                                     ; None                                                ; 4.450 ns   ; addr[3] ; cache:inst|cacheline:inst33|lpm_dff0:inst2|lpm_ff:lpm_ff_component|dffs[4] ; clk      ;
; N/A                                     ; None                                                ; 4.450 ns   ; addr[3] ; cache:inst|cacheline:inst33|lpm_dff0:inst2|lpm_ff:lpm_ff_component|dffs[3] ; clk      ;
; N/A                                     ; None                                                ; 4.450 ns   ; addr[3] ; cache:inst|cacheline:inst33|lpm_dff0:inst2|lpm_ff:lpm_ff_component|dffs[2] ; clk      ;
; N/A                                     ; None                                                ; 4.450 ns   ; addr[3] ; cache:inst|cacheline:inst33|lpm_dff0:inst2|lpm_ff:lpm_ff_component|dffs[0] ; clk      ;
; N/A                                     ; None                                                ; 4.447 ns   ; addr[5] ; cache:inst|cacheline:inst33|lpm_dff0:inst2|lpm_ff:lpm_ff_component|dffs[7] ; clk      ;
; N/A                                     ; None                                                ; 4.443 ns   ; addr[1] ; cache:inst|cacheline:inst33|lpm_dff0:inst1|lpm_ff:lpm_ff_component|dffs[2] ; clk      ;
; N/A                                     ; None                                                ; 4.443 ns   ; addr[1] ; cache:inst|cacheline:inst33|lpm_dff0:inst1|lpm_ff:lpm_ff_component|dffs[5] ; clk      ;
; N/A                                     ; None                                                ; 4.443 ns   ; addr[1] ; cache:inst|cacheline:inst33|lpm_dff0:inst1|lpm_ff:lpm_ff_component|dffs[6] ; clk      ;
; N/A                                     ; None                                                ; 4.443 ns   ; addr[1] ; cache:inst|cacheline:inst33|lpm_dff0:inst1|lpm_ff:lpm_ff_component|dffs[0] ; clk      ;
; N/A                                     ; None                                                ; 4.434 ns   ; addr[1] ; cache:inst|cacheline:inst|lpm_dff0:inst1|lpm_ff:lpm_ff_component|dffs[7]   ; clk      ;
; N/A                                     ; None                                                ; 4.434 ns   ; addr[1] ; cache:inst|cacheline:inst|lpm_dff0:inst1|lpm_ff:lpm_ff_component|dffs[3]   ; clk      ;
; N/A                                     ; None                                                ; 4.434 ns   ; addr[1] ; cache:inst|cacheline:inst|lpm_dff0:inst1|lpm_ff:lpm_ff_component|dffs[2]   ; clk      ;
; Timing analysis restricted to 200 rows. ; To change the limit use Settings (Assignments menu) ;            ;         ;                                                                            ;          ;
+-----------------------------------------+-----------------------------------------------------+------------+---------+----------------------------------------------------------------------------+----------+


+---------------------------------------------------------------------------------------------------------------------------------------------------------------------------------------------------------------+
; tco                                                                                                                                                                                                           ;
+-----------------------------------------+-----------------------------------------------------+------------+----------------------------------------------------------------------------+--------+------------+
; Slack                                   ; Required tco                                        ; Actual tco ; From                                                                       ; To     ; From Clock ;
+-----------------------------------------+-----------------------------------------------------+------------+----------------------------------------------------------------------------+--------+------------+
; N/A                                     ; None                                                ; 11.703 ns  ; cache:inst|cacheline:inst32|lpm_dff0:inst1|lpm_ff:lpm_ff_component|dffs[6] ; out[5] ; clk        ;
; N/A                                     ; None                                                ; 11.654 ns  ; cache:inst|cacheline:inst34|lpm_dff0:inst1|lpm_ff:lpm_ff_component|dffs[1] ; out[5] ; clk        ;
; N/A                                     ; None                                                ; 11.616 ns  ; cache:inst|cacheline:inst32|lpm_dff0:inst1|lpm_ff:lpm_ff_component|dffs[3] ; out[5] ; clk        ;
; N/A                                     ; None                                                ; 11.602 ns  ; cache:inst|cacheline:inst32|lpm_dff0:inst1|lpm_ff:lpm_ff_component|dffs[2] ; out[5] ; clk        ;
; N/A                                     ; None                                                ; 11.602 ns  ; cache:inst|cacheline:inst32|lpm_dff0:inst1|lpm_ff:lpm_ff_component|dffs[6] ; out[6] ; clk        ;
; N/A                                     ; None                                                ; 11.549 ns  ; cache:inst|cacheline:inst34|lpm_dff0:inst1|lpm_ff:lpm_ff_component|dffs[1] ; out[6] ; clk        ;
; N/A                                     ; None                                                ; 11.515 ns  ; cache:inst|cacheline:inst32|lpm_dff0:inst1|lpm_ff:lpm_ff_component|dffs[3] ; out[6] ; clk        ;
; N/A                                     ; None                                                ; 11.501 ns  ; cache:inst|cacheline:inst32|lpm_dff0:inst1|lpm_ff:lpm_ff_component|dffs[2] ; out[6] ; clk        ;
; N/A                                     ; None                                                ; 11.475 ns  ; cache:inst|cacheline:inst|lpm_dff0:inst1|lpm_ff:lpm_ff_component|dffs[4]   ; out[5] ; clk        ;
; N/A                                     ; None                                                ; 11.458 ns  ; cache:inst|cacheline:inst32|lpm_dff0:inst1|lpm_ff:lpm_ff_component|dffs[1] ; out[5] ; clk        ;
; N/A                                     ; None                                                ; 11.357 ns  ; cache:inst|cacheline:inst32|lpm_dff0:inst1|lpm_ff:lpm_ff_component|dffs[1] ; out[6] ; clk        ;
; N/A                                     ; None                                                ; 11.354 ns  ; cache:inst|cacheline:inst|lpm_dff0:inst1|lpm_ff:lpm_ff_component|dffs[0]   ; out[5] ; clk        ;
; N/A                                     ; None                                                ; 11.347 ns  ; cache:inst|cacheline:inst34|lpm_dff0:inst1|lpm_ff:lpm_ff_component|dffs[3] ; out[5] ; clk        ;
; N/A                                     ; None                                                ; 11.306 ns  ; cache:inst|cacheline:inst33|lpm_dff0:inst1|lpm_ff:lpm_ff_component|dffs[3] ; out[5] ; clk        ;
; N/A                                     ; None                                                ; 11.298 ns  ; cache:inst|cacheline:inst33|lpm_dff0:inst1|lpm_ff:lpm_ff_component|dffs[1] ; out[5] ; clk        ;
; N/A                                     ; None                                                ; 11.282 ns  ; cache:inst|cacheline:inst|lpm_dff0:inst1|lpm_ff:lpm_ff_component|dffs[4]   ; out[6] ; clk        ;
; N/A                                     ; None                                                ; 11.271 ns  ; cache:inst|cacheline:inst32|lpm_dff0:inst1|lpm_ff:lpm_ff_component|dffs[0] ; out[5] ; clk        ;
; N/A                                     ; None                                                ; 11.267 ns  ; cache:inst|cacheline:inst|lpm_dff0:inst1|lpm_ff:lpm_ff_component|dffs[5]   ; out[5] ; clk        ;
; N/A                                     ; None                                                ; 11.242 ns  ; cache:inst|cacheline:inst34|lpm_dff0:inst1|lpm_ff:lpm_ff_component|dffs[3] ; out[6] ; clk        ;
; N/A                                     ; None                                                ; 11.231 ns  ; cache:inst|cacheline:inst32|lpm_dff0:inst1|lpm_ff:lpm_ff_component|dffs[4] ; out[5] ; clk        ;
; N/A                                     ; None                                                ; 11.224 ns  ; cache:inst|cacheline:inst34|lpm_dff0:inst1|lpm_ff:lpm_ff_component|dffs[6] ; out[5] ; clk        ;
; N/A                                     ; None                                                ; 11.173 ns  ; cache:inst|cacheline:inst32|lpm_dff0:inst1|lpm_ff:lpm_ff_component|dffs[5] ; out[5] ; clk        ;
; N/A                                     ; None                                                ; 11.170 ns  ; cache:inst|cacheline:inst32|lpm_dff0:inst1|lpm_ff:lpm_ff_component|dffs[0] ; out[6] ; clk        ;
; N/A                                     ; None                                                ; 11.161 ns  ; cache:inst|cacheline:inst|lpm_dff0:inst1|lpm_ff:lpm_ff_component|dffs[0]   ; out[6] ; clk        ;
; N/A                                     ; None                                                ; 11.133 ns  ; cache:inst|cacheline:inst34|lpm_dff0:inst1|lpm_ff:lpm_ff_component|dffs[2] ; out[5] ; clk        ;
; N/A                                     ; None                                                ; 11.130 ns  ; cache:inst|cacheline:inst32|lpm_dff0:inst1|lpm_ff:lpm_ff_component|dffs[4] ; out[6] ; clk        ;
; N/A                                     ; None                                                ; 11.120 ns  ; cache:inst|cacheline:inst34|lpm_dff0:inst1|lpm_ff:lpm_ff_component|dffs[4] ; out[5] ; clk        ;
; N/A                                     ; None                                                ; 11.119 ns  ; cache:inst|cacheline:inst34|lpm_dff0:inst1|lpm_ff:lpm_ff_component|dffs[6] ; out[6] ; clk        ;
; N/A                                     ; None                                                ; 11.116 ns  ; cache:inst|cacheline:inst32|lpm_dff0:inst1|lpm_ff:lpm_ff_component|dffs[6] ; out[2] ; clk        ;
; N/A                                     ; None                                                ; 11.106 ns  ; cache:inst|cacheline:inst33|lpm_dff0:inst1|lpm_ff:lpm_ff_component|dffs[2] ; out[5] ; clk        ;
; N/A                                     ; None                                                ; 11.085 ns  ; cache:inst|cacheline:inst32|lpm_dff0:inst1|lpm_ff:lpm_ff_component|dffs[7] ; out[5] ; clk        ;
; N/A                                     ; None                                                ; 11.084 ns  ; cache:inst|cacheline:inst33|lpm_dff0:inst1|lpm_ff:lpm_ff_component|dffs[3] ; out[6] ; clk        ;
; N/A                                     ; None                                                ; 11.076 ns  ; cache:inst|cacheline:inst33|lpm_dff0:inst1|lpm_ff:lpm_ff_component|dffs[1] ; out[6] ; clk        ;
; N/A                                     ; None                                                ; 11.074 ns  ; cache:inst|cacheline:inst|lpm_dff0:inst1|lpm_ff:lpm_ff_component|dffs[5]   ; out[6] ; clk        ;
; N/A                                     ; None                                                ; 11.072 ns  ; cache:inst|cacheline:inst32|lpm_dff0:inst1|lpm_ff:lpm_ff_component|dffs[5] ; out[6] ; clk        ;
; N/A                                     ; None                                                ; 11.069 ns  ; cache:inst|cacheline:inst32|lpm_dff0:inst1|lpm_ff:lpm_ff_component|dffs[6] ; out[3] ; clk        ;
; N/A                                     ; None                                                ; 11.064 ns  ; cache:inst|cacheline:inst|lpm_dff0:inst1|lpm_ff:lpm_ff_component|dffs[4]   ; out[0] ; clk        ;
; N/A                                     ; None                                                ; 11.063 ns  ; cache:inst|cacheline:inst|lpm_dff0:inst1|lpm_ff:lpm_ff_component|dffs[4]   ; out[1] ; clk        ;
; N/A                                     ; None                                                ; 11.062 ns  ; cache:inst|cacheline:inst34|lpm_dff0:inst1|lpm_ff:lpm_ff_component|dffs[1] ; out[2] ; clk        ;
; N/A                                     ; None                                                ; 11.049 ns  ; cache:inst|cacheline:inst32|lpm_dff0:inst1|lpm_ff:lpm_ff_component|dffs[6] ; out[7] ; clk        ;
; N/A                                     ; None                                                ; 11.029 ns  ; cache:inst|cacheline:inst32|lpm_dff0:inst1|lpm_ff:lpm_ff_component|dffs[3] ; out[2] ; clk        ;
; N/A                                     ; None                                                ; 11.028 ns  ; cache:inst|cacheline:inst34|lpm_dff0:inst1|lpm_ff:lpm_ff_component|dffs[2] ; out[6] ; clk        ;
; N/A                                     ; None                                                ; 11.016 ns  ; cache:inst|cacheline:inst34|lpm_dff0:inst1|lpm_ff:lpm_ff_component|dffs[1] ; out[3] ; clk        ;
; N/A                                     ; None                                                ; 11.015 ns  ; cache:inst|cacheline:inst32|lpm_dff0:inst1|lpm_ff:lpm_ff_component|dffs[2] ; out[2] ; clk        ;
; N/A                                     ; None                                                ; 11.015 ns  ; cache:inst|cacheline:inst34|lpm_dff0:inst1|lpm_ff:lpm_ff_component|dffs[4] ; out[6] ; clk        ;
; N/A                                     ; None                                                ; 11.010 ns  ; cache:inst|cacheline:inst33|lpm_dff0:inst1|lpm_ff:lpm_ff_component|dffs[6] ; out[5] ; clk        ;
; N/A                                     ; None                                                ; 11.000 ns  ; cache:inst|cacheline:inst|lpm_dff0:inst1|lpm_ff:lpm_ff_component|dffs[4]   ; out[4] ; clk        ;
; N/A                                     ; None                                                ; 11.000 ns  ; cache:inst|cacheline:inst34|lpm_dff0:inst1|lpm_ff:lpm_ff_component|dffs[1] ; out[7] ; clk        ;
; N/A                                     ; None                                                ; 10.992 ns  ; cache:inst|cacheline:inst34|lpm_dff0:inst1|lpm_ff:lpm_ff_component|dffs[0] ; out[5] ; clk        ;
; N/A                                     ; None                                                ; 10.986 ns  ; cache:inst|cacheline:inst33|lpm_dff0:inst1|lpm_ff:lpm_ff_component|dffs[3] ; out[1] ; clk        ;
; N/A                                     ; None                                                ; 10.984 ns  ; cache:inst|cacheline:inst32|lpm_dff0:inst1|lpm_ff:lpm_ff_component|dffs[7] ; out[6] ; clk        ;
; N/A                                     ; None                                                ; 10.982 ns  ; cache:inst|cacheline:inst32|lpm_dff0:inst1|lpm_ff:lpm_ff_component|dffs[3] ; out[3] ; clk        ;
; N/A                                     ; None                                                ; 10.978 ns  ; cache:inst|cacheline:inst33|lpm_dff0:inst1|lpm_ff:lpm_ff_component|dffs[1] ; out[1] ; clk        ;
; N/A                                     ; None                                                ; 10.968 ns  ; cache:inst|cacheline:inst32|lpm_dff0:inst1|lpm_ff:lpm_ff_component|dffs[2] ; out[3] ; clk        ;
; N/A                                     ; None                                                ; 10.962 ns  ; cache:inst|cacheline:inst32|lpm_dff0:inst1|lpm_ff:lpm_ff_component|dffs[3] ; out[7] ; clk        ;
; N/A                                     ; None                                                ; 10.948 ns  ; cache:inst|cacheline:inst32|lpm_dff0:inst1|lpm_ff:lpm_ff_component|dffs[2] ; out[7] ; clk        ;
; N/A                                     ; None                                                ; 10.943 ns  ; cache:inst|cacheline:inst|lpm_dff0:inst1|lpm_ff:lpm_ff_component|dffs[0]   ; out[0] ; clk        ;
; N/A                                     ; None                                                ; 10.943 ns  ; cache:inst|cacheline:inst|lpm_dff0:inst1|lpm_ff:lpm_ff_component|dffs[1]   ; out[5] ; clk        ;
; N/A                                     ; None                                                ; 10.942 ns  ; cache:inst|cacheline:inst|lpm_dff0:inst1|lpm_ff:lpm_ff_component|dffs[0]   ; out[1] ; clk        ;
; N/A                                     ; None                                                ; 10.936 ns  ; cache:inst|cacheline:inst32|lpm_dff0:inst1|lpm_ff:lpm_ff_component|dffs[6] ; out[0] ; clk        ;
; N/A                                     ; None                                                ; 10.916 ns  ; cache:inst|cacheline:inst33|lpm_dff0:inst1|lpm_ff:lpm_ff_component|dffs[3] ; out[4] ; clk        ;
; N/A                                     ; None                                                ; 10.908 ns  ; cache:inst|cacheline:inst33|lpm_dff0:inst1|lpm_ff:lpm_ff_component|dffs[1] ; out[4] ; clk        ;
; N/A                                     ; None                                                ; 10.887 ns  ; cache:inst|cacheline:inst34|lpm_dff0:inst1|lpm_ff:lpm_ff_component|dffs[0] ; out[6] ; clk        ;
; N/A                                     ; None                                                ; 10.884 ns  ; cache:inst|cacheline:inst33|lpm_dff0:inst1|lpm_ff:lpm_ff_component|dffs[7] ; out[5] ; clk        ;
; N/A                                     ; None                                                ; 10.884 ns  ; cache:inst|cacheline:inst33|lpm_dff0:inst1|lpm_ff:lpm_ff_component|dffs[2] ; out[6] ; clk        ;
; N/A                                     ; None                                                ; 10.879 ns  ; cache:inst|cacheline:inst|lpm_dff0:inst1|lpm_ff:lpm_ff_component|dffs[0]   ; out[4] ; clk        ;
; N/A                                     ; None                                                ; 10.871 ns  ; cache:inst|cacheline:inst32|lpm_dff0:inst1|lpm_ff:lpm_ff_component|dffs[1] ; out[2] ; clk        ;
; N/A                                     ; None                                                ; 10.866 ns  ; cache:inst|cacheline:inst33|lpm_dff0:inst1|lpm_ff:lpm_ff_component|dffs[3] ; out[0] ; clk        ;
; N/A                                     ; None                                                ; 10.858 ns  ; cache:inst|cacheline:inst33|lpm_dff0:inst1|lpm_ff:lpm_ff_component|dffs[1] ; out[0] ; clk        ;
; N/A                                     ; None                                                ; 10.856 ns  ; cache:inst|cacheline:inst|lpm_dff0:inst1|lpm_ff:lpm_ff_component|dffs[5]   ; out[0] ; clk        ;
; N/A                                     ; None                                                ; 10.855 ns  ; cache:inst|cacheline:inst|lpm_dff0:inst1|lpm_ff:lpm_ff_component|dffs[5]   ; out[1] ; clk        ;
; N/A                                     ; None                                                ; 10.849 ns  ; cache:inst|cacheline:inst32|lpm_dff0:inst1|lpm_ff:lpm_ff_component|dffs[3] ; out[0] ; clk        ;
; N/A                                     ; None                                                ; 10.835 ns  ; cache:inst|cacheline:inst32|lpm_dff0:inst1|lpm_ff:lpm_ff_component|dffs[2] ; out[0] ; clk        ;
; N/A                                     ; None                                                ; 10.833 ns  ; cache:inst|cacheline:inst32|lpm_dff0:inst1|lpm_ff:lpm_ff_component|dffs[6] ; out[4] ; clk        ;
; N/A                                     ; None                                                ; 10.824 ns  ; cache:inst|cacheline:inst32|lpm_dff0:inst1|lpm_ff:lpm_ff_component|dffs[1] ; out[3] ; clk        ;
; N/A                                     ; None                                                ; 10.820 ns  ; cache:inst|cacheline:inst|lpm_dff0:inst1|lpm_ff:lpm_ff_component|dffs[6]   ; out[5] ; clk        ;
; N/A                                     ; None                                                ; 10.818 ns  ; cache:inst|cacheline:inst32|lpm_dff0:inst1|lpm_ff:lpm_ff_component|dffs[6] ; out[1] ; clk        ;
; N/A                                     ; None                                                ; 10.804 ns  ; cache:inst|cacheline:inst32|lpm_dff0:inst1|lpm_ff:lpm_ff_component|dffs[1] ; out[7] ; clk        ;
; N/A                                     ; None                                                ; 10.792 ns  ; cache:inst|cacheline:inst|lpm_dff0:inst1|lpm_ff:lpm_ff_component|dffs[5]   ; out[4] ; clk        ;
; N/A                                     ; None                                                ; 10.788 ns  ; cache:inst|cacheline:inst33|lpm_dff0:inst1|lpm_ff:lpm_ff_component|dffs[6] ; out[6] ; clk        ;
; N/A                                     ; None                                                ; 10.786 ns  ; cache:inst|cacheline:inst33|lpm_dff0:inst1|lpm_ff:lpm_ff_component|dffs[2] ; out[1] ; clk        ;
; N/A                                     ; None                                                ; 10.780 ns  ; cache:inst|cacheline:inst34|lpm_dff0:inst1|lpm_ff:lpm_ff_component|dffs[1] ; out[4] ; clk        ;
; N/A                                     ; None                                                ; 10.769 ns  ; cache:inst|cacheline:inst33|lpm_dff0:inst1|lpm_ff:lpm_ff_component|dffs[4] ; out[5] ; clk        ;
; N/A                                     ; None                                                ; 10.767 ns  ; cache:inst|cacheline:inst34|lpm_dff0:inst1|lpm_ff:lpm_ff_component|dffs[1] ; out[1] ; clk        ;
; N/A                                     ; None                                                ; 10.759 ns  ; cache:inst|cacheline:inst|lpm_dff0:inst1|lpm_ff:lpm_ff_component|dffs[4]   ; out[7] ; clk        ;
; N/A                                     ; None                                                ; 10.755 ns  ; cache:inst|cacheline:inst34|lpm_dff0:inst1|lpm_ff:lpm_ff_component|dffs[3] ; out[2] ; clk        ;
; N/A                                     ; None                                                ; 10.750 ns  ; cache:inst|cacheline:inst34|lpm_dff0:inst1|lpm_ff:lpm_ff_component|dffs[7] ; out[5] ; clk        ;
; N/A                                     ; None                                                ; 10.750 ns  ; cache:inst|cacheline:inst|lpm_dff0:inst1|lpm_ff:lpm_ff_component|dffs[1]   ; out[6] ; clk        ;
; N/A                                     ; None                                                ; 10.746 ns  ; cache:inst|cacheline:inst32|lpm_dff0:inst1|lpm_ff:lpm_ff_component|dffs[3] ; out[4] ; clk        ;
; N/A                                     ; None                                                ; 10.732 ns  ; cache:inst|cacheline:inst32|lpm_dff0:inst1|lpm_ff:lpm_ff_component|dffs[2] ; out[4] ; clk        ;
; N/A                                     ; None                                                ; 10.731 ns  ; cache:inst|cacheline:inst32|lpm_dff0:inst1|lpm_ff:lpm_ff_component|dffs[3] ; out[1] ; clk        ;
; N/A                                     ; None                                                ; 10.717 ns  ; cache:inst|cacheline:inst32|lpm_dff0:inst1|lpm_ff:lpm_ff_component|dffs[2] ; out[1] ; clk        ;
; N/A                                     ; None                                                ; 10.716 ns  ; cache:inst|cacheline:inst33|lpm_dff0:inst1|lpm_ff:lpm_ff_component|dffs[2] ; out[4] ; clk        ;
; N/A                                     ; None                                                ; 10.714 ns  ; cache:inst|cacheline:inst|lpm_dff0:inst1|lpm_ff:lpm_ff_component|dffs[4]   ; out[2] ; clk        ;
; N/A                                     ; None                                                ; 10.709 ns  ; cache:inst|cacheline:inst34|lpm_dff0:inst1|lpm_ff:lpm_ff_component|dffs[3] ; out[3] ; clk        ;
; N/A                                     ; None                                                ; 10.693 ns  ; cache:inst|cacheline:inst34|lpm_dff0:inst1|lpm_ff:lpm_ff_component|dffs[3] ; out[7] ; clk        ;
; N/A                                     ; None                                                ; 10.691 ns  ; cache:inst|cacheline:inst32|lpm_dff0:inst1|lpm_ff:lpm_ff_component|dffs[1] ; out[0] ; clk        ;
; N/A                                     ; None                                                ; 10.690 ns  ; cache:inst|cacheline:inst33|lpm_dff0:inst1|lpm_ff:lpm_ff_component|dffs[6] ; out[1] ; clk        ;
; N/A                                     ; None                                                ; 10.684 ns  ; cache:inst|cacheline:inst32|lpm_dff0:inst1|lpm_ff:lpm_ff_component|dffs[0] ; out[2] ; clk        ;
; N/A                                     ; None                                                ; 10.677 ns  ; cache:inst|cacheline:inst33|lpm_dff0:inst1|lpm_ff:lpm_ff_component|dffs[5] ; out[5] ; clk        ;
; N/A                                     ; None                                                ; 10.666 ns  ; cache:inst|cacheline:inst33|lpm_dff0:inst1|lpm_ff:lpm_ff_component|dffs[2] ; out[0] ; clk        ;
; N/A                                     ; None                                                ; 10.664 ns  ; cache:inst|cacheline:inst|lpm_dff0:inst1|lpm_ff:lpm_ff_component|dffs[4]   ; out[3] ; clk        ;
; N/A                                     ; None                                                ; 10.662 ns  ; cache:inst|cacheline:inst33|lpm_dff0:inst1|lpm_ff:lpm_ff_component|dffs[7] ; out[6] ; clk        ;
; N/A                                     ; None                                                ; 10.645 ns  ; cache:inst|cacheline:inst34|lpm_dff0:inst1|lpm_ff:lpm_ff_component|dffs[7] ; out[6] ; clk        ;
; N/A                                     ; None                                                ; 10.644 ns  ; cache:inst|cacheline:inst32|lpm_dff0:inst1|lpm_ff:lpm_ff_component|dffs[4] ; out[2] ; clk        ;
; N/A                                     ; None                                                ; 10.640 ns  ; cache:inst|cacheline:inst33|lpm_dff0:inst1|lpm_ff:lpm_ff_component|dffs[3] ; out[2] ; clk        ;
; N/A                                     ; None                                                ; 10.638 ns  ; cache:inst|cacheline:inst|lpm_dff0:inst1|lpm_ff:lpm_ff_component|dffs[0]   ; out[7] ; clk        ;
; N/A                                     ; None                                                ; 10.637 ns  ; cache:inst|cacheline:inst32|lpm_dff0:inst1|lpm_ff:lpm_ff_component|dffs[0] ; out[3] ; clk        ;
; N/A                                     ; None                                                ; 10.632 ns  ; cache:inst|cacheline:inst34|lpm_dff0:inst1|lpm_ff:lpm_ff_component|dffs[6] ; out[2] ; clk        ;
; N/A                                     ; None                                                ; 10.632 ns  ; cache:inst|cacheline:inst33|lpm_dff0:inst1|lpm_ff:lpm_ff_component|dffs[1] ; out[2] ; clk        ;
; N/A                                     ; None                                                ; 10.627 ns  ; cache:inst|cacheline:inst|lpm_dff0:inst1|lpm_ff:lpm_ff_component|dffs[6]   ; out[6] ; clk        ;
; N/A                                     ; None                                                ; 10.620 ns  ; cache:inst|cacheline:inst33|lpm_dff0:inst1|lpm_ff:lpm_ff_component|dffs[6] ; out[4] ; clk        ;
; N/A                                     ; None                                                ; 10.617 ns  ; cache:inst|cacheline:inst32|lpm_dff0:inst1|lpm_ff:lpm_ff_component|dffs[0] ; out[7] ; clk        ;
; N/A                                     ; None                                                ; 10.597 ns  ; cache:inst|cacheline:inst32|lpm_dff0:inst1|lpm_ff:lpm_ff_component|dffs[4] ; out[3] ; clk        ;
; N/A                                     ; None                                                ; 10.594 ns  ; cache:inst|cacheline:inst33|lpm_dff0:inst1|lpm_ff:lpm_ff_component|dffs[3] ; out[3] ; clk        ;
; N/A                                     ; None                                                ; 10.593 ns  ; cache:inst|cacheline:inst|lpm_dff0:inst1|lpm_ff:lpm_ff_component|dffs[0]   ; out[2] ; clk        ;
; N/A                                     ; None                                                ; 10.588 ns  ; cache:inst|cacheline:inst32|lpm_dff0:inst1|lpm_ff:lpm_ff_component|dffs[1] ; out[4] ; clk        ;
; N/A                                     ; None                                                ; 10.586 ns  ; cache:inst|cacheline:inst32|lpm_dff0:inst1|lpm_ff:lpm_ff_component|dffs[5] ; out[2] ; clk        ;
; N/A                                     ; None                                                ; 10.586 ns  ; cache:inst|cacheline:inst34|lpm_dff0:inst1|lpm_ff:lpm_ff_component|dffs[6] ; out[3] ; clk        ;
; N/A                                     ; None                                                ; 10.586 ns  ; cache:inst|cacheline:inst33|lpm_dff0:inst1|lpm_ff:lpm_ff_component|dffs[1] ; out[3] ; clk        ;
; N/A                                     ; None                                                ; 10.584 ns  ; cache:inst|cacheline:inst33|lpm_dff0:inst1|lpm_ff:lpm_ff_component|dffs[3] ; out[7] ; clk        ;
; N/A                                     ; None                                                ; 10.579 ns  ; cache:inst|cacheline:inst33|lpm_dff0:inst1|lpm_ff:lpm_ff_component|dffs[0] ; out[5] ; clk        ;
; N/A                                     ; None                                                ; 10.577 ns  ; cache:inst|cacheline:inst32|lpm_dff0:inst1|lpm_ff:lpm_ff_component|dffs[4] ; out[7] ; clk        ;
; N/A                                     ; None                                                ; 10.576 ns  ; cache:inst|cacheline:inst33|lpm_dff0:inst1|lpm_ff:lpm_ff_component|dffs[1] ; out[7] ; clk        ;
; N/A                                     ; None                                                ; 10.573 ns  ; cache:inst|cacheline:inst32|lpm_dff0:inst1|lpm_ff:lpm_ff_component|dffs[1] ; out[1] ; clk        ;
; N/A                                     ; None                                                ; 10.570 ns  ; cache:inst|cacheline:inst33|lpm_dff0:inst1|lpm_ff:lpm_ff_component|dffs[6] ; out[0] ; clk        ;
; N/A                                     ; None                                                ; 10.570 ns  ; cache:inst|cacheline:inst34|lpm_dff0:inst1|lpm_ff:lpm_ff_component|dffs[6] ; out[7] ; clk        ;
; N/A                                     ; None                                                ; 10.564 ns  ; cache:inst|cacheline:inst33|lpm_dff0:inst1|lpm_ff:lpm_ff_component|dffs[7] ; out[1] ; clk        ;
; N/A                                     ; None                                                ; 10.551 ns  ; cache:inst|cacheline:inst|lpm_dff0:inst1|lpm_ff:lpm_ff_component|dffs[5]   ; out[7] ; clk        ;
; N/A                                     ; None                                                ; 10.547 ns  ; cache:inst|cacheline:inst33|lpm_dff0:inst1|lpm_ff:lpm_ff_component|dffs[4] ; out[6] ; clk        ;
; N/A                                     ; None                                                ; 10.543 ns  ; cache:inst|cacheline:inst|lpm_dff0:inst1|lpm_ff:lpm_ff_component|dffs[0]   ; out[3] ; clk        ;
; N/A                                     ; None                                                ; 10.541 ns  ; cache:inst|cacheline:inst34|lpm_dff0:inst1|lpm_ff:lpm_ff_component|dffs[2] ; out[2] ; clk        ;
; N/A                                     ; None                                                ; 10.539 ns  ; cache:inst|cacheline:inst32|lpm_dff0:inst1|lpm_ff:lpm_ff_component|dffs[5] ; out[3] ; clk        ;
; N/A                                     ; None                                                ; 10.532 ns  ; cache:inst|cacheline:inst|lpm_dff0:inst1|lpm_ff:lpm_ff_component|dffs[1]   ; out[0] ; clk        ;
; N/A                                     ; None                                                ; 10.531 ns  ; cache:inst|cacheline:inst|lpm_dff0:inst1|lpm_ff:lpm_ff_component|dffs[1]   ; out[1] ; clk        ;
; N/A                                     ; None                                                ; 10.528 ns  ; cache:inst|cacheline:inst34|lpm_dff0:inst1|lpm_ff:lpm_ff_component|dffs[4] ; out[2] ; clk        ;
; N/A                                     ; None                                                ; 10.519 ns  ; cache:inst|cacheline:inst32|lpm_dff0:inst1|lpm_ff:lpm_ff_component|dffs[5] ; out[7] ; clk        ;
; N/A                                     ; None                                                ; 10.506 ns  ; cache:inst|cacheline:inst|lpm_dff0:inst1|lpm_ff:lpm_ff_component|dffs[5]   ; out[2] ; clk        ;
; N/A                                     ; None                                                ; 10.504 ns  ; cache:inst|cacheline:inst34|lpm_dff0:inst1|lpm_ff:lpm_ff_component|dffs[1] ; out[0] ; clk        ;
; N/A                                     ; None                                                ; 10.504 ns  ; cache:inst|cacheline:inst32|lpm_dff0:inst1|lpm_ff:lpm_ff_component|dffs[0] ; out[0] ; clk        ;
; N/A                                     ; None                                                ; 10.498 ns  ; cache:inst|cacheline:inst32|lpm_dff0:inst1|lpm_ff:lpm_ff_component|dffs[7] ; out[2] ; clk        ;
; N/A                                     ; None                                                ; 10.495 ns  ; cache:inst|cacheline:inst34|lpm_dff0:inst1|lpm_ff:lpm_ff_component|dffs[2] ; out[3] ; clk        ;
; N/A                                     ; None                                                ; 10.494 ns  ; cache:inst|cacheline:inst33|lpm_dff0:inst1|lpm_ff:lpm_ff_component|dffs[7] ; out[4] ; clk        ;
; N/A                                     ; None                                                ; 10.482 ns  ; cache:inst|cacheline:inst34|lpm_dff0:inst1|lpm_ff:lpm_ff_component|dffs[4] ; out[3] ; clk        ;
; N/A                                     ; None                                                ; 10.479 ns  ; cache:inst|cacheline:inst34|lpm_dff0:inst1|lpm_ff:lpm_ff_component|dffs[2] ; out[7] ; clk        ;
; N/A                                     ; None                                                ; 10.473 ns  ; cache:inst|cacheline:inst34|lpm_dff0:inst1|lpm_ff:lpm_ff_component|dffs[3] ; out[4] ; clk        ;
; N/A                                     ; None                                                ; 10.468 ns  ; cache:inst|cacheline:inst|lpm_dff0:inst1|lpm_ff:lpm_ff_component|dffs[1]   ; out[4] ; clk        ;
; N/A                                     ; None                                                ; 10.466 ns  ; cache:inst|cacheline:inst34|lpm_dff0:inst1|lpm_ff:lpm_ff_component|dffs[4] ; out[7] ; clk        ;
; N/A                                     ; None                                                ; 10.464 ns  ; cache:inst|cacheline:inst32|lpm_dff0:inst1|lpm_ff:lpm_ff_component|dffs[4] ; out[0] ; clk        ;
; N/A                                     ; None                                                ; 10.460 ns  ; cache:inst|cacheline:inst34|lpm_dff0:inst1|lpm_ff:lpm_ff_component|dffs[3] ; out[1] ; clk        ;
; N/A                                     ; None                                                ; 10.456 ns  ; cache:inst|cacheline:inst|lpm_dff0:inst1|lpm_ff:lpm_ff_component|dffs[5]   ; out[3] ; clk        ;
; N/A                                     ; None                                                ; 10.455 ns  ; cache:inst|cacheline:inst33|lpm_dff0:inst1|lpm_ff:lpm_ff_component|dffs[5] ; out[6] ; clk        ;
; N/A                                     ; None                                                ; 10.451 ns  ; cache:inst|cacheline:inst32|lpm_dff0:inst1|lpm_ff:lpm_ff_component|dffs[7] ; out[3] ; clk        ;
; N/A                                     ; None                                                ; 10.449 ns  ; cache:inst|cacheline:inst33|lpm_dff0:inst1|lpm_ff:lpm_ff_component|dffs[4] ; out[1] ; clk        ;
; N/A                                     ; None                                                ; 10.444 ns  ; cache:inst|cacheline:inst33|lpm_dff0:inst1|lpm_ff:lpm_ff_component|dffs[7] ; out[0] ; clk        ;
; N/A                                     ; None                                                ; 10.442 ns  ; cache:inst|cacheline:inst|lpm_dff0:inst1|lpm_ff:lpm_ff_component|dffs[7]   ; out[5] ; clk        ;
; N/A                                     ; None                                                ; 10.441 ns  ; cache:inst|cacheline:inst34|lpm_dff0:inst1|lpm_ff:lpm_ff_component|dffs[5] ; out[5] ; clk        ;
; N/A                                     ; None                                                ; 10.440 ns  ; cache:inst|cacheline:inst33|lpm_dff0:inst1|lpm_ff:lpm_ff_component|dffs[2] ; out[2] ; clk        ;
; N/A                                     ; None                                                ; 10.431 ns  ; cache:inst|cacheline:inst32|lpm_dff0:inst1|lpm_ff:lpm_ff_component|dffs[7] ; out[7] ; clk        ;
; N/A                                     ; None                                                ; 10.409 ns  ; cache:inst|cacheline:inst|lpm_dff0:inst1|lpm_ff:lpm_ff_component|dffs[6]   ; out[0] ; clk        ;
; N/A                                     ; None                                                ; 10.408 ns  ; cache:inst|cacheline:inst|lpm_dff0:inst1|lpm_ff:lpm_ff_component|dffs[6]   ; out[1] ; clk        ;
; N/A                                     ; None                                                ; 10.406 ns  ; cache:inst|cacheline:inst32|lpm_dff0:inst1|lpm_ff:lpm_ff_component|dffs[5] ; out[0] ; clk        ;
; N/A                                     ; None                                                ; 10.401 ns  ; cache:inst|cacheline:inst32|lpm_dff0:inst1|lpm_ff:lpm_ff_component|dffs[0] ; out[4] ; clk        ;
; N/A                                     ; None                                                ; 10.400 ns  ; cache:inst|cacheline:inst34|lpm_dff0:inst1|lpm_ff:lpm_ff_component|dffs[0] ; out[2] ; clk        ;
; N/A                                     ; None                                                ; 10.394 ns  ; cache:inst|cacheline:inst33|lpm_dff0:inst1|lpm_ff:lpm_ff_component|dffs[2] ; out[3] ; clk        ;
; N/A                                     ; None                                                ; 10.386 ns  ; cache:inst|cacheline:inst32|lpm_dff0:inst1|lpm_ff:lpm_ff_component|dffs[0] ; out[1] ; clk        ;
; N/A                                     ; None                                                ; 10.384 ns  ; cache:inst|cacheline:inst33|lpm_dff0:inst1|lpm_ff:lpm_ff_component|dffs[2] ; out[7] ; clk        ;
; N/A                                     ; None                                                ; 10.379 ns  ; cache:inst|cacheline:inst33|lpm_dff0:inst1|lpm_ff:lpm_ff_component|dffs[4] ; out[4] ; clk        ;
; N/A                                     ; None                                                ; 10.361 ns  ; cache:inst|cacheline:inst32|lpm_dff0:inst1|lpm_ff:lpm_ff_component|dffs[4] ; out[4] ; clk        ;
; N/A                                     ; None                                                ; 10.357 ns  ; cache:inst|cacheline:inst33|lpm_dff0:inst1|lpm_ff:lpm_ff_component|dffs[5] ; out[1] ; clk        ;
; N/A                                     ; None                                                ; 10.357 ns  ; cache:inst|cacheline:inst33|lpm_dff0:inst1|lpm_ff:lpm_ff_component|dffs[0] ; out[6] ; clk        ;
; N/A                                     ; None                                                ; 10.354 ns  ; cache:inst|cacheline:inst34|lpm_dff0:inst1|lpm_ff:lpm_ff_component|dffs[0] ; out[3] ; clk        ;
; N/A                                     ; None                                                ; 10.350 ns  ; cache:inst|cacheline:inst34|lpm_dff0:inst1|lpm_ff:lpm_ff_component|dffs[6] ; out[4] ; clk        ;
; N/A                                     ; None                                                ; 10.346 ns  ; cache:inst|cacheline:inst32|lpm_dff0:inst1|lpm_ff:lpm_ff_component|dffs[4] ; out[1] ; clk        ;
; N/A                                     ; None                                                ; 10.345 ns  ; cache:inst|cacheline:inst|lpm_dff0:inst1|lpm_ff:lpm_ff_component|dffs[6]   ; out[4] ; clk        ;
; N/A                                     ; None                                                ; 10.344 ns  ; cache:inst|cacheline:inst33|lpm_dff0:inst1|lpm_ff:lpm_ff_component|dffs[6] ; out[2] ; clk        ;
; N/A                                     ; None                                                ; 10.338 ns  ; cache:inst|cacheline:inst34|lpm_dff0:inst1|lpm_ff:lpm_ff_component|dffs[0] ; out[7] ; clk        ;
; N/A                                     ; None                                                ; 10.337 ns  ; cache:inst|cacheline:inst34|lpm_dff0:inst1|lpm_ff:lpm_ff_component|dffs[6] ; out[1] ; clk        ;
; N/A                                     ; None                                                ; 10.336 ns  ; cache:inst|cacheline:inst34|lpm_dff0:inst1|lpm_ff:lpm_ff_component|dffs[5] ; out[6] ; clk        ;
; N/A                                     ; None                                                ; 10.329 ns  ; cache:inst|cacheline:inst33|lpm_dff0:inst1|lpm_ff:lpm_ff_component|dffs[4] ; out[0] ; clk        ;
; N/A                                     ; None                                                ; 10.318 ns  ; cache:inst|cacheline:inst32|lpm_dff0:inst1|lpm_ff:lpm_ff_component|dffs[7] ; out[0] ; clk        ;
; N/A                                     ; None                                                ; 10.311 ns  ; cache:inst|cacheline:inst|lpm_dff0:inst1|lpm_ff:lpm_ff_component|dffs[2]   ; out[5] ; clk        ;
; N/A                                     ; None                                                ; 10.303 ns  ; cache:inst|cacheline:inst32|lpm_dff0:inst1|lpm_ff:lpm_ff_component|dffs[5] ; out[4] ; clk        ;
; N/A                                     ; None                                                ; 10.298 ns  ; cache:inst|cacheline:inst33|lpm_dff0:inst1|lpm_ff:lpm_ff_component|dffs[6] ; out[3] ; clk        ;
; N/A                                     ; None                                                ; 10.288 ns  ; cache:inst|cacheline:inst32|lpm_dff0:inst1|lpm_ff:lpm_ff_component|dffs[5] ; out[1] ; clk        ;
; N/A                                     ; None                                                ; 10.288 ns  ; cache:inst|cacheline:inst33|lpm_dff0:inst1|lpm_ff:lpm_ff_component|dffs[6] ; out[7] ; clk        ;
; N/A                                     ; None                                                ; 10.287 ns  ; cache:inst|cacheline:inst33|lpm_dff0:inst1|lpm_ff:lpm_ff_component|dffs[5] ; out[4] ; clk        ;
; N/A                                     ; None                                                ; 10.259 ns  ; cache:inst|cacheline:inst33|lpm_dff0:inst1|lpm_ff:lpm_ff_component|dffs[0] ; out[1] ; clk        ;
; N/A                                     ; None                                                ; 10.259 ns  ; cache:inst|cacheline:inst34|lpm_dff0:inst1|lpm_ff:lpm_ff_component|dffs[2] ; out[4] ; clk        ;
; N/A                                     ; None                                                ; 10.249 ns  ; cache:inst|cacheline:inst|lpm_dff0:inst1|lpm_ff:lpm_ff_component|dffs[7]   ; out[6] ; clk        ;
; N/A                                     ; None                                                ; 10.246 ns  ; cache:inst|cacheline:inst34|lpm_dff0:inst1|lpm_ff:lpm_ff_component|dffs[2] ; out[1] ; clk        ;
; N/A                                     ; None                                                ; 10.246 ns  ; cache:inst|cacheline:inst34|lpm_dff0:inst1|lpm_ff:lpm_ff_component|dffs[4] ; out[4] ; clk        ;
; N/A                                     ; None                                                ; 10.237 ns  ; cache:inst|cacheline:inst33|lpm_dff0:inst1|lpm_ff:lpm_ff_component|dffs[5] ; out[0] ; clk        ;
; N/A                                     ; None                                                ; 10.233 ns  ; cache:inst|cacheline:inst34|lpm_dff0:inst1|lpm_ff:lpm_ff_component|dffs[4] ; out[1] ; clk        ;
; N/A                                     ; None                                                ; 10.227 ns  ; cache:inst|cacheline:inst|lpm_dff0:inst1|lpm_ff:lpm_ff_component|dffs[1]   ; out[7] ; clk        ;
; N/A                                     ; None                                                ; 10.218 ns  ; cache:inst|cacheline:inst33|lpm_dff0:inst1|lpm_ff:lpm_ff_component|dffs[7] ; out[2] ; clk        ;
; N/A                                     ; None                                                ; 10.215 ns  ; cache:inst|cacheline:inst32|lpm_dff0:inst1|lpm_ff:lpm_ff_component|dffs[7] ; out[4] ; clk        ;
; N/A                                     ; None                                                ; 10.200 ns  ; cache:inst|cacheline:inst32|lpm_dff0:inst1|lpm_ff:lpm_ff_component|dffs[7] ; out[1] ; clk        ;
; N/A                                     ; None                                                ; 10.197 ns  ; cache:inst|cacheline:inst34|lpm_dff0:inst1|lpm_ff:lpm_ff_component|dffs[3] ; out[0] ; clk        ;
; N/A                                     ; None                                                ; 10.189 ns  ; cache:inst|cacheline:inst33|lpm_dff0:inst1|lpm_ff:lpm_ff_component|dffs[0] ; out[4] ; clk        ;
; Timing analysis restricted to 200 rows. ; To change the limit use Settings (Assignments menu) ;            ;                                                                            ;        ;            ;
+-----------------------------------------+-----------------------------------------------------+------------+----------------------------------------------------------------------------+--------+------------+


+----------------------------------------------------------------+
; tpd                                                            ;
+-------+-------------------+-----------------+---------+--------+
; Slack ; Required P2P Time ; Actual P2P Time ; From    ; To     ;
+-------+-------------------+-----------------+---------+--------+
; N/A   ; None              ; 11.104 ns       ; addr[1] ; out[5] ;
; N/A   ; None              ; 11.061 ns       ; addr[0] ; out[5] ;
; N/A   ; None              ; 11.003 ns       ; addr[1] ; out[6] ;
; N/A   ; None              ; 10.969 ns       ; addr[4] ; out[5] ;
; N/A   ; None              ; 10.960 ns       ; addr[0] ; out[6] ;
; N/A   ; None              ; 10.868 ns       ; addr[4] ; out[6] ;
; N/A   ; None              ; 10.775 ns       ; addr[7] ; out[5] ;
; N/A   ; None              ; 10.726 ns       ; addr[5] ; out[5] ;
; N/A   ; None              ; 10.699 ns       ; addr[3] ; out[5] ;
; N/A   ; None              ; 10.693 ns       ; addr[6] ; out[5] ;
; N/A   ; None              ; 10.674 ns       ; addr[7] ; out[6] ;
; N/A   ; None              ; 10.625 ns       ; addr[5] ; out[6] ;
; N/A   ; None              ; 10.592 ns       ; addr[6] ; out[6] ;
; N/A   ; None              ; 10.571 ns       ; addr[2] ; out[5] ;
; N/A   ; None              ; 10.524 ns       ; addr[3] ; out[6] ;
; N/A   ; None              ; 10.517 ns       ; addr[1] ; out[2] ;
; N/A   ; None              ; 10.474 ns       ; addr[0] ; out[2] ;
; N/A   ; None              ; 10.470 ns       ; addr[1] ; out[3] ;
; N/A   ; None              ; 10.470 ns       ; addr[2] ; out[6] ;
; N/A   ; None              ; 10.450 ns       ; addr[1] ; out[7] ;
; N/A   ; None              ; 10.427 ns       ; addr[0] ; out[3] ;
; N/A   ; None              ; 10.407 ns       ; addr[0] ; out[7] ;
; N/A   ; None              ; 10.382 ns       ; addr[4] ; out[2] ;
; N/A   ; None              ; 10.379 ns       ; addr[3] ; out[1] ;
; N/A   ; None              ; 10.337 ns       ; addr[1] ; out[0] ;
; N/A   ; None              ; 10.335 ns       ; addr[4] ; out[3] ;
; N/A   ; None              ; 10.323 ns       ; addr[1] ; out[1] ;
; N/A   ; None              ; 10.315 ns       ; addr[4] ; out[7] ;
; N/A   ; None              ; 10.309 ns       ; addr[3] ; out[4] ;
; N/A   ; None              ; 10.294 ns       ; addr[0] ; out[0] ;
; N/A   ; None              ; 10.293 ns       ; addr[7] ; out[1] ;
; N/A   ; None              ; 10.272 ns       ; addr[4] ; out[0] ;
; N/A   ; None              ; 10.271 ns       ; addr[4] ; out[1] ;
; N/A   ; None              ; 10.260 ns       ; addr[1] ; out[4] ;
; N/A   ; None              ; 10.259 ns       ; addr[3] ; out[0] ;
; N/A   ; None              ; 10.231 ns       ; addr[0] ; out[1] ;
; N/A   ; None              ; 10.223 ns       ; addr[7] ; out[4] ;
; N/A   ; None              ; 10.208 ns       ; addr[4] ; out[4] ;
; N/A   ; None              ; 10.191 ns       ; addr[0] ; out[4] ;
; N/A   ; None              ; 10.188 ns       ; addr[7] ; out[2] ;
; N/A   ; None              ; 10.173 ns       ; addr[7] ; out[0] ;
; N/A   ; None              ; 10.141 ns       ; addr[7] ; out[3] ;
; N/A   ; None              ; 10.139 ns       ; addr[5] ; out[2] ;
; N/A   ; None              ; 10.121 ns       ; addr[7] ; out[7] ;
; N/A   ; None              ; 10.106 ns       ; addr[6] ; out[2] ;
; N/A   ; None              ; 10.092 ns       ; addr[5] ; out[3] ;
; N/A   ; None              ; 10.072 ns       ; addr[5] ; out[7] ;
; N/A   ; None              ; 10.059 ns       ; addr[6] ; out[3] ;
; N/A   ; None              ; 10.039 ns       ; addr[6] ; out[7] ;
; N/A   ; None              ; 10.038 ns       ; addr[3] ; out[2] ;
; N/A   ; None              ; 9.991 ns        ; addr[3] ; out[3] ;
; N/A   ; None              ; 9.984 ns        ; addr[2] ; out[2] ;
; N/A   ; None              ; 9.977 ns        ; addr[3] ; out[7] ;
; N/A   ; None              ; 9.959 ns        ; addr[5] ; out[0] ;
; N/A   ; None              ; 9.937 ns        ; addr[2] ; out[3] ;
; N/A   ; None              ; 9.926 ns        ; addr[6] ; out[0] ;
; N/A   ; None              ; 9.917 ns        ; addr[2] ; out[7] ;
; N/A   ; None              ; 9.911 ns        ; addr[5] ; out[1] ;
; N/A   ; None              ; 9.856 ns        ; addr[5] ; out[4] ;
; N/A   ; None              ; 9.823 ns        ; addr[6] ; out[4] ;
; N/A   ; None              ; 9.808 ns        ; addr[6] ; out[1] ;
; N/A   ; None              ; 9.804 ns        ; addr[2] ; out[0] ;
; N/A   ; None              ; 9.755 ns        ; addr[2] ; out[1] ;
; N/A   ; None              ; 9.701 ns        ; addr[2] ; out[4] ;
; N/A   ; None              ; 8.758 ns        ; addr[1] ; hit    ;
; N/A   ; None              ; 8.706 ns        ; addr[4] ; hit    ;
; N/A   ; None              ; 8.693 ns        ; addr[3] ; hit    ;
; N/A   ; None              ; 8.666 ns        ; addr[0] ; hit    ;
; N/A   ; None              ; 8.607 ns        ; addr[7] ; hit    ;
; N/A   ; None              ; 8.225 ns        ; addr[5] ; hit    ;
; N/A   ; None              ; 8.185 ns        ; addr[6] ; hit    ;
; N/A   ; None              ; 8.069 ns        ; addr[2] ; hit    ;
+-------+-------------------+-----------------+---------+--------+


+---------------------------------------------------------------------------------------------------------------------------------------------------------------------------------------------------------------------------------------------------+
; th                                                                                                                                                                                                                                                ;
+-----------------------------------------+-----------------------------------------------------+-----------+---------+------------------------------------------------------------------------------------------------------------------+----------+
; Minimum Slack                           ; Required th                                         ; Actual th ; From    ; To                                                                                                               ; To Clock ;
+-----------------------------------------+-----------------------------------------------------+-----------+---------+------------------------------------------------------------------------------------------------------------------+----------+
; N/A                                     ; None                                                ; -2.006 ns ; addr[2] ; cache:inst|cacheline:inst34|lpm_dff0:inst1|lpm_ff:lpm_ff_component|dffs[2]                                       ; clk      ;
; N/A                                     ; None                                                ; -2.018 ns ; addr[2] ; cache:inst|cacheline:inst|lpm_dff0:inst1|lpm_ff:lpm_ff_component|dffs[2]                                         ; clk      ;
; N/A                                     ; None                                                ; -2.029 ns ; addr[2] ; cache:inst|cacheline:inst33|lpm_dff0:inst1|lpm_ff:lpm_ff_component|dffs[2]                                       ; clk      ;
; N/A                                     ; None                                                ; -2.031 ns ; addr[2] ; cache:inst|cacheline:inst32|lpm_dff0:inst1|lpm_ff:lpm_ff_component|dffs[2]                                       ; clk      ;
; N/A                                     ; None                                                ; -2.135 ns ; addr[6] ; cache:inst|cacheline:inst33|lpm_dff0:inst1|lpm_ff:lpm_ff_component|dffs[6]                                       ; clk      ;
; N/A                                     ; None                                                ; -2.137 ns ; addr[6] ; cache:inst|cacheline:inst32|lpm_dff0:inst1|lpm_ff:lpm_ff_component|dffs[6]                                       ; clk      ;
; N/A                                     ; None                                                ; -2.166 ns ; addr[2] ; cache:inst|cacheline:inst|lpm_dff0:inst1|lpm_ff:lpm_ff_component|dffs[5]                                         ; clk      ;
; N/A                                     ; None                                                ; -2.166 ns ; addr[2] ; cache:inst|cacheline:inst|lpm_dff0:inst1|lpm_ff:lpm_ff_component|dffs[4]                                         ; clk      ;
; N/A                                     ; None                                                ; -2.166 ns ; addr[2] ; cache:inst|cacheline:inst|lpm_dff0:inst1|lpm_ff:lpm_ff_component|dffs[1]                                         ; clk      ;
; N/A                                     ; None                                                ; -2.166 ns ; addr[2] ; cache:inst|cacheline:inst|lpm_dff0:inst1|lpm_ff:lpm_ff_component|dffs[0]                                         ; clk      ;
; N/A                                     ; None                                                ; -2.166 ns ; addr[2] ; cache:inst|cacheline:inst|lpm_dff0:inst1|lpm_ff:lpm_ff_component|dffs[6]                                         ; clk      ;
; N/A                                     ; None                                                ; -2.218 ns ; addr[6] ; cache:inst|cacheline:inst|lpm_dff0:inst1|lpm_ff:lpm_ff_component|dffs[6]                                         ; clk      ;
; N/A                                     ; None                                                ; -2.288 ns ; addr[3] ; cache:inst|cacheline:inst|lpm_dff0:inst2|lpm_ff:lpm_ff_component|dffs[7]                                         ; clk      ;
; N/A                                     ; None                                                ; -2.288 ns ; addr[3] ; cache:inst|cacheline:inst|lpm_dff0:inst2|lpm_ff:lpm_ff_component|dffs[6]                                         ; clk      ;
; N/A                                     ; None                                                ; -2.288 ns ; addr[3] ; cache:inst|cacheline:inst|lpm_dff0:inst2|lpm_ff:lpm_ff_component|dffs[5]                                         ; clk      ;
; N/A                                     ; None                                                ; -2.288 ns ; addr[3] ; cache:inst|cacheline:inst|lpm_dff0:inst2|lpm_ff:lpm_ff_component|dffs[4]                                         ; clk      ;
; N/A                                     ; None                                                ; -2.288 ns ; addr[3] ; cache:inst|cacheline:inst|lpm_dff0:inst2|lpm_ff:lpm_ff_component|dffs[3]                                         ; clk      ;
; N/A                                     ; None                                                ; -2.288 ns ; addr[3] ; cache:inst|cacheline:inst|lpm_dff0:inst2|lpm_ff:lpm_ff_component|dffs[2]                                         ; clk      ;
; N/A                                     ; None                                                ; -2.288 ns ; addr[3] ; cache:inst|cacheline:inst|lpm_dff0:inst2|lpm_ff:lpm_ff_component|dffs[1]                                         ; clk      ;
; N/A                                     ; None                                                ; -2.288 ns ; addr[3] ; cache:inst|cacheline:inst|lpm_dff0:inst2|lpm_ff:lpm_ff_component|dffs[0]                                         ; clk      ;
; N/A                                     ; None                                                ; -2.318 ns ; addr[2] ; cache:inst|cacheline:inst34|lpm_dff0:inst2|lpm_ff:lpm_ff_component|dffs[7]                                       ; clk      ;
; N/A                                     ; None                                                ; -2.318 ns ; addr[2] ; cache:inst|cacheline:inst34|lpm_dff0:inst2|lpm_ff:lpm_ff_component|dffs[6]                                       ; clk      ;
; N/A                                     ; None                                                ; -2.318 ns ; addr[2] ; cache:inst|cacheline:inst34|lpm_dff0:inst2|lpm_ff:lpm_ff_component|dffs[5]                                       ; clk      ;
; N/A                                     ; None                                                ; -2.318 ns ; addr[2] ; cache:inst|cacheline:inst34|lpm_dff0:inst2|lpm_ff:lpm_ff_component|dffs[4]                                       ; clk      ;
; N/A                                     ; None                                                ; -2.318 ns ; addr[2] ; cache:inst|cacheline:inst34|lpm_dff0:inst2|lpm_ff:lpm_ff_component|dffs[3]                                       ; clk      ;
; N/A                                     ; None                                                ; -2.318 ns ; addr[2] ; cache:inst|cacheline:inst34|lpm_dff0:inst2|lpm_ff:lpm_ff_component|dffs[2]                                       ; clk      ;
; N/A                                     ; None                                                ; -2.318 ns ; addr[2] ; cache:inst|cacheline:inst34|lpm_dff0:inst2|lpm_ff:lpm_ff_component|dffs[1]                                       ; clk      ;
; N/A                                     ; None                                                ; -2.318 ns ; addr[2] ; cache:inst|cacheline:inst34|lpm_dff0:inst2|lpm_ff:lpm_ff_component|dffs[0]                                       ; clk      ;
; N/A                                     ; None                                                ; -2.330 ns ; addr[6] ; cache:inst|cacheline:inst34|lpm_dff0:inst1|lpm_ff:lpm_ff_component|dffs[6]                                       ; clk      ;
; N/A                                     ; None                                                ; -2.336 ns ; addr[2] ; cache:inst|cacheline:inst34|lpm_dff0:inst1|lpm_ff:lpm_ff_component|dffs[3]                                       ; clk      ;
; N/A                                     ; None                                                ; -2.336 ns ; addr[2] ; cache:inst|cacheline:inst34|lpm_dff0:inst1|lpm_ff:lpm_ff_component|dffs[1]                                       ; clk      ;
; N/A                                     ; None                                                ; -2.336 ns ; addr[2] ; cache:inst|cacheline:inst34|lpm_dff0:inst1|lpm_ff:lpm_ff_component|dffs[4]                                       ; clk      ;
; N/A                                     ; None                                                ; -2.336 ns ; addr[2] ; cache:inst|cacheline:inst34|lpm_dff0:inst1|lpm_ff:lpm_ff_component|dffs[6]                                       ; clk      ;
; N/A                                     ; None                                                ; -2.336 ns ; addr[2] ; cache:inst|cacheline:inst34|lpm_dff0:inst1|lpm_ff:lpm_ff_component|dffs[0]                                       ; clk      ;
; N/A                                     ; None                                                ; -2.362 ns ; addr[2] ; cache:inst|cacheline:inst|lpm_dff0:inst2|lpm_ff:lpm_ff_component|dffs[7]                                         ; clk      ;
; N/A                                     ; None                                                ; -2.362 ns ; addr[2] ; cache:inst|cacheline:inst|lpm_dff0:inst2|lpm_ff:lpm_ff_component|dffs[6]                                         ; clk      ;
; N/A                                     ; None                                                ; -2.362 ns ; addr[2] ; cache:inst|cacheline:inst|lpm_dff0:inst2|lpm_ff:lpm_ff_component|dffs[5]                                         ; clk      ;
; N/A                                     ; None                                                ; -2.362 ns ; addr[2] ; cache:inst|cacheline:inst|lpm_dff0:inst2|lpm_ff:lpm_ff_component|dffs[4]                                         ; clk      ;
; N/A                                     ; None                                                ; -2.362 ns ; addr[2] ; cache:inst|cacheline:inst|lpm_dff0:inst2|lpm_ff:lpm_ff_component|dffs[3]                                         ; clk      ;
; N/A                                     ; None                                                ; -2.362 ns ; addr[2] ; cache:inst|cacheline:inst|lpm_dff0:inst2|lpm_ff:lpm_ff_component|dffs[2]                                         ; clk      ;
; N/A                                     ; None                                                ; -2.362 ns ; addr[2] ; cache:inst|cacheline:inst|lpm_dff0:inst2|lpm_ff:lpm_ff_component|dffs[1]                                         ; clk      ;
; N/A                                     ; None                                                ; -2.362 ns ; addr[2] ; cache:inst|cacheline:inst|lpm_dff0:inst2|lpm_ff:lpm_ff_component|dffs[0]                                         ; clk      ;
; N/A                                     ; None                                                ; -2.403 ns ; addr[5] ; cache:inst|cacheline:inst33|lpm_dff0:inst1|lpm_ff:lpm_ff_component|dffs[5]                                       ; clk      ;
; N/A                                     ; None                                                ; -2.406 ns ; addr[5] ; cache:inst|cacheline:inst32|lpm_dff0:inst1|lpm_ff:lpm_ff_component|dffs[5]                                       ; clk      ;
; N/A                                     ; None                                                ; -2.415 ns ; addr[5] ; cache:inst|cacheline:inst|lpm_dff0:inst1|lpm_ff:lpm_ff_component|dffs[5]                                         ; clk      ;
; N/A                                     ; None                                                ; -2.415 ns ; addr[5] ; cache:inst|cacheline:inst|lpm_dff0:inst1|lpm_ff:lpm_ff_component|dffs[4]                                         ; clk      ;
; N/A                                     ; None                                                ; -2.415 ns ; addr[5] ; cache:inst|cacheline:inst|lpm_dff0:inst1|lpm_ff:lpm_ff_component|dffs[1]                                         ; clk      ;
; N/A                                     ; None                                                ; -2.415 ns ; addr[5] ; cache:inst|cacheline:inst|lpm_dff0:inst1|lpm_ff:lpm_ff_component|dffs[0]                                         ; clk      ;
; N/A                                     ; None                                                ; -2.415 ns ; addr[5] ; cache:inst|cacheline:inst|lpm_dff0:inst1|lpm_ff:lpm_ff_component|dffs[6]                                         ; clk      ;
; N/A                                     ; None                                                ; -2.444 ns ; data[7] ; cache:inst|cacheline:inst33|lpm_dff0:inst2|lpm_ff:lpm_ff_component|dffs[7]                                       ; clk      ;
; N/A                                     ; None                                                ; -2.451 ns ; addr[4] ; cache:inst|cacheline:inst|lpm_dff0:inst1|lpm_ff:lpm_ff_component|dffs[4]                                         ; clk      ;
; N/A                                     ; None                                                ; -2.472 ns ; addr[4] ; cache:inst|cacheline:inst34|lpm_dff0:inst1|lpm_ff:lpm_ff_component|dffs[4]                                       ; clk      ;
; N/A                                     ; None                                                ; -2.472 ns ; addr[4] ; cache:inst|cacheline:inst33|lpm_dff0:inst1|lpm_ff:lpm_ff_component|dffs[4]                                       ; clk      ;
; N/A                                     ; None                                                ; -2.487 ns ; addr[3] ; cache:inst|cacheline:inst|lpm_dff0:inst1|lpm_ff:lpm_ff_component|dffs[3]                                         ; clk      ;
; N/A                                     ; None                                                ; -2.498 ns ; addr[3] ; cache:inst|cacheline:inst34|lpm_dff0:inst1|lpm_ff:lpm_ff_component|dffs[3]                                       ; clk      ;
; N/A                                     ; None                                                ; -2.500 ns ; addr[3] ; cache:inst|cacheline:inst33|lpm_dff0:inst1|lpm_ff:lpm_ff_component|dffs[3]                                       ; clk      ;
; N/A                                     ; None                                                ; -2.548 ns ; data[6] ; cache:inst|cacheline:inst33|lpm_dff0:inst2|lpm_ff:lpm_ff_component|dffs[6]                                       ; clk      ;
; N/A                                     ; None                                                ; -2.567 ns ; addr[5] ; cache:inst|cacheline:inst34|lpm_dff0:inst2|lpm_ff:lpm_ff_component|dffs[7]                                       ; clk      ;
; N/A                                     ; None                                                ; -2.567 ns ; addr[5] ; cache:inst|cacheline:inst34|lpm_dff0:inst2|lpm_ff:lpm_ff_component|dffs[6]                                       ; clk      ;
; N/A                                     ; None                                                ; -2.567 ns ; addr[5] ; cache:inst|cacheline:inst34|lpm_dff0:inst2|lpm_ff:lpm_ff_component|dffs[5]                                       ; clk      ;
; N/A                                     ; None                                                ; -2.567 ns ; addr[5] ; cache:inst|cacheline:inst34|lpm_dff0:inst2|lpm_ff:lpm_ff_component|dffs[4]                                       ; clk      ;
; N/A                                     ; None                                                ; -2.567 ns ; addr[5] ; cache:inst|cacheline:inst34|lpm_dff0:inst2|lpm_ff:lpm_ff_component|dffs[3]                                       ; clk      ;
; N/A                                     ; None                                                ; -2.567 ns ; addr[5] ; cache:inst|cacheline:inst34|lpm_dff0:inst2|lpm_ff:lpm_ff_component|dffs[2]                                       ; clk      ;
; N/A                                     ; None                                                ; -2.567 ns ; addr[5] ; cache:inst|cacheline:inst34|lpm_dff0:inst2|lpm_ff:lpm_ff_component|dffs[1]                                       ; clk      ;
; N/A                                     ; None                                                ; -2.567 ns ; addr[5] ; cache:inst|cacheline:inst34|lpm_dff0:inst2|lpm_ff:lpm_ff_component|dffs[0]                                       ; clk      ;
; N/A                                     ; None                                                ; -2.576 ns ; addr[7] ; cache:inst|cacheline:inst|lpm_dff0:inst2|lpm_ff:lpm_ff_component|dffs[7]                                         ; clk      ;
; N/A                                     ; None                                                ; -2.576 ns ; addr[7] ; cache:inst|cacheline:inst|lpm_dff0:inst2|lpm_ff:lpm_ff_component|dffs[6]                                         ; clk      ;
; N/A                                     ; None                                                ; -2.576 ns ; addr[7] ; cache:inst|cacheline:inst|lpm_dff0:inst2|lpm_ff:lpm_ff_component|dffs[5]                                         ; clk      ;
; N/A                                     ; None                                                ; -2.576 ns ; addr[7] ; cache:inst|cacheline:inst|lpm_dff0:inst2|lpm_ff:lpm_ff_component|dffs[4]                                         ; clk      ;
; N/A                                     ; None                                                ; -2.576 ns ; addr[7] ; cache:inst|cacheline:inst|lpm_dff0:inst2|lpm_ff:lpm_ff_component|dffs[3]                                         ; clk      ;
; N/A                                     ; None                                                ; -2.576 ns ; addr[7] ; cache:inst|cacheline:inst|lpm_dff0:inst2|lpm_ff:lpm_ff_component|dffs[2]                                         ; clk      ;
; N/A                                     ; None                                                ; -2.576 ns ; addr[7] ; cache:inst|cacheline:inst|lpm_dff0:inst2|lpm_ff:lpm_ff_component|dffs[1]                                         ; clk      ;
; N/A                                     ; None                                                ; -2.576 ns ; addr[7] ; cache:inst|cacheline:inst|lpm_dff0:inst2|lpm_ff:lpm_ff_component|dffs[0]                                         ; clk      ;
; N/A                                     ; None                                                ; -2.585 ns ; addr[5] ; cache:inst|cacheline:inst34|lpm_dff0:inst1|lpm_ff:lpm_ff_component|dffs[3]                                       ; clk      ;
; N/A                                     ; None                                                ; -2.585 ns ; addr[5] ; cache:inst|cacheline:inst34|lpm_dff0:inst1|lpm_ff:lpm_ff_component|dffs[2]                                       ; clk      ;
; N/A                                     ; None                                                ; -2.585 ns ; addr[5] ; cache:inst|cacheline:inst34|lpm_dff0:inst1|lpm_ff:lpm_ff_component|dffs[1]                                       ; clk      ;
; N/A                                     ; None                                                ; -2.585 ns ; addr[5] ; cache:inst|cacheline:inst34|lpm_dff0:inst1|lpm_ff:lpm_ff_component|dffs[4]                                       ; clk      ;
; N/A                                     ; None                                                ; -2.585 ns ; addr[5] ; cache:inst|cacheline:inst34|lpm_dff0:inst1|lpm_ff:lpm_ff_component|dffs[6]                                       ; clk      ;
; N/A                                     ; None                                                ; -2.585 ns ; addr[5] ; cache:inst|cacheline:inst34|lpm_dff0:inst1|lpm_ff:lpm_ff_component|dffs[0]                                       ; clk      ;
; N/A                                     ; None                                                ; -2.585 ns ; addr[2] ; cache:inst|cacheline:inst33|lpm_dff0:inst1|lpm_ff:lpm_ff_component|dffs[3]                                       ; clk      ;
; N/A                                     ; None                                                ; -2.585 ns ; addr[2] ; cache:inst|cacheline:inst33|lpm_dff0:inst1|lpm_ff:lpm_ff_component|dffs[7]                                       ; clk      ;
; N/A                                     ; None                                                ; -2.585 ns ; addr[2] ; cache:inst|cacheline:inst33|lpm_dff0:inst1|lpm_ff:lpm_ff_component|dffs[1]                                       ; clk      ;
; N/A                                     ; None                                                ; -2.585 ns ; addr[2] ; cache:inst|cacheline:inst33|lpm_dff0:inst1|lpm_ff:lpm_ff_component|dffs[4]                                       ; clk      ;
; N/A                                     ; None                                                ; -2.590 ns ; addr[2] ; cache:inst|cacheline:inst|lpm_dff0:inst1|lpm_ff:lpm_ff_component|dffs[7]                                         ; clk      ;
; N/A                                     ; None                                                ; -2.590 ns ; addr[2] ; cache:inst|cacheline:inst|lpm_dff0:inst1|lpm_ff:lpm_ff_component|dffs[3]                                         ; clk      ;
; N/A                                     ; None                                                ; -2.599 ns ; addr[2] ; cache:inst|cacheline:inst33|lpm_dff0:inst1|lpm_ff:lpm_ff_component|dffs[5]                                       ; clk      ;
; N/A                                     ; None                                                ; -2.599 ns ; addr[2] ; cache:inst|cacheline:inst33|lpm_dff0:inst1|lpm_ff:lpm_ff_component|dffs[6]                                       ; clk      ;
; N/A                                     ; None                                                ; -2.599 ns ; addr[2] ; cache:inst|cacheline:inst33|lpm_dff0:inst1|lpm_ff:lpm_ff_component|dffs[0]                                       ; clk      ;
; N/A                                     ; None                                                ; -2.608 ns ; addr[5] ; cache:inst|cacheline:inst|lpm_dff0:inst2|lpm_ff:lpm_ff_component|dffs[7]                                         ; clk      ;
; N/A                                     ; None                                                ; -2.608 ns ; addr[5] ; cache:inst|cacheline:inst|lpm_dff0:inst2|lpm_ff:lpm_ff_component|dffs[6]                                         ; clk      ;
; N/A                                     ; None                                                ; -2.608 ns ; addr[5] ; cache:inst|cacheline:inst|lpm_dff0:inst2|lpm_ff:lpm_ff_component|dffs[5]                                         ; clk      ;
; N/A                                     ; None                                                ; -2.608 ns ; addr[5] ; cache:inst|cacheline:inst|lpm_dff0:inst2|lpm_ff:lpm_ff_component|dffs[4]                                         ; clk      ;
; N/A                                     ; None                                                ; -2.608 ns ; addr[5] ; cache:inst|cacheline:inst|lpm_dff0:inst2|lpm_ff:lpm_ff_component|dffs[3]                                         ; clk      ;
; N/A                                     ; None                                                ; -2.608 ns ; addr[5] ; cache:inst|cacheline:inst|lpm_dff0:inst2|lpm_ff:lpm_ff_component|dffs[2]                                         ; clk      ;
; N/A                                     ; None                                                ; -2.608 ns ; addr[5] ; cache:inst|cacheline:inst|lpm_dff0:inst2|lpm_ff:lpm_ff_component|dffs[1]                                         ; clk      ;
; N/A                                     ; None                                                ; -2.608 ns ; addr[5] ; cache:inst|cacheline:inst|lpm_dff0:inst2|lpm_ff:lpm_ff_component|dffs[0]                                         ; clk      ;
; N/A                                     ; None                                                ; -2.622 ns ; addr[2] ; cache:inst|cacheline:inst34|lpm_dff0:inst1|lpm_ff:lpm_ff_component|dffs[7]                                       ; clk      ;
; N/A                                     ; None                                                ; -2.622 ns ; addr[2] ; cache:inst|cacheline:inst34|lpm_dff0:inst1|lpm_ff:lpm_ff_component|dffs[5]                                       ; clk      ;
; N/A                                     ; None                                                ; -2.625 ns ; addr[7] ; cache:inst|cacheline:inst32|lpm_dff0:inst1|lpm_ff:lpm_ff_component|dffs[7]                                       ; clk      ;
; N/A                                     ; None                                                ; -2.630 ns ; data[3] ; cache:inst|cacheline:inst33|lpm_dff0:inst2|lpm_ff:lpm_ff_component|dffs[3]                                       ; clk      ;
; N/A                                     ; None                                                ; -2.631 ns ; data[3] ; lpm_ram_dq0:inst1|altsyncram:altsyncram_component|altsyncram_d411:auto_generated|ram_block1a7~porta_datain_reg4  ; clk      ;
; N/A                                     ; None                                                ; -2.633 ns ; addr[7] ; cache:inst|cacheline:inst|lpm_dff0:inst1|lpm_ff:lpm_ff_component|dffs[7]                                         ; clk      ;
; N/A                                     ; None                                                ; -2.634 ns ; addr[7] ; cache:inst|cacheline:inst34|lpm_dff0:inst1|lpm_ff:lpm_ff_component|dffs[7]                                       ; clk      ;
; N/A                                     ; None                                                ; -2.636 ns ; addr[7] ; cache:inst|cacheline:inst33|lpm_dff0:inst1|lpm_ff:lpm_ff_component|dffs[7]                                       ; clk      ;
; N/A                                     ; None                                                ; -2.646 ns ; addr[4] ; lpm_ram_dq0:inst1|altsyncram:altsyncram_component|altsyncram_d411:auto_generated|ram_block1a7~porta_address_reg4 ; clk      ;
; N/A                                     ; None                                                ; -2.669 ns ; addr[0] ; cache:inst|cacheline:inst32|lpm_dff0:inst1|lpm_ff:lpm_ff_component|dffs[0]                                       ; clk      ;
; N/A                                     ; None                                                ; -2.670 ns ; addr[0] ; cache:inst|cacheline:inst33|lpm_dff0:inst1|lpm_ff:lpm_ff_component|dffs[0]                                       ; clk      ;
; N/A                                     ; None                                                ; -2.671 ns ; addr[2] ; cache:inst|cacheline:inst33|lpm_dff0:inst2|lpm_ff:lpm_ff_component|dffs[6]                                       ; clk      ;
; N/A                                     ; None                                                ; -2.671 ns ; addr[2] ; cache:inst|cacheline:inst33|lpm_dff0:inst2|lpm_ff:lpm_ff_component|dffs[5]                                       ; clk      ;
; N/A                                     ; None                                                ; -2.671 ns ; addr[2] ; cache:inst|cacheline:inst33|lpm_dff0:inst2|lpm_ff:lpm_ff_component|dffs[4]                                       ; clk      ;
; N/A                                     ; None                                                ; -2.671 ns ; addr[2] ; cache:inst|cacheline:inst33|lpm_dff0:inst2|lpm_ff:lpm_ff_component|dffs[3]                                       ; clk      ;
; N/A                                     ; None                                                ; -2.671 ns ; addr[2] ; cache:inst|cacheline:inst33|lpm_dff0:inst2|lpm_ff:lpm_ff_component|dffs[2]                                       ; clk      ;
; N/A                                     ; None                                                ; -2.671 ns ; addr[2] ; cache:inst|cacheline:inst33|lpm_dff0:inst2|lpm_ff:lpm_ff_component|dffs[0]                                       ; clk      ;
; N/A                                     ; None                                                ; -2.689 ns ; addr[0] ; cache:inst|cacheline:inst|lpm_dff0:inst1|lpm_ff:lpm_ff_component|dffs[0]                                         ; clk      ;
; N/A                                     ; None                                                ; -2.692 ns ; addr[1] ; cache:inst|cacheline:inst34|lpm_dff0:inst1|lpm_ff:lpm_ff_component|dffs[1]                                       ; clk      ;
; N/A                                     ; None                                                ; -2.692 ns ; addr[4] ; cache:inst|cacheline:inst32|lpm_dff0:inst1|lpm_ff:lpm_ff_component|dffs[4]                                       ; clk      ;
; N/A                                     ; None                                                ; -2.694 ns ; addr[3] ; cache:inst|cacheline:inst|lpm_dff0:inst1|lpm_ff:lpm_ff_component|dffs[5]                                         ; clk      ;
; N/A                                     ; None                                                ; -2.694 ns ; addr[3] ; cache:inst|cacheline:inst|lpm_dff0:inst1|lpm_ff:lpm_ff_component|dffs[4]                                         ; clk      ;
; N/A                                     ; None                                                ; -2.694 ns ; addr[3] ; cache:inst|cacheline:inst|lpm_dff0:inst1|lpm_ff:lpm_ff_component|dffs[1]                                         ; clk      ;
; N/A                                     ; None                                                ; -2.694 ns ; addr[3] ; cache:inst|cacheline:inst|lpm_dff0:inst1|lpm_ff:lpm_ff_component|dffs[0]                                         ; clk      ;
; N/A                                     ; None                                                ; -2.694 ns ; addr[3] ; cache:inst|cacheline:inst|lpm_dff0:inst1|lpm_ff:lpm_ff_component|dffs[6]                                         ; clk      ;
; N/A                                     ; None                                                ; -2.695 ns ; addr[1] ; cache:inst|cacheline:inst33|lpm_dff0:inst1|lpm_ff:lpm_ff_component|dffs[1]                                       ; clk      ;
; N/A                                     ; None                                                ; -2.716 ns ; addr[1] ; lpm_ram_dq0:inst1|altsyncram:altsyncram_component|altsyncram_d411:auto_generated|ram_block1a7~porta_address_reg1 ; clk      ;
; N/A                                     ; None                                                ; -2.725 ns ; addr[5] ; cache:inst|cacheline:inst34|lpm_dff0:inst1|lpm_ff:lpm_ff_component|dffs[5]                                       ; clk      ;
; N/A                                     ; None                                                ; -2.725 ns ; addr[1] ; cache:inst|cacheline:inst|lpm_dff0:inst1|lpm_ff:lpm_ff_component|dffs[1]                                         ; clk      ;
; N/A                                     ; None                                                ; -2.752 ns ; addr[1] ; cache:inst|cacheline:inst32|lpm_dff0:inst1|lpm_ff:lpm_ff_component|dffs[1]                                       ; clk      ;
; N/A                                     ; None                                                ; -2.803 ns ; data[6] ; lpm_ram_dq0:inst1|altsyncram:altsyncram_component|altsyncram_d411:auto_generated|ram_block1a7~porta_datain_reg1  ; clk      ;
; N/A                                     ; None                                                ; -2.828 ns ; addr[3] ; cache:inst|cacheline:inst32|lpm_dff0:inst1|lpm_ff:lpm_ff_component|dffs[3]                                       ; clk      ;
; N/A                                     ; None                                                ; -2.830 ns ; addr[6] ; cache:inst|cacheline:inst|lpm_dff0:inst1|lpm_ff:lpm_ff_component|dffs[5]                                         ; clk      ;
; N/A                                     ; None                                                ; -2.830 ns ; addr[6] ; cache:inst|cacheline:inst|lpm_dff0:inst1|lpm_ff:lpm_ff_component|dffs[4]                                         ; clk      ;
; N/A                                     ; None                                                ; -2.830 ns ; addr[6] ; cache:inst|cacheline:inst|lpm_dff0:inst1|lpm_ff:lpm_ff_component|dffs[1]                                         ; clk      ;
; N/A                                     ; None                                                ; -2.830 ns ; addr[6] ; cache:inst|cacheline:inst|lpm_dff0:inst1|lpm_ff:lpm_ff_component|dffs[0]                                         ; clk      ;
; N/A                                     ; None                                                ; -2.834 ns ; addr[6] ; cache:inst|cacheline:inst33|lpm_dff0:inst2|lpm_ff:lpm_ff_component|dffs[6]                                       ; clk      ;
; N/A                                     ; None                                                ; -2.834 ns ; addr[6] ; cache:inst|cacheline:inst33|lpm_dff0:inst2|lpm_ff:lpm_ff_component|dffs[5]                                       ; clk      ;
; N/A                                     ; None                                                ; -2.834 ns ; addr[6] ; cache:inst|cacheline:inst33|lpm_dff0:inst2|lpm_ff:lpm_ff_component|dffs[4]                                       ; clk      ;
; N/A                                     ; None                                                ; -2.834 ns ; addr[6] ; cache:inst|cacheline:inst33|lpm_dff0:inst2|lpm_ff:lpm_ff_component|dffs[3]                                       ; clk      ;
; N/A                                     ; None                                                ; -2.834 ns ; addr[6] ; cache:inst|cacheline:inst33|lpm_dff0:inst2|lpm_ff:lpm_ff_component|dffs[2]                                       ; clk      ;
; N/A                                     ; None                                                ; -2.834 ns ; addr[6] ; cache:inst|cacheline:inst33|lpm_dff0:inst2|lpm_ff:lpm_ff_component|dffs[0]                                       ; clk      ;
; N/A                                     ; None                                                ; -2.834 ns ; addr[5] ; cache:inst|cacheline:inst33|lpm_dff0:inst1|lpm_ff:lpm_ff_component|dffs[3]                                       ; clk      ;
; N/A                                     ; None                                                ; -2.834 ns ; addr[5] ; cache:inst|cacheline:inst33|lpm_dff0:inst1|lpm_ff:lpm_ff_component|dffs[7]                                       ; clk      ;
; N/A                                     ; None                                                ; -2.834 ns ; addr[5] ; cache:inst|cacheline:inst33|lpm_dff0:inst1|lpm_ff:lpm_ff_component|dffs[1]                                       ; clk      ;
; N/A                                     ; None                                                ; -2.834 ns ; addr[5] ; cache:inst|cacheline:inst33|lpm_dff0:inst1|lpm_ff:lpm_ff_component|dffs[4]                                       ; clk      ;
; N/A                                     ; None                                                ; -2.839 ns ; addr[5] ; cache:inst|cacheline:inst|lpm_dff0:inst1|lpm_ff:lpm_ff_component|dffs[7]                                         ; clk      ;
; N/A                                     ; None                                                ; -2.839 ns ; addr[5] ; cache:inst|cacheline:inst|lpm_dff0:inst1|lpm_ff:lpm_ff_component|dffs[3]                                         ; clk      ;
; N/A                                     ; None                                                ; -2.839 ns ; addr[5] ; cache:inst|cacheline:inst|lpm_dff0:inst1|lpm_ff:lpm_ff_component|dffs[2]                                         ; clk      ;
; N/A                                     ; None                                                ; -2.839 ns ; data[7] ; cache:inst|cacheline:inst34|lpm_dff0:inst2|lpm_ff:lpm_ff_component|dffs[7]                                       ; clk      ;
; N/A                                     ; None                                                ; -2.841 ns ; write   ; cache:inst|cacheline:inst33|lpm_dff0:inst2|lpm_ff:lpm_ff_component|dffs[3]                                       ; clk      ;
; N/A                                     ; None                                                ; -2.843 ns ; write   ; cache:inst|cacheline:inst33|lpm_dff0:inst2|lpm_ff:lpm_ff_component|dffs[4]                                       ; clk      ;
; N/A                                     ; None                                                ; -2.844 ns ; write   ; cache:inst|cacheline:inst33|lpm_dff0:inst2|lpm_ff:lpm_ff_component|dffs[6]                                       ; clk      ;
; N/A                                     ; None                                                ; -2.845 ns ; data[4] ; lpm_ram_dq0:inst1|altsyncram:altsyncram_component|altsyncram_d411:auto_generated|ram_block1a7~porta_datain_reg3  ; clk      ;
; N/A                                     ; None                                                ; -2.845 ns ; write   ; cache:inst|cacheline:inst33|lpm_dff0:inst2|lpm_ff:lpm_ff_component|dffs[0]                                       ; clk      ;
; N/A                                     ; None                                                ; -2.846 ns ; addr[3] ; cache:inst|cacheline:inst34|lpm_dff0:inst2|lpm_ff:lpm_ff_component|dffs[7]                                       ; clk      ;
; N/A                                     ; None                                                ; -2.846 ns ; addr[3] ; cache:inst|cacheline:inst34|lpm_dff0:inst2|lpm_ff:lpm_ff_component|dffs[6]                                       ; clk      ;
; N/A                                     ; None                                                ; -2.846 ns ; addr[3] ; cache:inst|cacheline:inst34|lpm_dff0:inst2|lpm_ff:lpm_ff_component|dffs[5]                                       ; clk      ;
; N/A                                     ; None                                                ; -2.846 ns ; addr[3] ; cache:inst|cacheline:inst34|lpm_dff0:inst2|lpm_ff:lpm_ff_component|dffs[4]                                       ; clk      ;
; N/A                                     ; None                                                ; -2.846 ns ; addr[3] ; cache:inst|cacheline:inst34|lpm_dff0:inst2|lpm_ff:lpm_ff_component|dffs[3]                                       ; clk      ;
; N/A                                     ; None                                                ; -2.846 ns ; addr[3] ; cache:inst|cacheline:inst34|lpm_dff0:inst2|lpm_ff:lpm_ff_component|dffs[2]                                       ; clk      ;
; N/A                                     ; None                                                ; -2.846 ns ; addr[3] ; cache:inst|cacheline:inst34|lpm_dff0:inst2|lpm_ff:lpm_ff_component|dffs[1]                                       ; clk      ;
; N/A                                     ; None                                                ; -2.846 ns ; addr[3] ; cache:inst|cacheline:inst34|lpm_dff0:inst2|lpm_ff:lpm_ff_component|dffs[0]                                       ; clk      ;
; N/A                                     ; None                                                ; -2.846 ns ; write   ; cache:inst|cacheline:inst33|lpm_dff0:inst2|lpm_ff:lpm_ff_component|dffs[5]                                       ; clk      ;
; N/A                                     ; None                                                ; -2.848 ns ; addr[5] ; cache:inst|cacheline:inst33|lpm_dff0:inst1|lpm_ff:lpm_ff_component|dffs[2]                                       ; clk      ;
; N/A                                     ; None                                                ; -2.848 ns ; addr[5] ; cache:inst|cacheline:inst33|lpm_dff0:inst1|lpm_ff:lpm_ff_component|dffs[6]                                       ; clk      ;
; N/A                                     ; None                                                ; -2.848 ns ; addr[5] ; cache:inst|cacheline:inst33|lpm_dff0:inst1|lpm_ff:lpm_ff_component|dffs[0]                                       ; clk      ;
; N/A                                     ; None                                                ; -2.864 ns ; addr[3] ; cache:inst|cacheline:inst34|lpm_dff0:inst1|lpm_ff:lpm_ff_component|dffs[2]                                       ; clk      ;
; N/A                                     ; None                                                ; -2.864 ns ; addr[3] ; cache:inst|cacheline:inst34|lpm_dff0:inst1|lpm_ff:lpm_ff_component|dffs[1]                                       ; clk      ;
; N/A                                     ; None                                                ; -2.864 ns ; addr[3] ; cache:inst|cacheline:inst34|lpm_dff0:inst1|lpm_ff:lpm_ff_component|dffs[4]                                       ; clk      ;
; N/A                                     ; None                                                ; -2.864 ns ; addr[3] ; cache:inst|cacheline:inst34|lpm_dff0:inst1|lpm_ff:lpm_ff_component|dffs[6]                                       ; clk      ;
; N/A                                     ; None                                                ; -2.864 ns ; addr[3] ; cache:inst|cacheline:inst34|lpm_dff0:inst1|lpm_ff:lpm_ff_component|dffs[0]                                       ; clk      ;
; N/A                                     ; None                                                ; -2.871 ns ; addr[5] ; cache:inst|cacheline:inst34|lpm_dff0:inst1|lpm_ff:lpm_ff_component|dffs[7]                                       ; clk      ;
; N/A                                     ; None                                                ; -2.886 ns ; addr[2] ; cache:inst|cacheline:inst32|lpm_dff0:inst2|lpm_ff:lpm_ff_component|dffs[7]                                       ; clk      ;
; N/A                                     ; None                                                ; -2.886 ns ; addr[2] ; cache:inst|cacheline:inst32|lpm_dff0:inst2|lpm_ff:lpm_ff_component|dffs[6]                                       ; clk      ;
; N/A                                     ; None                                                ; -2.886 ns ; addr[2] ; cache:inst|cacheline:inst32|lpm_dff0:inst2|lpm_ff:lpm_ff_component|dffs[5]                                       ; clk      ;
; N/A                                     ; None                                                ; -2.886 ns ; addr[2] ; cache:inst|cacheline:inst32|lpm_dff0:inst2|lpm_ff:lpm_ff_component|dffs[4]                                       ; clk      ;
; N/A                                     ; None                                                ; -2.886 ns ; addr[2] ; cache:inst|cacheline:inst32|lpm_dff0:inst2|lpm_ff:lpm_ff_component|dffs[3]                                       ; clk      ;
; N/A                                     ; None                                                ; -2.886 ns ; addr[2] ; cache:inst|cacheline:inst32|lpm_dff0:inst2|lpm_ff:lpm_ff_component|dffs[2]                                       ; clk      ;
; N/A                                     ; None                                                ; -2.886 ns ; addr[2] ; cache:inst|cacheline:inst32|lpm_dff0:inst2|lpm_ff:lpm_ff_component|dffs[1]                                       ; clk      ;
; N/A                                     ; None                                                ; -2.895 ns ; addr[0] ; cache:inst|cacheline:inst34|lpm_dff0:inst1|lpm_ff:lpm_ff_component|dffs[0]                                       ; clk      ;
; N/A                                     ; None                                                ; -2.904 ns ; addr[6] ; cache:inst|cacheline:inst|lpm_dff0:inst2|lpm_ff:lpm_ff_component|dffs[7]                                         ; clk      ;
; N/A                                     ; None                                                ; -2.904 ns ; addr[6] ; cache:inst|cacheline:inst|lpm_dff0:inst2|lpm_ff:lpm_ff_component|dffs[6]                                         ; clk      ;
; N/A                                     ; None                                                ; -2.904 ns ; addr[6] ; cache:inst|cacheline:inst|lpm_dff0:inst2|lpm_ff:lpm_ff_component|dffs[5]                                         ; clk      ;
; N/A                                     ; None                                                ; -2.904 ns ; addr[6] ; cache:inst|cacheline:inst|lpm_dff0:inst2|lpm_ff:lpm_ff_component|dffs[4]                                         ; clk      ;
; N/A                                     ; None                                                ; -2.904 ns ; addr[6] ; cache:inst|cacheline:inst|lpm_dff0:inst2|lpm_ff:lpm_ff_component|dffs[3]                                         ; clk      ;
; N/A                                     ; None                                                ; -2.904 ns ; addr[6] ; cache:inst|cacheline:inst|lpm_dff0:inst2|lpm_ff:lpm_ff_component|dffs[2]                                         ; clk      ;
; N/A                                     ; None                                                ; -2.904 ns ; addr[6] ; cache:inst|cacheline:inst|lpm_dff0:inst2|lpm_ff:lpm_ff_component|dffs[1]                                         ; clk      ;
; N/A                                     ; None                                                ; -2.904 ns ; addr[6] ; cache:inst|cacheline:inst|lpm_dff0:inst2|lpm_ff:lpm_ff_component|dffs[0]                                         ; clk      ;
; N/A                                     ; None                                                ; -2.920 ns ; addr[5] ; cache:inst|cacheline:inst33|lpm_dff0:inst2|lpm_ff:lpm_ff_component|dffs[6]                                       ; clk      ;
; N/A                                     ; None                                                ; -2.920 ns ; addr[5] ; cache:inst|cacheline:inst33|lpm_dff0:inst2|lpm_ff:lpm_ff_component|dffs[5]                                       ; clk      ;
; N/A                                     ; None                                                ; -2.920 ns ; addr[5] ; cache:inst|cacheline:inst33|lpm_dff0:inst2|lpm_ff:lpm_ff_component|dffs[4]                                       ; clk      ;
; N/A                                     ; None                                                ; -2.920 ns ; addr[5] ; cache:inst|cacheline:inst33|lpm_dff0:inst2|lpm_ff:lpm_ff_component|dffs[3]                                       ; clk      ;
; N/A                                     ; None                                                ; -2.920 ns ; addr[5] ; cache:inst|cacheline:inst33|lpm_dff0:inst2|lpm_ff:lpm_ff_component|dffs[2]                                       ; clk      ;
; N/A                                     ; None                                                ; -2.920 ns ; addr[5] ; cache:inst|cacheline:inst33|lpm_dff0:inst2|lpm_ff:lpm_ff_component|dffs[0]                                       ; clk      ;
; N/A                                     ; None                                                ; -2.921 ns ; data[7] ; cache:inst|cacheline:inst32|lpm_dff0:inst2|lpm_ff:lpm_ff_component|dffs[7]                                       ; clk      ;
; N/A                                     ; None                                                ; -2.982 ns ; addr[6] ; cache:inst|cacheline:inst34|lpm_dff0:inst2|lpm_ff:lpm_ff_component|dffs[7]                                       ; clk      ;
; N/A                                     ; None                                                ; -2.982 ns ; addr[6] ; cache:inst|cacheline:inst34|lpm_dff0:inst2|lpm_ff:lpm_ff_component|dffs[6]                                       ; clk      ;
; N/A                                     ; None                                                ; -2.982 ns ; addr[6] ; cache:inst|cacheline:inst34|lpm_dff0:inst2|lpm_ff:lpm_ff_component|dffs[5]                                       ; clk      ;
; N/A                                     ; None                                                ; -2.982 ns ; addr[6] ; cache:inst|cacheline:inst34|lpm_dff0:inst2|lpm_ff:lpm_ff_component|dffs[4]                                       ; clk      ;
; N/A                                     ; None                                                ; -2.982 ns ; addr[6] ; cache:inst|cacheline:inst34|lpm_dff0:inst2|lpm_ff:lpm_ff_component|dffs[3]                                       ; clk      ;
; N/A                                     ; None                                                ; -2.982 ns ; addr[6] ; cache:inst|cacheline:inst34|lpm_dff0:inst2|lpm_ff:lpm_ff_component|dffs[2]                                       ; clk      ;
; N/A                                     ; None                                                ; -2.982 ns ; addr[6] ; cache:inst|cacheline:inst34|lpm_dff0:inst2|lpm_ff:lpm_ff_component|dffs[1]                                       ; clk      ;
; N/A                                     ; None                                                ; -2.982 ns ; addr[6] ; cache:inst|cacheline:inst34|lpm_dff0:inst2|lpm_ff:lpm_ff_component|dffs[0]                                       ; clk      ;
; Timing analysis restricted to 200 rows. ; To change the limit use Settings (Assignments menu) ;           ;         ;                                                                                                                  ;          ;
+-----------------------------------------+-----------------------------------------------------+-----------+---------+------------------------------------------------------------------------------------------------------------------+----------+


+--------------------------+
; Timing Analyzer Messages ;
+--------------------------+
Info: *******************************************************************
Info: Running Quartus II Timing Analyzer
    Info: Version 5.0 Build 148 04/26/2005 SJ Full Version
    Info: Processing started: Sun Feb 28 00:47:42 2021
Info: Command: quartus_tan --read_settings_files=off --write_settings_files=off cache -c cache --timing_analysis_only
Warning: Found pins functioning as undefined clocks and/or memory enables
    Info: Assuming node "clk" is an undefined clock
    Info: Assuming node "addr[3]" is an undefined clock
    Info: Assuming node "addr[7]" is an undefined clock
    Info: Assuming node "addr[4]" is an undefined clock
    Info: Assuming node "addr[1]" is an undefined clock
    Info: Assuming node "addr[2]" is an undefined clock
    Info: Assuming node "addr[5]" is an undefined clock
    Info: Assuming node "addr[6]" is an undefined clock
    Info: Assuming node "addr[0]" is an undefined clock
Warning: Found 48 node(s) in clock paths which may be acting as ripple and/or gated clocks -- node(s) analyzed as buffer(s) resulting in clock skew
    Info: Detected ripple clock "cache:inst|cacheline:inst32|lpm_dff0:inst1|lpm_ff:lpm_ff_component|dffs[0]" as buffer
    Info: Detected gated clock "cache:inst|cacheline:inst32|lpm_compare0:inst10|lpm_compare:lpm_compare_component|comptree:comparator|cmpchain:cmp_end|comptree:comp|comptree:sub_comptree|cmpchain:cmp_end|aeb_out~63" as buffer
    Info: Detected ripple clock "cache:inst|cacheline:inst32|lpm_dff0:inst1|lpm_ff:lpm_ff_component|dffs[6]" as buffer
    Info: Detected ripple clock "cache:inst|cacheline:inst32|lpm_dff0:inst1|lpm_ff:lpm_ff_component|dffs[4]" as buffer
    Info: Detected gated clock "cache:inst|cacheline:inst32|lpm_compare0:inst10|lpm_compare:lpm_compare_component|comptree:comparator|cmpchain:cmp_end|comptree:comp|comptree:sub_comptree|cmpchain:cmp_end|aeb_out~62" as buffer
    Info: Detected ripple clock "cache:inst|cacheline:inst32|lpm_dff0:inst1|lpm_ff:lpm_ff_component|dffs[1]" as buffer
    Info: Detected ripple clock "cache:inst|cacheline:inst32|lpm_dff0:inst1|lpm_ff:lpm_ff_component|dffs[5]" as buffer
    Info: Detected gated clock "cache:inst|cacheline:inst32|lpm_compare0:inst10|lpm_compare:lpm_compare_component|comptree:comparator|cmpchain:cmp_end|comptree:comp|comptree:sub_comptree|cmpchain:cmp_end|aeb_out~61" as buffer
    Info: Detected ripple clock "cache:inst|cacheline:inst32|lpm_dff0:inst1|lpm_ff:lpm_ff_component|dffs[2]" as buffer
    Info: Detected ripple clock "cache:inst|cacheline:inst32|lpm_dff0:inst1|lpm_ff:lpm_ff_component|dffs[7]" as buffer
    Info: Detected gated clock "cache:inst|cacheline:inst32|lpm_compare0:inst10|lpm_compare:lpm_compare_component|comptree:comparator|cmpchain:cmp_end|comptree:comp|comptree:sub_comptree|cmpchain:cmp_end|aeb_out~60" as buffer
    Info: Detected ripple clock "cache:inst|cacheline:inst32|lpm_dff0:inst1|lpm_ff:lpm_ff_component|dffs[3]" as buffer
    Info: Detected ripple clock "cache:inst|cacheline:inst33|lpm_dff0:inst1|lpm_ff:lpm_ff_component|dffs[0]" as buffer
    Info: Detected gated clock "cache:inst|cacheline:inst33|lpm_compare0:inst10|lpm_compare:lpm_compare_component|comptree:comparator|cmpchain:cmp_end|comptree:comp|comptree:sub_comptree|cmpchain:cmp_end|aeb_out~63" as buffer
    Info: Detected ripple clock "cache:inst|cacheline:inst33|lpm_dff0:inst1|lpm_ff:lpm_ff_component|dffs[6]" as buffer
    Info: Detected ripple clock "cache:inst|cacheline:inst33|lpm_dff0:inst1|lpm_ff:lpm_ff_component|dffs[4]" as buffer
    Info: Detected gated clock "cache:inst|cacheline:inst33|lpm_compare0:inst10|lpm_compare:lpm_compare_component|comptree:comparator|cmpchain:cmp_end|comptree:comp|comptree:sub_comptree|cmpchain:cmp_end|aeb_out~62" as buffer
    Info: Detected ripple clock "cache:inst|cacheline:inst33|lpm_dff0:inst1|lpm_ff:lpm_ff_component|dffs[1]" as buffer
    Info: Detected ripple clock "cache:inst|cacheline:inst33|lpm_dff0:inst1|lpm_ff:lpm_ff_component|dffs[5]" as buffer
    Info: Detected gated clock "cache:inst|cacheline:inst33|lpm_compare0:inst10|lpm_compare:lpm_compare_component|comptree:comparator|cmpchain:cmp_end|comptree:comp|comptree:sub_comptree|cmpchain:cmp_end|aeb_out~61" as buffer
    Info: Detected ripple clock "cache:inst|cacheline:inst33|lpm_dff0:inst1|lpm_ff:lpm_ff_component|dffs[2]" as buffer
    Info: Detected ripple clock "cache:inst|cacheline:inst33|lpm_dff0:inst1|lpm_ff:lpm_ff_component|dffs[7]" as buffer
    Info: Detected gated clock "cache:inst|cacheline:inst33|lpm_compare0:inst10|lpm_compare:lpm_compare_component|comptree:comparator|cmpchain:cmp_end|comptree:comp|comptree:sub_comptree|cmpchain:cmp_end|aeb_out~60" as buffer
    Info: Detected ripple clock "cache:inst|cacheline:inst33|lpm_dff0:inst1|lpm_ff:lpm_ff_component|dffs[3]" as buffer
    Info: Detected ripple clock "cache:inst|cacheline:inst34|lpm_dff0:inst1|lpm_ff:lpm_ff_component|dffs[0]" as buffer
    Info: Detected gated clock "cache:inst|cacheline:inst34|lpm_compare0:inst10|lpm_compare:lpm_compare_component|comptree:comparator|cmpchain:cmp_end|comptree:comp|comptree:sub_comptree|cmpchain:cmp_end|aeb_out~63" as buffer
    Info: Detected ripple clock "cache:inst|cacheline:inst34|lpm_dff0:inst1|lpm_ff:lpm_ff_component|dffs[6]" as buffer
    Info: Detected ripple clock "cache:inst|cacheline:inst34|lpm_dff0:inst1|lpm_ff:lpm_ff_component|dffs[4]" as buffer
    Info: Detected gated clock "cache:inst|cacheline:inst34|lpm_compare0:inst10|lpm_compare:lpm_compare_component|comptree:comparator|cmpchain:cmp_end|comptree:comp|comptree:sub_comptree|cmpchain:cmp_end|aeb_out~62" as buffer
    Info: Detected ripple clock "cache:inst|cacheline:inst34|lpm_dff0:inst1|lpm_ff:lpm_ff_component|dffs[1]" as buffer
    Info: Detected ripple clock "cache:inst|cacheline:inst34|lpm_dff0:inst1|lpm_ff:lpm_ff_component|dffs[5]" as buffer
    Info: Detected gated clock "cache:inst|cacheline:inst34|lpm_compare0:inst10|lpm_compare:lpm_compare_component|comptree:comparator|cmpchain:cmp_end|comptree:comp|comptree:sub_comptree|cmpchain:cmp_end|aeb_out~61" as buffer
    Info: Detected ripple clock "cache:inst|cacheline:inst34|lpm_dff0:inst1|lpm_ff:lpm_ff_component|dffs[2]" as buffer
    Info: Detected ripple clock "cache:inst|cacheline:inst34|lpm_dff0:inst1|lpm_ff:lpm_ff_component|dffs[7]" as buffer
    Info: Detected gated clock "cache:inst|cacheline:inst34|lpm_compare0:inst10|lpm_compare:lpm_compare_component|comptree:comparator|cmpchain:cmp_end|comptree:comp|comptree:sub_comptree|cmpchain:cmp_end|aeb_out~60" as buffer
    Info: Detected ripple clock "cache:inst|cacheline:inst34|lpm_dff0:inst1|lpm_ff:lpm_ff_component|dffs[3]" as buffer
    Info: Detected ripple clock "cache:inst|cacheline:inst|lpm_dff0:inst1|lpm_ff:lpm_ff_component|dffs[6]" as buffer
    Info: Detected gated clock "cache:inst|cacheline:inst|lpm_compare0:inst10|lpm_compare:lpm_compare_component|comptree:comparator|cmpchain:cmp_end|comptree:comp|comptree:sub_comptree|cmpchain:cmp_end|aeb_out~63" as buffer
    Info: Detected ripple clock "cache:inst|cacheline:inst|lpm_dff0:inst1|lpm_ff:lpm_ff_component|dffs[0]" as buffer
    Info: Detected ripple clock "cache:inst|cacheline:inst|lpm_dff0:inst1|lpm_ff:lpm_ff_component|dffs[1]" as buffer
    Info: Detected gated clock "cache:inst|cacheline:inst|lpm_compare0:inst10|lpm_compare:lpm_compare_component|comptree:comparator|cmpchain:cmp_end|comptree:comp|comptree:sub_comptree|cmpchain:cmp_end|aeb_out~62" as buffer
    Info: Detected ripple clock "cache:inst|cacheline:inst|lpm_dff0:inst1|lpm_ff:lpm_ff_component|dffs[4]" as buffer
    Info: Detected ripple clock "cache:inst|cacheline:inst|lpm_dff0:inst1|lpm_ff:lpm_ff_component|dffs[2]" as buffer
    Info: Detected gated clock "cache:inst|cacheline:inst|lpm_compare0:inst10|lpm_compare:lpm_compare_component|comptree:comparator|cmpchain:cmp_end|comptree:comp|comptree:sub_comptree|cmpchain:cmp_end|aeb_out~61" as buffer
    Info: Detected ripple clock "cache:inst|cacheline:inst|lpm_dff0:inst1|lpm_ff:lpm_ff_component|dffs[5]" as buffer
    Info: Detected ripple clock "cache:inst|cacheline:inst|lpm_dff0:inst1|lpm_ff:lpm_ff_component|dffs[3]" as buffer
    Info: Detected gated clock "cache:inst|cacheline:inst|lpm_compare0:inst10|lpm_compare:lpm_compare_component|comptree:comparator|cmpchain:cmp_end|comptree:comp|comptree:sub_comptree|cmpchain:cmp_end|aeb_out~60" as buffer
    Info: Detected ripple clock "cache:inst|cacheline:inst|lpm_dff0:inst1|lpm_ff:lpm_ff_component|dffs[7]" as buffer
Info: Clock "clk" has Internal fmax of 99.15 MHz between source register "cache:inst|lpm_counter0:inst27|lpm_counter:lpm_counter_component|cntr_ct6:auto_generated|safe_q[1]" and destination register "cache:inst|cacheline:inst33|lpm_dff0:inst2|lpm_ff:lpm_ff_component|dffs[1]" (period= 10.086 ns)
    Info: + Longest register to register delay is 3.394 ns
        Info: 1: + IC(0.000 ns) + CELL(0.000 ns) = 0.000 ns; Loc. = LC_X44_Y20_N6; Fanout = 9; REG Node = 'cache:inst|lpm_counter0:inst27|lpm_counter:lpm_counter_component|cntr_ct6:auto_generated|safe_q[1]'
        Info: 2: + IC(1.320 ns) + CELL(0.366 ns) = 1.686 ns; Loc. = LC_X46_Y22_N8; Fanout = 8; COMB Node = 'cache:inst|cacheline:inst33|inst3'
        Info: 3: + IC(1.003 ns) + CELL(0.705 ns) = 3.394 ns; Loc. = LC_X46_Y21_N2; Fanout = 1; REG Node = 'cache:inst|cacheline:inst33|lpm_dff0:inst2|lpm_ff:lpm_ff_component|dffs[1]'
        Info: Total cell delay = 1.071 ns ( 31.56 % )
        Info: Total interconnect delay = 2.323 ns ( 68.44 % )
    Info: - Smallest clock skew is -6.526 ns
        Info: + Shortest clock path from clock "clk" to destination register is 2.770 ns
            Info: 1: + IC(0.000 ns) + CELL(0.725 ns) = 0.725 ns; Loc. = PIN_L2; Fanout = 97; CLK Node = 'clk'
            Info: 2: + IC(1.503 ns) + CELL(0.542 ns) = 2.770 ns; Loc. = LC_X46_Y21_N2; Fanout = 1; REG Node = 'cache:inst|cacheline:inst33|lpm_dff0:inst2|lpm_ff:lpm_ff_component|dffs[1]'
            Info: Total cell delay = 1.267 ns ( 45.74 % )
            Info: Total interconnect delay = 1.503 ns ( 54.26 % )
        Info: - Longest clock path from clock "clk" to source register is 9.296 ns
            Info: 1: + IC(0.000 ns) + CELL(0.725 ns) = 0.725 ns; Loc. = PIN_L2; Fanout = 97; CLK Node = 'clk'
            Info: 2: + IC(1.506 ns) + CELL(0.698 ns) = 2.929 ns; Loc. = LC_X44_Y20_N8; Fanout = 1; REG Node = 'cache:inst|cacheline:inst|lpm_dff0:inst1|lpm_ff:lpm_ff_component|dffs[4]'
            Info: 3: + IC(0.396 ns) + CELL(0.366 ns) = 3.691 ns; Loc. = LC_X44_Y20_N0; Fanout = 1; COMB Node = 'cache:inst|cacheline:inst|lpm_compare0:inst10|lpm_compare:lpm_compare_component|comptree:comparator|cmpchain:cmp_end|comptree:comp|comptree:sub_comptree|cmpchain:cmp_end|aeb_out~62'
            Info: 4: + IC(0.777 ns) + CELL(0.366 ns) = 4.834 ns; Loc. = LC_X46_Y20_N1; Fanout = 10; COMB Node = 'cache:inst|cacheline:inst|lpm_compare0:inst10|lpm_compare:lpm_compare_component|comptree:comparator|cmpchain:cmp_end|comptree:comp|comptree:sub_comptree|cmpchain:cmp_end|aeb_out~64'
            Info: 5: + IC(0.333 ns) + CELL(0.183 ns) = 5.350 ns; Loc. = LC_X46_Y20_N4; Fanout = 19; COMB Node = 'cache:inst|inst36~30'
            Info: 6: + IC(3.404 ns) + CELL(0.542 ns) = 9.296 ns; Loc. = LC_X44_Y20_N6; Fanout = 9; REG Node = 'cache:inst|lpm_counter0:inst27|lpm_counter:lpm_counter_component|cntr_ct6:auto_generated|safe_q[1]'
            Info: Total cell delay = 2.880 ns ( 30.98 % )
            Info: Total interconnect delay = 6.416 ns ( 69.02 % )
    Info: + Micro clock to output delay of source is 0.156 ns
    Info: + Micro setup delay of destination is 0.010 ns
Info: Clock "addr[3]" has Internal fmax of 393.08 MHz between source register "cache:inst|lpm_counter0:inst27|lpm_counter:lpm_counter_component|cntr_ct6:auto_generated|safe_q[0]" and destination register "cache:inst|lpm_counter0:inst27|lpm_counter:lpm_counter_component|cntr_ct6:auto_generated|safe_q[1]" (period= 2.544 ns)
    Info: + Longest register to register delay is 1.237 ns
        Info: 1: + IC(0.000 ns) + CELL(0.000 ns) = 0.000 ns; Loc. = LC_X44_Y20_N5; Fanout = 11; REG Node = 'cache:inst|lpm_counter0:inst27|lpm_counter:lpm_counter_component|cntr_ct6:auto_generated|safe_q[0]'
        Info: 2: + IC(0.399 ns) + CELL(0.341 ns) = 0.740 ns; Loc. = LC_X44_Y20_N5; Fanout = 1; COMB Node = 'cache:inst|lpm_counter0:inst27|lpm_counter:lpm_counter_component|cntr_ct6:auto_generated|counter_cella0~COUTCOUT1'
        Info: 3: + IC(0.000 ns) + CELL(0.497 ns) = 1.237 ns; Loc. = LC_X44_Y20_N6; Fanout = 9; REG Node = 'cache:inst|lpm_counter0:inst27|lpm_counter:lpm_counter_component|cntr_ct6:auto_generated|safe_q[1]'
        Info: Total cell delay = 0.838 ns ( 67.74 % )
        Info: Total interconnect delay = 0.399 ns ( 32.26 % )
    Info: - Smallest clock skew is -1.141 ns
        Info: + Shortest clock path from clock "addr[3]" to destination register is 7.350 ns
            Info: 1: + IC(0.000 ns) + CELL(1.234 ns) = 1.234 ns; Loc. = PIN_J3; Fanout = 9; CLK Node = 'addr[3]'
            Info: 2: + IC(1.368 ns) + CELL(0.075 ns) = 2.677 ns; Loc. = LC_X46_Y20_N5; Fanout = 1; COMB Node = 'cache:inst|cacheline:inst34|lpm_compare0:inst10|lpm_compare:lpm_compare_component|comptree:comparator|cmpchain:cmp_end|comptree:comp|comptree:sub_comptree|cmpchain:cmp_end|aeb_out~60'
            Info: 3: + IC(0.335 ns) + CELL(0.183 ns) = 3.195 ns; Loc. = LC_X46_Y20_N3; Fanout = 10; COMB Node = 'cache:inst|cacheline:inst34|lpm_compare0:inst10|lpm_compare:lpm_compare_component|comptree:comparator|cmpchain:cmp_end|comptree:comp|comptree:sub_comptree|cmpchain:cmp_end|aeb_out~64'
            Info: 4: + IC(0.134 ns) + CELL(0.075 ns) = 3.404 ns; Loc. = LC_X46_Y20_N4; Fanout = 19; COMB Node = 'cache:inst|inst36~30'
            Info: 5: + IC(3.404 ns) + CELL(0.542 ns) = 7.350 ns; Loc. = LC_X44_Y20_N6; Fanout = 9; REG Node = 'cache:inst|lpm_counter0:inst27|lpm_counter:lpm_counter_component|cntr_ct6:auto_generated|safe_q[1]'
            Info: Total cell delay = 2.109 ns ( 28.69 % )
            Info: Total interconnect delay = 5.241 ns ( 71.31 % )
        Info: - Longest clock path from clock "addr[3]" to source register is 8.491 ns
            Info: 1: + IC(0.000 ns) + CELL(1.234 ns) = 1.234 ns; Loc. = PIN_J3; Fanout = 9; CLK Node = 'addr[3]'
            Info: 2: + IC(1.374 ns) + CELL(0.366 ns) = 2.974 ns; Loc. = LC_X45_Y20_N1; Fanout = 1; COMB Node = 'cache:inst|cacheline:inst33|lpm_compare0:inst10|lpm_compare:lpm_compare_component|comptree:comparator|cmpchain:cmp_end|comptree:comp|comptree:sub_comptree|cmpchain:cmp_end|aeb_out~60'
            Info: 3: + IC(0.517 ns) + CELL(0.366 ns) = 3.857 ns; Loc. = LC_X46_Y20_N8; Fanout = 10; COMB Node = 'cache:inst|cacheline:inst33|lpm_compare0:inst10|lpm_compare:lpm_compare_component|comptree:comparator|cmpchain:cmp_end|comptree:comp|comptree:sub_comptree|cmpchain:cmp_end|aeb_out~64'
            Info: 4: + IC(0.322 ns) + CELL(0.366 ns) = 4.545 ns; Loc. = LC_X46_Y20_N4; Fanout = 19; COMB Node = 'cache:inst|inst36~30'
            Info: 5: + IC(3.404 ns) + CELL(0.542 ns) = 8.491 ns; Loc. = LC_X44_Y20_N5; Fanout = 11; REG Node = 'cache:inst|lpm_counter0:inst27|lpm_counter:lpm_counter_component|cntr_ct6:auto_generated|safe_q[0]'
            Info: Total cell delay = 2.874 ns ( 33.85 % )
            Info: Total interconnect delay = 5.617 ns ( 66.15 % )
    Info: + Micro clock to output delay of source is 0.156 ns
    Info: + Micro setup delay of destination is 0.010 ns
Info: Clock "addr[7]" Internal fmax is restricted to 422.12 MHz between source register "cache:inst|lpm_counter0:inst27|lpm_counter:lpm_counter_component|cntr_ct6:auto_generated|safe_q[0]" and destination register "cache:inst|lpm_counter0:inst27|lpm_counter:lpm_counter_component|cntr_ct6:auto_generated|safe_q[1]"
    Info: fmax restricted to clock pin edge rate 2.369 ns. Expand message to see actual delay path.
        Info: + Longest register to register delay is 1.237 ns
            Info: 1: + IC(0.000 ns) + CELL(0.000 ns) = 0.000 ns; Loc. = LC_X44_Y20_N5; Fanout = 11; REG Node = 'cache:inst|lpm_counter0:inst27|lpm_counter:lpm_counter_component|cntr_ct6:auto_generated|safe_q[0]'
            Info: 2: + IC(0.399 ns) + CELL(0.341 ns) = 0.740 ns; Loc. = LC_X44_Y20_N5; Fanout = 1; COMB Node = 'cache:inst|lpm_counter0:inst27|lpm_counter:lpm_counter_component|cntr_ct6:auto_generated|counter_cella0~COUTCOUT1'
            Info: 3: + IC(0.000 ns) + CELL(0.497 ns) = 1.237 ns; Loc. = LC_X44_Y20_N6; Fanout = 9; REG Node = 'cache:inst|lpm_counter0:inst27|lpm_counter:lpm_counter_component|cntr_ct6:auto_generated|safe_q[1]'
            Info: Total cell delay = 0.838 ns ( 67.74 % )
            Info: Total interconnect delay = 0.399 ns ( 32.26 % )
        Info: - Smallest clock skew is -0.756 ns
            Info: + Shortest clock path from clock "addr[7]" to destination register is 7.649 ns
                Info: 1: + IC(0.000 ns) + CELL(1.234 ns) = 1.234 ns; Loc. = PIN_J2; Fanout = 9; CLK Node = 'addr[7]'
                Info: 2: + IC(1.378 ns) + CELL(0.366 ns) = 2.978 ns; Loc. = LC_X46_Y20_N0; Fanout = 1; COMB Node = 'cache:inst|cacheline:inst|lpm_compare0:inst10|lpm_compare:lpm_compare_component|comptree:comparator|cmpchain:cmp_end|comptree:comp|comptree:sub_comptree|cmpchain:cmp_end|aeb_out~60'
                Info: 3: + IC(0.134 ns) + CELL(0.075 ns) = 3.187 ns; Loc. = LC_X46_Y20_N1; Fanout = 10; COMB Node = 'cache:inst|cacheline:inst|lpm_compare0:inst10|lpm_compare:lpm_compare_component|comptree:comparator|cmpchain:cmp_end|comptree:comp|comptree:sub_comptree|cmpchain:cmp_end|aeb_out~64'
                Info: 4: + IC(0.333 ns) + CELL(0.183 ns) = 3.703 ns; Loc. = LC_X46_Y20_N4; Fanout = 19; COMB Node = 'cache:inst|inst36~30'
                Info: 5: + IC(3.404 ns) + CELL(0.542 ns) = 7.649 ns; Loc. = LC_X44_Y20_N6; Fanout = 9; REG Node = 'cache:inst|lpm_counter0:inst27|lpm_counter:lpm_counter_component|cntr_ct6:auto_generated|safe_q[1]'
                Info: Total cell delay = 2.400 ns ( 31.38 % )
                Info: Total interconnect delay = 5.249 ns ( 68.62 % )
            Info: - Longest clock path from clock "addr[7]" to source register is 8.405 ns
                Info: 1: + IC(0.000 ns) + CELL(1.234 ns) = 1.234 ns; Loc. = PIN_J2; Fanout = 9; CLK Node = 'addr[7]'
                Info: 2: + IC(1.579 ns) + CELL(0.075 ns) = 2.888 ns; Loc. = LC_X45_Y20_N1; Fanout = 1; COMB Node = 'cache:inst|cacheline:inst33|lpm_compare0:inst10|lpm_compare:lpm_compare_component|comptree:comparator|cmpchain:cmp_end|comptree:comp|comptree:sub_comptree|cmpchain:cmp_end|aeb_out~60'
                Info: 3: + IC(0.517 ns) + CELL(0.366 ns) = 3.771 ns; Loc. = LC_X46_Y20_N8; Fanout = 10; COMB Node = 'cache:inst|cacheline:inst33|lpm_compare0:inst10|lpm_compare:lpm_compare_component|comptree:comparator|cmpchain:cmp_end|comptree:comp|comptree:sub_comptree|cmpchain:cmp_end|aeb_out~64'
                Info: 4: + IC(0.322 ns) + CELL(0.366 ns) = 4.459 ns; Loc. = LC_X46_Y20_N4; Fanout = 19; COMB Node = 'cache:inst|inst36~30'
                Info: 5: + IC(3.404 ns) + CELL(0.542 ns) = 8.405 ns; Loc. = LC_X44_Y20_N5; Fanout = 11; REG Node = 'cache:inst|lpm_counter0:inst27|lpm_counter:lpm_counter_component|cntr_ct6:auto_generated|safe_q[0]'
                Info: Total cell delay = 2.583 ns ( 30.73 % )
                Info: Total interconnect delay = 5.822 ns ( 69.27 % )
        Info: + Micro clock to output delay of source is 0.156 ns
        Info: + Micro setup delay of destination is 0.010 ns
Info: Clock "addr[4]" Internal fmax is restricted to 422.12 MHz between source register "cache:inst|lpm_counter0:inst27|lpm_counter:lpm_counter_component|cntr_ct6:auto_generated|safe_q[0]" and destination register "cache:inst|lpm_counter0:inst27|lpm_counter:lpm_counter_component|cntr_ct6:auto_generated|safe_q[1]"
    Info: fmax restricted to clock pin edge rate 2.369 ns. Expand message to see actual delay path.
        Info: + Longest register to register delay is 1.237 ns
            Info: 1: + IC(0.000 ns) + CELL(0.000 ns) = 0.000 ns; Loc. = LC_X44_Y20_N5; Fanout = 11; REG Node = 'cache:inst|lpm_counter0:inst27|lpm_counter:lpm_counter_component|cntr_ct6:auto_generated|safe_q[0]'
            Info: 2: + IC(0.399 ns) + CELL(0.341 ns) = 0.740 ns; Loc. = LC_X44_Y20_N5; Fanout = 1; COMB Node = 'cache:inst|lpm_counter0:inst27|lpm_counter:lpm_counter_component|cntr_ct6:auto_generated|counter_cella0~COUTCOUT1'
            Info: 3: + IC(0.000 ns) + CELL(0.497 ns) = 1.237 ns; Loc. = LC_X44_Y20_N6; Fanout = 9; REG Node = 'cache:inst|lpm_counter0:inst27|lpm_counter:lpm_counter_component|cntr_ct6:auto_generated|safe_q[1]'
            Info: Total cell delay = 0.838 ns ( 67.74 % )
            Info: Total interconnect delay = 0.399 ns ( 32.26 % )
        Info: - Smallest clock skew is -0.517 ns
            Info: + Shortest clock path from clock "addr[4]" to destination register is 7.987 ns
                Info: 1: + IC(0.000 ns) + CELL(1.234 ns) = 1.234 ns; Loc. = PIN_L6; Fanout = 9; CLK Node = 'addr[4]'
                Info: 2: + IC(1.430 ns) + CELL(0.280 ns) = 2.944 ns; Loc. = LC_X45_Y20_N7; Fanout = 1; COMB Node = 'cache:inst|cacheline:inst34|lpm_compare0:inst10|lpm_compare:lpm_compare_component|comptree:comparator|cmpchain:cmp_end|comptree:comp|comptree:sub_comptree|cmpchain:cmp_end|aeb_out~62'
                Info: 3: + IC(0.522 ns) + CELL(0.366 ns) = 3.832 ns; Loc. = LC_X46_Y20_N3; Fanout = 10; COMB Node = 'cache:inst|cacheline:inst34|lpm_compare0:inst10|lpm_compare:lpm_compare_component|comptree:comparator|cmpchain:cmp_end|comptree:comp|comptree:sub_comptree|cmpchain:cmp_end|aeb_out~64'
                Info: 4: + IC(0.134 ns) + CELL(0.075 ns) = 4.041 ns; Loc. = LC_X46_Y20_N4; Fanout = 19; COMB Node = 'cache:inst|inst36~30'
                Info: 5: + IC(3.404 ns) + CELL(0.542 ns) = 7.987 ns; Loc. = LC_X44_Y20_N6; Fanout = 9; REG Node = 'cache:inst|lpm_counter0:inst27|lpm_counter:lpm_counter_component|cntr_ct6:auto_generated|safe_q[1]'
                Info: Total cell delay = 2.497 ns ( 31.26 % )
                Info: Total interconnect delay = 5.490 ns ( 68.74 % )
            Info: - Longest clock path from clock "addr[4]" to source register is 8.504 ns
                Info: 1: + IC(0.000 ns) + CELL(1.234 ns) = 1.234 ns; Loc. = PIN_L6; Fanout = 9; CLK Node = 'addr[4]'
                Info: 2: + IC(1.385 ns) + CELL(0.280 ns) = 2.899 ns; Loc. = LC_X44_Y20_N0; Fanout = 1; COMB Node = 'cache:inst|cacheline:inst|lpm_compare0:inst10|lpm_compare:lpm_compare_component|comptree:comparator|cmpchain:cmp_end|comptree:comp|comptree:sub_comptree|cmpchain:cmp_end|aeb_out~62'
                Info: 3: + IC(0.777 ns) + CELL(0.366 ns) = 4.042 ns; Loc. = LC_X46_Y20_N1; Fanout = 10; COMB Node = 'cache:inst|cacheline:inst|lpm_compare0:inst10|lpm_compare:lpm_compare_component|comptree:comparator|cmpchain:cmp_end|comptree:comp|comptree:sub_comptree|cmpchain:cmp_end|aeb_out~64'
                Info: 4: + IC(0.333 ns) + CELL(0.183 ns) = 4.558 ns; Loc. = LC_X46_Y20_N4; Fanout = 19; COMB Node = 'cache:inst|inst36~30'
                Info: 5: + IC(3.404 ns) + CELL(0.542 ns) = 8.504 ns; Loc. = LC_X44_Y20_N5; Fanout = 11; REG Node = 'cache:inst|lpm_counter0:inst27|lpm_counter:lpm_counter_component|cntr_ct6:auto_generated|safe_q[0]'
                Info: Total cell delay = 2.605 ns ( 30.63 % )
                Info: Total interconnect delay = 5.899 ns ( 69.37 % )
        Info: + Micro clock to output delay of source is 0.156 ns
        Info: + Micro setup delay of destination is 0.010 ns
Info: Clock "addr[1]" Internal fmax is restricted to 422.12 MHz between source register "cache:inst|lpm_counter0:inst27|lpm_counter:lpm_counter_component|cntr_ct6:auto_generated|safe_q[0]" and destination register "cache:inst|lpm_counter0:inst27|lpm_counter:lpm_counter_component|cntr_ct6:auto_generated|safe_q[1]"
    Info: fmax restricted to clock pin edge rate 2.369 ns. Expand message to see actual delay path.
        Info: + Longest register to register delay is 1.237 ns
            Info: 1: + IC(0.000 ns) + CELL(0.000 ns) = 0.000 ns; Loc. = LC_X44_Y20_N5; Fanout = 11; REG Node = 'cache:inst|lpm_counter0:inst27|lpm_counter:lpm_counter_component|cntr_ct6:auto_generated|safe_q[0]'
            Info: 2: + IC(0.399 ns) + CELL(0.341 ns) = 0.740 ns; Loc. = LC_X44_Y20_N5; Fanout = 1; COMB Node = 'cache:inst|lpm_counter0:inst27|lpm_counter:lpm_counter_component|cntr_ct6:auto_generated|counter_cella0~COUTCOUT1'
            Info: 3: + IC(0.000 ns) + CELL(0.497 ns) = 1.237 ns; Loc. = LC_X44_Y20_N6; Fanout = 9; REG Node = 'cache:inst|lpm_counter0:inst27|lpm_counter:lpm_counter_component|cntr_ct6:auto_generated|safe_q[1]'
            Info: Total cell delay = 0.838 ns ( 67.74 % )
            Info: Total interconnect delay = 0.399 ns ( 32.26 % )
        Info: - Smallest clock skew is -0.763 ns
            Info: + Shortest clock path from clock "addr[1]" to destination register is 7.793 ns
                Info: 1: + IC(0.000 ns) + CELL(1.234 ns) = 1.234 ns; Loc. = PIN_G2; Fanout = 9; CLK Node = 'addr[1]'
                Info: 2: + IC(1.441 ns) + CELL(0.075 ns) = 2.750 ns; Loc. = LC_X45_Y20_N7; Fanout = 1; COMB Node = 'cache:inst|cacheline:inst34|lpm_compare0:inst10|lpm_compare:lpm_compare_component|comptree:comparator|cmpchain:cmp_end|comptree:comp|comptree:sub_comptree|cmpchain:cmp_end|aeb_out~62'
                Info: 3: + IC(0.522 ns) + CELL(0.366 ns) = 3.638 ns; Loc. = LC_X46_Y20_N3; Fanout = 10; COMB Node = 'cache:inst|cacheline:inst34|lpm_compare0:inst10|lpm_compare:lpm_compare_component|comptree:comparator|cmpchain:cmp_end|comptree:comp|comptree:sub_comptree|cmpchain:cmp_end|aeb_out~64'
                Info: 4: + IC(0.134 ns) + CELL(0.075 ns) = 3.847 ns; Loc. = LC_X46_Y20_N4; Fanout = 19; COMB Node = 'cache:inst|inst36~30'
                Info: 5: + IC(3.404 ns) + CELL(0.542 ns) = 7.793 ns; Loc. = LC_X44_Y20_N6; Fanout = 9; REG Node = 'cache:inst|lpm_counter0:inst27|lpm_counter:lpm_counter_component|cntr_ct6:auto_generated|safe_q[1]'
                Info: Total cell delay = 2.292 ns ( 29.41 % )
                Info: Total interconnect delay = 5.501 ns ( 70.59 % )
            Info: - Longest clock path from clock "addr[1]" to source register is 8.556 ns
                Info: 1: + IC(0.000 ns) + CELL(1.234 ns) = 1.234 ns; Loc. = PIN_G2; Fanout = 9; CLK Node = 'addr[1]'
                Info: 2: + IC(1.642 ns) + CELL(0.075 ns) = 2.951 ns; Loc. = LC_X44_Y20_N0; Fanout = 1; COMB Node = 'cache:inst|cacheline:inst|lpm_compare0:inst10|lpm_compare:lpm_compare_component|comptree:comparator|cmpchain:cmp_end|comptree:comp|comptree:sub_comptree|cmpchain:cmp_end|aeb_out~62'
                Info: 3: + IC(0.777 ns) + CELL(0.366 ns) = 4.094 ns; Loc. = LC_X46_Y20_N1; Fanout = 10; COMB Node = 'cache:inst|cacheline:inst|lpm_compare0:inst10|lpm_compare:lpm_compare_component|comptree:comparator|cmpchain:cmp_end|comptree:comp|comptree:sub_comptree|cmpchain:cmp_end|aeb_out~64'
                Info: 4: + IC(0.333 ns) + CELL(0.183 ns) = 4.610 ns; Loc. = LC_X46_Y20_N4; Fanout = 19; COMB Node = 'cache:inst|inst36~30'
                Info: 5: + IC(3.404 ns) + CELL(0.542 ns) = 8.556 ns; Loc. = LC_X44_Y20_N5; Fanout = 11; REG Node = 'cache:inst|lpm_counter0:inst27|lpm_counter:lpm_counter_component|cntr_ct6:auto_generated|safe_q[0]'
                Info: Total cell delay = 2.400 ns ( 28.05 % )
                Info: Total interconnect delay = 6.156 ns ( 71.95 % )
        Info: + Micro clock to output delay of source is 0.156 ns
        Info: + Micro setup delay of destination is 0.010 ns
Info: Clock "addr[2]" has Internal fmax of 408.5 MHz between source register "cache:inst|lpm_counter0:inst27|lpm_counter:lpm_counter_component|cntr_ct6:auto_generated|safe_q[0]" and destination register "cache:inst|lpm_counter0:inst27|lpm_counter:lpm_counter_component|cntr_ct6:auto_generated|safe_q[1]" (period= 2.448 ns)
    Info: + Longest register to register delay is 1.237 ns
        Info: 1: + IC(0.000 ns) + CELL(0.000 ns) = 0.000 ns; Loc. = LC_X44_Y20_N5; Fanout = 11; REG Node = 'cache:inst|lpm_counter0:inst27|lpm_counter:lpm_counter_component|cntr_ct6:auto_generated|safe_q[0]'
        Info: 2: + IC(0.399 ns) + CELL(0.341 ns) = 0.740 ns; Loc. = LC_X44_Y20_N5; Fanout = 1; COMB Node = 'cache:inst|lpm_counter0:inst27|lpm_counter:lpm_counter_component|cntr_ct6:auto_generated|counter_cella0~COUTCOUT1'
        Info: 3: + IC(0.000 ns) + CELL(0.497 ns) = 1.237 ns; Loc. = LC_X44_Y20_N6; Fanout = 9; REG Node = 'cache:inst|lpm_counter0:inst27|lpm_counter:lpm_counter_component|cntr_ct6:auto_generated|safe_q[1]'
        Info: Total cell delay = 0.838 ns ( 67.74 % )
        Info: Total interconnect delay = 0.399 ns ( 32.26 % )
    Info: - Smallest clock skew is -1.045 ns
        Info: + Shortest clock path from clock "addr[2]" to destination register is 6.822 ns
            Info: 1: + IC(0.000 ns) + CELL(1.234 ns) = 1.234 ns; Loc. = PIN_K2; Fanout = 9; CLK Node = 'addr[2]'
            Info: 2: + IC(0.944 ns) + CELL(0.280 ns) = 2.458 ns; Loc. = LC_X46_Y20_N2; Fanout = 1; COMB Node = 'cache:inst|cacheline:inst34|lpm_compare0:inst10|lpm_compare:lpm_compare_component|comptree:comparator|cmpchain:cmp_end|comptree:comp|comptree:sub_comptree|cmpchain:cmp_end|aeb_out~61'
            Info: 3: + IC(0.134 ns) + CELL(0.075 ns) = 2.667 ns; Loc. = LC_X46_Y20_N3; Fanout = 10; COMB Node = 'cache:inst|cacheline:inst34|lpm_compare0:inst10|lpm_compare:lpm_compare_component|comptree:comparator|cmpchain:cmp_end|comptree:comp|comptree:sub_comptree|cmpchain:cmp_end|aeb_out~64'
            Info: 4: + IC(0.134 ns) + CELL(0.075 ns) = 2.876 ns; Loc. = LC_X46_Y20_N4; Fanout = 19; COMB Node = 'cache:inst|inst36~30'
            Info: 5: + IC(3.404 ns) + CELL(0.542 ns) = 6.822 ns; Loc. = LC_X44_Y20_N6; Fanout = 9; REG Node = 'cache:inst|lpm_counter0:inst27|lpm_counter:lpm_counter_component|cntr_ct6:auto_generated|safe_q[1]'
            Info: Total cell delay = 2.206 ns ( 32.34 % )
            Info: Total interconnect delay = 4.616 ns ( 67.66 % )
        Info: - Longest clock path from clock "addr[2]" to source register is 7.867 ns
            Info: 1: + IC(0.000 ns) + CELL(1.234 ns) = 1.234 ns; Loc. = PIN_K2; Fanout = 9; CLK Node = 'addr[2]'
            Info: 2: + IC(0.957 ns) + CELL(0.366 ns) = 2.557 ns; Loc. = LC_X47_Y20_N8; Fanout = 1; COMB Node = 'cache:inst|cacheline:inst33|lpm_compare0:inst10|lpm_compare:lpm_compare_component|comptree:comparator|cmpchain:cmp_end|comptree:comp|comptree:sub_comptree|cmpchain:cmp_end|aeb_out~61'
            Info: 3: + IC(0.493 ns) + CELL(0.183 ns) = 3.233 ns; Loc. = LC_X46_Y20_N8; Fanout = 10; COMB Node = 'cache:inst|cacheline:inst33|lpm_compare0:inst10|lpm_compare:lpm_compare_component|comptree:comparator|cmpchain:cmp_end|comptree:comp|comptree:sub_comptree|cmpchain:cmp_end|aeb_out~64'
            Info: 4: + IC(0.322 ns) + CELL(0.366 ns) = 3.921 ns; Loc. = LC_X46_Y20_N4; Fanout = 19; COMB Node = 'cache:inst|inst36~30'
            Info: 5: + IC(3.404 ns) + CELL(0.542 ns) = 7.867 ns; Loc. = LC_X44_Y20_N5; Fanout = 11; REG Node = 'cache:inst|lpm_counter0:inst27|lpm_counter:lpm_counter_component|cntr_ct6:auto_generated|safe_q[0]'
            Info: Total cell delay = 2.691 ns ( 34.21 % )
            Info: Total interconnect delay = 5.176 ns ( 65.79 % )
    Info: + Micro clock to output delay of source is 0.156 ns
    Info: + Micro setup delay of destination is 0.010 ns
Info: Clock "addr[5]" Internal fmax is restricted to 422.12 MHz between source register "cache:inst|lpm_counter0:inst27|lpm_counter:lpm_counter_component|cntr_ct6:auto_generated|safe_q[0]" and destination register "cache:inst|lpm_counter0:inst27|lpm_counter:lpm_counter_component|cntr_ct6:auto_generated|safe_q[1]"
    Info: fmax restricted to clock pin edge rate 2.369 ns. Expand message to see actual delay path.
        Info: + Longest register to register delay is 1.237 ns
            Info: 1: + IC(0.000 ns) + CELL(0.000 ns) = 0.000 ns; Loc. = LC_X44_Y20_N5; Fanout = 11; REG Node = 'cache:inst|lpm_counter0:inst27|lpm_counter:lpm_counter_component|cntr_ct6:auto_generated|safe_q[0]'
            Info: 2: + IC(0.399 ns) + CELL(0.341 ns) = 0.740 ns; Loc. = LC_X44_Y20_N5; Fanout = 1; COMB Node = 'cache:inst|lpm_counter0:inst27|lpm_counter:lpm_counter_component|cntr_ct6:auto_generated|counter_cella0~COUTCOUT1'
            Info: 3: + IC(0.000 ns) + CELL(0.497 ns) = 1.237 ns; Loc. = LC_X44_Y20_N6; Fanout = 9; REG Node = 'cache:inst|lpm_counter0:inst27|lpm_counter:lpm_counter_component|cntr_ct6:auto_generated|safe_q[1]'
            Info: Total cell delay = 0.838 ns ( 67.74 % )
            Info: Total interconnect delay = 0.399 ns ( 32.26 % )
        Info: - Smallest clock skew is -0.952 ns
            Info: + Shortest clock path from clock "addr[5]" to destination register is 7.071 ns
                Info: 1: + IC(0.000 ns) + CELL(1.234 ns) = 1.234 ns; Loc. = PIN_H1; Fanout = 9; CLK Node = 'addr[5]'
                Info: 2: + IC(1.398 ns) + CELL(0.075 ns) = 2.707 ns; Loc. = LC_X46_Y20_N2; Fanout = 1; COMB Node = 'cache:inst|cacheline:inst34|lpm_compare0:inst10|lpm_compare:lpm_compare_component|comptree:comparator|cmpchain:cmp_end|comptree:comp|comptree:sub_comptree|cmpchain:cmp_end|aeb_out~61'
                Info: 3: + IC(0.134 ns) + CELL(0.075 ns) = 2.916 ns; Loc. = LC_X46_Y20_N3; Fanout = 10; COMB Node = 'cache:inst|cacheline:inst34|lpm_compare0:inst10|lpm_compare:lpm_compare_component|comptree:comparator|cmpchain:cmp_end|comptree:comp|comptree:sub_comptree|cmpchain:cmp_end|aeb_out~64'
                Info: 4: + IC(0.134 ns) + CELL(0.075 ns) = 3.125 ns; Loc. = LC_X46_Y20_N4; Fanout = 19; COMB Node = 'cache:inst|inst36~30'
                Info: 5: + IC(3.404 ns) + CELL(0.542 ns) = 7.071 ns; Loc. = LC_X44_Y20_N6; Fanout = 9; REG Node = 'cache:inst|lpm_counter0:inst27|lpm_counter:lpm_counter_component|cntr_ct6:auto_generated|safe_q[1]'
                Info: Total cell delay = 2.001 ns ( 28.30 % )
                Info: Total interconnect delay = 5.070 ns ( 71.70 % )
            Info: - Longest clock path from clock "addr[5]" to source register is 8.023 ns
                Info: 1: + IC(0.000 ns) + CELL(1.234 ns) = 1.234 ns; Loc. = PIN_H1; Fanout = 9; CLK Node = 'addr[5]'
                Info: 2: + IC(1.404 ns) + CELL(0.075 ns) = 2.713 ns; Loc. = LC_X47_Y20_N8; Fanout = 1; COMB Node = 'cache:inst|cacheline:inst33|lpm_compare0:inst10|lpm_compare:lpm_compare_component|comptree:comparator|cmpchain:cmp_end|comptree:comp|comptree:sub_comptree|cmpchain:cmp_end|aeb_out~61'
                Info: 3: + IC(0.493 ns) + CELL(0.183 ns) = 3.389 ns; Loc. = LC_X46_Y20_N8; Fanout = 10; COMB Node = 'cache:inst|cacheline:inst33|lpm_compare0:inst10|lpm_compare:lpm_compare_component|comptree:comparator|cmpchain:cmp_end|comptree:comp|comptree:sub_comptree|cmpchain:cmp_end|aeb_out~64'
                Info: 4: + IC(0.322 ns) + CELL(0.366 ns) = 4.077 ns; Loc. = LC_X46_Y20_N4; Fanout = 19; COMB Node = 'cache:inst|inst36~30'
                Info: 5: + IC(3.404 ns) + CELL(0.542 ns) = 8.023 ns; Loc. = LC_X44_Y20_N5; Fanout = 11; REG Node = 'cache:inst|lpm_counter0:inst27|lpm_counter:lpm_counter_component|cntr_ct6:auto_generated|safe_q[0]'
                Info: Total cell delay = 2.400 ns ( 29.91 % )
                Info: Total interconnect delay = 5.623 ns ( 70.09 % )
        Info: + Micro clock to output delay of source is 0.156 ns
        Info: + Micro setup delay of destination is 0.010 ns
Info: Clock "addr[6]" Internal fmax is restricted to 422.12 MHz between source register "cache:inst|lpm_counter0:inst27|lpm_counter:lpm_counter_component|cntr_ct6:auto_generated|safe_q[0]" and destination register "cache:inst|lpm_counter0:inst27|lpm_counter:lpm_counter_component|cntr_ct6:auto_generated|safe_q[1]"
    Info: fmax restricted to clock pin edge rate 2.369 ns. Expand message to see actual delay path.
        Info: + Longest register to register delay is 1.237 ns
            Info: 1: + IC(0.000 ns) + CELL(0.000 ns) = 0.000 ns; Loc. = LC_X44_Y20_N5; Fanout = 11; REG Node = 'cache:inst|lpm_counter0:inst27|lpm_counter:lpm_counter_component|cntr_ct6:auto_generated|safe_q[0]'
            Info: 2: + IC(0.399 ns) + CELL(0.341 ns) = 0.740 ns; Loc. = LC_X44_Y20_N5; Fanout = 1; COMB Node = 'cache:inst|lpm_counter0:inst27|lpm_counter:lpm_counter_component|cntr_ct6:auto_generated|counter_cella0~COUTCOUT1'
            Info: 3: + IC(0.000 ns) + CELL(0.497 ns) = 1.237 ns; Loc. = LC_X44_Y20_N6; Fanout = 9; REG Node = 'cache:inst|lpm_counter0:inst27|lpm_counter:lpm_counter_component|cntr_ct6:auto_generated|safe_q[1]'
            Info: Total cell delay = 0.838 ns ( 67.74 % )
            Info: Total interconnect delay = 0.399 ns ( 32.26 % )
        Info: - Smallest clock skew is -0.497 ns
            Info: + Shortest clock path from clock "addr[6]" to destination register is 7.486 ns
                Info: 1: + IC(0.000 ns) + CELL(1.234 ns) = 1.234 ns; Loc. = PIN_K3; Fanout = 9; CLK Node = 'addr[6]'
                Info: 2: + IC(0.971 ns) + CELL(0.366 ns) = 2.571 ns; Loc. = LC_X45_Y20_N9; Fanout = 1; COMB Node = 'cache:inst|cacheline:inst34|lpm_compare0:inst10|lpm_compare:lpm_compare_component|comptree:comparator|cmpchain:cmp_end|comptree:comp|comptree:sub_comptree|cmpchain:cmp_end|aeb_out~63'
                Info: 3: + IC(0.480 ns) + CELL(0.280 ns) = 3.331 ns; Loc. = LC_X46_Y20_N3; Fanout = 10; COMB Node = 'cache:inst|cacheline:inst34|lpm_compare0:inst10|lpm_compare:lpm_compare_component|comptree:comparator|cmpchain:cmp_end|comptree:comp|comptree:sub_comptree|cmpchain:cmp_end|aeb_out~64'
                Info: 4: + IC(0.134 ns) + CELL(0.075 ns) = 3.540 ns; Loc. = LC_X46_Y20_N4; Fanout = 19; COMB Node = 'cache:inst|inst36~30'
                Info: 5: + IC(3.404 ns) + CELL(0.542 ns) = 7.486 ns; Loc. = LC_X44_Y20_N6; Fanout = 9; REG Node = 'cache:inst|lpm_counter0:inst27|lpm_counter:lpm_counter_component|cntr_ct6:auto_generated|safe_q[1]'
                Info: Total cell delay = 2.497 ns ( 33.36 % )
                Info: Total interconnect delay = 4.989 ns ( 66.64 % )
            Info: - Longest clock path from clock "addr[6]" to source register is 7.983 ns
                Info: 1: + IC(0.000 ns) + CELL(1.234 ns) = 1.234 ns; Loc. = PIN_K3; Fanout = 9; CLK Node = 'addr[6]'
                Info: 2: + IC(0.981 ns) + CELL(0.366 ns) = 2.581 ns; Loc. = LC_X47_Y20_N4; Fanout = 1; COMB Node = 'cache:inst|cacheline:inst32|lpm_compare0:inst10|lpm_compare:lpm_compare_component|comptree:comparator|cmpchain:cmp_end|comptree:comp|comptree:sub_comptree|cmpchain:cmp_end|aeb_out~63'
                Info: 3: + IC(0.503 ns) + CELL(0.366 ns) = 3.450 ns; Loc. = LC_X46_Y20_N9; Fanout = 10; COMB Node = 'cache:inst|cacheline:inst32|lpm_compare0:inst10|lpm_compare:lpm_compare_component|comptree:comparator|cmpchain:cmp_end|comptree:comp|comptree:sub_comptree|cmpchain:cmp_end|aeb_out~64'
                Info: 4: + IC(0.307 ns) + CELL(0.280 ns) = 4.037 ns; Loc. = LC_X46_Y20_N4; Fanout = 19; COMB Node = 'cache:inst|inst36~30'
                Info: 5: + IC(3.404 ns) + CELL(0.542 ns) = 7.983 ns; Loc. = LC_X44_Y20_N5; Fanout = 11; REG Node = 'cache:inst|lpm_counter0:inst27|lpm_counter:lpm_counter_component|cntr_ct6:auto_generated|safe_q[0]'
                Info: Total cell delay = 2.788 ns ( 34.92 % )
                Info: Total interconnect delay = 5.195 ns ( 65.08 % )
        Info: + Micro clock to output delay of source is 0.156 ns
        Info: + Micro setup delay of destination is 0.010 ns
Info: Clock "addr[0]" Internal fmax is restricted to 422.12 MHz between source register "cache:inst|lpm_counter0:inst27|lpm_counter:lpm_counter_component|cntr_ct6:auto_generated|safe_q[0]" and destination register "cache:inst|lpm_counter0:inst27|lpm_counter:lpm_counter_component|cntr_ct6:auto_generated|safe_q[1]"
    Info: fmax restricted to clock pin edge rate 2.369 ns. Expand message to see actual delay path.
        Info: + Longest register to register delay is 1.237 ns
            Info: 1: + IC(0.000 ns) + CELL(0.000 ns) = 0.000 ns; Loc. = LC_X44_Y20_N5; Fanout = 11; REG Node = 'cache:inst|lpm_counter0:inst27|lpm_counter:lpm_counter_component|cntr_ct6:auto_generated|safe_q[0]'
            Info: 2: + IC(0.399 ns) + CELL(0.341 ns) = 0.740 ns; Loc. = LC_X44_Y20_N5; Fanout = 1; COMB Node = 'cache:inst|lpm_counter0:inst27|lpm_counter:lpm_counter_component|cntr_ct6:auto_generated|counter_cella0~COUTCOUT1'
            Info: 3: + IC(0.000 ns) + CELL(0.497 ns) = 1.237 ns; Loc. = LC_X44_Y20_N6; Fanout = 9; REG Node = 'cache:inst|lpm_counter0:inst27|lpm_counter:lpm_counter_component|cntr_ct6:auto_generated|safe_q[1]'
            Info: Total cell delay = 0.838 ns ( 67.74 % )
            Info: Total interconnect delay = 0.399 ns ( 32.26 % )
        Info: - Smallest clock skew is -0.621 ns
            Info: + Shortest clock path from clock "addr[0]" to destination register is 7.843 ns
                Info: 1: + IC(0.000 ns) + CELL(1.234 ns) = 1.234 ns; Loc. = PIN_H2; Fanout = 9; CLK Node = 'addr[0]'
                Info: 2: + IC(1.414 ns) + CELL(0.280 ns) = 2.928 ns; Loc. = LC_X45_Y20_N9; Fanout = 1; COMB Node = 'cache:inst|cacheline:inst34|lpm_compare0:inst10|lpm_compare:lpm_compare_component|comptree:comparator|cmpchain:cmp_end|comptree:comp|comptree:sub_comptree|cmpchain:cmp_end|aeb_out~63'
                Info: 3: + IC(0.480 ns) + CELL(0.280 ns) = 3.688 ns; Loc. = LC_X46_Y20_N3; Fanout = 10; COMB Node = 'cache:inst|cacheline:inst34|lpm_compare0:inst10|lpm_compare:lpm_compare_component|comptree:comparator|cmpchain:cmp_end|comptree:comp|comptree:sub_comptree|cmpchain:cmp_end|aeb_out~64'
                Info: 4: + IC(0.134 ns) + CELL(0.075 ns) = 3.897 ns; Loc. = LC_X46_Y20_N4; Fanout = 19; COMB Node = 'cache:inst|inst36~30'
                Info: 5: + IC(3.404 ns) + CELL(0.542 ns) = 7.843 ns; Loc. = LC_X44_Y20_N6; Fanout = 9; REG Node = 'cache:inst|lpm_counter0:inst27|lpm_counter:lpm_counter_component|cntr_ct6:auto_generated|safe_q[1]'
                Info: Total cell delay = 2.411 ns ( 30.74 % )
                Info: Total interconnect delay = 5.432 ns ( 69.26 % )
            Info: - Longest clock path from clock "addr[0]" to source register is 8.464 ns
                Info: 1: + IC(0.000 ns) + CELL(1.234 ns) = 1.234 ns; Loc. = PIN_H2; Fanout = 9; CLK Node = 'addr[0]'
                Info: 2: + IC(1.468 ns) + CELL(0.280 ns) = 2.982 ns; Loc. = LC_X44_Y20_N4; Fanout = 1; COMB Node = 'cache:inst|cacheline:inst|lpm_compare0:inst10|lpm_compare:lpm_compare_component|comptree:comparator|cmpchain:cmp_end|comptree:comp|comptree:sub_comptree|cmpchain:cmp_end|aeb_out~63'
                Info: 3: + IC(0.740 ns) + CELL(0.280 ns) = 4.002 ns; Loc. = LC_X46_Y20_N1; Fanout = 10; COMB Node = 'cache:inst|cacheline:inst|lpm_compare0:inst10|lpm_compare:lpm_compare_component|comptree:comparator|cmpchain:cmp_end|comptree:comp|comptree:sub_comptree|cmpchain:cmp_end|aeb_out~64'
                Info: 4: + IC(0.333 ns) + CELL(0.183 ns) = 4.518 ns; Loc. = LC_X46_Y20_N4; Fanout = 19; COMB Node = 'cache:inst|inst36~30'
                Info: 5: + IC(3.404 ns) + CELL(0.542 ns) = 8.464 ns; Loc. = LC_X44_Y20_N5; Fanout = 11; REG Node = 'cache:inst|lpm_counter0:inst27|lpm_counter:lpm_counter_component|cntr_ct6:auto_generated|safe_q[0]'
                Info: Total cell delay = 2.519 ns ( 29.76 % )
                Info: Total interconnect delay = 5.945 ns ( 70.24 % )
        Info: + Micro clock to output delay of source is 0.156 ns
        Info: + Micro setup delay of destination is 0.010 ns
Warning: Circuit may not operate. Detected 3 non-operational path(s) clocked by clock "clk" with clock skew larger than data delay. See Compilation Report for details.
Info: Found hold time violation between source  pin or register "cache:inst|lpm_counter0:inst27|lpm_counter:lpm_counter_component|cntr_ct6:auto_generated|safe_q[1]" and destination pin or register "cache:inst|lpm_counter0:inst27|lpm_counter:lpm_counter_component|cntr_ct6:auto_generated|safe_q[1]" for clock "clk" (Hold time is 1.078 ns)
    Info: + Largest clock skew is 1.773 ns
        Info: + Longest clock path from clock "clk" to destination register is 9.296 ns
            Info: 1: + IC(0.000 ns) + CELL(0.725 ns) = 0.725 ns; Loc. = PIN_L2; Fanout = 97; CLK Node = 'clk'
            Info: 2: + IC(1.506 ns) + CELL(0.698 ns) = 2.929 ns; Loc. = LC_X44_Y20_N8; Fanout = 1; REG Node = 'cache:inst|cacheline:inst|lpm_dff0:inst1|lpm_ff:lpm_ff_component|dffs[4]'
            Info: 3: + IC(0.396 ns) + CELL(0.366 ns) = 3.691 ns; Loc. = LC_X44_Y20_N0; Fanout = 1; COMB Node = 'cache:inst|cacheline:inst|lpm_compare0:inst10|lpm_compare:lpm_compare_component|comptree:comparator|cmpchain:cmp_end|comptree:comp|comptree:sub_comptree|cmpchain:cmp_end|aeb_out~62'
            Info: 4: + IC(0.777 ns) + CELL(0.366 ns) = 4.834 ns; Loc. = LC_X46_Y20_N1; Fanout = 10; COMB Node = 'cache:inst|cacheline:inst|lpm_compare0:inst10|lpm_compare:lpm_compare_component|comptree:comparator|cmpchain:cmp_end|comptree:comp|comptree:sub_comptree|cmpchain:cmp_end|aeb_out~64'
            Info: 5: + IC(0.333 ns) + CELL(0.183 ns) = 5.350 ns; Loc. = LC_X46_Y20_N4; Fanout = 19; COMB Node = 'cache:inst|inst36~30'
            Info: 6: + IC(3.404 ns) + CELL(0.542 ns) = 9.296 ns; Loc. = LC_X44_Y20_N6; Fanout = 9; REG Node = 'cache:inst|lpm_counter0:inst27|lpm_counter:lpm_counter_component|cntr_ct6:auto_generated|safe_q[1]'
            Info: Total cell delay = 2.880 ns ( 30.98 % )
            Info: Total interconnect delay = 6.416 ns ( 69.02 % )
        Info: - Shortest clock path from clock "clk" to source register is 7.523 ns
            Info: 1: + IC(0.000 ns) + CELL(0.725 ns) = 0.725 ns; Loc. = PIN_L2; Fanout = 97; CLK Node = 'clk'
            Info: 2: + IC(1.506 ns) + CELL(0.698 ns) = 2.929 ns; Loc. = LC_X46_Y20_N2; Fanout = 1; REG Node = 'cache:inst|cacheline:inst34|lpm_dff0:inst1|lpm_ff:lpm_ff_component|dffs[5]'
            Info: 3: + IC(0.000 ns) + CELL(0.230 ns) = 3.159 ns; Loc. = LC_X46_Y20_N2; Fanout = 1; COMB Node = 'cache:inst|cacheline:inst34|lpm_compare0:inst10|lpm_compare:lpm_compare_component|comptree:comparator|cmpchain:cmp_end|comptree:comp|comptree:sub_comptree|cmpchain:cmp_end|aeb_out~61'
            Info: 4: + IC(0.134 ns) + CELL(0.075 ns) = 3.368 ns; Loc. = LC_X46_Y20_N3; Fanout = 10; COMB Node = 'cache:inst|cacheline:inst34|lpm_compare0:inst10|lpm_compare:lpm_compare_component|comptree:comparator|cmpchain:cmp_end|comptree:comp|comptree:sub_comptree|cmpchain:cmp_end|aeb_out~64'
            Info: 5: + IC(0.134 ns) + CELL(0.075 ns) = 3.577 ns; Loc. = LC_X46_Y20_N4; Fanout = 19; COMB Node = 'cache:inst|inst36~30'
            Info: 6: + IC(3.404 ns) + CELL(0.542 ns) = 7.523 ns; Loc. = LC_X44_Y20_N6; Fanout = 9; REG Node = 'cache:inst|lpm_counter0:inst27|lpm_counter:lpm_counter_component|cntr_ct6:auto_generated|safe_q[1]'
            Info: Total cell delay = 2.345 ns ( 31.17 % )
            Info: Total interconnect delay = 5.178 ns ( 68.83 % )
    Info: - Micro clock to output delay of source is 0.156 ns
    Info: - Shortest register to register delay is 0.639 ns
        Info: 1: + IC(0.000 ns) + CELL(0.000 ns) = 0.000 ns; Loc. = LC_X44_Y20_N6; Fanout = 9; REG Node = 'cache:inst|lpm_counter0:inst27|lpm_counter:lpm_counter_component|cntr_ct6:auto_generated|safe_q[1]'
        Info: 2: + IC(0.416 ns) + CELL(0.223 ns) = 0.639 ns; Loc. = LC_X44_Y20_N6; Fanout = 9; REG Node = 'cache:inst|lpm_counter0:inst27|lpm_counter:lpm_counter_component|cntr_ct6:auto_generated|safe_q[1]'
        Info: Total cell delay = 0.223 ns ( 34.90 % )
        Info: Total interconnect delay = 0.416 ns ( 65.10 % )
    Info: + Micro hold delay of destination is 0.100 ns
Warning: Circuit may not operate. Detected 2 non-operational path(s) clocked by clock "addr[3]" with clock skew larger than data delay. See Compilation Report for details.
Info: Found hold time violation between source  pin or register "cache:inst|lpm_counter0:inst27|lpm_counter:lpm_counter_component|cntr_ct6:auto_generated|safe_q[1]" and destination pin or register "cache:inst|lpm_counter0:inst27|lpm_counter:lpm_counter_component|cntr_ct6:auto_generated|safe_q[1]" for clock "addr[3]" (Hold time is 446 ps)
    Info: + Largest clock skew is 1.141 ns
        Info: + Longest clock path from clock "addr[3]" to destination register is 8.491 ns
            Info: 1: + IC(0.000 ns) + CELL(1.234 ns) = 1.234 ns; Loc. = PIN_J3; Fanout = 9; CLK Node = 'addr[3]'
            Info: 2: + IC(1.374 ns) + CELL(0.366 ns) = 2.974 ns; Loc. = LC_X45_Y20_N1; Fanout = 1; COMB Node = 'cache:inst|cacheline:inst33|lpm_compare0:inst10|lpm_compare:lpm_compare_component|comptree:comparator|cmpchain:cmp_end|comptree:comp|comptree:sub_comptree|cmpchain:cmp_end|aeb_out~60'
            Info: 3: + IC(0.517 ns) + CELL(0.366 ns) = 3.857 ns; Loc. = LC_X46_Y20_N8; Fanout = 10; COMB Node = 'cache:inst|cacheline:inst33|lpm_compare0:inst10|lpm_compare:lpm_compare_component|comptree:comparator|cmpchain:cmp_end|comptree:comp|comptree:sub_comptree|cmpchain:cmp_end|aeb_out~64'
            Info: 4: + IC(0.322 ns) + CELL(0.366 ns) = 4.545 ns; Loc. = LC_X46_Y20_N4; Fanout = 19; COMB Node = 'cache:inst|inst36~30'
            Info: 5: + IC(3.404 ns) + CELL(0.542 ns) = 8.491 ns; Loc. = LC_X44_Y20_N6; Fanout = 9; REG Node = 'cache:inst|lpm_counter0:inst27|lpm_counter:lpm_counter_component|cntr_ct6:auto_generated|safe_q[1]'
            Info: Total cell delay = 2.874 ns ( 33.85 % )
            Info: Total interconnect delay = 5.617 ns ( 66.15 % )
        Info: - Shortest clock path from clock "addr[3]" to source register is 7.350 ns
            Info: 1: + IC(0.000 ns) + CELL(1.234 ns) = 1.234 ns; Loc. = PIN_J3; Fanout = 9; CLK Node = 'addr[3]'
            Info: 2: + IC(1.368 ns) + CELL(0.075 ns) = 2.677 ns; Loc. = LC_X46_Y20_N5; Fanout = 1; COMB Node = 'cache:inst|cacheline:inst34|lpm_compare0:inst10|lpm_compare:lpm_compare_component|comptree:comparator|cmpchain:cmp_end|comptree:comp|comptree:sub_comptree|cmpchain:cmp_end|aeb_out~60'
            Info: 3: + IC(0.335 ns) + CELL(0.183 ns) = 3.195 ns; Loc. = LC_X46_Y20_N3; Fanout = 10; COMB Node = 'cache:inst|cacheline:inst34|lpm_compare0:inst10|lpm_compare:lpm_compare_component|comptree:comparator|cmpchain:cmp_end|comptree:comp|comptree:sub_comptree|cmpchain:cmp_end|aeb_out~64'
            Info: 4: + IC(0.134 ns) + CELL(0.075 ns) = 3.404 ns; Loc. = LC_X46_Y20_N4; Fanout = 19; COMB Node = 'cache:inst|inst36~30'
            Info: 5: + IC(3.404 ns) + CELL(0.542 ns) = 7.350 ns; Loc. = LC_X44_Y20_N6; Fanout = 9; REG Node = 'cache:inst|lpm_counter0:inst27|lpm_counter:lpm_counter_component|cntr_ct6:auto_generated|safe_q[1]'
            Info: Total cell delay = 2.109 ns ( 28.69 % )
            Info: Total interconnect delay = 5.241 ns ( 71.31 % )
    Info: - Micro clock to output delay of source is 0.156 ns
    Info: - Shortest register to register delay is 0.639 ns
        Info: 1: + IC(0.000 ns) + CELL(0.000 ns) = 0.000 ns; Loc. = LC_X44_Y20_N6; Fanout = 9; REG Node = 'cache:inst|lpm_counter0:inst27|lpm_counter:lpm_counter_component|cntr_ct6:auto_generated|safe_q[1]'
        Info: 2: + IC(0.416 ns) + CELL(0.223 ns) = 0.639 ns; Loc. = LC_X44_Y20_N6; Fanout = 9; REG Node = 'cache:inst|lpm_counter0:inst27|lpm_counter:lpm_counter_component|cntr_ct6:auto_generated|safe_q[1]'
        Info: Total cell delay = 0.223 ns ( 34.90 % )
        Info: Total interconnect delay = 0.416 ns ( 65.10 % )
    Info: + Micro hold delay of destination is 0.100 ns
Warning: Circuit may not operate. Detected 1 non-operational path(s) clocked by clock "addr[7]" with clock skew larger than data delay. See Compilation Report for details.
Info: Found hold time violation between source  pin or register "cache:inst|lpm_counter0:inst27|lpm_counter:lpm_counter_component|cntr_ct6:auto_generated|safe_q[1]" and destination pin or register "cache:inst|lpm_counter0:inst27|lpm_counter:lpm_counter_component|cntr_ct6:auto_generated|safe_q[1]" for clock "addr[7]" (Hold time is 61 ps)
    Info: + Largest clock skew is 0.756 ns
        Info: + Longest clock path from clock "addr[7]" to destination register is 8.405 ns
            Info: 1: + IC(0.000 ns) + CELL(1.234 ns) = 1.234 ns; Loc. = PIN_J2; Fanout = 9; CLK Node = 'addr[7]'
            Info: 2: + IC(1.579 ns) + CELL(0.075 ns) = 2.888 ns; Loc. = LC_X45_Y20_N1; Fanout = 1; COMB Node = 'cache:inst|cacheline:inst33|lpm_compare0:inst10|lpm_compare:lpm_compare_component|comptree:comparator|cmpchain:cmp_end|comptree:comp|comptree:sub_comptree|cmpchain:cmp_end|aeb_out~60'
            Info: 3: + IC(0.517 ns) + CELL(0.366 ns) = 3.771 ns; Loc. = LC_X46_Y20_N8; Fanout = 10; COMB Node = 'cache:inst|cacheline:inst33|lpm_compare0:inst10|lpm_compare:lpm_compare_component|comptree:comparator|cmpchain:cmp_end|comptree:comp|comptree:sub_comptree|cmpchain:cmp_end|aeb_out~64'
            Info: 4: + IC(0.322 ns) + CELL(0.366 ns) = 4.459 ns; Loc. = LC_X46_Y20_N4; Fanout = 19; COMB Node = 'cache:inst|inst36~30'
            Info: 5: + IC(3.404 ns) + CELL(0.542 ns) = 8.405 ns; Loc. = LC_X44_Y20_N6; Fanout = 9; REG Node = 'cache:inst|lpm_counter0:inst27|lpm_counter:lpm_counter_component|cntr_ct6:auto_generated|safe_q[1]'
            Info: Total cell delay = 2.583 ns ( 30.73 % )
            Info: Total interconnect delay = 5.822 ns ( 69.27 % )
        Info: - Shortest clock path from clock "addr[7]" to source register is 7.649 ns
            Info: 1: + IC(0.000 ns) + CELL(1.234 ns) = 1.234 ns; Loc. = PIN_J2; Fanout = 9; CLK Node = 'addr[7]'
            Info: 2: + IC(1.378 ns) + CELL(0.366 ns) = 2.978 ns; Loc. = LC_X46_Y20_N0; Fanout = 1; COMB Node = 'cache:inst|cacheline:inst|lpm_compare0:inst10|lpm_compare:lpm_compare_component|comptree:comparator|cmpchain:cmp_end|comptree:comp|comptree:sub_comptree|cmpchain:cmp_end|aeb_out~60'
            Info: 3: + IC(0.134 ns) + CELL(0.075 ns) = 3.187 ns; Loc. = LC_X46_Y20_N1; Fanout = 10; COMB Node = 'cache:inst|cacheline:inst|lpm_compare0:inst10|lpm_compare:lpm_compare_component|comptree:comparator|cmpchain:cmp_end|comptree:comp|comptree:sub_comptree|cmpchain:cmp_end|aeb_out~64'
            Info: 4: + IC(0.333 ns) + CELL(0.183 ns) = 3.703 ns; Loc. = LC_X46_Y20_N4; Fanout = 19; COMB Node = 'cache:inst|inst36~30'
            Info: 5: + IC(3.404 ns) + CELL(0.542 ns) = 7.649 ns; Loc. = LC_X44_Y20_N6; Fanout = 9; REG Node = 'cache:inst|lpm_counter0:inst27|lpm_counter:lpm_counter_component|cntr_ct6:auto_generated|safe_q[1]'
            Info: Total cell delay = 2.400 ns ( 31.38 % )
            Info: Total interconnect delay = 5.249 ns ( 68.62 % )
    Info: - Micro clock to output delay of source is 0.156 ns
    Info: - Shortest register to register delay is 0.639 ns
        Info: 1: + IC(0.000 ns) + CELL(0.000 ns) = 0.000 ns; Loc. = LC_X44_Y20_N6; Fanout = 9; REG Node = 'cache:inst|lpm_counter0:inst27|lpm_counter:lpm_counter_component|cntr_ct6:auto_generated|safe_q[1]'
        Info: 2: + IC(0.416 ns) + CELL(0.223 ns) = 0.639 ns; Loc. = LC_X44_Y20_N6; Fanout = 9; REG Node = 'cache:inst|lpm_counter0:inst27|lpm_counter:lpm_counter_component|cntr_ct6:auto_generated|safe_q[1]'
        Info: Total cell delay = 0.223 ns ( 34.90 % )
        Info: Total interconnect delay = 0.416 ns ( 65.10 % )
    Info: + Micro hold delay of destination is 0.100 ns
Warning: Circuit may not operate. Detected 1 non-operational path(s) clocked by clock "addr[1]" with clock skew larger than data delay. See Compilation Report for details.
Info: Found hold time violation between source  pin or register "cache:inst|lpm_counter0:inst27|lpm_counter:lpm_counter_component|cntr_ct6:auto_generated|safe_q[1]" and destination pin or register "cache:inst|lpm_counter0:inst27|lpm_counter:lpm_counter_component|cntr_ct6:auto_generated|safe_q[1]" for clock "addr[1]" (Hold time is 68 ps)
    Info: + Largest clock skew is 0.763 ns
        Info: + Longest clock path from clock "addr[1]" to destination register is 8.556 ns
            Info: 1: + IC(0.000 ns) + CELL(1.234 ns) = 1.234 ns; Loc. = PIN_G2; Fanout = 9; CLK Node = 'addr[1]'
            Info: 2: + IC(1.642 ns) + CELL(0.075 ns) = 2.951 ns; Loc. = LC_X44_Y20_N0; Fanout = 1; COMB Node = 'cache:inst|cacheline:inst|lpm_compare0:inst10|lpm_compare:lpm_compare_component|comptree:comparator|cmpchain:cmp_end|comptree:comp|comptree:sub_comptree|cmpchain:cmp_end|aeb_out~62'
            Info: 3: + IC(0.777 ns) + CELL(0.366 ns) = 4.094 ns; Loc. = LC_X46_Y20_N1; Fanout = 10; COMB Node = 'cache:inst|cacheline:inst|lpm_compare0:inst10|lpm_compare:lpm_compare_component|comptree:comparator|cmpchain:cmp_end|comptree:comp|comptree:sub_comptree|cmpchain:cmp_end|aeb_out~64'
            Info: 4: + IC(0.333 ns) + CELL(0.183 ns) = 4.610 ns; Loc. = LC_X46_Y20_N4; Fanout = 19; COMB Node = 'cache:inst|inst36~30'
            Info: 5: + IC(3.404 ns) + CELL(0.542 ns) = 8.556 ns; Loc. = LC_X44_Y20_N6; Fanout = 9; REG Node = 'cache:inst|lpm_counter0:inst27|lpm_counter:lpm_counter_component|cntr_ct6:auto_generated|safe_q[1]'
            Info: Total cell delay = 2.400 ns ( 28.05 % )
            Info: Total interconnect delay = 6.156 ns ( 71.95 % )
        Info: - Shortest clock path from clock "addr[1]" to source register is 7.793 ns
            Info: 1: + IC(0.000 ns) + CELL(1.234 ns) = 1.234 ns; Loc. = PIN_G2; Fanout = 9; CLK Node = 'addr[1]'
            Info: 2: + IC(1.441 ns) + CELL(0.075 ns) = 2.750 ns; Loc. = LC_X45_Y20_N7; Fanout = 1; COMB Node = 'cache:inst|cacheline:inst34|lpm_compare0:inst10|lpm_compare:lpm_compare_component|comptree:comparator|cmpchain:cmp_end|comptree:comp|comptree:sub_comptree|cmpchain:cmp_end|aeb_out~62'
            Info: 3: + IC(0.522 ns) + CELL(0.366 ns) = 3.638 ns; Loc. = LC_X46_Y20_N3; Fanout = 10; COMB Node = 'cache:inst|cacheline:inst34|lpm_compare0:inst10|lpm_compare:lpm_compare_component|comptree:comparator|cmpchain:cmp_end|comptree:comp|comptree:sub_comptree|cmpchain:cmp_end|aeb_out~64'
            Info: 4: + IC(0.134 ns) + CELL(0.075 ns) = 3.847 ns; Loc. = LC_X46_Y20_N4; Fanout = 19; COMB Node = 'cache:inst|inst36~30'
            Info: 5: + IC(3.404 ns) + CELL(0.542 ns) = 7.793 ns; Loc. = LC_X44_Y20_N6; Fanout = 9; REG Node = 'cache:inst|lpm_counter0:inst27|lpm_counter:lpm_counter_component|cntr_ct6:auto_generated|safe_q[1]'
            Info: Total cell delay = 2.292 ns ( 29.41 % )
            Info: Total interconnect delay = 5.501 ns ( 70.59 % )
    Info: - Micro clock to output delay of source is 0.156 ns
    Info: - Shortest register to register delay is 0.639 ns
        Info: 1: + IC(0.000 ns) + CELL(0.000 ns) = 0.000 ns; Loc. = LC_X44_Y20_N6; Fanout = 9; REG Node = 'cache:inst|lpm_counter0:inst27|lpm_counter:lpm_counter_component|cntr_ct6:auto_generated|safe_q[1]'
        Info: 2: + IC(0.416 ns) + CELL(0.223 ns) = 0.639 ns; Loc. = LC_X44_Y20_N6; Fanout = 9; REG Node = 'cache:inst|lpm_counter0:inst27|lpm_counter:lpm_counter_component|cntr_ct6:auto_generated|safe_q[1]'
        Info: Total cell delay = 0.223 ns ( 34.90 % )
        Info: Total interconnect delay = 0.416 ns ( 65.10 % )
    Info: + Micro hold delay of destination is 0.100 ns
Warning: Circuit may not operate. Detected 2 non-operational path(s) clocked by clock "addr[2]" with clock skew larger than data delay. See Compilation Report for details.
Info: Found hold time violation between source  pin or register "cache:inst|lpm_counter0:inst27|lpm_counter:lpm_counter_component|cntr_ct6:auto_generated|safe_q[1]" and destination pin or register "cache:inst|lpm_counter0:inst27|lpm_counter:lpm_counter_component|cntr_ct6:auto_generated|safe_q[1]" for clock "addr[2]" (Hold time is 350 ps)
    Info: + Largest clock skew is 1.045 ns
        Info: + Longest clock path from clock "addr[2]" to destination register is 7.867 ns
            Info: 1: + IC(0.000 ns) + CELL(1.234 ns) = 1.234 ns; Loc. = PIN_K2; Fanout = 9; CLK Node = 'addr[2]'
            Info: 2: + IC(0.957 ns) + CELL(0.366 ns) = 2.557 ns; Loc. = LC_X47_Y20_N8; Fanout = 1; COMB Node = 'cache:inst|cacheline:inst33|lpm_compare0:inst10|lpm_compare:lpm_compare_component|comptree:comparator|cmpchain:cmp_end|comptree:comp|comptree:sub_comptree|cmpchain:cmp_end|aeb_out~61'
            Info: 3: + IC(0.493 ns) + CELL(0.183 ns) = 3.233 ns; Loc. = LC_X46_Y20_N8; Fanout = 10; COMB Node = 'cache:inst|cacheline:inst33|lpm_compare0:inst10|lpm_compare:lpm_compare_component|comptree:comparator|cmpchain:cmp_end|comptree:comp|comptree:sub_comptree|cmpchain:cmp_end|aeb_out~64'
            Info: 4: + IC(0.322 ns) + CELL(0.366 ns) = 3.921 ns; Loc. = LC_X46_Y20_N4; Fanout = 19; COMB Node = 'cache:inst|inst36~30'
            Info: 5: + IC(3.404 ns) + CELL(0.542 ns) = 7.867 ns; Loc. = LC_X44_Y20_N6; Fanout = 9; REG Node = 'cache:inst|lpm_counter0:inst27|lpm_counter:lpm_counter_component|cntr_ct6:auto_generated|safe_q[1]'
            Info: Total cell delay = 2.691 ns ( 34.21 % )
            Info: Total interconnect delay = 5.176 ns ( 65.79 % )
        Info: - Shortest clock path from clock "addr[2]" to source register is 6.822 ns
            Info: 1: + IC(0.000 ns) + CELL(1.234 ns) = 1.234 ns; Loc. = PIN_K2; Fanout = 9; CLK Node = 'addr[2]'
            Info: 2: + IC(0.944 ns) + CELL(0.280 ns) = 2.458 ns; Loc. = LC_X46_Y20_N2; Fanout = 1; COMB Node = 'cache:inst|cacheline:inst34|lpm_compare0:inst10|lpm_compare:lpm_compare_component|comptree:comparator|cmpchain:cmp_end|comptree:comp|comptree:sub_comptree|cmpchain:cmp_end|aeb_out~61'
            Info: 3: + IC(0.134 ns) + CELL(0.075 ns) = 2.667 ns; Loc. = LC_X46_Y20_N3; Fanout = 10; COMB Node = 'cache:inst|cacheline:inst34|lpm_compare0:inst10|lpm_compare:lpm_compare_component|comptree:comparator|cmpchain:cmp_end|comptree:comp|comptree:sub_comptree|cmpchain:cmp_end|aeb_out~64'
            Info: 4: + IC(0.134 ns) + CELL(0.075 ns) = 2.876 ns; Loc. = LC_X46_Y20_N4; Fanout = 19; COMB Node = 'cache:inst|inst36~30'
            Info: 5: + IC(3.404 ns) + CELL(0.542 ns) = 6.822 ns; Loc. = LC_X44_Y20_N6; Fanout = 9; REG Node = 'cache:inst|lpm_counter0:inst27|lpm_counter:lpm_counter_component|cntr_ct6:auto_generated|safe_q[1]'
            Info: Total cell delay = 2.206 ns ( 32.34 % )
            Info: Total interconnect delay = 4.616 ns ( 67.66 % )
    Info: - Micro clock to output delay of source is 0.156 ns
    Info: - Shortest register to register delay is 0.639 ns
        Info: 1: + IC(0.000 ns) + CELL(0.000 ns) = 0.000 ns; Loc. = LC_X44_Y20_N6; Fanout = 9; REG Node = 'cache:inst|lpm_counter0:inst27|lpm_counter:lpm_counter_component|cntr_ct6:auto_generated|safe_q[1]'
        Info: 2: + IC(0.416 ns) + CELL(0.223 ns) = 0.639 ns; Loc. = LC_X44_Y20_N6; Fanout = 9; REG Node = 'cache:inst|lpm_counter0:inst27|lpm_counter:lpm_counter_component|cntr_ct6:auto_generated|safe_q[1]'
        Info: Total cell delay = 0.223 ns ( 34.90 % )
        Info: Total interconnect delay = 0.416 ns ( 65.10 % )
    Info: + Micro hold delay of destination is 0.100 ns
Warning: Circuit may not operate. Detected 2 non-operational path(s) clocked by clock "addr[5]" with clock skew larger than data delay. See Compilation Report for details.
Info: Found hold time violation between source  pin or register "cache:inst|lpm_counter0:inst27|lpm_counter:lpm_counter_component|cntr_ct6:auto_generated|safe_q[1]" and destination pin or register "cache:inst|lpm_counter0:inst27|lpm_counter:lpm_counter_component|cntr_ct6:auto_generated|safe_q[1]" for clock "addr[5]" (Hold time is 257 ps)
    Info: + Largest clock skew is 0.952 ns
        Info: + Longest clock path from clock "addr[5]" to destination register is 8.023 ns
            Info: 1: + IC(0.000 ns) + CELL(1.234 ns) = 1.234 ns; Loc. = PIN_H1; Fanout = 9; CLK Node = 'addr[5]'
            Info: 2: + IC(1.404 ns) + CELL(0.075 ns) = 2.713 ns; Loc. = LC_X47_Y20_N8; Fanout = 1; COMB Node = 'cache:inst|cacheline:inst33|lpm_compare0:inst10|lpm_compare:lpm_compare_component|comptree:comparator|cmpchain:cmp_end|comptree:comp|comptree:sub_comptree|cmpchain:cmp_end|aeb_out~61'
            Info: 3: + IC(0.493 ns) + CELL(0.183 ns) = 3.389 ns; Loc. = LC_X46_Y20_N8; Fanout = 10; COMB Node = 'cache:inst|cacheline:inst33|lpm_compare0:inst10|lpm_compare:lpm_compare_component|comptree:comparator|cmpchain:cmp_end|comptree:comp|comptree:sub_comptree|cmpchain:cmp_end|aeb_out~64'
            Info: 4: + IC(0.322 ns) + CELL(0.366 ns) = 4.077 ns; Loc. = LC_X46_Y20_N4; Fanout = 19; COMB Node = 'cache:inst|inst36~30'
            Info: 5: + IC(3.404 ns) + CELL(0.542 ns) = 8.023 ns; Loc. = LC_X44_Y20_N6; Fanout = 9; REG Node = 'cache:inst|lpm_counter0:inst27|lpm_counter:lpm_counter_component|cntr_ct6:auto_generated|safe_q[1]'
            Info: Total cell delay = 2.400 ns ( 29.91 % )
            Info: Total interconnect delay = 5.623 ns ( 70.09 % )
        Info: - Shortest clock path from clock "addr[5]" to source register is 7.071 ns
            Info: 1: + IC(0.000 ns) + CELL(1.234 ns) = 1.234 ns; Loc. = PIN_H1; Fanout = 9; CLK Node = 'addr[5]'
            Info: 2: + IC(1.398 ns) + CELL(0.075 ns) = 2.707 ns; Loc. = LC_X46_Y20_N2; Fanout = 1; COMB Node = 'cache:inst|cacheline:inst34|lpm_compare0:inst10|lpm_compare:lpm_compare_component|comptree:comparator|cmpchain:cmp_end|comptree:comp|comptree:sub_comptree|cmpchain:cmp_end|aeb_out~61'
            Info: 3: + IC(0.134 ns) + CELL(0.075 ns) = 2.916 ns; Loc. = LC_X46_Y20_N3; Fanout = 10; COMB Node = 'cache:inst|cacheline:inst34|lpm_compare0:inst10|lpm_compare:lpm_compare_component|comptree:comparator|cmpchain:cmp_end|comptree:comp|comptree:sub_comptree|cmpchain:cmp_end|aeb_out~64'
            Info: 4: + IC(0.134 ns) + CELL(0.075 ns) = 3.125 ns; Loc. = LC_X46_Y20_N4; Fanout = 19; COMB Node = 'cache:inst|inst36~30'
            Info: 5: + IC(3.404 ns) + CELL(0.542 ns) = 7.071 ns; Loc. = LC_X44_Y20_N6; Fanout = 9; REG Node = 'cache:inst|lpm_counter0:inst27|lpm_counter:lpm_counter_component|cntr_ct6:auto_generated|safe_q[1]'
            Info: Total cell delay = 2.001 ns ( 28.30 % )
            Info: Total interconnect delay = 5.070 ns ( 71.70 % )
    Info: - Micro clock to output delay of source is 0.156 ns
    Info: - Shortest register to register delay is 0.639 ns
        Info: 1: + IC(0.000 ns) + CELL(0.000 ns) = 0.000 ns; Loc. = LC_X44_Y20_N6; Fanout = 9; REG Node = 'cache:inst|lpm_counter0:inst27|lpm_counter:lpm_counter_component|cntr_ct6:auto_generated|safe_q[1]'
        Info: 2: + IC(0.416 ns) + CELL(0.223 ns) = 0.639 ns; Loc. = LC_X44_Y20_N6; Fanout = 9; REG Node = 'cache:inst|lpm_counter0:inst27|lpm_counter:lpm_counter_component|cntr_ct6:auto_generated|safe_q[1]'
        Info: Total cell delay = 0.223 ns ( 34.90 % )
        Info: Total interconnect delay = 0.416 ns ( 65.10 % )
    Info: + Micro hold delay of destination is 0.100 ns
Info: tsu for register "cache:inst|cacheline:inst32|lpm_dff0:inst1|lpm_ff:lpm_ff_component|dffs[3]" (data pin = "addr[1]", clock pin = "clk") is 5.143 ns
    Info: + Longest pin to register delay is 7.906 ns
        Info: 1: + IC(0.000 ns) + CELL(1.234 ns) = 1.234 ns; Loc. = PIN_G2; Fanout = 9; CLK Node = 'addr[1]'
        Info: 2: + IC(1.642 ns) + CELL(0.075 ns) = 2.951 ns; Loc. = LC_X44_Y20_N0; Fanout = 1; COMB Node = 'cache:inst|cacheline:inst|lpm_compare0:inst10|lpm_compare:lpm_compare_component|comptree:comparator|cmpchain:cmp_end|comptree:comp|comptree:sub_comptree|cmpchain:cmp_end|aeb_out~62'
        Info: 3: + IC(0.777 ns) + CELL(0.366 ns) = 4.094 ns; Loc. = LC_X46_Y20_N1; Fanout = 10; COMB Node = 'cache:inst|cacheline:inst|lpm_compare0:inst10|lpm_compare:lpm_compare_component|comptree:comparator|cmpchain:cmp_end|comptree:comp|comptree:sub_comptree|cmpchain:cmp_end|aeb_out~64'
        Info: 4: + IC(0.333 ns) + CELL(0.183 ns) = 4.610 ns; Loc. = LC_X46_Y20_N4; Fanout = 19; COMB Node = 'cache:inst|inst36~30'
        Info: 5: + IC(1.109 ns) + CELL(0.280 ns) = 5.999 ns; Loc. = LC_X46_Y21_N8; Fanout = 8; COMB Node = 'cache:inst|lpm_decode0:inst28|lpm_decode:lpm_decode_component|decode_vlb:auto_generated|w_anode14w[2]'
        Info: 6: + IC(1.202 ns) + CELL(0.705 ns) = 7.906 ns; Loc. = LC_X47_Y20_N7; Fanout = 1; REG Node = 'cache:inst|cacheline:inst32|lpm_dff0:inst1|lpm_ff:lpm_ff_component|dffs[3]'
        Info: Total cell delay = 2.843 ns ( 35.96 % )
        Info: Total interconnect delay = 5.063 ns ( 64.04 % )
    Info: + Micro setup delay of destination is 0.010 ns
    Info: - Shortest clock path from clock "clk" to destination register is 2.773 ns
        Info: 1: + IC(0.000 ns) + CELL(0.725 ns) = 0.725 ns; Loc. = PIN_L2; Fanout = 97; CLK Node = 'clk'
        Info: 2: + IC(1.506 ns) + CELL(0.542 ns) = 2.773 ns; Loc. = LC_X47_Y20_N7; Fanout = 1; REG Node = 'cache:inst|cacheline:inst32|lpm_dff0:inst1|lpm_ff:lpm_ff_component|dffs[3]'
        Info: Total cell delay = 1.267 ns ( 45.69 % )
        Info: Total interconnect delay = 1.506 ns ( 54.31 % )
Info: tco from clock "clk" to destination pin "out[5]" through register "cache:inst|cacheline:inst32|lpm_dff0:inst1|lpm_ff:lpm_ff_component|dffs[6]" is 11.703 ns
    Info: + Longest clock path from clock "clk" to source register is 2.773 ns
        Info: 1: + IC(0.000 ns) + CELL(0.725 ns) = 0.725 ns; Loc. = PIN_L2; Fanout = 97; CLK Node = 'clk'
        Info: 2: + IC(1.506 ns) + CELL(0.542 ns) = 2.773 ns; Loc. = LC_X47_Y20_N5; Fanout = 1; REG Node = 'cache:inst|cacheline:inst32|lpm_dff0:inst1|lpm_ff:lpm_ff_component|dffs[6]'
        Info: Total cell delay = 1.267 ns ( 45.69 % )
        Info: Total interconnect delay = 1.506 ns ( 54.31 % )
    Info: + Micro clock to output delay of source is 0.156 ns
    Info: + Longest register to pin delay is 8.774 ns
        Info: 1: + IC(0.000 ns) + CELL(0.000 ns) = 0.000 ns; Loc. = LC_X47_Y20_N5; Fanout = 1; REG Node = 'cache:inst|cacheline:inst32|lpm_dff0:inst1|lpm_ff:lpm_ff_component|dffs[6]'
        Info: 2: + IC(0.382 ns) + CELL(0.280 ns) = 0.662 ns; Loc. = LC_X47_Y20_N4; Fanout = 1; COMB Node = 'cache:inst|cacheline:inst32|lpm_compare0:inst10|lpm_compare:lpm_compare_component|comptree:comparator|cmpchain:cmp_end|comptree:comp|comptree:sub_comptree|cmpchain:cmp_end|aeb_out~63'
        Info: 3: + IC(0.503 ns) + CELL(0.366 ns) = 1.531 ns; Loc. = LC_X46_Y20_N9; Fanout = 10; COMB Node = 'cache:inst|cacheline:inst32|lpm_compare0:inst10|lpm_compare:lpm_compare_component|comptree:comparator|cmpchain:cmp_end|comptree:comp|comptree:sub_comptree|cmpchain:cmp_end|aeb_out~64'
        Info: 4: + IC(1.360 ns) + CELL(0.366 ns) = 3.257 ns; Loc. = LC_X46_Y21_N0; Fanout = 1; COMB Node = 'busmux:inst2|lpm_mux:$00000|mux_cgc:auto_generated|w_result73w~98'
        Info: 5: + IC(1.009 ns) + CELL(0.280 ns) = 4.546 ns; Loc. = LC_X46_Y19_N2; Fanout = 1; COMB Node = 'busmux:inst2|lpm_mux:$00000|mux_cgc:auto_generated|w_result73w~99'
        Info: 6: + IC(1.824 ns) + CELL(2.404 ns) = 8.774 ns; Loc. = PIN_Y7; Fanout = 0; PIN Node = 'out[5]'
        Info: Total cell delay = 3.696 ns ( 42.12 % )
        Info: Total interconnect delay = 5.078 ns ( 57.88 % )
Info: Longest tpd from source pin "addr[1]" to destination pin "out[5]" is 11.104 ns
    Info: 1: + IC(0.000 ns) + CELL(1.234 ns) = 1.234 ns; Loc. = PIN_G2; Fanout = 9; CLK Node = 'addr[1]'
    Info: 2: + IC(1.432 ns) + CELL(0.366 ns) = 3.032 ns; Loc. = LC_X48_Y20_N8; Fanout = 1; COMB Node = 'cache:inst|cacheline:inst32|lpm_compare0:inst10|lpm_compare:lpm_compare_component|comptree:comparator|cmpchain:cmp_end|comptree:comp|comptree:sub_comptree|cmpchain:cmp_end|aeb_out~62'
    Info: 3: + IC(0.754 ns) + CELL(0.075 ns) = 3.861 ns; Loc. = LC_X46_Y20_N9; Fanout = 10; COMB Node = 'cache:inst|cacheline:inst32|lpm_compare0:inst10|lpm_compare:lpm_compare_component|comptree:comparator|cmpchain:cmp_end|comptree:comp|comptree:sub_comptree|cmpchain:cmp_end|aeb_out~64'
    Info: 4: + IC(1.360 ns) + CELL(0.366 ns) = 5.587 ns; Loc. = LC_X46_Y21_N0; Fanout = 1; COMB Node = 'busmux:inst2|lpm_mux:$00000|mux_cgc:auto_generated|w_result73w~98'
    Info: 5: + IC(1.009 ns) + CELL(0.280 ns) = 6.876 ns; Loc. = LC_X46_Y19_N2; Fanout = 1; COMB Node = 'busmux:inst2|lpm_mux:$00000|mux_cgc:auto_generated|w_result73w~99'
    Info: 6: + IC(1.824 ns) + CELL(2.404 ns) = 11.104 ns; Loc. = PIN_Y7; Fanout = 0; PIN Node = 'out[5]'
    Info: Total cell delay = 4.725 ns ( 42.55 % )
    Info: Total interconnect delay = 6.379 ns ( 57.45 % )
Info: th for register "cache:inst|cacheline:inst34|lpm_dff0:inst1|lpm_ff:lpm_ff_component|dffs[2]" (data pin = "addr[2]", clock pin = "clk") is -2.006 ns
    Info: + Longest clock path from clock "clk" to destination register is 2.773 ns
        Info: 1: + IC(0.000 ns) + CELL(0.725 ns) = 0.725 ns; Loc. = PIN_L2; Fanout = 97; CLK Node = 'clk'
        Info: 2: + IC(1.506 ns) + CELL(0.542 ns) = 2.773 ns; Loc. = LC_X45_Y20_N5; Fanout = 1; REG Node = 'cache:inst|cacheline:inst34|lpm_dff0:inst1|lpm_ff:lpm_ff_component|dffs[2]'
        Info: Total cell delay = 1.267 ns ( 45.69 % )
        Info: Total interconnect delay = 1.506 ns ( 54.31 % )
    Info: + Micro hold delay of destination is 0.100 ns
    Info: - Shortest pin to register delay is 4.879 ns
        Info: 1: + IC(0.000 ns) + CELL(1.234 ns) = 1.234 ns; Loc. = PIN_K2; Fanout = 9; CLK Node = 'addr[2]'
        Info: 2: + IC(3.560 ns) + CELL(0.085 ns) = 4.879 ns; Loc. = LC_X45_Y20_N5; Fanout = 1; REG Node = 'cache:inst|cacheline:inst34|lpm_dff0:inst1|lpm_ff:lpm_ff_component|dffs[2]'
        Info: Total cell delay = 1.319 ns ( 27.03 % )
        Info: Total interconnect delay = 3.560 ns ( 72.97 % )
Info: Quartus II Timing Analyzer was successful. 0 errors, 8 warnings
    Info: Processing ended: Sun Feb 28 00:47:42 2021
    Info: Elapsed time: 00:00:00


