Fitter report for cache
Sun Feb 28 00:47:40 2021
Version 5.0 Build 148 04/26/2005 SJ Full Version


---------------------
; Table of Contents ;
---------------------
  1. Legal Notice
  2. Fitter Summary
  3. Fitter Settings
  4. Fitter Device Options
  5. Fitter Equations
  6. Pin-Out File
  7. Fitter Resource Usage Summary
  8. Input Pins
  9. Output Pins
 10. I/O Bank Usage
 11. All Package Pins
 12. Output Pin Default Load For Reported TCO
 13. Fitter Resource Utilization by Entity
 14. Delay Chain Summary
 15. Pad To Core Delay Chain Fanout
 16. Control Signals
 17. Global & Other Fast Signals
 18. Non-Global High Fan-Out Signals
 19. Fitter RAM Summary
 20. Interconnect Usage Summary
 21. LAB Logic Elements
 22. LAB-wide Signals
 23. LAB Signals Sourced
 24. LAB Signals Sourced Out
 25. LAB Distinct Inputs
 26. Fitter Messages



----------------
; Legal Notice ;
----------------
Copyright (C) 1991-2005 Altera Corporation
Your use of Altera Corporation's design tools, logic functions 
and other software and tools, and its AMPP partner logic       
functions, and any output files any of the foregoing           
(including device programming or simulation files), and any    
associated documentation or information are expressly subject  
to the terms and conditions of the Altera Program License      
Subscription Agreement, Altera MegaCore Function License       
Agreement, or other applicable license agreement, including,   
without limitation, that your use is for the sole purpose of   
programming logic devices manufactured by Altera and sold by   
Altera or its authorized distributors.  Please refer to the    
applicable agreement for further details.



+---------------------------------------------------------------------+
; Fitter Summary                                                      ;
+--------------------------+------------------------------------------+
; Fitter Status            ; Successful - Sun Feb 28 00:47:40 2021    ;
; Quartus II Version       ; 5.0 Build 148 04/26/2005 SJ Full Version ;
; Revision Name            ; cache                                    ;
; Top-level Entity Name    ; cachetest                                ;
; Family                   ; Stratix                                  ;
; Device                   ; EP1S10F484C5                             ;
; Timing Models            ; Final                                    ;
; Total logic elements     ; 87 / 10,570 ( < 1 % )                    ;
; Total pins               ; 35 / 336 ( 10 % )                        ;
; Total virtual pins       ; 0                                        ;
; Total memory bits        ; 2,048 / 920,448 ( < 1 % )                ;
; DSP block 9-bit elements ; 0 / 48 ( 0 % )                           ;
; Total PLLs               ; 0 / 6 ( 0 % )                            ;
; Total DLLs               ; 0 / 2 ( 0 % )                            ;
+--------------------------+------------------------------------------+


+----------------------------------------------------------------------------------------------------------------------+
; Fitter Settings                                                                                                      ;
+----------------------------------------------------+--------------------------------+--------------------------------+
; Option                                             ; Setting                        ; Default Value                  ;
+----------------------------------------------------+--------------------------------+--------------------------------+
; Device                                             ; AUTO                           ;                                ;
; Use smart compilation                              ; Off                            ; Off                            ;
; Placement Effort Multiplier                        ; 1.0                            ; 1.0                            ;
; Router Effort Multiplier                           ; 1.0                            ; 1.0                            ;
; Optimize Hold Timing                               ; IO Paths and Minimum TPD Paths ; IO Paths and Minimum TPD Paths ;
; Optimize Fast-Corner Timing                        ; Off                            ; Off                            ;
; Optimize Timing                                    ; Normal compilation             ; Normal compilation             ;
; Optimize IOC Register Placement for Timing         ; On                             ; On                             ;
; Limit to One Fitting Attempt                       ; Off                            ; Off                            ;
; Final Placement Optimizations                      ; Automatically                  ; Automatically                  ;
; Fitter Initial Placement Seed                      ; 1                              ; 1                              ;
; Slow Slew Rate                                     ; Off                            ; Off                            ;
; PCI I/O                                            ; Off                            ; Off                            ;
; Weak Pull-Up Resistor                              ; Off                            ; Off                            ;
; Enable Bus-Hold Circuitry                          ; Off                            ; Off                            ;
; Auto Global Memory Control Signals                 ; Off                            ; Off                            ;
; Auto Packed Registers -- Stratix/Stratix GX        ; Auto                           ; Auto                           ;
; Auto Delay Chains                                  ; On                             ; On                             ;
; Auto Merge PLLs                                    ; On                             ; On                             ;
; Perform Physical Synthesis for Combinational Logic ; Off                            ; Off                            ;
; Perform Register Duplication                       ; Off                            ; Off                            ;
; Perform Register Retiming                          ; Off                            ; Off                            ;
; Fitter Effort                                      ; Auto Fit                       ; Auto Fit                       ;
; Physical Synthesis Effort Level                    ; Normal                         ; Normal                         ;
; Logic Cell Insertion - Logic Duplication           ; Auto                           ; Auto                           ;
; Auto Register Duplication                          ; Off                            ; Off                            ;
; Auto Global Clock                                  ; On                             ; On                             ;
; Auto Global Register Control Signals               ; On                             ; On                             ;
+----------------------------------------------------+--------------------------------+--------------------------------+


+-------------------------------------------------------------------------+
; Fitter Device Options                                                   ;
+----------------------------------------------+--------------------------+
; Option                                       ; Setting                  ;
+----------------------------------------------+--------------------------+
; Enable user-supplied start-up clock (CLKUSR) ; Off                      ;
; Enable device-wide reset (DEV_CLRn)          ; Off                      ;
; Enable device-wide output enable (DEV_OE)    ; Off                      ;
; Enable INIT_DONE output                      ; Off                      ;
; Configuration scheme                         ; Passive Serial           ;
; Error detection CRC                          ; Off                      ;
; Reserve Data[0] pin after configuration      ; As input tri-stated      ;
; Reserve all unused pins                      ; As output driving ground ;
; Base pin-out file on sameframe device        ; Off                      ;
+----------------------------------------------+--------------------------+


+------------------+
; Fitter Equations ;
+------------------+
The equations can be found in C:/altera/quartus50/cache/cache.fit.eqn.


+--------------+
; Pin-Out File ;
+--------------+
The pin-out file can be found in C:/altera/quartus50/cache/cache.pin.


+-------------------------------------------------------------------------+
; Fitter Resource Usage Summary                                           ;
+---------------------------------------------+---------------------------+
; Resource                                    ; Usage                     ;
+---------------------------------------------+---------------------------+
; Total logic elements                        ; 87 / 10,570 ( < 1 % )     ;
;     -- Combinational with no register       ; 21                        ;
;     -- Register only                        ; 24                        ;
;     -- Combinational with a register        ; 42                        ;
;                                             ;                           ;
; Logic element usage by number of LUT inputs ;                           ;
;     -- 4 input functions                    ; 49                        ;
;     -- 3 input functions                    ; 12                        ;
;     -- 2 input functions                    ; 1                         ;
;     -- 1 input functions                    ; 14                        ;
;     -- 0 input functions                    ; 11                        ;
;                                             ;                           ;
; Logic elements by mode                      ;                           ;
;     -- normal mode                          ; 86                        ;
;     -- arithmetic mode                      ; 1                         ;
;     -- qfbk mode                            ; 32                        ;
;     -- register cascade mode                ; 0                         ;
;     -- synchronous clear/load mode          ; 43                        ;
;     -- asynchronous clear/load mode         ; 0                         ;
;                                             ;                           ;
; Total LABs                                  ; 15 / 1,057 ( 1 % )        ;
; Logic elements in carry chains              ; 2                         ;
; User inserted logic elements                ; 0                         ;
; Virtual pins                                ; 0                         ;
; I/O pins                                    ; 35 / 336 ( 10 % )         ;
;     -- Clock pins                           ; 1 / 16 ( 6 % )            ;
; Global signals                              ; 2                         ;
; M512s                                       ; 0 / 94 ( 0 % )            ;
; M4Ks                                        ; 1 / 60 ( 1 % )            ;
; M-RAMs                                      ; 0 / 1 ( 0 % )             ;
; Total memory bits                           ; 2,048 / 920,448 ( < 1 % ) ;
; Total RAM block bits                        ; 4,608 / 920,448 ( < 1 % ) ;
; DSP block 9-bit elements                    ; 0 / 48 ( 0 % )            ;
; Global clocks                               ; 2 / 16 ( 12 % )           ;
; Regional clocks                             ; 0 / 16 ( 0 % )            ;
; Fast regional clocks                        ; 0 / 8 ( 0 % )             ;
; SERDES transmitters                         ; 0 / 44 ( 0 % )            ;
; SERDES receivers                            ; 0 / 44 ( 0 % )            ;
; Maximum fan-out node                        ; clk                       ;
; Maximum fan-out                             ; 65                        ;
; Total fan-out                               ; 400                       ;
; Average fan-out                             ; 3.23                      ;
+---------------------------------------------+---------------------------+


+---------------------------------------------------------------------------------------------------------------------------------------------------------------------------------------------------------------------------------------------------------------+
; Input Pins                                                                                                                                                                                                                                                    ;
+---------+-------+----------+--------------+--------------+-------------+-----------------------+--------------------+--------+----------------+---------------+-----------------+----------+--------------+--------------+-------------+----------------------+
; Name    ; Pin # ; I/O Bank ; X coordinate ; Y coordinate ; Cell number ; Combinational Fan-Out ; Registered Fan-Out ; Global ; Input Register ; Power Up High ; PCI I/O Enabled ; Bus Hold ; Weak Pull Up ; I/O Standard ; Termination ; Location assigned by ;
+---------+-------+----------+--------------+--------------+-------------+-----------------------+--------------------+--------+----------------+---------------+-----------------+----------+--------------+--------------+-------------+----------------------+
; addr[0] ; H2    ; 5        ; 53           ; 21           ; 2           ; 6                     ; 0                  ; no     ; no             ; no            ; no              ; no       ; Off          ; LVTTL        ; Off         ; Fitter               ;
; addr[1] ; G2    ; 5        ; 53           ; 22           ; 3           ; 8                     ; 0                  ; no     ; no             ; no            ; no              ; no       ; Off          ; LVTTL        ; Off         ; Fitter               ;
; addr[2] ; K2    ; 5        ; 53           ; 20           ; 1           ; 8                     ; 0                  ; no     ; no             ; no            ; no              ; no       ; Off          ; LVTTL        ; Off         ; Fitter               ;
; addr[3] ; J3    ; 5        ; 53           ; 21           ; 0           ; 8                     ; 0                  ; no     ; no             ; no            ; no              ; no       ; Off          ; LVTTL        ; Off         ; Fitter               ;
; addr[4] ; L6    ; 5        ; 53           ; 22           ; 1           ; 6                     ; 0                  ; no     ; no             ; no            ; no              ; no       ; Off          ; LVTTL        ; Off         ; Fitter               ;
; addr[5] ; H1    ; 5        ; 53           ; 21           ; 3           ; 6                     ; 0                  ; no     ; no             ; no            ; no              ; no       ; Off          ; LVTTL        ; Off         ; Fitter               ;
; addr[6] ; K3    ; 5        ; 53           ; 20           ; 0           ; 8                     ; 0                  ; no     ; no             ; no            ; no              ; no       ; Off          ; LVTTL        ; Off         ; Fitter               ;
; addr[7] ; J2    ; 5        ; 53           ; 21           ; 1           ; 6                     ; 0                  ; no     ; no             ; no            ; no              ; no       ; Off          ; LVTTL        ; Off         ; Fitter               ;
; clk     ; L2    ; 5        ; 53           ; 19           ; 3           ; 65                    ; 0                  ; yes    ; no             ; no            ; no              ; no       ; Off          ; LVTTL        ; Off         ; Fitter               ;
; data[0] ; F8    ; 4        ; 41           ; 31           ; 0           ; 2                     ; 0                  ; no     ; no             ; no            ; no              ; no       ; Off          ; LVTTL        ; Off         ; Fitter               ;
; data[1] ; G8    ; 4        ; 41           ; 31           ; 4           ; 2                     ; 0                  ; no     ; no             ; no            ; no              ; no       ; Off          ; LVTTL        ; Off         ; Fitter               ;
; data[2] ; D8    ; 4        ; 41           ; 31           ; 1           ; 2                     ; 0                  ; no     ; no             ; no            ; no              ; no       ; Off          ; LVTTL        ; Off         ; Fitter               ;
; data[3] ; H8    ; 4        ; 41           ; 31           ; 5           ; 2                     ; 0                  ; no     ; no             ; no            ; no              ; no       ; Off          ; LVTTL        ; Off         ; Fitter               ;
; data[4] ; A7    ; 4        ; 44           ; 31           ; 4           ; 2                     ; 0                  ; no     ; no             ; no            ; no              ; no       ; Off          ; LVTTL        ; Off         ; Fitter               ;
; data[5] ; E8    ; 4        ; 41           ; 31           ; 2           ; 2                     ; 0                  ; no     ; no             ; no            ; no              ; no       ; Off          ; LVTTL        ; Off         ; Fitter               ;
; data[6] ; D7    ; 4        ; 44           ; 31           ; 2           ; 2                     ; 0                  ; no     ; no             ; no            ; no              ; no       ; Off          ; LVTTL        ; Off         ; Fitter               ;
; data[7] ; E7    ; 4        ; 44           ; 31           ; 1           ; 2                     ; 0                  ; no     ; no             ; no            ; no              ; no       ; Off          ; LVTTL        ; Off         ; Fitter               ;
; write   ; F1    ; 5        ; 53           ; 23           ; 3           ; 9                     ; 0                  ; no     ; no             ; no            ; no              ; no       ; Off          ; LVTTL        ; Off         ; Fitter               ;
+---------+-------+----------+--------------+--------------+-------------+-----------------------+--------------------+--------+----------------+---------------+-----------------+----------+--------------+--------------+-------------+----------------------+


+-----------------------------------------------------------------------------------------------------------------------------------------------------------------------------------------------------------------------------------------------------------------------------------------------------------------+
; Output Pins                                                                                                                                                                                                                                                                                                     ;
+--------+-------+----------+--------------+--------------+-------------+-----------------+------------------------+---------------+----------------+-----------------+------------+---------------+----------+--------------+--------------+------------------+-------------+----------------------+-------------+
; Name   ; Pin # ; I/O Bank ; X coordinate ; Y coordinate ; Cell number ; Output Register ; Output Enable Register ; Power Up High ; Slow Slew Rate ; PCI I/O Enabled ; Open Drain ; TRI Primitive ; Bus Hold ; Weak Pull Up ; I/O Standard ; Current Strength ; Termination ; Location assigned by ; Load        ;
+--------+-------+----------+--------------+--------------+-------------+-----------------+------------------------+---------------+----------------+-----------------+------------+---------------+----------+--------------+--------------+------------------+-------------+----------------------+-------------+
; hit    ; G1    ; 5        ; 53           ; 22           ; 2           ; no              ; no                     ; no            ; no             ; no              ; no         ; no            ; no       ; Off          ; LVTTL        ; 24mA             ; Off         ; Fitter               ; Unspecified ;
; out[0] ; F6    ; 4        ; 44           ; 31           ; 0           ; no              ; no                     ; no            ; no             ; no              ; no         ; no            ; no       ; Off          ; LVTTL        ; 24mA             ; Off         ; Fitter               ; Unspecified ;
; out[1] ; H3    ; 5        ; 53           ; 24           ; 1           ; no              ; no                     ; no            ; no             ; no              ; no         ; no            ; no       ; Off          ; LVTTL        ; 24mA             ; Off         ; Fitter               ; Unspecified ;
; out[2] ; D5    ; 4        ; 48           ; 31           ; 5           ; no              ; no                     ; no            ; no             ; no              ; no         ; no            ; no       ; Off          ; LVTTL        ; 24mA             ; Off         ; Fitter               ; Unspecified ;
; out[3] ; C5    ; 4        ; 48           ; 31           ; 4           ; no              ; no                     ; no            ; no             ; no              ; no         ; no            ; no       ; Off          ; LVTTL        ; 24mA             ; Off         ; Fitter               ; Unspecified ;
; out[4] ; F7    ; 4        ; 46           ; 31           ; 1           ; no              ; no                     ; no            ; no             ; no              ; no         ; no            ; no       ; Off          ; LVTTL        ; 24mA             ; Off         ; Fitter               ; Unspecified ;
; out[5] ; Y7    ; 7        ; 46           ; 0            ; 5           ; no              ; no                     ; no            ; no             ; no              ; no         ; no            ; no       ; Off          ; LVTTL        ; 24mA             ; Off         ; Fitter               ; Unspecified ;
; out[6] ; A6    ; 4        ; 46           ; 31           ; 2           ; no              ; no                     ; no            ; no             ; no              ; no         ; no            ; no       ; Off          ; LVTTL        ; 24mA             ; Off         ; Fitter               ; Unspecified ;
; out[7] ; E6    ; 4        ; 46           ; 31           ; 3           ; no              ; no                     ; no            ; no             ; no              ; no         ; no            ; no       ; Off          ; LVTTL        ; 24mA             ; Off         ; Fitter               ; Unspecified ;
; ram[0] ; K6    ; 5        ; 53           ; 23           ; 1           ; no              ; no                     ; no            ; no             ; no              ; no         ; no            ; no       ; Off          ; LVTTL        ; 24mA             ; Off         ; Fitter               ; Unspecified ;
; ram[1] ; D6    ; 4        ; 46           ; 31           ; 4           ; no              ; no                     ; no            ; no             ; no              ; no         ; no            ; no       ; Off          ; LVTTL        ; 24mA             ; Off         ; Fitter               ; Unspecified ;
; ram[2] ; C8    ; 4        ; 41           ; 31           ; 3           ; no              ; no                     ; no            ; no             ; no              ; no         ; no            ; no       ; Off          ; LVTTL        ; 24mA             ; Off         ; Fitter               ; Unspecified ;
; ram[3] ; F2    ; 5        ; 53           ; 23           ; 2           ; no              ; no                     ; no            ; no             ; no              ; no         ; no            ; no       ; Off          ; LVTTL        ; 24mA             ; Off         ; Fitter               ; Unspecified ;
; ram[4] ; B6    ; 4        ; 46           ; 31           ; 0           ; no              ; no                     ; no            ; no             ; no              ; no         ; no            ; no       ; Off          ; LVTTL        ; 24mA             ; Off         ; Fitter               ; Unspecified ;
; ram[5] ; B7    ; 4        ; 46           ; 31           ; 5           ; no              ; no                     ; no            ; no             ; no              ; no         ; no            ; no       ; Off          ; LVTTL        ; 24mA             ; Off         ; Fitter               ; Unspecified ;
; ram[6] ; A8    ; 4        ; 44           ; 31           ; 5           ; no              ; no                     ; no            ; no             ; no              ; no         ; no            ; no       ; Off          ; LVTTL        ; 24mA             ; Off         ; Fitter               ; Unspecified ;
; ram[7] ; C7    ; 4        ; 44           ; 31           ; 3           ; no              ; no                     ; no            ; no             ; no              ; no         ; no            ; no       ; Off          ; LVTTL        ; 24mA             ; Off         ; Fitter               ; Unspecified ;
+--------+-------+----------+--------------+--------------+-------------+-----------------+------------------------+---------------+----------------+-----------------+------------+---------------+----------+--------------+--------------+------------------+-------------+----------------------+-------------+


+------------------------------------------------------------+
; I/O Bank Usage                                             ;
+----------+------------------+---------------+--------------+
; I/O Bank ; Usage            ; VCCIO Voltage ; VREF Voltage ;
+----------+------------------+---------------+--------------+
; 1        ; 0 / 29 ( 0 % )   ; 3.3V          ; --           ;
; 2        ; 0 / 30 ( 0 % )   ; 3.3V          ; --           ;
; 3        ; 0 / 51 ( 0 % )   ; 3.3V          ; --           ;
; 4        ; 21 / 52 ( 40 % ) ; 3.3V          ; --           ;
; 5        ; 14 / 29 ( 48 % ) ; 3.3V          ; --           ;
; 6        ; 0 / 29 ( 0 % )   ; 3.3V          ; --           ;
; 7        ; 1 / 52 ( 1 % )   ; 3.3V          ; --           ;
; 8        ; 0 / 51 ( 0 % )   ; 3.3V          ; --           ;
; 9        ; 0 / 6 ( 0 % )    ; 3.3V          ; --           ;
; 11       ; 0 / 6 ( 0 % )    ; 3.3V          ; --           ;
+----------+------------------+---------------+--------------+


+---------------------------------------------------------------------------------------------------------------------------------------------+
; All Package Pins                                                                                                                            ;
+----------+------------+----------+---------------------------+--------+--------------+---------+------------+-------------+-----------------+
; Location ; Pad Number ; I/O Bank ; Pin Name/Usage            ; Dir.   ; I/O Standard ; Voltage ; I/O Type   ; Termination ; User Assignment ;
+----------+------------+----------+---------------------------+--------+--------------+---------+------------+-------------+-----------------+
; A1       ;            ;          ; VCCINT                    ; power  ;              ; 1.5V    ; --         ; --          ;                 ;
; A2       ;            ;          ; GND                       ; gnd    ;              ;         ; --         ; --          ;                 ;
; A3       ;            ; 4        ; VCCIO4                    ; power  ;              ; 3.3V    ; --         ; --          ;                 ;
; A4       ; 339        ; 4        ; GND*                      ;        ;              ;         ; Column I/O ; --          ;                 ;
; A5       ; 346        ; 4        ; GND*                      ;        ;              ;         ; Column I/O ; --          ;                 ;
; A6       ; 351        ; 4        ; out[6]                    ; output ; LVTTL        ;         ; Column I/O ; Off         ; N               ;
; A7       ; 355        ; 4        ; data[4]                   ; input  ; LVTTL        ;         ; Column I/O ; Off         ; N               ;
; A8       ; 356        ; 4        ; ram[6]                    ; output ; LVTTL        ;         ; Column I/O ; Off         ; N               ;
; A9       ;            ;          ; GND                       ; gnd    ;              ;         ; --         ; --          ;                 ;
; A10      ;            ; 4        ; VCCIO4                    ; power  ;              ; 3.3V    ; --         ; --          ;                 ;
; A11      ; 389        ; 4        ; GND+                      ;        ;              ;         ; Column I/O ; --          ;                 ;
; A12      ; 395        ; 9        ; GND*                      ;        ;              ;         ; Column I/O ; --          ;                 ;
; A13      ;            ; 3        ; VCCIO3                    ; power  ;              ; 3.3V    ; --         ; --          ;                 ;
; A14      ;            ;          ; GND                       ; gnd    ;              ;         ; --         ; --          ;                 ;
; A15      ; 416        ; 3        ; GND*                      ;        ;              ;         ; Column I/O ; --          ;                 ;
; A16      ; 429        ; 3        ; GND*                      ;        ;              ;         ; Column I/O ; --          ;                 ;
; A17      ; 436        ; 3        ; GND*                      ;        ;              ;         ; Column I/O ; --          ;                 ;
; A18      ; 444        ; 3        ; GND*                      ;        ;              ;         ; Column I/O ; --          ;                 ;
; A19      ; 450        ; 3        ; GND*                      ;        ;              ;         ; Column I/O ; --          ;                 ;
; A20      ;            ; 3        ; VCCIO3                    ; power  ;              ; 3.3V    ; --         ; --          ;                 ;
; A21      ;            ;          ; GND                       ; gnd    ;              ;         ; --         ; --          ;                 ;
; A22      ;            ;          ; VCCINT                    ; power  ;              ; 1.5V    ; --         ; --          ;                 ;
; AA1      ;            ;          ; GND                       ; gnd    ;              ;         ; --         ; --          ;                 ;
; AA2      ; 225        ; 7        ; GND*                      ;        ;              ;         ; Column I/O ; --          ;                 ;
; AA3      ; 224        ; 7        ; GND*                      ;        ;              ;         ; Column I/O ; --          ;                 ;
; AA4      ; 220        ; 7        ; GND*                      ;        ;              ;         ; Column I/O ; --          ;                 ;
; AA5      ; 216        ; 7        ; GND*                      ;        ;              ;         ; Column I/O ; --          ;                 ;
; AA6      ; 210        ; 7        ; GND*                      ;        ;              ;         ; Column I/O ; --          ;                 ;
; AA7      ; 204        ; 7        ; GND*                      ;        ;              ;         ; Column I/O ; --          ;                 ;
; AA8      ; 187        ; 7        ; GND*                      ;        ;              ;         ; Column I/O ; --          ;                 ;
; AA9      ;            ;          ; NC                        ;        ;              ;         ; --         ; --          ;                 ;
; AA10     ;            ;          ; NC                        ;        ;              ;         ; --         ; --          ;                 ;
; AA11     ; 168        ; 7        ; GND+                      ;        ;              ;         ; Column I/O ; --          ;                 ;
; AA12     ; 165        ; 11       ; GND*                      ;        ;              ;         ; Column I/O ; --          ;                 ;
; AA13     ; 167        ; 11       ; GND*                      ;        ;              ;         ; Column I/O ; --          ;                 ;
; AA14     ; 153        ; 8        ; GND+                      ;        ;              ;         ; Column I/O ; --          ;                 ;
; AA15     ; 131        ; 8        ; GND*                      ;        ;              ;         ; Column I/O ; --          ;                 ;
; AA16     ; 125        ; 8        ; GND*                      ;        ;              ;         ; Column I/O ; --          ;                 ;
; AA17     ; 111        ; 8        ; GND*                      ;        ;              ;         ; Column I/O ; --          ;                 ;
; AA18     ; 109        ; 8        ; GND*                      ;        ;              ;         ; Column I/O ; --          ;                 ;
; AA19     ; 108        ; 8        ; GND*                      ;        ;              ;         ; Column I/O ; --          ;                 ;
; AA20     ; 103        ; 8        ; GND*                      ;        ;              ;         ; Column I/O ; --          ;                 ;
; AA21     ; 102        ; 8        ; GND*                      ;        ;              ;         ; Column I/O ; --          ;                 ;
; AA22     ;            ;          ; GND                       ; gnd    ;              ;         ; --         ; --          ;                 ;
; AB1      ;            ;          ; VCCINT                    ; power  ;              ; 1.5V    ; --         ; --          ;                 ;
; AB2      ;            ;          ; GND                       ; gnd    ;              ;         ; --         ; --          ;                 ;
; AB3      ;            ; 7        ; VCCIO7                    ; power  ;              ; 3.3V    ; --         ; --          ;                 ;
; AB4      ; 221        ; 7        ; GND*                      ;        ;              ;         ; Column I/O ; --          ;                 ;
; AB5      ; 213        ; 7        ; GND*                      ;        ;              ;         ; Column I/O ; --          ;                 ;
; AB6      ; 212        ; 7        ; GND*                      ;        ;              ;         ; Column I/O ; --          ;                 ;
; AB7      ; 203        ; 7        ; GND*                      ;        ;              ;         ; Column I/O ; --          ;                 ;
; AB8      ; 201        ; 7        ; GND*                      ;        ;              ;         ; Column I/O ; --          ;                 ;
; AB9      ;            ;          ; GND                       ; gnd    ;              ;         ; --         ; --          ;                 ;
; AB10     ;            ; 7        ; VCCIO7                    ; power  ;              ; 3.3V    ; --         ; --          ;                 ;
; AB11     ; 170        ; 7        ; GND+                      ;        ;              ;         ; Column I/O ; --          ;                 ;
; AB12     ; 164        ; 11       ; GND*                      ;        ;              ;         ; Column I/O ; --          ;                 ;
; AB13     ;            ; 8        ; VCCIO8                    ; power  ;              ; 3.3V    ; --         ; --          ;                 ;
; AB14     ;            ;          ; GND                       ; gnd    ;              ;         ; --         ; --          ;                 ;
; AB15     ; 132        ; 8        ; GND*                      ;        ;              ;         ; Column I/O ; --          ;                 ;
; AB16     ; 129        ; 8        ; GND*                      ;        ;              ;         ; Column I/O ; --          ;                 ;
; AB17     ; 118        ; 8        ; GND*                      ;        ;              ;         ; Column I/O ; --          ;                 ;
; AB18     ; 113        ; 8        ; GND*                      ;        ;              ;         ; Column I/O ; --          ;                 ;
; AB19     ; 110        ; 8        ; GND*                      ;        ;              ;         ; Column I/O ; --          ;                 ;
; AB20     ;            ; 8        ; VCCIO8                    ; power  ;              ; 3.3V    ; --         ; --          ;                 ;
; AB21     ;            ;          ; GND                       ; gnd    ;              ;         ; --         ; --          ;                 ;
; AB22     ;            ;          ; VCCINT                    ; power  ;              ; 1.5V    ; --         ; --          ;                 ;
; B1       ;            ;          ; GND                       ; gnd    ;              ;         ; --         ; --          ;                 ;
; B2       ; 332        ; 4        ; GND*                      ;        ;              ;         ; Column I/O ; --          ;                 ;
; B3       ; 331        ; 4        ; GND*                      ;        ;              ;         ; Column I/O ; --          ;                 ;
; B4       ; 335        ; 4        ; GND*                      ;        ;              ;         ; Column I/O ; --          ;                 ;
; B5       ; 345        ; 4        ; GND*                      ;        ;              ;         ; Column I/O ; --          ;                 ;
; B6       ; 353        ; 4        ; ram[4]                    ; output ; LVTTL        ;         ; Column I/O ; Off         ; N               ;
; B7       ; 350        ; 4        ; ram[5]                    ; output ; LVTTL        ;         ; Column I/O ; Off         ; N               ;
; B8       ; 367        ; 4        ; GND*                      ;        ;              ;         ; Column I/O ; --          ;                 ;
; B9       ;            ;          ; NC                        ;        ;              ;         ; --         ; --          ;                 ;
; B10      ;            ;          ; NC                        ;        ;              ;         ; --         ; --          ;                 ;
; B11      ; 391        ; 4        ; GND+                      ;        ;              ;         ; Column I/O ; --          ;                 ;
; B12      ; 394        ; 9        ; GND*                      ;        ;              ;         ; Column I/O ; --          ;                 ;
; B13      ; 393        ; 9        ; GND*                      ;        ;              ;         ; Column I/O ; --          ;                 ;
; B14      ; 406        ; 3        ; GND+                      ;        ;              ;         ; Column I/O ; --          ;                 ;
; B15      ; 428        ; 3        ; GND*                      ;        ;              ;         ; Column I/O ; --          ;                 ;
; B16      ; 432        ; 3        ; GND*                      ;        ;              ;         ; Column I/O ; --          ;                 ;
; B17      ; 438        ; 3        ; GND*                      ;        ;              ;         ; Column I/O ; --          ;                 ;
; B18      ; 445        ; 3        ; GND*                      ;        ;              ;         ; Column I/O ; --          ;                 ;
; B19      ; 451        ; 3        ; GND*                      ;        ;              ;         ; Column I/O ; --          ;                 ;
; B20      ; 455        ; 3        ; GND*                      ;        ;              ;         ; Column I/O ; --          ;                 ;
; B21      ; 456        ; 3        ; GND*                      ;        ;              ;         ; Column I/O ; --          ;                 ;
; B22      ;            ;          ; GND                       ; gnd    ;              ;         ; --         ; --          ;                 ;
; C1       ;            ; 5        ; VCCIO5                    ; power  ;              ; 3.3V    ; --         ; --          ;                 ;
; C2       ; 334        ; 4        ; GND*                      ;        ;              ;         ; Column I/O ; --          ;                 ;
; C3       ; 336        ; 4        ; GND*                      ;        ;              ;         ; Column I/O ; --          ;                 ;
; C4       ; 337        ; 4        ; GND*                      ;        ;              ;         ; Column I/O ; --          ;                 ;
; C5       ; 343        ; 4        ; out[3]                    ; output ; LVTTL        ;         ; Column I/O ; Off         ; N               ;
; C6       ; 347        ; 4        ; GND*                      ;        ;              ;         ; Column I/O ; --          ;                 ;
; C7       ; 358        ; 4        ; ram[7]                    ; output ; LVTTL        ;         ; Column I/O ; Off         ; N               ;
; C8       ; 364        ; 4        ; ram[2]                    ; output ; LVTTL        ;         ; Column I/O ; Off         ; N               ;
; C9       ; 368        ; 4        ; GND*                      ;        ;              ;         ; Column I/O ; --          ;                 ;
; C10      ;            ;          ; NC                        ;        ;              ;         ; --         ; --          ;                 ;
; C11      ;            ;          ; NC                        ;        ;              ;         ; --         ; --          ;                 ;
; C12      ; 397        ; 9        ; GND*                      ;        ;              ;         ; Column I/O ; --          ;                 ;
; C13      ; 392        ; 9        ; GND*                      ;        ;              ;         ; Column I/O ; --          ;                 ;
; C14      ; 407        ; 3        ; GND*                      ;        ;              ;         ; Column I/O ; --          ;                 ;
; C15      ; 417        ; 3        ; GND*                      ;        ;              ;         ; Column I/O ; --          ;                 ;
; C16      ; 433        ; 3        ; GND*                      ;        ;              ;         ; Column I/O ; --          ;                 ;
; C17      ; 440        ; 3        ; GND*                      ;        ;              ;         ; Column I/O ; --          ;                 ;
; C18      ; 441        ; 3        ; GND*                      ;        ;              ;         ; Column I/O ; --          ;                 ;
; C19      ; 452        ; 3        ; GND*                      ;        ;              ;         ; Column I/O ; --          ;                 ;
; C20      ; 457        ; 3        ; GND*                      ;        ;              ;         ; Column I/O ; --          ;                 ;
; C21      ; 453        ; 3        ; GND*                      ;        ;              ;         ; Column I/O ; --          ;                 ;
; C22      ;            ; 2        ; VCCIO2                    ; power  ;              ; 3.3V    ; --         ; --          ;                 ;
; D1       ; 329        ; 5        ; GND*                      ;        ;              ;         ; Row I/O    ; --          ;                 ;
; D2       ; 328        ; 5        ; GND*                      ;        ;              ;         ; Row I/O    ; --          ;                 ;
; D3       ; 333        ; 4        ; GND*                      ;        ;              ;         ; Column I/O ; --          ;                 ;
; D4       ; 338        ; 4        ; GND*                      ;        ;              ;         ; Column I/O ; --          ;                 ;
; D5       ; 344        ; 4        ; out[2]                    ; output ; LVTTL        ;         ; Column I/O ; Off         ; N               ;
; D6       ; 349        ; 4        ; ram[1]                    ; output ; LVTTL        ;         ; Column I/O ; Off         ; N               ;
; D7       ; 357        ; 4        ; data[6]                   ; input  ; LVTTL        ;         ; Column I/O ; Off         ; N               ;
; D8       ; 366        ; 4        ; data[2]                   ; input  ; LVTTL        ;         ; Column I/O ; Off         ; N               ;
; D9       ; 369        ; 4        ; GND*                      ;        ;              ;         ; Column I/O ; --          ;                 ;
; D10      ;            ;          ; NC                        ;        ;              ;         ; --         ; --          ;                 ;
; D11      ;            ;          ; NC                        ;        ;              ;         ; --         ; --          ;                 ;
; D12      ; 396        ; 9        ; GND*                      ;        ;              ;         ; Column I/O ; --          ;                 ;
; D13      ; 409        ; 3        ; GND*                      ;        ;              ;         ; Column I/O ; --          ;                 ;
; D14      ; 419        ; 3        ; GND*                      ;        ;              ;         ; Column I/O ; --          ;                 ;
; D15      ; 425        ; 3        ; GND*                      ;        ;              ;         ; Column I/O ; --          ;                 ;
; D16      ; 434        ; 3        ; GND*                      ;        ;              ;         ; Column I/O ; --          ;                 ;
; D17      ; 442        ; 3        ; GND*                      ;        ;              ;         ; Column I/O ; --          ;                 ;
; D18      ; 446        ; 3        ; GND*                      ;        ;              ;         ; Column I/O ; --          ;                 ;
; D19      ; 454        ; 3        ; GND*                      ;        ;              ;         ; Column I/O ; --          ;                 ;
; D20      ; 458        ; 3        ; GND*                      ;        ;              ;         ; Column I/O ; --          ;                 ;
; D21      ; 1          ; 2        ; GND*                      ;        ;              ;         ; Row I/O    ; --          ;                 ;
; D22      ; 0          ; 2        ; GND*                      ;        ;              ;         ; Row I/O    ; --          ;                 ;
; E1       ; 324        ; 5        ; GND*                      ;        ;              ;         ; Row I/O    ; --          ;                 ;
; E2       ; 325        ; 5        ; GND*                      ;        ;              ;         ; Row I/O    ; --          ;                 ;
; E3       ;            ;          ; NC                        ;        ;              ;         ; --         ; --          ;                 ;
; E4       ;            ;          ; NC                        ;        ;              ;         ; --         ; --          ;                 ;
; E5       ; 348        ; 4        ; GND*                      ;        ;              ;         ; Column I/O ; --          ;                 ;
; E6       ; 352        ; 4        ; out[7]                    ; output ; LVTTL        ;         ; Column I/O ; Off         ; N               ;
; E7       ; 360        ; 4        ; data[7]                   ; input  ; LVTTL        ;         ; Column I/O ; Off         ; N               ;
; E8       ; 363        ; 4        ; data[5]                   ; input  ; LVTTL        ;         ; Column I/O ; Off         ; N               ;
; E9       ; 371        ; 4        ; GND*                      ;        ;              ;         ; Column I/O ; --          ;                 ;
; E10      ;            ;          ; NC                        ;        ;              ;         ; --         ; --          ;                 ;
; E11      ;            ;          ; NC                        ;        ;              ;         ; --         ; --          ;                 ;
; E12      ;            ;          ; NC                        ;        ;              ;         ; --         ; --          ;                 ;
; E13      ; 408        ; 3        ; GND+                      ;        ;              ;         ; Column I/O ; --          ;                 ;
; E14      ; 421        ; 3        ; GND*                      ;        ;              ;         ; Column I/O ; --          ;                 ;
; E15      ; 426        ; 3        ; GND*                      ;        ;              ;         ; Column I/O ; --          ;                 ;
; E16      ; 430        ; 3        ; GND*                      ;        ;              ;         ; Column I/O ; --          ;                 ;
; E17      ; 437        ; 3        ; GND*                      ;        ;              ;         ; Column I/O ; --          ;                 ;
; E18      ; 443        ; 3        ; GND*                      ;        ;              ;         ; Column I/O ; --          ;                 ;
; E19      ; 2          ; 2        ; GND*                      ;        ;              ;         ; Row I/O    ; --          ;                 ;
; E20      ; 3          ; 2        ; GND*                      ;        ;              ;         ; Row I/O    ; --          ;                 ;
; E21      ; 4          ; 2        ; GND*                      ;        ;              ;         ; Row I/O    ; --          ;                 ;
; E22      ; 5          ; 2        ; GND*                      ;        ;              ;         ; Row I/O    ; --          ;                 ;
; F1       ; 299        ; 5        ; write                     ; input  ; LVTTL        ;         ; Row I/O    ; Off         ; N               ;
; F2       ; 300        ; 5        ; ram[3]                    ; output ; LVTTL        ;         ; Row I/O    ; Off         ; N               ;
; F3       ; 326        ; 5        ; GND*                      ;        ;              ;         ; Row I/O    ; --          ;                 ;
; F4       ; 327        ; 5        ; GND*                      ;        ;              ;         ; Row I/O    ; --          ;                 ;
; F5       ; 322        ; 5        ; GND*                      ;        ;              ;         ; Row I/O    ; --          ;                 ;
; F6       ; 359        ; 4        ; out[0]                    ; output ; LVTTL        ;         ; Column I/O ; Off         ; N               ;
; F7       ; 354        ; 4        ; out[4]                    ; output ; LVTTL        ;         ; Column I/O ; Off         ; N               ;
; F8       ; 365        ; 4        ; data[0]                   ; input  ; LVTTL        ;         ; Column I/O ; Off         ; N               ;
; F9       ; 372        ; 4        ; GND*                      ;        ;              ;         ; Column I/O ; --          ;                 ;
; F10      ; 376        ; 4        ; GND*                      ;        ;              ;         ; Column I/O ; --          ;                 ;
; F11      ;            ; 1        ; VCCG_PLL5                 ; power  ;              ; 1.5V    ; --         ; --          ;                 ;
; F12      ;            ;          ; GNDA_PLL5                 ; gnd    ;              ;         ; --         ; --          ;                 ;
; F13      ;            ; 9        ; VCC_PLL5_OUTA             ; power  ;              ; 3.3V    ; --         ; --          ;                 ;
; F14      ; 420        ; 3        ; GND*                      ;        ;              ;         ; Column I/O ; --          ;                 ;
; F15      ; 427        ; 3        ; GND*                      ;        ;              ;         ; Column I/O ; --          ;                 ;
; F16      ; 435        ; 3        ; GND*                      ;        ;              ;         ; Column I/O ; --          ;                 ;
; F17      ; 439        ; 3        ; GND*                      ;        ;              ;         ; Column I/O ; --          ;                 ;
; F18      ; 7          ; 2        ; GND*                      ;        ;              ;         ; Row I/O    ; --          ;                 ;
; F19      ;            ;          ; NC                        ;        ;              ;         ; --         ; --          ;                 ;
; F20      ;            ;          ; NC                        ;        ;              ;         ; --         ; --          ;                 ;
; F21      ; 29         ; 2        ; GND*                      ;        ;              ;         ; Row I/O    ; --          ;                 ;
; F22      ; 30         ; 2        ; GND*                      ;        ;              ;         ; Row I/O    ; --          ;                 ;
; G1       ; 296        ; 5        ; hit                       ; output ; LVTTL        ;         ; Row I/O    ; Off         ; N               ;
; G2       ; 295        ; 5        ; addr[1]                   ; input  ; LVTTL        ;         ; Row I/O    ; Off         ; N               ;
; G3       ; 313        ; 5        ; GND*                      ;        ;              ;         ; Row I/O    ; --          ;                 ;
; G4       ; 314        ; 5        ; GND*                      ;        ;              ;         ; Row I/O    ; --          ;                 ;
; G5       ; 318        ; 5        ; GND*                      ;        ;              ;         ; Row I/O    ; --          ;                 ;
; G6       ;            ;          ; GND                       ; gnd    ;              ;         ; --         ; --          ;                 ;
; G7       ; 330        ; 4        ; GND*                      ;        ;              ;         ; Column I/O ; --          ;                 ;
; G8       ; 361        ; 4        ; data[1]                   ; input  ; LVTTL        ;         ; Column I/O ; Off         ; N               ;
; G9       ; 384        ; 4        ; GND*                      ;        ;              ;         ; Column I/O ; --          ;                 ;
; G10      ; 380        ; 4        ; #TMS                      ; input  ;              ;         ; --         ; --          ;                 ;
; G11      ;            ;          ; GNDG_PLL5                 ; gnd    ;              ;         ; --         ; --          ;                 ;
; G12      ;            ;          ; TEMPDIODEp                ;        ;              ;         ; --         ; --          ;                 ;
; G13      ;            ;          ; VCCA_PLL5                 ; power  ;              ; 1.5V    ; --         ; --          ;                 ;
; G14      ; 412        ; 3        ; GND*                      ;        ;              ;         ; Column I/O ; --          ;                 ;
; G15      ;            ;          ; GND                       ; gnd    ;              ;         ; --         ; --          ;                 ;
; G16      ; 431        ; 3        ; GND*                      ;        ;              ;         ; Column I/O ; --          ;                 ;
; G17      ;            ;          ; GND                       ; gnd    ;              ;         ; --         ; --          ;                 ;
; G18      ; 11         ; 2        ; GND*                      ;        ;              ;         ; Row I/O    ; --          ;                 ;
; G19      ; 15         ; 2        ; GND*                      ;        ;              ;         ; Row I/O    ; --          ;                 ;
; G20      ; 16         ; 2        ; GND*                      ;        ;              ;         ; Row I/O    ; --          ;                 ;
; G21      ; 34         ; 2        ; GND*                      ;        ;              ;         ; Row I/O    ; --          ;                 ;
; G22      ; 33         ; 2        ; GND*                      ;        ;              ;         ; Row I/O    ; --          ;                 ;
; H1       ; 290        ; 5        ; addr[5]                   ; input  ; LVTTL        ;         ; Row I/O    ; Off         ; N               ;
; H2       ; 291        ; 5        ; addr[0]                   ; input  ; LVTTL        ;         ; Row I/O    ; Off         ; N               ;
; H3       ; 301        ; 5        ; out[1]                    ; output ; LVTTL        ;         ; Row I/O    ; Off         ; N               ;
; H4       ; 302        ; 5        ; GND*                      ;        ;              ;         ; Row I/O    ; --          ;                 ;
; H5       ; 317        ;          ; GND                       ; gnd    ;              ;         ; --         ; --          ;                 ;
; H6       ; 342        ;          ; GND                       ; gnd    ;              ;         ; --         ; --          ;                 ;
; H7       ; 373        ;          ; GND                       ; gnd    ;              ;         ; --         ; --          ;                 ;
; H8       ; 362        ; 4        ; data[3]                   ; input  ; LVTTL        ;         ; Column I/O ; Off         ; N               ;
; H9       ;            ;          ; NC                        ;        ;              ;         ; --         ; --          ;                 ;
; H10      ; 379        ; 4        ; GND*                      ;        ;              ;         ; Column I/O ; --          ;                 ;
; H11      ; 387        ; 4        ; #TDO                      ; output ;              ;         ; --         ; --          ;                 ;
; H12      ;            ;          ; TEMPDIODEn                ;        ;              ;         ; --         ; --          ;                 ;
; H13      ; 403        ; 3        ; ^nCONFIG                  ;        ;              ;         ; --         ; --          ;                 ;
; H14      ; 410        ;          ; GND                       ; gnd    ;              ;         ; --         ; --          ;                 ;
; H15      ; 447        ;          ; GND                       ; gnd    ;              ;         ; --         ; --          ;                 ;
; H16      ;            ;          ; NC                        ;        ;              ;         ; --         ; --          ;                 ;
; H17      ; 24         ; 2        ; GND*                      ;        ;              ;         ; Row I/O    ; --          ;                 ;
; H18      ; 12         ;          ; GND                       ; gnd    ;              ;         ; --         ; --          ;                 ;
; H19      ; 27         ; 2        ; GND*                      ;        ;              ;         ; Row I/O    ; --          ;                 ;
; H20      ; 28         ; 2        ; GND*                      ;        ;              ;         ; Row I/O    ; --          ;                 ;
; H21      ; 38         ; 2        ; GND*                      ;        ;              ;         ; Row I/O    ; --          ;                 ;
; H22      ; 39         ; 2        ; GND*                      ;        ;              ;         ; Row I/O    ; --          ;                 ;
; J1       ;            ;          ; GND                       ; gnd    ;              ;         ; --         ; --          ;                 ;
; J2       ; 288        ; 5        ; addr[7]                   ; input  ; LVTTL        ;         ; Row I/O    ; Off         ; N               ;
; J3       ; 289        ; 5        ; addr[3]                   ; input  ; LVTTL        ;         ; Row I/O    ; Off         ; N               ;
; J4       ; 305        ; 5        ; GND*                      ;        ;              ;         ; Row I/O    ; --          ;                 ;
; J5       ; 292        ;          ; GND                       ; gnd    ;              ;         ; --         ; --          ;                 ;
; J6       ; 309        ; 5        ; GND*                      ;        ;              ;         ; Row I/O    ; --          ;                 ;
; J7       ; 340        ; 4        ; GND*                      ;        ;              ;         ; Column I/O ; --          ;                 ;
; J8       ; 374        ; 4        ; GND*                      ;        ;              ;         ; Column I/O ; --          ;                 ;
; J9       ; 378        ; 4        ; GND*                      ;        ;              ;         ; Column I/O ; --          ;                 ;
; J10      ; 381        ; 4        ; #TRST                     ; input  ;              ;         ; --         ; --          ;                 ;
; J11      ; 386        ; 4        ; #TDI                      ; input  ;              ;         ; --         ; --          ;                 ;
; J12      ; 402        ; 3        ; ^nSTATUS                  ;        ;              ;         ; --         ; --          ;                 ;
; J13      ; 404        ; 3        ; ^DCLK                     ;        ;              ;         ; --         ; --          ;                 ;
; J14      ; 448        ; 3        ; GND*                      ;        ;              ;         ; Column I/O ; --          ;                 ;
; J15      ; 418        ; 3        ; GND*                      ;        ;              ;         ; Column I/O ; --          ;                 ;
; J16      ; 424        ; 3        ; GND*                      ;        ;              ;         ; Column I/O ; --          ;                 ;
; J17      ; 14         ; 2        ; GND*                      ;        ;              ;         ; Row I/O    ; --          ;                 ;
; J18      ; 37         ;          ; GND                       ; gnd    ;              ;         ; --         ; --          ;                 ;
; J19      ; 20         ; 2        ; GND*                      ;        ;              ;         ; Row I/O    ; --          ;                 ;
; J20      ; 40         ; 2        ; GND*                      ;        ;              ;         ; Row I/O    ; --          ;                 ;
; J21      ; 41         ; 2        ; GND*                      ;        ;              ;         ; Row I/O    ; --          ;                 ;
; J22      ;            ;          ; GND                       ; gnd    ;              ;         ; --         ; --          ;                 ;
; K1       ;            ; 5        ; VCCIO5                    ; power  ;              ; 3.3V    ; --         ; --          ;                 ;
; K2       ; 284        ; 5        ; addr[2]                   ; input  ; LVTTL        ;         ; Row I/O    ; Off         ; N               ;
; K3       ; 285        ; 5        ; addr[6]                   ; input  ; LVTTL        ;         ; Row I/O    ; Off         ; N               ;
; K4       ;            ;          ; VCCA_PLL4                 ; power  ;              ; 1.5V    ; --         ; --          ;                 ;
; K5       ;            ; 1        ; VCCG_PLL4                 ; power  ;              ; 1.5V    ; --         ; --          ;                 ;
; K6       ; 297        ; 5        ; ram[0]                    ; output ; LVTTL        ;         ; Row I/O    ; Off         ; N               ;
; K7       ; 341        ; 4        ; GND*                      ;        ;              ;         ; Column I/O ; --          ;                 ;
; K8       ; 375        ; 4        ; GND*                      ;        ;              ;         ; Column I/O ; --          ;                 ;
; K9       ; 382        ; 4        ; #TCK                      ; input  ;              ;         ; --         ; --          ;                 ;
; K10      ; 383        ; 4        ; GND*                      ;        ;              ;         ; Column I/O ; --          ;                 ;
; K11      ;            ;          ; GND                       ; gnd    ;              ;         ; --         ; --          ;                 ;
; K12      ;            ;          ; VCCINT                    ; power  ;              ; 1.5V    ; --         ; --          ;                 ;
; K13      ; 405        ; 3        ; ^CONF_DONE                ;        ;              ;         ; --         ; --          ;                 ;
; K14      ; 411        ; 3        ; GND*                      ;        ;              ;         ; Column I/O ; --          ;                 ;
; K15      ; 413        ; 3        ; GND*                      ;        ;              ;         ; Column I/O ; --          ;                 ;
; K16      ; 423        ; 3        ; GND*                      ;        ;              ;         ; Column I/O ; --          ;                 ;
; K17      ; 32         ; 2        ; GND*                      ;        ;              ;         ; Row I/O    ; --          ;                 ;
; K18      ;            ; 1        ; VCCG_PLL1                 ; power  ;              ; 1.5V    ; --         ; --          ;                 ;
; K19      ;            ;          ; VCCA_PLL1                 ; power  ;              ; 1.5V    ; --         ; --          ;                 ;
; K20      ; 44         ; 2        ; GND*                      ;        ;              ;         ; Row I/O    ; --          ;                 ;
; K21      ; 45         ; 2        ; GND*                      ;        ;              ;         ; Row I/O    ; --          ;                 ;
; K22      ;            ; 2        ; VCCIO2                    ; power  ;              ; 3.3V    ; --         ; --          ;                 ;
; L1       ; 283        ; 5        ; GND+                      ;        ;              ;         ; Row I/O    ; --          ;                 ;
; L2       ; 282        ; 5        ; clk                       ; input  ; LVTTL        ;         ; Row I/O    ; Off         ; N               ;
; L3       ; 280        ; 5        ; GND+                      ;        ;              ;         ; Row I/O    ; --          ;                 ;
; L4       ;            ;          ; GNDA_PLL4                 ; gnd    ;              ;         ; --         ; --          ;                 ;
; L5       ;            ;          ; GNDG_PLL4                 ; gnd    ;              ;         ; --         ; --          ;                 ;
; L6       ; 293        ; 5        ; addr[4]                   ; input  ; LVTTL        ;         ; Row I/O    ; Off         ; N               ;
; L7       ; 370        ; 4        ; GND*                      ;        ;              ;         ; Column I/O ; --          ;                 ;
; L8       ; 377        ; 4        ; +~DATA0~ / RESERVED_INPUT ; input  ; LVTTL        ;         ; Column I/O ; Off         ; N               ;
; L9       ;            ;          ; VCCINT                    ; power  ;              ; 1.5V    ; --         ; --          ;                 ;
; L10      ;            ;          ; GND                       ; gnd    ;              ;         ; --         ; --          ;                 ;
; L11      ;            ;          ; VCCINT                    ; power  ;              ; 1.5V    ; --         ; --          ;                 ;
; L12      ;            ;          ; GND                       ; gnd    ;              ;         ; --         ; --          ;                 ;
; L13      ;            ;          ; VCCINT                    ; power  ;              ; 1.5V    ; --         ; --          ;                 ;
; L14      ;            ;          ; GND                       ; gnd    ;              ;         ; --         ; --          ;                 ;
; L15      ; 415        ; 3        ; GND*                      ;        ;              ;         ; Column I/O ; --          ;                 ;
; L16      ; 422        ; 3        ; GND*                      ;        ;              ;         ; Column I/O ; --          ;                 ;
; L17      ; 35         ; 2        ; GND*                      ;        ;              ;         ; Row I/O    ; --          ;                 ;
; L18      ;            ;          ; GNDG_PLL1                 ; gnd    ;              ;         ; --         ; --          ;                 ;
; L19      ;            ;          ; GNDA_PLL1                 ; gnd    ;              ;         ; --         ; --          ;                 ;
; L20      ; 49         ; 2        ; GND+                      ;        ;              ;         ; Row I/O    ; --          ;                 ;
; L21      ; 47         ; 2        ; GND+                      ;        ;              ;         ; Row I/O    ; --          ;                 ;
; L22      ; 46         ; 2        ; GND+                      ;        ;              ;         ; Row I/O    ; --          ;                 ;
; M1       ; 278        ; 6        ; GND+                      ;        ;              ;         ; Row I/O    ; --          ;                 ;
; M2       ; 279        ; 6        ; GND+                      ;        ;              ;         ; Row I/O    ; --          ;                 ;
; M3       ; 277        ; 6        ; GND+                      ;        ;              ;         ; Row I/O    ; --          ;                 ;
; M4       ;            ;          ; GNDA_PLL3                 ; gnd    ;              ;         ; --         ; --          ;                 ;
; M5       ;            ;          ; VCCA_PLL3                 ; power  ;              ; 1.5V    ; --         ; --          ;                 ;
; M6       ; 263        ; 6        ; GND*                      ;        ;              ;         ; Row I/O    ; --          ;                 ;
; M7       ; 198        ; 7        ; GND*                      ;        ;              ;         ; Column I/O ; --          ;                 ;
; M8       ; 183        ; 7        ; GND*                      ;        ;              ;         ; Column I/O ; --          ;                 ;
; M9       ;            ;          ; GND                       ; gnd    ;              ;         ; --         ; --          ;                 ;
; M10      ;            ;          ; VCCINT                    ; power  ;              ; 1.5V    ; --         ; --          ;                 ;
; M11      ;            ;          ; GND                       ; gnd    ;              ;         ; --         ; --          ;                 ;
; M12      ;            ;          ; VCCINT                    ; power  ;              ; 1.5V    ; --         ; --          ;                 ;
; M13      ;            ;          ; GND                       ; gnd    ;              ;         ; --         ; --          ;                 ;
; M14      ;            ;          ; VCCINT                    ; power  ;              ; 1.5V    ; --         ; --          ;                 ;
; M15      ; 414        ; 3        ; GND*                      ;        ;              ;         ; Column I/O ; --          ;                 ;
; M16      ; 459        ; 3        ; GND*                      ;        ;              ;         ; Column I/O ; --          ;                 ;
; M17      ; 66         ; 1        ; GND*                      ;        ;              ;         ; Row I/O    ; --          ;                 ;
; M18      ;            ;          ; VCCA_PLL2                 ; power  ;              ; 1.5V    ; --         ; --          ;                 ;
; M19      ;            ;          ; GNDA_PLL2                 ; gnd    ;              ;         ; --         ; --          ;                 ;
; M20      ; 52         ; 1        ; GND+                      ;        ;              ;         ; Row I/O    ; --          ;                 ;
; M21      ; 50         ; 1        ; GND+                      ;        ;              ;         ; Row I/O    ; --          ;                 ;
; M22      ; 51         ; 1        ; GND+                      ;        ;              ;         ; Row I/O    ; --          ;                 ;
; N1       ;            ; 6        ; VCCIO6                    ; power  ;              ; 3.3V    ; --         ; --          ;                 ;
; N2       ; 273        ; 6        ; GND*                      ;        ;              ;         ; Row I/O    ; --          ;                 ;
; N3       ; 272        ; 6        ; GND*                      ;        ;              ;         ; Row I/O    ; --          ;                 ;
; N4       ;            ;          ; GNDG_PLL3                 ; gnd    ;              ;         ; --         ; --          ;                 ;
; N5       ;            ; 1        ; VCCG_PLL3                 ; power  ;              ; 1.5V    ; --         ; --          ;                 ;
; N6       ; 259        ; 6        ; GND*                      ;        ;              ;         ; Row I/O    ; --          ;                 ;
; N7       ; 218        ; 7        ; GND*                      ;        ;              ;         ; Column I/O ; --          ;                 ;
; N8       ; 185        ; 7        ; GND*                      ;        ;              ;         ; Column I/O ; --          ;                 ;
; N9       ; 177        ; 7        ; ^nIO_PULLUP               ;        ;              ;         ; --         ; --          ;                 ;
; N10      ; 176        ; 7        ; GND*                      ;        ;              ;         ; Column I/O ; --          ;                 ;
; N11      ;            ;          ; VCCINT                    ; power  ;              ; 1.5V    ; --         ; --          ;                 ;
; N12      ;            ;          ; GND                       ; gnd    ;              ;         ; --         ; --          ;                 ;
; N13      ; 128        ; 8        ; GND*                      ;        ;              ;         ; Column I/O ; --          ;                 ;
; N14      ; 140        ; 8        ; GND*                      ;        ;              ;         ; Column I/O ; --          ;                 ;
; N15      ; 144        ; 8        ; GND*                      ;        ;              ;         ; Column I/O ; --          ;                 ;
; N16      ; 126        ; 8        ; GND*                      ;        ;              ;         ; Column I/O ; --          ;                 ;
; N17      ; 70         ; 1        ; GND*                      ;        ;              ;         ; Row I/O    ; --          ;                 ;
; N18      ;            ; 1        ; VCCG_PLL2                 ; power  ;              ; 1.5V    ; --         ; --          ;                 ;
; N19      ;            ;          ; GNDG_PLL2                 ; gnd    ;              ;         ; --         ; --          ;                 ;
; N20      ; 57         ; 1        ; GND*                      ;        ;              ;         ; Row I/O    ; --          ;                 ;
; N21      ; 56         ; 1        ; GND*                      ;        ;              ;         ; Row I/O    ; --          ;                 ;
; N22      ;            ; 1        ; VCCIO1                    ; power  ;              ; 3.3V    ; --         ; --          ;                 ;
; P1       ;            ;          ; GND                       ; gnd    ;              ;         ; --         ; --          ;                 ;
; P2       ; 269        ; 6        ; GND*                      ;        ;              ;         ; Row I/O    ; --          ;                 ;
; P3       ; 268        ; 6        ; GND*                      ;        ;              ;         ; Row I/O    ; --          ;                 ;
; P4       ; 251        ; 6        ; GND*                      ;        ;              ;         ; Row I/O    ; --          ;                 ;
; P5       ; 267        ;          ; GND                       ; gnd    ;              ;         ; --         ; --          ;                 ;
; P6       ; 247        ; 6        ; GND*                      ;        ;              ;         ; Row I/O    ; --          ;                 ;
; P7       ; 219        ; 7        ; GND*                      ;        ;              ;         ; Column I/O ; --          ;                 ;
; P8       ; 190        ; 7        ; GND*                      ;        ;              ;         ; Column I/O ; --          ;                 ;
; P9       ; 182        ; 7        ; GND*                      ;        ;              ;         ; Column I/O ; --          ;                 ;
; P10      ; 180        ; 7        ; GND*                      ;        ;              ;         ; Column I/O ; --          ;                 ;
; P11      ; 173        ; 7        ; ^nCEO                     ;        ;              ;         ; --         ; --          ;                 ;
; P12      ; 156        ; 8        ; ^MSEL1                    ;        ;              ;         ; --         ; --          ;                 ;
; P13      ; 148        ; 8        ; GND*                      ;        ;              ;         ; Column I/O ; --          ;                 ;
; P14      ; 146        ; 8        ; GND*                      ;        ;              ;         ; Column I/O ; --          ;                 ;
; P15      ; 143        ; 8        ; GND*                      ;        ;              ;         ; Column I/O ; --          ;                 ;
; P16      ; 135        ; 8        ; GND*                      ;        ;              ;         ; Column I/O ; --          ;                 ;
; P17      ; 82         ; 1        ; GND*                      ;        ;              ;         ; Row I/O    ; --          ;                 ;
; P18      ; 62         ;          ; GND                       ; gnd    ;              ;         ; --         ; --          ;                 ;
; P19      ; 86         ; 1        ; GND*                      ;        ;              ;         ; Row I/O    ; --          ;                 ;
; P20      ; 61         ; 1        ; GND*                      ;        ;              ;         ; Row I/O    ; --          ;                 ;
; P21      ; 60         ; 1        ; GND*                      ;        ;              ;         ; Row I/O    ; --          ;                 ;
; P22      ;            ;          ; GND                       ; gnd    ;              ;         ; --         ; --          ;                 ;
; R1       ; 271        ; 6        ; GND*                      ;        ;              ;         ; Row I/O    ; --          ;                 ;
; R2       ; 270        ; 6        ; GND*                      ;        ;              ;         ; Row I/O    ; --          ;                 ;
; R3       ; 255        ; 6        ; GND*                      ;        ;              ;         ; Row I/O    ; --          ;                 ;
; R4       ; 256        ; 6        ; GND*                      ;        ;              ;         ; Row I/O    ; --          ;                 ;
; R5       ;            ;          ; NC                        ;        ;              ;         ; --         ; --          ;                 ;
; R6       ; 242        ;          ; GND                       ; gnd    ;              ;         ; --         ; --          ;                 ;
; R7       ; 217        ;          ; GND                       ; gnd    ;              ;         ; --         ; --          ;                 ;
; R8       ; 175        ; 7        ; GND*                      ;        ;              ;         ; Column I/O ; --          ;                 ;
; R9       ; 186        ;          ; GND                       ; gnd    ;              ;         ; --         ; --          ;                 ;
; R10      ; 178        ; 7        ; ^VCCSEL                   ;        ;              ;         ; --         ; --          ;                 ;
; R11      ; 172        ; 7        ; ^nCE                      ;        ;              ;         ; --         ; --          ;                 ;
; R12      ; 157        ; 8        ; ^MSEL2                    ;        ;              ;         ; --         ; --          ;                 ;
; R13      ; 154        ; 8        ; PLL_ENA                   ;        ;              ;         ; --         ; --          ;                 ;
; R14      ;            ;          ; NC                        ;        ;              ;         ; --         ; --          ;                 ;
; R15      ; 134        ; 8        ; GND*                      ;        ;              ;         ; Column I/O ; --          ;                 ;
; R16      ; 149        ;          ; GND                       ; gnd    ;              ;         ; --         ; --          ;                 ;
; R17      ; 87         ;          ; GND                       ; gnd    ;              ;         ; --         ; --          ;                 ;
; R18      ; 112        ;          ; GND                       ; gnd    ;              ;         ; --         ; --          ;                 ;
; R19      ; 74         ; 1        ; GND*                      ;        ;              ;         ; Row I/O    ; --          ;                 ;
; R20      ; 73         ; 1        ; GND*                      ;        ;              ;         ; Row I/O    ; --          ;                 ;
; R21      ; 59         ; 1        ; GND*                      ;        ;              ;         ; Row I/O    ; --          ;                 ;
; R22      ; 58         ; 1        ; GND*                      ;        ;              ;         ; Row I/O    ; --          ;                 ;
; T1       ; 266        ; 6        ; GND*                      ;        ;              ;         ; Row I/O    ; --          ;                 ;
; T2       ; 265        ; 6        ; GND*                      ;        ;              ;         ; Row I/O    ; --          ;                 ;
; T3       ; 244        ; 6        ; GND*                      ;        ;              ;         ; Row I/O    ; --          ;                 ;
; T4       ; 243        ; 6        ; GND*                      ;        ;              ;         ; Row I/O    ; --          ;                 ;
; T5       ; 234        ; 6        ; GND*                      ;        ;              ;         ; Row I/O    ; --          ;                 ;
; T6       ;            ;          ; GND                       ; gnd    ;              ;         ; --         ; --          ;                 ;
; T7       ; 229        ; 7        ; GND*                      ;        ;              ;         ; Column I/O ; --          ;                 ;
; T8       ; 197        ; 7        ; GND*                      ;        ;              ;         ; Column I/O ; --          ;                 ;
; T9       ; 184        ; 7        ; GND*                      ;        ;              ;         ; Column I/O ; --          ;                 ;
; T10      ; 181        ; 7        ; GND*                      ;        ;              ;         ; Column I/O ; --          ;                 ;
; T11      ;            ;          ; GNDG_PLL6                 ; gnd    ;              ;         ; --         ; --          ;                 ;
; T12      ;            ;          ; VCCA_PLL6                 ; power  ;              ; 1.5V    ; --         ; --          ;                 ;
; T13      ; 155        ; 8        ; ^MSEL0                    ;        ;              ;         ; --         ; --          ;                 ;
; T14      ; 147        ; 8        ; GND*                      ;        ;              ;         ; Column I/O ; --          ;                 ;
; T15      ; 136        ; 8        ; GND*                      ;        ;              ;         ; Column I/O ; --          ;                 ;
; T16      ; 119        ; 8        ; GND*                      ;        ;              ;         ; Column I/O ; --          ;                 ;
; T17      ;            ;          ; GND                       ; gnd    ;              ;         ; --         ; --          ;                 ;
; T18      ; 95         ; 1        ; GND*                      ;        ;              ;         ; Row I/O    ; --          ;                 ;
; T19      ; 78         ; 1        ; GND*                      ;        ;              ;         ; Row I/O    ; --          ;                 ;
; T20      ; 77         ; 1        ; GND*                      ;        ;              ;         ; Row I/O    ; --          ;                 ;
; T21      ; 64         ; 1        ; GND*                      ;        ;              ;         ; Row I/O    ; --          ;                 ;
; T22      ; 63         ; 1        ; GND*                      ;        ;              ;         ; Row I/O    ; --          ;                 ;
; U1       ; 261        ; 6        ; GND*                      ;        ;              ;         ; Row I/O    ; --          ;                 ;
; U2       ; 262        ; 6        ; GND*                      ;        ;              ;         ; Row I/O    ; --          ;                 ;
; U3       ;            ;          ; NC                        ;        ;              ;         ; --         ; --          ;                 ;
; U4       ;            ;          ; NC                        ;        ;              ;         ; --         ; --          ;                 ;
; U5       ; 238        ; 6        ; GND*                      ;        ;              ;         ; Row I/O    ; --          ;                 ;
; U6       ; 200        ; 7        ; GND*                      ;        ;              ;         ; Column I/O ; --          ;                 ;
; U7       ; 205        ; 7        ; GND*                      ;        ;              ;         ; Column I/O ; --          ;                 ;
; U8       ; 196        ; 7        ; GND*                      ;        ;              ;         ; Column I/O ; --          ;                 ;
; U9       ; 191        ; 7        ; GND*                      ;        ;              ;         ; Column I/O ; --          ;                 ;
; U10      ; 179        ; 7        ; ^PORSEL                   ;        ;              ;         ; --         ; --          ;                 ;
; U11      ;            ; 1        ; VCCG_PLL6                 ; power  ;              ; 1.5V    ; --         ; --          ;                 ;
; U12      ;            ;          ; GNDA_PLL6                 ; gnd    ;              ;         ; --         ; --          ;                 ;
; U13      ;            ; 11       ; VCC_PLL6_OUTA             ; power  ;              ; 3.3V    ; --         ; --          ;                 ;
; U14      ; 139        ; 8        ; GND*                      ;        ;              ;         ; Column I/O ; --          ;                 ;
; U15      ; 137        ; 8        ; GND*                      ;        ;              ;         ; Column I/O ; --          ;                 ;
; U16      ; 121        ; 8        ; GND*                      ;        ;              ;         ; Column I/O ; --          ;                 ;
; U17      ; 120        ; 8        ; GND*                      ;        ;              ;         ; Column I/O ; --          ;                 ;
; U18      ; 91         ; 1        ; GND*                      ;        ;              ;         ; Row I/O    ; --          ;                 ;
; U19      ; 99         ; 1        ; GND*                      ;        ;              ;         ; Row I/O    ; --          ;                 ;
; U20      ; 98         ; 1        ; GND*                      ;        ;              ;         ; Row I/O    ; --          ;                 ;
; U21      ; 67         ; 1        ; GND*                      ;        ;              ;         ; Row I/O    ; --          ;                 ;
; U22      ; 68         ; 1        ; GND*                      ;        ;              ;         ; Row I/O    ; --          ;                 ;
; V1       ; 250        ; 6        ; GND*                      ;        ;              ;         ; Row I/O    ; --          ;                 ;
; V2       ; 249        ; 6        ; GND*                      ;        ;              ;         ; Row I/O    ; --          ;                 ;
; V3       ; 231        ; 6        ; GND*                      ;        ;              ;         ; Row I/O    ; --          ;                 ;
; V4       ; 230        ; 6        ; GND*                      ;        ;              ;         ; Row I/O    ; --          ;                 ;
; V5       ; 208        ; 7        ; GND*                      ;        ;              ;         ; Column I/O ; --          ;                 ;
; V6       ; 202        ; 7        ; GND*                      ;        ;              ;         ; Column I/O ; --          ;                 ;
; V7       ; 207        ; 7        ; GND*                      ;        ;              ;         ; Column I/O ; --          ;                 ;
; V8       ; 195        ; 7        ; GND*                      ;        ;              ;         ; Column I/O ; --          ;                 ;
; V9       ; 192        ; 7        ; GND*                      ;        ;              ;         ; Column I/O ; --          ;                 ;
; V10      ;            ;          ; NC                        ;        ;              ;         ; --         ; --          ;                 ;
; V11      ;            ;          ; NC                        ;        ;              ;         ; --         ; --          ;                 ;
; V12      ;            ;          ; NC                        ;        ;              ;         ; --         ; --          ;                 ;
; V13      ; 151        ; 8        ; GND+                      ;        ;              ;         ; Column I/O ; --          ;                 ;
; V14      ; 142        ; 8        ; GND*                      ;        ;              ;         ; Column I/O ; --          ;                 ;
; V15      ; 133        ; 8        ; GND*                      ;        ;              ;         ; Column I/O ; --          ;                 ;
; V16      ; 123        ; 8        ; GND*                      ;        ;              ;         ; Column I/O ; --          ;                 ;
; V17      ; 122        ; 8        ; GND*                      ;        ;              ;         ; Column I/O ; --          ;                 ;
; V18      ; 114        ; 8        ; GND*                      ;        ;              ;         ; Column I/O ; --          ;                 ;
; V19      ;            ;          ; NC                        ;        ;              ;         ; --         ; --          ;                 ;
; V20      ;            ;          ; NC                        ;        ;              ;         ; --         ; --          ;                 ;
; V21      ; 76         ; 1        ; GND*                      ;        ;              ;         ; Row I/O    ; --          ;                 ;
; V22      ; 75         ; 1        ; GND*                      ;        ;              ;         ; Row I/O    ; --          ;                 ;
; W1       ; 236        ; 6        ; GND*                      ;        ;              ;         ; Row I/O    ; --          ;                 ;
; W2       ; 237        ; 6        ; GND*                      ;        ;              ;         ; Row I/O    ; --          ;                 ;
; W3       ; 226        ; 7        ; GND*                      ;        ;              ;         ; Column I/O ; --          ;                 ;
; W4       ; 227        ; 7        ; GND*                      ;        ;              ;         ; Column I/O ; --          ;                 ;
; W5       ; 214        ; 7        ; GND*                      ;        ;              ;         ; Column I/O ; --          ;                 ;
; W6       ; 211        ; 7        ; GND*                      ;        ;              ;         ; Column I/O ; --          ;                 ;
; W7       ; 199        ; 7        ; GND*                      ;        ;              ;         ; Column I/O ; --          ;                 ;
; W8       ; 193        ; 7        ; GND*                      ;        ;              ;         ; Column I/O ; --          ;                 ;
; W9       ; 194        ; 7        ; GND*                      ;        ;              ;         ; Column I/O ; --          ;                 ;
; W10      ;            ;          ; NC                        ;        ;              ;         ; --         ; --          ;                 ;
; W11      ;            ;          ; NC                        ;        ;              ;         ; --         ; --          ;                 ;
; W12      ; 163        ; 11       ; GND*                      ;        ;              ;         ; Column I/O ; --          ;                 ;
; W13      ; 150        ; 8        ; GND*                      ;        ;              ;         ; Column I/O ; --          ;                 ;
; W14      ; 141        ; 8        ; GND*                      ;        ;              ;         ; Column I/O ; --          ;                 ;
; W15      ; 138        ; 8        ; GND*                      ;        ;              ;         ; Column I/O ; --          ;                 ;
; W16      ; 127        ; 8        ; GND*                      ;        ;              ;         ; Column I/O ; --          ;                 ;
; W17      ; 116        ; 8        ; GND*                      ;        ;              ;         ; Column I/O ; --          ;                 ;
; W18      ; 107        ; 8        ; GND*                      ;        ;              ;         ; Column I/O ; --          ;                 ;
; W19      ; 101        ; 8        ; GND*                      ;        ;              ;         ; Column I/O ; --          ;                 ;
; W20      ; 100        ; 8        ; GND*                      ;        ;              ;         ; Column I/O ; --          ;                 ;
; W21      ; 92         ; 1        ; GND*                      ;        ;              ;         ; Row I/O    ; --          ;                 ;
; W22      ; 93         ; 1        ; GND*                      ;        ;              ;         ; Row I/O    ; --          ;                 ;
; Y1       ;            ; 6        ; VCCIO6                    ; power  ;              ; 3.3V    ; --         ; --          ;                 ;
; Y2       ; 222        ; 7        ; GND*                      ;        ;              ;         ; Column I/O ; --          ;                 ;
; Y3       ; 228        ; 7        ; GND*                      ;        ;              ;         ; Column I/O ; --          ;                 ;
; Y4       ; 223        ; 7        ; GND*                      ;        ;              ;         ; Column I/O ; --          ;                 ;
; Y5       ; 215        ; 7        ; GND*                      ;        ;              ;         ; Column I/O ; --          ;                 ;
; Y6       ; 206        ; 7        ; GND*                      ;        ;              ;         ; Column I/O ; --          ;                 ;
; Y7       ; 209        ; 7        ; out[5]                    ; output ; LVTTL        ;         ; Column I/O ; Off         ; N               ;
; Y8       ; 189        ; 7        ; GND*                      ;        ;              ;         ; Column I/O ; --          ;                 ;
; Y9       ; 188        ; 7        ; GND*                      ;        ;              ;         ; Column I/O ; --          ;                 ;
; Y10      ;            ;          ; NC                        ;        ;              ;         ; --         ; --          ;                 ;
; Y11      ;            ;          ; NC                        ;        ;              ;         ; --         ; --          ;                 ;
; Y12      ; 162        ; 11       ; GND*                      ;        ;              ;         ; Column I/O ; --          ;                 ;
; Y13      ; 166        ; 11       ; GND*                      ;        ;              ;         ; Column I/O ; --          ;                 ;
; Y14      ; 152        ; 8        ; GND*                      ;        ;              ;         ; Column I/O ; --          ;                 ;
; Y15      ; 130        ; 8        ; GND*                      ;        ;              ;         ; Column I/O ; --          ;                 ;
; Y16      ; 124        ; 8        ; GND*                      ;        ;              ;         ; Column I/O ; --          ;                 ;
; Y17      ; 117        ; 8        ; GND*                      ;        ;              ;         ; Column I/O ; --          ;                 ;
; Y18      ; 115        ; 8        ; GND*                      ;        ;              ;         ; Column I/O ; --          ;                 ;
; Y19      ; 106        ; 8        ; GND*                      ;        ;              ;         ; Column I/O ; --          ;                 ;
; Y20      ; 105        ; 8        ; GND*                      ;        ;              ;         ; Column I/O ; --          ;                 ;
; Y21      ; 104        ; 8        ; GND*                      ;        ;              ;         ; Column I/O ; --          ;                 ;
; Y22      ;            ; 1        ; VCCIO1                    ; power  ;              ; 3.3V    ; --         ; --          ;                 ;
+----------+------------+----------+---------------------------+--------+--------------+---------+------------+-------------+-----------------+


+-------------------------------------------------------------------------------+
; Output Pin Default Load For Reported TCO                                      ;
+----------------------------------+-------+------------------------------------+
; I/O Standard                     ; Load  ; Termination Resistance             ;
+----------------------------------+-------+------------------------------------+
; LVTTL                            ; 10 pF ; Not Available                      ;
; LVCMOS                           ; 10 pF ; Not Available                      ;
; 2.5 V                            ; 10 pF ; Not Available                      ;
; 1.8 V                            ; 10 pF ; Not Available                      ;
; 1.5 V                            ; 10 pF ; Not Available                      ;
; GTL                              ; 30 pF ; 25 Ohm (Parallel)                  ;
; GTL+                             ; 30 pF ; 25 Ohm (Parallel)                  ;
; 3.3-V PCI                        ; 10 pF ; 25 Ohm (Parallel)                  ;
; 3.3-V PCI-X                      ; 8 pF  ; 25 Ohm (Parallel)                  ;
; Compact PCI                      ; 10 pF ; 25 Ohm (Parallel)                  ;
; AGP 1X                           ; 10 pF ; Not Available                      ;
; AGP 2X                           ; 10 pF ; Not Available                      ;
; CTT                              ; 30 pF ; 50 Ohm (Parallel)                  ;
; SSTL-3 Class I                   ; 30 pF ; 50 Ohm (Parallel), 25 Ohm (Serial) ;
; SSTL-3 Class II                  ; 30 pF ; 25 Ohm (Parallel), 25 Ohm (Serial) ;
; SSTL-2 Class I                   ; 30 pF ; 50 Ohm (Parallel), 25 Ohm (Serial) ;
; SSTL-2 Class II                  ; 30 pF ; 25 Ohm (Parallel), 25 Ohm (Serial) ;
; SSTL-18 Class I                  ; 30 pF ; 50 Ohm (Parallel), 25 Ohm (Serial) ;
; SSTL-18 Class II                 ; 30 pF ; 25 Ohm (Parallel), 25 Ohm (Serial) ;
; 1.5-V HSTL Class I               ; 20 pF ; 50 Ohm (Parallel)                  ;
; 1.5-V HSTL Class II              ; 20 pF ; 25 Ohm (Parallel)                  ;
; 1.8-V HSTL Class I               ; 20 pF ; 50 Ohm (Parallel)                  ;
; 1.8-V HSTL Class II              ; 20 pF ; 25 Ohm (Parallel)                  ;
; LVDS                             ; 4 pF  ; 100 Ohm (Differential)             ;
; Differential LVPECL              ; 4 pF  ; 100 Ohm (Differential)             ;
; 3.3-V PCML                       ; 4 pF  ; 50 Ohm (Parallel)                  ;
; HyperTransport                   ; 4 pF  ; 100 Ohm (Differential)             ;
; Differential 1.5-V HSTL Class I  ; 0 pF  ; (See 1.5-V HSTL Class I)           ;
; Differential 1.5-V HSTL Class II ; 0 pF  ; (See 1.5-V HSTL Class II)          ;
; Differential 1.8-V HSTL Class I  ; 0 pF  ; (See 1.8-V HSTL Class I)           ;
; Differential 1.8-V HSTL Class II ; 0 pF  ; (See 1.8-V HSTL Class II)          ;
; Differential SSTL-2              ; 30 pF ; (See SSTL-2)                       ;
+----------------------------------+-------+------------------------------------+
Note: User assignments will override these defaults. The user specified values are listed in the Output Pins and Bidir Pins tables.


+------------------------------------------------------------------------------------------------------------------------------------------------------------------------------------------------------------------------------------------------------------------------------------------------------------------------------------------------------------------------------------------------------------------------------------+
; Fitter Resource Utilization by Entity                                                                                                                                                                                                                                                                                                                                                                                              ;
+-------------------------------------------------+-------------+--------------+-------------+--------------+---------+-----------+-----------+------+--------------+--------------+-------------------+------------------+-----------------+----------------------------------------------------------------------------------------------------------------------------------------------------------------------------------------+
; Compilation Hierarchy Node                      ; Logic Cells ; LC Registers ; Memory Bits ; DSP Elements ; DSP 9x9 ; DSP 18x18 ; DSP 36x36 ; Pins ; Virtual Pins ; LUT-Only LCs ; Register-Only LCs ; LUT/Register LCs ; Carry Chain LCs ; Full Hierarchy Name                                                                                                                                                                    ;
+-------------------------------------------------+-------------+--------------+-------------+--------------+---------+-----------+-----------+------+--------------+--------------+-------------------+------------------+-----------------+----------------------------------------------------------------------------------------------------------------------------------------------------------------------------------------+
; |cachetest                                      ; 87 (0)      ; 66           ; 2048        ; 0            ; 0       ; 0         ; 0         ; 35   ; 0            ; 21 (0)       ; 24 (0)            ; 42 (0)           ; 2 (0)           ; |cachetest                                                                                                                                                                             ;
;    |busmux:inst2|                               ; 8 (0)       ; 0            ; 0           ; 0            ; 0       ; 0         ; 0         ; 0    ; 0            ; 8 (0)        ; 0 (0)             ; 0 (0)            ; 0 (0)           ; |cachetest|busmux:inst2                                                                                                                                                                ;
;       |lpm_mux:$00000|                          ; 8 (0)       ; 0            ; 0           ; 0            ; 0       ; 0         ; 0         ; 0    ; 0            ; 8 (0)        ; 0 (0)             ; 0 (0)            ; 0 (0)           ; |cachetest|busmux:inst2|lpm_mux:$00000                                                                                                                                                 ;
;          |mux_cgc:auto_generated|               ; 8 (8)       ; 0            ; 0           ; 0            ; 0       ; 0         ; 0         ; 0    ; 0            ; 8 (8)        ; 0 (0)             ; 0 (0)            ; 0 (0)           ; |cachetest|busmux:inst2|lpm_mux:$00000|mux_cgc:auto_generated                                                                                                                          ;
;    |cache:inst|                                 ; 79 (1)      ; 66           ; 0           ; 0            ; 0       ; 0         ; 0         ; 0    ; 0            ; 13 (1)       ; 24 (0)            ; 42 (0)           ; 2 (0)           ; |cachetest|cache:inst                                                                                                                                                                  ;
;       |cacheline:inst32|                        ; 18 (1)      ; 16           ; 0           ; 0            ; 0       ; 0         ; 0         ; 0    ; 0            ; 2 (1)        ; 4 (0)             ; 12 (0)           ; 0 (0)           ; |cachetest|cache:inst|cacheline:inst32                                                                                                                                                 ;
;          |lpm_compare0:inst10|                  ; 1 (0)       ; 0            ; 0           ; 0            ; 0       ; 0         ; 0         ; 0    ; 0            ; 1 (0)        ; 0 (0)             ; 0 (0)            ; 0 (0)           ; |cachetest|cache:inst|cacheline:inst32|lpm_compare0:inst10                                                                                                                             ;
;             |lpm_compare:lpm_compare_component| ; 1 (0)       ; 0            ; 0           ; 0            ; 0       ; 0         ; 0         ; 0    ; 0            ; 1 (0)        ; 0 (0)             ; 0 (0)            ; 0 (0)           ; |cachetest|cache:inst|cacheline:inst32|lpm_compare0:inst10|lpm_compare:lpm_compare_component                                                                                           ;
;                |comptree:comparator|            ; 1 (0)       ; 0            ; 0           ; 0            ; 0       ; 0         ; 0         ; 0    ; 0            ; 1 (0)        ; 0 (0)             ; 0 (0)            ; 0 (0)           ; |cachetest|cache:inst|cacheline:inst32|lpm_compare0:inst10|lpm_compare:lpm_compare_component|comptree:comparator                                                                       ;
;                   |cmpchain:cmp_end|            ; 1 (0)       ; 0            ; 0           ; 0            ; 0       ; 0         ; 0         ; 0    ; 0            ; 1 (0)        ; 0 (0)             ; 0 (0)            ; 0 (0)           ; |cachetest|cache:inst|cacheline:inst32|lpm_compare0:inst10|lpm_compare:lpm_compare_component|comptree:comparator|cmpchain:cmp_end                                                      ;
;                      |comptree:comp|            ; 1 (0)       ; 0            ; 0           ; 0            ; 0       ; 0         ; 0         ; 0    ; 0            ; 1 (0)        ; 0 (0)             ; 0 (0)            ; 0 (0)           ; |cachetest|cache:inst|cacheline:inst32|lpm_compare0:inst10|lpm_compare:lpm_compare_component|comptree:comparator|cmpchain:cmp_end|comptree:comp                                        ;
;                         |comptree:sub_comptree| ; 1 (0)       ; 0            ; 0           ; 0            ; 0       ; 0         ; 0         ; 0    ; 0            ; 1 (0)        ; 0 (0)             ; 0 (0)            ; 0 (0)           ; |cachetest|cache:inst|cacheline:inst32|lpm_compare0:inst10|lpm_compare:lpm_compare_component|comptree:comparator|cmpchain:cmp_end|comptree:comp|comptree:sub_comptree                  ;
;                            |cmpchain:cmp_end|   ; 1 (1)       ; 0            ; 0           ; 0            ; 0       ; 0         ; 0         ; 0    ; 0            ; 1 (1)        ; 0 (0)             ; 0 (0)            ; 0 (0)           ; |cachetest|cache:inst|cacheline:inst32|lpm_compare0:inst10|lpm_compare:lpm_compare_component|comptree:comparator|cmpchain:cmp_end|comptree:comp|comptree:sub_comptree|cmpchain:cmp_end ;
;          |lpm_dff0:inst1|                       ; 8 (0)       ; 8            ; 0           ; 0            ; 0       ; 0         ; 0         ; 0    ; 0            ; 0 (0)        ; 4 (0)             ; 4 (0)            ; 0 (0)           ; |cachetest|cache:inst|cacheline:inst32|lpm_dff0:inst1                                                                                                                                  ;
;             |lpm_ff:lpm_ff_component|           ; 8 (8)       ; 8            ; 0           ; 0            ; 0       ; 0         ; 0         ; 0    ; 0            ; 0 (0)        ; 4 (4)             ; 4 (4)            ; 0 (0)           ; |cachetest|cache:inst|cacheline:inst32|lpm_dff0:inst1|lpm_ff:lpm_ff_component                                                                                                          ;
;          |lpm_dff0:inst2|                       ; 8 (0)       ; 8            ; 0           ; 0            ; 0       ; 0         ; 0         ; 0    ; 0            ; 0 (0)        ; 0 (0)             ; 8 (0)            ; 0 (0)           ; |cachetest|cache:inst|cacheline:inst32|lpm_dff0:inst2                                                                                                                                  ;
;             |lpm_ff:lpm_ff_component|           ; 8 (8)       ; 8            ; 0           ; 0            ; 0       ; 0         ; 0         ; 0    ; 0            ; 0 (0)        ; 0 (0)             ; 8 (8)            ; 0 (0)           ; |cachetest|cache:inst|cacheline:inst32|lpm_dff0:inst2|lpm_ff:lpm_ff_component                                                                                                          ;
;       |cacheline:inst33|                        ; 18 (1)      ; 16           ; 0           ; 0            ; 0       ; 0         ; 0         ; 0    ; 0            ; 2 (1)        ; 4 (0)             ; 12 (0)           ; 0 (0)           ; |cachetest|cache:inst|cacheline:inst33                                                                                                                                                 ;
;          |lpm_compare0:inst10|                  ; 1 (0)       ; 0            ; 0           ; 0            ; 0       ; 0         ; 0         ; 0    ; 0            ; 1 (0)        ; 0 (0)             ; 0 (0)            ; 0 (0)           ; |cachetest|cache:inst|cacheline:inst33|lpm_compare0:inst10                                                                                                                             ;
;             |lpm_compare:lpm_compare_component| ; 1 (0)       ; 0            ; 0           ; 0            ; 0       ; 0         ; 0         ; 0    ; 0            ; 1 (0)        ; 0 (0)             ; 0 (0)            ; 0 (0)           ; |cachetest|cache:inst|cacheline:inst33|lpm_compare0:inst10|lpm_compare:lpm_compare_component                                                                                           ;
;                |comptree:comparator|            ; 1 (0)       ; 0            ; 0           ; 0            ; 0       ; 0         ; 0         ; 0    ; 0            ; 1 (0)        ; 0 (0)             ; 0 (0)            ; 0 (0)           ; |cachetest|cache:inst|cacheline:inst33|lpm_compare0:inst10|lpm_compare:lpm_compare_component|comptree:comparator                                                                       ;
;                   |cmpchain:cmp_end|            ; 1 (0)       ; 0            ; 0           ; 0            ; 0       ; 0         ; 0         ; 0    ; 0            ; 1 (0)        ; 0 (0)             ; 0 (0)            ; 0 (0)           ; |cachetest|cache:inst|cacheline:inst33|lpm_compare0:inst10|lpm_compare:lpm_compare_component|comptree:comparator|cmpchain:cmp_end                                                      ;
;                      |comptree:comp|            ; 1 (0)       ; 0            ; 0           ; 0            ; 0       ; 0         ; 0         ; 0    ; 0            ; 1 (0)        ; 0 (0)             ; 0 (0)            ; 0 (0)           ; |cachetest|cache:inst|cacheline:inst33|lpm_compare0:inst10|lpm_compare:lpm_compare_component|comptree:comparator|cmpchain:cmp_end|comptree:comp                                        ;
;                         |comptree:sub_comptree| ; 1 (0)       ; 0            ; 0           ; 0            ; 0       ; 0         ; 0         ; 0    ; 0            ; 1 (0)        ; 0 (0)             ; 0 (0)            ; 0 (0)           ; |cachetest|cache:inst|cacheline:inst33|lpm_compare0:inst10|lpm_compare:lpm_compare_component|comptree:comparator|cmpchain:cmp_end|comptree:comp|comptree:sub_comptree                  ;
;                            |cmpchain:cmp_end|   ; 1 (1)       ; 0            ; 0           ; 0            ; 0       ; 0         ; 0         ; 0    ; 0            ; 1 (1)        ; 0 (0)             ; 0 (0)            ; 0 (0)           ; |cachetest|cache:inst|cacheline:inst33|lpm_compare0:inst10|lpm_compare:lpm_compare_component|comptree:comparator|cmpchain:cmp_end|comptree:comp|comptree:sub_comptree|cmpchain:cmp_end ;
;          |lpm_dff0:inst1|                       ; 8 (0)       ; 8            ; 0           ; 0            ; 0       ; 0         ; 0         ; 0    ; 0            ; 0 (0)        ; 4 (0)             ; 4 (0)            ; 0 (0)           ; |cachetest|cache:inst|cacheline:inst33|lpm_dff0:inst1                                                                                                                                  ;
;             |lpm_ff:lpm_ff_component|           ; 8 (8)       ; 8            ; 0           ; 0            ; 0       ; 0         ; 0         ; 0    ; 0            ; 0 (0)        ; 4 (4)             ; 4 (4)            ; 0 (0)           ; |cachetest|cache:inst|cacheline:inst33|lpm_dff0:inst1|lpm_ff:lpm_ff_component                                                                                                          ;
;          |lpm_dff0:inst2|                       ; 8 (0)       ; 8            ; 0           ; 0            ; 0       ; 0         ; 0         ; 0    ; 0            ; 0 (0)        ; 0 (0)             ; 8 (0)            ; 0 (0)           ; |cachetest|cache:inst|cacheline:inst33|lpm_dff0:inst2                                                                                                                                  ;
;             |lpm_ff:lpm_ff_component|           ; 8 (8)       ; 8            ; 0           ; 0            ; 0       ; 0         ; 0         ; 0    ; 0            ; 0 (0)        ; 0 (0)             ; 8 (8)            ; 0 (0)           ; |cachetest|cache:inst|cacheline:inst33|lpm_dff0:inst2|lpm_ff:lpm_ff_component                                                                                                          ;
;       |cacheline:inst34|                        ; 18 (1)      ; 16           ; 0           ; 0            ; 0       ; 0         ; 0         ; 0    ; 0            ; 2 (1)        ; 12 (0)            ; 4 (0)            ; 0 (0)           ; |cachetest|cache:inst|cacheline:inst34                                                                                                                                                 ;
;          |lpm_compare0:inst10|                  ; 1 (0)       ; 0            ; 0           ; 0            ; 0       ; 0         ; 0         ; 0    ; 0            ; 1 (0)        ; 0 (0)             ; 0 (0)            ; 0 (0)           ; |cachetest|cache:inst|cacheline:inst34|lpm_compare0:inst10                                                                                                                             ;
;             |lpm_compare:lpm_compare_component| ; 1 (0)       ; 0            ; 0           ; 0            ; 0       ; 0         ; 0         ; 0    ; 0            ; 1 (0)        ; 0 (0)             ; 0 (0)            ; 0 (0)           ; |cachetest|cache:inst|cacheline:inst34|lpm_compare0:inst10|lpm_compare:lpm_compare_component                                                                                           ;
;                |comptree:comparator|            ; 1 (0)       ; 0            ; 0           ; 0            ; 0       ; 0         ; 0         ; 0    ; 0            ; 1 (0)        ; 0 (0)             ; 0 (0)            ; 0 (0)           ; |cachetest|cache:inst|cacheline:inst34|lpm_compare0:inst10|lpm_compare:lpm_compare_component|comptree:comparator                                                                       ;
;                   |cmpchain:cmp_end|            ; 1 (0)       ; 0            ; 0           ; 0            ; 0       ; 0         ; 0         ; 0    ; 0            ; 1 (0)        ; 0 (0)             ; 0 (0)            ; 0 (0)           ; |cachetest|cache:inst|cacheline:inst34|lpm_compare0:inst10|lpm_compare:lpm_compare_component|comptree:comparator|cmpchain:cmp_end                                                      ;
;                      |comptree:comp|            ; 1 (0)       ; 0            ; 0           ; 0            ; 0       ; 0         ; 0         ; 0    ; 0            ; 1 (0)        ; 0 (0)             ; 0 (0)            ; 0 (0)           ; |cachetest|cache:inst|cacheline:inst34|lpm_compare0:inst10|lpm_compare:lpm_compare_component|comptree:comparator|cmpchain:cmp_end|comptree:comp                                        ;
;                         |comptree:sub_comptree| ; 1 (0)       ; 0            ; 0           ; 0            ; 0       ; 0         ; 0         ; 0    ; 0            ; 1 (0)        ; 0 (0)             ; 0 (0)            ; 0 (0)           ; |cachetest|cache:inst|cacheline:inst34|lpm_compare0:inst10|lpm_compare:lpm_compare_component|comptree:comparator|cmpchain:cmp_end|comptree:comp|comptree:sub_comptree                  ;
;                            |cmpchain:cmp_end|   ; 1 (1)       ; 0            ; 0           ; 0            ; 0       ; 0         ; 0         ; 0    ; 0            ; 1 (1)        ; 0 (0)             ; 0 (0)            ; 0 (0)           ; |cachetest|cache:inst|cacheline:inst34|lpm_compare0:inst10|lpm_compare:lpm_compare_component|comptree:comparator|cmpchain:cmp_end|comptree:comp|comptree:sub_comptree|cmpchain:cmp_end ;
;          |lpm_dff0:inst1|                       ; 8 (0)       ; 8            ; 0           ; 0            ; 0       ; 0         ; 0         ; 0    ; 0            ; 0 (0)        ; 4 (0)             ; 4 (0)            ; 0 (0)           ; |cachetest|cache:inst|cacheline:inst34|lpm_dff0:inst1                                                                                                                                  ;
;             |lpm_ff:lpm_ff_component|           ; 8 (8)       ; 8            ; 0           ; 0            ; 0       ; 0         ; 0         ; 0    ; 0            ; 0 (0)        ; 4 (4)             ; 4 (4)            ; 0 (0)           ; |cachetest|cache:inst|cacheline:inst34|lpm_dff0:inst1|lpm_ff:lpm_ff_component                                                                                                          ;
;          |lpm_dff0:inst2|                       ; 8 (0)       ; 8            ; 0           ; 0            ; 0       ; 0         ; 0         ; 0    ; 0            ; 0 (0)        ; 8 (0)             ; 0 (0)            ; 0 (0)           ; |cachetest|cache:inst|cacheline:inst34|lpm_dff0:inst2                                                                                                                                  ;
;             |lpm_ff:lpm_ff_component|           ; 8 (8)       ; 8            ; 0           ; 0            ; 0       ; 0         ; 0         ; 0    ; 0            ; 0 (0)        ; 8 (8)             ; 0 (0)            ; 0 (0)           ; |cachetest|cache:inst|cacheline:inst34|lpm_dff0:inst2|lpm_ff:lpm_ff_component                                                                                                          ;
;       |cacheline:inst|                          ; 18 (1)      ; 16           ; 0           ; 0            ; 0       ; 0         ; 0         ; 0    ; 0            ; 2 (1)        ; 4 (0)             ; 12 (0)           ; 0 (0)           ; |cachetest|cache:inst|cacheline:inst                                                                                                                                                   ;
;          |lpm_compare0:inst10|                  ; 1 (0)       ; 0            ; 0           ; 0            ; 0       ; 0         ; 0         ; 0    ; 0            ; 1 (0)        ; 0 (0)             ; 0 (0)            ; 0 (0)           ; |cachetest|cache:inst|cacheline:inst|lpm_compare0:inst10                                                                                                                               ;
;             |lpm_compare:lpm_compare_component| ; 1 (0)       ; 0            ; 0           ; 0            ; 0       ; 0         ; 0         ; 0    ; 0            ; 1 (0)        ; 0 (0)             ; 0 (0)            ; 0 (0)           ; |cachetest|cache:inst|cacheline:inst|lpm_compare0:inst10|lpm_compare:lpm_compare_component                                                                                             ;
;                |comptree:comparator|            ; 1 (0)       ; 0            ; 0           ; 0            ; 0       ; 0         ; 0         ; 0    ; 0            ; 1 (0)        ; 0 (0)             ; 0 (0)            ; 0 (0)           ; |cachetest|cache:inst|cacheline:inst|lpm_compare0:inst10|lpm_compare:lpm_compare_component|comptree:comparator                                                                         ;
;                   |cmpchain:cmp_end|            ; 1 (0)       ; 0            ; 0           ; 0            ; 0       ; 0         ; 0         ; 0    ; 0            ; 1 (0)        ; 0 (0)             ; 0 (0)            ; 0 (0)           ; |cachetest|cache:inst|cacheline:inst|lpm_compare0:inst10|lpm_compare:lpm_compare_component|comptree:comparator|cmpchain:cmp_end                                                        ;
;                      |comptree:comp|            ; 1 (0)       ; 0            ; 0           ; 0            ; 0       ; 0         ; 0         ; 0    ; 0            ; 1 (0)        ; 0 (0)             ; 0 (0)            ; 0 (0)           ; |cachetest|cache:inst|cacheline:inst|lpm_compare0:inst10|lpm_compare:lpm_compare_component|comptree:comparator|cmpchain:cmp_end|comptree:comp                                          ;
;                         |comptree:sub_comptree| ; 1 (0)       ; 0            ; 0           ; 0            ; 0       ; 0         ; 0         ; 0    ; 0            ; 1 (0)        ; 0 (0)             ; 0 (0)            ; 0 (0)           ; |cachetest|cache:inst|cacheline:inst|lpm_compare0:inst10|lpm_compare:lpm_compare_component|comptree:comparator|cmpchain:cmp_end|comptree:comp|comptree:sub_comptree                    ;
;                            |cmpchain:cmp_end|   ; 1 (1)       ; 0            ; 0           ; 0            ; 0       ; 0         ; 0         ; 0    ; 0            ; 1 (1)        ; 0 (0)             ; 0 (0)            ; 0 (0)           ; |cachetest|cache:inst|cacheline:inst|lpm_compare0:inst10|lpm_compare:lpm_compare_component|comptree:comparator|cmpchain:cmp_end|comptree:comp|comptree:sub_comptree|cmpchain:cmp_end   ;
;          |lpm_dff0:inst1|                       ; 8 (0)       ; 8            ; 0           ; 0            ; 0       ; 0         ; 0         ; 0    ; 0            ; 0 (0)        ; 4 (0)             ; 4 (0)            ; 0 (0)           ; |cachetest|cache:inst|cacheline:inst|lpm_dff0:inst1                                                                                                                                    ;
;             |lpm_ff:lpm_ff_component|           ; 8 (8)       ; 8            ; 0           ; 0            ; 0       ; 0         ; 0         ; 0    ; 0            ; 0 (0)        ; 4 (4)             ; 4 (4)            ; 0 (0)           ; |cachetest|cache:inst|cacheline:inst|lpm_dff0:inst1|lpm_ff:lpm_ff_component                                                                                                            ;
;          |lpm_dff0:inst2|                       ; 8 (0)       ; 8            ; 0           ; 0            ; 0       ; 0         ; 0         ; 0    ; 0            ; 0 (0)        ; 0 (0)             ; 8 (0)            ; 0 (0)           ; |cachetest|cache:inst|cacheline:inst|lpm_dff0:inst2                                                                                                                                    ;
;             |lpm_ff:lpm_ff_component|           ; 8 (8)       ; 8            ; 0           ; 0            ; 0       ; 0         ; 0         ; 0    ; 0            ; 0 (0)        ; 0 (0)             ; 8 (8)            ; 0 (0)           ; |cachetest|cache:inst|cacheline:inst|lpm_dff0:inst2|lpm_ff:lpm_ff_component                                                                                                            ;
;       |lpm_counter0:inst27|                     ; 2 (0)       ; 2            ; 0           ; 0            ; 0       ; 0         ; 0         ; 0    ; 0            ; 0 (0)        ; 0 (0)             ; 2 (0)            ; 2 (0)           ; |cachetest|cache:inst|lpm_counter0:inst27                                                                                                                                              ;
;          |lpm_counter:lpm_counter_component|    ; 2 (0)       ; 2            ; 0           ; 0            ; 0       ; 0         ; 0         ; 0    ; 0            ; 0 (0)        ; 0 (0)             ; 2 (0)            ; 2 (0)           ; |cachetest|cache:inst|lpm_counter0:inst27|lpm_counter:lpm_counter_component                                                                                                            ;
;             |cntr_ct6:auto_generated|           ; 2 (2)       ; 2            ; 0           ; 0            ; 0       ; 0         ; 0         ; 0    ; 0            ; 0 (0)        ; 0 (0)             ; 2 (2)            ; 2 (2)           ; |cachetest|cache:inst|lpm_counter0:inst27|lpm_counter:lpm_counter_component|cntr_ct6:auto_generated                                                                                    ;
;       |lpm_decode0:inst28|                      ; 4 (0)       ; 0            ; 0           ; 0            ; 0       ; 0         ; 0         ; 0    ; 0            ; 4 (0)        ; 0 (0)             ; 0 (0)            ; 0 (0)           ; |cachetest|cache:inst|lpm_decode0:inst28                                                                                                                                               ;
;          |lpm_decode:lpm_decode_component|      ; 4 (0)       ; 0            ; 0           ; 0            ; 0       ; 0         ; 0         ; 0    ; 0            ; 4 (0)        ; 0 (0)             ; 0 (0)            ; 0 (0)           ; |cachetest|cache:inst|lpm_decode0:inst28|lpm_decode:lpm_decode_component                                                                                                               ;
;             |decode_vlb:auto_generated|         ; 4 (4)       ; 0            ; 0           ; 0            ; 0       ; 0         ; 0         ; 0    ; 0            ; 4 (4)        ; 0 (0)             ; 0 (0)            ; 0 (0)           ; |cachetest|cache:inst|lpm_decode0:inst28|lpm_decode:lpm_decode_component|decode_vlb:auto_generated                                                                                     ;
;    |lpm_ram_dq0:inst1|                          ; 0 (0)       ; 0            ; 2048        ; 0            ; 0       ; 0         ; 0         ; 0    ; 0            ; 0 (0)        ; 0 (0)             ; 0 (0)            ; 0 (0)           ; |cachetest|lpm_ram_dq0:inst1                                                                                                                                                           ;
;       |altsyncram:altsyncram_component|         ; 0 (0)       ; 0            ; 2048        ; 0            ; 0       ; 0         ; 0         ; 0    ; 0            ; 0 (0)        ; 0 (0)             ; 0 (0)            ; 0 (0)           ; |cachetest|lpm_ram_dq0:inst1|altsyncram:altsyncram_component                                                                                                                           ;
;          |altsyncram_d411:auto_generated|       ; 0 (0)       ; 0            ; 2048        ; 0            ; 0       ; 0         ; 0         ; 0    ; 0            ; 0 (0)        ; 0 (0)             ; 0 (0)            ; 0 (0)           ; |cachetest|lpm_ram_dq0:inst1|altsyncram:altsyncram_component|altsyncram_d411:auto_generated                                                                                            ;
+-------------------------------------------------+-------------+--------------+-------------+--------------+---------+-----------+-----------+------+--------------+--------------+-------------------+------------------+-----------------+----------------------------------------------------------------------------------------------------------------------------------------------------------------------------------------+
Note: For table entries with two numbers listed, the numbers in parentheses indicate the number of resources of the given type used by the specific entity alone. The numbers listed outside of parentheses indicate the total resources of the given type used by the specific entity and all of its sub-entities in the hierarchy.


+------------------------------------------------------------------------------------------------------------------------------------------------------------------------------------------------------------------------------------------------------------+
; Delay Chain Summary                                                                                                                                                                                                                                        ;
+---------+----------+---------------+---------------+-----------------------+-------------------------+----------------------------------------+---------------------------------+--------------------------------+-----+------+----------------------------+
; Name    ; Pin Type ; Pad to Core 0 ; Pad to Core 1 ; Pad to Input Register ; Core to Output Register ; Clock Enable to Output Enable Register ; Clock Enable to Output Register ; Clock Enable to Input Register ; TCO ; TCOE ; Falling Edge Output Enable ;
+---------+----------+---------------+---------------+-----------------------+-------------------------+----------------------------------------+---------------------------------+--------------------------------+-----+------+----------------------------+
; addr[7] ; Input    ; OFF           ; ON            ; --                    ; --                      ; --                                     ; --                              ; --                             ; --  ; --   ; --                         ;
; addr[3] ; Input    ; ON            ; OFF           ; --                    ; --                      ; --                                     ; --                              ; --                             ; --  ; --   ; --                         ;
; addr[5] ; Input    ; ON            ; OFF           ; --                    ; --                      ; --                                     ; --                              ; --                             ; --  ; --   ; --                         ;
; addr[2] ; Input    ; ON            ; OFF           ; --                    ; --                      ; --                                     ; --                              ; --                             ; --  ; --   ; --                         ;
; addr[4] ; Input    ; OFF           ; ON            ; --                    ; --                      ; --                                     ; --                              ; --                             ; --  ; --   ; --                         ;
; addr[1] ; Input    ; OFF           ; ON            ; --                    ; --                      ; --                                     ; --                              ; --                             ; --  ; --   ; --                         ;
; addr[0] ; Input    ; ON            ; OFF           ; --                    ; --                      ; --                                     ; --                              ; --                             ; --  ; --   ; --                         ;
; addr[6] ; Input    ; OFF           ; ON            ; --                    ; --                      ; --                                     ; --                              ; --                             ; --  ; --   ; --                         ;
; clk     ; Input    ; OFF           ; OFF           ; --                    ; --                      ; --                                     ; --                              ; --                             ; --  ; --   ; --                         ;
; write   ; Input    ; ON            ; ON            ; --                    ; --                      ; --                                     ; --                              ; --                             ; --  ; --   ; --                         ;
; data[7] ; Input    ; ON            ; ON            ; --                    ; --                      ; --                                     ; --                              ; --                             ; --  ; --   ; --                         ;
; data[6] ; Input    ; ON            ; ON            ; --                    ; --                      ; --                                     ; --                              ; --                             ; --  ; --   ; --                         ;
; data[5] ; Input    ; ON            ; ON            ; --                    ; --                      ; --                                     ; --                              ; --                             ; --  ; --   ; --                         ;
; data[4] ; Input    ; ON            ; ON            ; --                    ; --                      ; --                                     ; --                              ; --                             ; --  ; --   ; --                         ;
; data[3] ; Input    ; ON            ; ON            ; --                    ; --                      ; --                                     ; --                              ; --                             ; --  ; --   ; --                         ;
; data[2] ; Input    ; ON            ; ON            ; --                    ; --                      ; --                                     ; --                              ; --                             ; --  ; --   ; --                         ;
; data[1] ; Input    ; ON            ; ON            ; --                    ; --                      ; --                                     ; --                              ; --                             ; --  ; --   ; --                         ;
; data[0] ; Input    ; ON            ; ON            ; --                    ; --                      ; --                                     ; --                              ; --                             ; --  ; --   ; --                         ;
; hit     ; Output   ; --            ; --            ; --                    ; --                      ; --                                     ; --                              ; --                             ; --  ; OFF  ; OFF                        ;
; out[7]  ; Output   ; --            ; --            ; --                    ; --                      ; --                                     ; --                              ; --                             ; --  ; OFF  ; OFF                        ;
; out[6]  ; Output   ; --            ; --            ; --                    ; --                      ; --                                     ; --                              ; --                             ; --  ; OFF  ; OFF                        ;
; out[5]  ; Output   ; --            ; --            ; --                    ; --                      ; --                                     ; --                              ; --                             ; --  ; OFF  ; OFF                        ;
; out[4]  ; Output   ; --            ; --            ; --                    ; --                      ; --                                     ; --                              ; --                             ; --  ; OFF  ; OFF                        ;
; out[3]  ; Output   ; --            ; --            ; --                    ; --                      ; --                                     ; --                              ; --                             ; --  ; OFF  ; OFF                        ;
; out[2]  ; Output   ; --            ; --            ; --                    ; --                      ; --                                     ; --                              ; --                             ; --  ; OFF  ; OFF                        ;
; out[1]  ; Output   ; --            ; --            ; --                    ; --                      ; --                                     ; --                              ; --                             ; --  ; OFF  ; OFF                        ;
; out[0]  ; Output   ; --            ; --            ; --                    ; --                      ; --                                     ; --                              ; --                             ; --  ; OFF  ; OFF                        ;
; ram[7]  ; Output   ; --            ; --            ; --                    ; --                      ; --                                     ; --                              ; --                             ; --  ; OFF  ; OFF                        ;
; ram[6]  ; Output   ; --            ; --            ; --                    ; --                      ; --                                     ; --                              ; --                             ; --  ; OFF  ; OFF                        ;
; ram[5]  ; Output   ; --            ; --            ; --                    ; --                      ; --                                     ; --                              ; --                             ; --  ; OFF  ; OFF                        ;
; ram[4]  ; Output   ; --            ; --            ; --                    ; --                      ; --                                     ; --                              ; --                             ; --  ; OFF  ; OFF                        ;
; ram[3]  ; Output   ; --            ; --            ; --                    ; --                      ; --                                     ; --                              ; --                             ; --  ; OFF  ; OFF                        ;
; ram[2]  ; Output   ; --            ; --            ; --                    ; --                      ; --                                     ; --                              ; --                             ; --  ; OFF  ; OFF                        ;
; ram[1]  ; Output   ; --            ; --            ; --                    ; --                      ; --                                     ; --                              ; --                             ; --  ; OFF  ; OFF                        ;
; ram[0]  ; Output   ; --            ; --            ; --                    ; --                      ; --                                     ; --                              ; --                             ; --  ; OFF  ; OFF                        ;
+---------+----------+---------------+---------------+-----------------------+-------------------------+----------------------------------------+---------------------------------+--------------------------------+-----+------+----------------------------+


+------------------------------------------------------------------------------------------------------------------------------------+
; Pad To Core Delay Chain Fanout                                                                                                     ;
+------------------------------------------------------------------------------------------------------+-------------------+---------+
; Source Pin / Fanout                                                                                  ; Pad To Core Index ; Setting ;
+------------------------------------------------------------------------------------------------------+-------------------+---------+
; addr[7]                                                                                              ;                   ;         ;
;      - cache:inst|cacheline:inst|lpm_dff0:inst1|lpm_ff:lpm_ff_component|dffs[7]                      ; 1                 ; ON      ;
;      - cache:inst|cacheline:inst|lpm_dff0:inst1|lpm_ff:lpm_ff_component|dffs[3]                      ; 0                 ; OFF     ;
;      - cache:inst|cacheline:inst34|lpm_dff0:inst1|lpm_ff:lpm_ff_component|dffs[7]                    ; 0                 ; OFF     ;
;      - cache:inst|cacheline:inst33|lpm_dff0:inst1|lpm_ff:lpm_ff_component|dffs[7]                    ; 0                 ; OFF     ;
;      - cache:inst|cacheline:inst32|lpm_dff0:inst1|lpm_ff:lpm_ff_component|dffs[7]                    ; 0                 ; OFF     ;
;      - lpm_ram_dq0:inst1|altsyncram:altsyncram_component|altsyncram_d411:auto_generated|ram_block1a7 ; 1                 ; ON      ;
;      - cache:inst|cacheline:inst34|lpm_dff0:inst1|lpm_ff:lpm_ff_component|dffs[7]                    ; 1                 ; ON      ;
;      - cache:inst|cacheline:inst33|lpm_dff0:inst1|lpm_ff:lpm_ff_component|dffs[7]                    ; 1                 ; ON      ;
;      - cache:inst|cacheline:inst32|lpm_dff0:inst1|lpm_ff:lpm_ff_component|dffs[7]                    ; 1                 ; ON      ;
; addr[3]                                                                                              ;                   ;         ;
;      - cache:inst|cacheline:inst|lpm_dff0:inst1|lpm_ff:lpm_ff_component|dffs[3]                      ; 1                 ; OFF     ;
;      - cache:inst|cacheline:inst34|lpm_dff0:inst1|lpm_ff:lpm_ff_component|dffs[3]                    ; 0                 ; ON      ;
;      - cache:inst|cacheline:inst34|lpm_dff0:inst1|lpm_ff:lpm_ff_component|dffs[7]                    ; 1                 ; OFF     ;
;      - cache:inst|cacheline:inst33|lpm_dff0:inst1|lpm_ff:lpm_ff_component|dffs[3]                    ; 0                 ; ON      ;
;      - cache:inst|cacheline:inst33|lpm_dff0:inst1|lpm_ff:lpm_ff_component|dffs[7]                    ; 1                 ; OFF     ;
;      - cache:inst|cacheline:inst32|lpm_dff0:inst1|lpm_ff:lpm_ff_component|dffs[3]                    ; 0                 ; ON      ;
;      - cache:inst|cacheline:inst32|lpm_dff0:inst1|lpm_ff:lpm_ff_component|dffs[7]                    ; 1                 ; OFF     ;
;      - lpm_ram_dq0:inst1|altsyncram:altsyncram_component|altsyncram_d411:auto_generated|ram_block1a7 ; 0                 ; ON      ;
;      - cache:inst|cacheline:inst|lpm_dff0:inst1|lpm_ff:lpm_ff_component|dffs[3]                      ; 0                 ; ON      ;
; addr[5]                                                                                              ;                   ;         ;
;      - cache:inst|cacheline:inst|lpm_dff0:inst1|lpm_ff:lpm_ff_component|dffs[5]                      ; 0                 ; ON      ;
;      - cache:inst|cacheline:inst|lpm_dff0:inst1|lpm_ff:lpm_ff_component|dffs[2]                      ; 1                 ; OFF     ;
;      - cache:inst|cacheline:inst34|lpm_dff0:inst1|lpm_ff:lpm_ff_component|dffs[5]                    ; 1                 ; OFF     ;
;      - cache:inst|cacheline:inst33|lpm_dff0:inst1|lpm_ff:lpm_ff_component|dffs[5]                    ; 1                 ; OFF     ;
;      - cache:inst|cacheline:inst32|lpm_dff0:inst1|lpm_ff:lpm_ff_component|dffs[5]                    ; 1                 ; OFF     ;
;      - lpm_ram_dq0:inst1|altsyncram:altsyncram_component|altsyncram_d411:auto_generated|ram_block1a7 ; 0                 ; ON      ;
;      - cache:inst|cacheline:inst34|lpm_dff0:inst1|lpm_ff:lpm_ff_component|dffs[5]                    ; 0                 ; ON      ;
;      - cache:inst|cacheline:inst33|lpm_dff0:inst1|lpm_ff:lpm_ff_component|dffs[5]                    ; 0                 ; ON      ;
;      - cache:inst|cacheline:inst32|lpm_dff0:inst1|lpm_ff:lpm_ff_component|dffs[5]                    ; 0                 ; ON      ;
; addr[2]                                                                                              ;                   ;         ;
;      - cache:inst|cacheline:inst|lpm_dff0:inst1|lpm_ff:lpm_ff_component|dffs[2]                      ; 1                 ; OFF     ;
;      - cache:inst|cacheline:inst34|lpm_dff0:inst1|lpm_ff:lpm_ff_component|dffs[2]                    ; 0                 ; ON      ;
;      - cache:inst|cacheline:inst34|lpm_dff0:inst1|lpm_ff:lpm_ff_component|dffs[5]                    ; 1                 ; OFF     ;
;      - cache:inst|cacheline:inst33|lpm_dff0:inst1|lpm_ff:lpm_ff_component|dffs[2]                    ; 0                 ; ON      ;
;      - cache:inst|cacheline:inst33|lpm_dff0:inst1|lpm_ff:lpm_ff_component|dffs[5]                    ; 1                 ; OFF     ;
;      - cache:inst|cacheline:inst32|lpm_dff0:inst1|lpm_ff:lpm_ff_component|dffs[2]                    ; 0                 ; ON      ;
;      - cache:inst|cacheline:inst32|lpm_dff0:inst1|lpm_ff:lpm_ff_component|dffs[5]                    ; 1                 ; OFF     ;
;      - lpm_ram_dq0:inst1|altsyncram:altsyncram_component|altsyncram_d411:auto_generated|ram_block1a7 ; 0                 ; ON      ;
;      - cache:inst|cacheline:inst|lpm_dff0:inst1|lpm_ff:lpm_ff_component|dffs[2]                      ; 0                 ; ON      ;
; addr[4]                                                                                              ;                   ;         ;
;      - cache:inst|cacheline:inst|lpm_dff0:inst1|lpm_ff:lpm_ff_component|dffs[4]                      ; 1                 ; ON      ;
;      - cache:inst|cacheline:inst|lpm_dff0:inst1|lpm_ff:lpm_ff_component|dffs[1]                      ; 0                 ; OFF     ;
;      - cache:inst|cacheline:inst34|lpm_dff0:inst1|lpm_ff:lpm_ff_component|dffs[4]                    ; 0                 ; OFF     ;
;      - cache:inst|cacheline:inst33|lpm_dff0:inst1|lpm_ff:lpm_ff_component|dffs[4]                    ; 0                 ; OFF     ;
;      - cache:inst|cacheline:inst32|lpm_dff0:inst1|lpm_ff:lpm_ff_component|dffs[4]                    ; 0                 ; OFF     ;
;      - lpm_ram_dq0:inst1|altsyncram:altsyncram_component|altsyncram_d411:auto_generated|ram_block1a7 ; 1                 ; ON      ;
;      - cache:inst|cacheline:inst34|lpm_dff0:inst1|lpm_ff:lpm_ff_component|dffs[4]                    ; 1                 ; ON      ;
;      - cache:inst|cacheline:inst33|lpm_dff0:inst1|lpm_ff:lpm_ff_component|dffs[4]                    ; 1                 ; ON      ;
;      - cache:inst|cacheline:inst32|lpm_dff0:inst1|lpm_ff:lpm_ff_component|dffs[4]                    ; 1                 ; ON      ;
; addr[1]                                                                                              ;                   ;         ;
;      - cache:inst|cacheline:inst|lpm_dff0:inst1|lpm_ff:lpm_ff_component|dffs[1]                      ; 0                 ; OFF     ;
;      - cache:inst|cacheline:inst34|lpm_dff0:inst1|lpm_ff:lpm_ff_component|dffs[1]                    ; 1                 ; ON      ;
;      - cache:inst|cacheline:inst34|lpm_dff0:inst1|lpm_ff:lpm_ff_component|dffs[4]                    ; 0                 ; OFF     ;
;      - cache:inst|cacheline:inst33|lpm_dff0:inst1|lpm_ff:lpm_ff_component|dffs[1]                    ; 1                 ; ON      ;
;      - cache:inst|cacheline:inst33|lpm_dff0:inst1|lpm_ff:lpm_ff_component|dffs[4]                    ; 0                 ; OFF     ;
;      - cache:inst|cacheline:inst32|lpm_dff0:inst1|lpm_ff:lpm_ff_component|dffs[1]                    ; 1                 ; ON      ;
;      - cache:inst|cacheline:inst32|lpm_dff0:inst1|lpm_ff:lpm_ff_component|dffs[4]                    ; 0                 ; OFF     ;
;      - lpm_ram_dq0:inst1|altsyncram:altsyncram_component|altsyncram_d411:auto_generated|ram_block1a7 ; 1                 ; ON      ;
;      - cache:inst|cacheline:inst|lpm_dff0:inst1|lpm_ff:lpm_ff_component|dffs[1]                      ; 1                 ; ON      ;
; addr[0]                                                                                              ;                   ;         ;
;      - cache:inst|cacheline:inst|lpm_dff0:inst1|lpm_ff:lpm_ff_component|dffs[0]                      ; 0                 ; ON      ;
;      - cache:inst|cacheline:inst|lpm_dff0:inst1|lpm_ff:lpm_ff_component|dffs[6]                      ; 1                 ; OFF     ;
;      - cache:inst|cacheline:inst34|lpm_dff0:inst1|lpm_ff:lpm_ff_component|dffs[0]                    ; 1                 ; OFF     ;
;      - cache:inst|cacheline:inst33|lpm_dff0:inst1|lpm_ff:lpm_ff_component|dffs[0]                    ; 1                 ; OFF     ;
;      - cache:inst|cacheline:inst32|lpm_dff0:inst1|lpm_ff:lpm_ff_component|dffs[0]                    ; 1                 ; OFF     ;
;      - lpm_ram_dq0:inst1|altsyncram:altsyncram_component|altsyncram_d411:auto_generated|ram_block1a7 ; 0                 ; ON      ;
;      - cache:inst|cacheline:inst34|lpm_dff0:inst1|lpm_ff:lpm_ff_component|dffs[0]                    ; 0                 ; ON      ;
;      - cache:inst|cacheline:inst33|lpm_dff0:inst1|lpm_ff:lpm_ff_component|dffs[0]                    ; 0                 ; ON      ;
;      - cache:inst|cacheline:inst32|lpm_dff0:inst1|lpm_ff:lpm_ff_component|dffs[0]                    ; 0                 ; ON      ;
; addr[6]                                                                                              ;                   ;         ;
;      - cache:inst|cacheline:inst|lpm_dff0:inst1|lpm_ff:lpm_ff_component|dffs[6]                      ; 0                 ; OFF     ;
;      - cache:inst|cacheline:inst34|lpm_dff0:inst1|lpm_ff:lpm_ff_component|dffs[6]                    ; 1                 ; ON      ;
;      - cache:inst|cacheline:inst34|lpm_dff0:inst1|lpm_ff:lpm_ff_component|dffs[0]                    ; 0                 ; OFF     ;
;      - cache:inst|cacheline:inst33|lpm_dff0:inst1|lpm_ff:lpm_ff_component|dffs[6]                    ; 1                 ; ON      ;
;      - cache:inst|cacheline:inst33|lpm_dff0:inst1|lpm_ff:lpm_ff_component|dffs[0]                    ; 0                 ; OFF     ;
;      - cache:inst|cacheline:inst32|lpm_dff0:inst1|lpm_ff:lpm_ff_component|dffs[6]                    ; 1                 ; ON      ;
;      - cache:inst|cacheline:inst32|lpm_dff0:inst1|lpm_ff:lpm_ff_component|dffs[0]                    ; 0                 ; OFF     ;
;      - lpm_ram_dq0:inst1|altsyncram:altsyncram_component|altsyncram_d411:auto_generated|ram_block1a7 ; 1                 ; ON      ;
;      - cache:inst|cacheline:inst|lpm_dff0:inst1|lpm_ff:lpm_ff_component|dffs[6]                      ; 1                 ; ON      ;
; clk                                                                                                  ;                   ;         ;
; write                                                                                                ;                   ;         ;
;      - lpm_ram_dq0:inst1|altsyncram:altsyncram_component|altsyncram_d411:auto_generated|ram_block1a7 ; 0                 ; ON      ;
;      - cache:inst|cacheline:inst33|lpm_dff0:inst2|lpm_ff:lpm_ff_component|dffs[7]                    ; 0                 ; ON      ;
;      - cache:inst|cacheline:inst33|lpm_dff0:inst2|lpm_ff:lpm_ff_component|dffs[6]                    ; 0                 ; ON      ;
;      - cache:inst|cacheline:inst33|lpm_dff0:inst2|lpm_ff:lpm_ff_component|dffs[5]                    ; 0                 ; ON      ;
;      - cache:inst|cacheline:inst33|lpm_dff0:inst2|lpm_ff:lpm_ff_component|dffs[4]                    ; 0                 ; ON      ;
;      - cache:inst|cacheline:inst33|lpm_dff0:inst2|lpm_ff:lpm_ff_component|dffs[3]                    ; 0                 ; ON      ;
;      - cache:inst|cacheline:inst33|lpm_dff0:inst2|lpm_ff:lpm_ff_component|dffs[2]                    ; 0                 ; ON      ;
;      - cache:inst|cacheline:inst33|lpm_dff0:inst2|lpm_ff:lpm_ff_component|dffs[1]                    ; 0                 ; ON      ;
;      - cache:inst|cacheline:inst33|lpm_dff0:inst2|lpm_ff:lpm_ff_component|dffs[0]                    ; 0                 ; ON      ;
; data[7]                                                                                              ;                   ;         ;
;      - lpm_ram_dq0:inst1|altsyncram:altsyncram_component|altsyncram_d411:auto_generated|ram_block1a7 ; 0                 ; ON      ;
;      - cache:inst|cacheline:inst33|lpm_dff0:inst2|lpm_ff:lpm_ff_component|dffs[7]                    ; 0                 ; ON      ;
; data[6]                                                                                              ;                   ;         ;
;      - cache:inst|cacheline:inst33|lpm_dff0:inst2|lpm_ff:lpm_ff_component|dffs[6]                    ; 1                 ; ON      ;
;      - lpm_ram_dq0:inst1|altsyncram:altsyncram_component|altsyncram_d411:auto_generated|ram_block1a7 ; 1                 ; ON      ;
; data[5]                                                                                              ;                   ;         ;
;      - cache:inst|cacheline:inst33|lpm_dff0:inst2|lpm_ff:lpm_ff_component|dffs[5]                    ; 0                 ; ON      ;
;      - lpm_ram_dq0:inst1|altsyncram:altsyncram_component|altsyncram_d411:auto_generated|ram_block1a7 ; 0                 ; ON      ;
; data[4]                                                                                              ;                   ;         ;
;      - cache:inst|cacheline:inst33|lpm_dff0:inst2|lpm_ff:lpm_ff_component|dffs[4]                    ; 0                 ; ON      ;
;      - lpm_ram_dq0:inst1|altsyncram:altsyncram_component|altsyncram_d411:auto_generated|ram_block1a7 ; 0                 ; ON      ;
; data[3]                                                                                              ;                   ;         ;
;      - cache:inst|cacheline:inst33|lpm_dff0:inst2|lpm_ff:lpm_ff_component|dffs[3]                    ; 0                 ; ON      ;
;      - lpm_ram_dq0:inst1|altsyncram:altsyncram_component|altsyncram_d411:auto_generated|ram_block1a7 ; 0                 ; ON      ;
; data[2]                                                                                              ;                   ;         ;
;      - cache:inst|cacheline:inst33|lpm_dff0:inst2|lpm_ff:lpm_ff_component|dffs[2]                    ; 0                 ; ON      ;
;      - lpm_ram_dq0:inst1|altsyncram:altsyncram_component|altsyncram_d411:auto_generated|ram_block1a7 ; 0                 ; ON      ;
; data[1]                                                                                              ;                   ;         ;
;      - cache:inst|cacheline:inst33|lpm_dff0:inst2|lpm_ff:lpm_ff_component|dffs[1]                    ; 0                 ; ON      ;
;      - lpm_ram_dq0:inst1|altsyncram:altsyncram_component|altsyncram_d411:auto_generated|ram_block1a7 ; 0                 ; ON      ;
; data[0]                                                                                              ;                   ;         ;
;      - cache:inst|cacheline:inst33|lpm_dff0:inst2|lpm_ff:lpm_ff_component|dffs[0]                    ; 1                 ; ON      ;
;      - lpm_ram_dq0:inst1|altsyncram:altsyncram_component|altsyncram_d411:auto_generated|ram_block1a7 ; 1                 ; ON      ;
+------------------------------------------------------------------------------------------------------+-------------------+---------+


+---------------------------------------------------------------------------------------------------------------------------------------------------------------------------------------------------+
; Control Signals                                                                                                                                                                                   ;
+-------------------------------------------------------------------------------------------------------+---------------+---------+--------------+--------+----------------------+------------------+
; Name                                                                                                  ; Location      ; Fan-Out ; Usage        ; Global ; Global Resource Used ; Global Line Name ;
+-------------------------------------------------------------------------------------------------------+---------------+---------+--------------+--------+----------------------+------------------+
; cache:inst|cacheline:inst32|inst3                                                                     ; LC_X46_Y21_N6 ; 8       ; Clock enable ; no     ; --                   ; --               ;
; cache:inst|cacheline:inst33|inst3                                                                     ; LC_X46_Y22_N8 ; 8       ; Clock enable ; no     ; --                   ; --               ;
; cache:inst|cacheline:inst34|inst3                                                                     ; LC_X45_Y21_N7 ; 8       ; Clock enable ; no     ; --                   ; --               ;
; cache:inst|cacheline:inst|inst3                                                                       ; LC_X46_Y22_N3 ; 8       ; Clock enable ; no     ; --                   ; --               ;
; cache:inst|inst36~30                                                                                  ; LC_X46_Y20_N4 ; 19      ; Clock        ; yes    ; Global clock         ; GCLK10           ;
; cache:inst|lpm_decode0:inst28|lpm_decode:lpm_decode_component|decode_vlb:auto_generated|w_anode14w[2] ; LC_X46_Y21_N8 ; 8       ; Clock enable ; no     ; --                   ; --               ;
; cache:inst|lpm_decode0:inst28|lpm_decode:lpm_decode_component|decode_vlb:auto_generated|w_anode1w[2]  ; LC_X44_Y20_N3 ; 8       ; Clock enable ; no     ; --                   ; --               ;
; cache:inst|lpm_decode0:inst28|lpm_decode:lpm_decode_component|decode_vlb:auto_generated|w_anode22w[2] ; LC_X44_Y20_N9 ; 8       ; Clock enable ; no     ; --                   ; --               ;
; cache:inst|lpm_decode0:inst28|lpm_decode:lpm_decode_component|decode_vlb:auto_generated|w_anode30w[2] ; LC_X44_Y20_N2 ; 8       ; Clock enable ; no     ; --                   ; --               ;
; clk                                                                                                   ; PIN_L2        ; 65      ; Clock        ; yes    ; Global clock         ; GCLK11           ;
; write                                                                                                 ; PIN_F1        ; 9       ; Write enable ; no     ; --                   ; --               ;
+-------------------------------------------------------------------------------------------------------+---------------+---------+--------------+--------+----------------------+------------------+


+------------------------------------------------------------------------------------------+
; Global & Other Fast Signals                                                              ;
+----------------------+---------------+---------+----------------------+------------------+
; Name                 ; Location      ; Fan-Out ; Global Resource Used ; Global Line Name ;
+----------------------+---------------+---------+----------------------+------------------+
; cache:inst|inst36~30 ; LC_X46_Y20_N4 ; 19      ; Global clock         ; GCLK10           ;
; clk                  ; PIN_L2        ; 65      ; Global clock         ; GCLK11           ;
+----------------------+---------------+---------+----------------------+------------------+


+--------------------------------------------------------------------------------------------------------------------------------------------------------------------------------------------------+
; Non-Global High Fan-Out Signals                                                                                                                                                                  ;
+----------------------------------------------------------------------------------------------------------------------------------------------------------------------------------------+---------+
; Name                                                                                                                                                                                   ; Fan-Out ;
+----------------------------------------------------------------------------------------------------------------------------------------------------------------------------------------+---------+
; cache:inst|cacheline:inst32|lpm_compare0:inst10|lpm_compare:lpm_compare_component|comptree:comparator|cmpchain:cmp_end|comptree:comp|comptree:sub_comptree|cmpchain:cmp_end|aeb_out~64 ; 10      ;
; cache:inst|cacheline:inst33|lpm_compare0:inst10|lpm_compare:lpm_compare_component|comptree:comparator|cmpchain:cmp_end|comptree:comp|comptree:sub_comptree|cmpchain:cmp_end|aeb_out~64 ; 10      ;
; cache:inst|cacheline:inst34|lpm_compare0:inst10|lpm_compare:lpm_compare_component|comptree:comparator|cmpchain:cmp_end|comptree:comp|comptree:sub_comptree|cmpchain:cmp_end|aeb_out~64 ; 10      ;
; cache:inst|cacheline:inst|lpm_compare0:inst10|lpm_compare:lpm_compare_component|comptree:comparator|cmpchain:cmp_end|comptree:comp|comptree:sub_comptree|cmpchain:cmp_end|aeb_out~64   ; 10      ;
; write                                                                                                                                                                                  ; 9       ;
; addr[6]                                                                                                                                                                                ; 9       ;
; addr[0]                                                                                                                                                                                ; 9       ;
; addr[1]                                                                                                                                                                                ; 9       ;
; addr[4]                                                                                                                                                                                ; 9       ;
; addr[2]                                                                                                                                                                                ; 9       ;
; addr[5]                                                                                                                                                                                ; 9       ;
; addr[3]                                                                                                                                                                                ; 9       ;
; addr[7]                                                                                                                                                                                ; 9       ;
; cache:inst|lpm_counter0:inst27|lpm_counter:lpm_counter_component|cntr_ct6:auto_generated|safe_q[1]                                                                                     ; 9       ;
; cache:inst|lpm_counter0:inst27|lpm_counter:lpm_counter_component|cntr_ct6:auto_generated|safe_q[0]                                                                                     ; 9       ;
; cache:inst|cacheline:inst34|inst3                                                                                                                                                      ; 8       ;
; cache:inst|cacheline:inst32|inst3                                                                                                                                                      ; 8       ;
; cache:inst|cacheline:inst|inst3                                                                                                                                                        ; 8       ;
; cache:inst|cacheline:inst33|inst3                                                                                                                                                      ; 8       ;
; cache:inst|lpm_decode0:inst28|lpm_decode:lpm_decode_component|decode_vlb:auto_generated|w_anode14w[2]                                                                                  ; 8       ;
; cache:inst|lpm_decode0:inst28|lpm_decode:lpm_decode_component|decode_vlb:auto_generated|w_anode22w[2]                                                                                  ; 8       ;
; cache:inst|lpm_decode0:inst28|lpm_decode:lpm_decode_component|decode_vlb:auto_generated|w_anode30w[2]                                                                                  ; 8       ;
; cache:inst|lpm_decode0:inst28|lpm_decode:lpm_decode_component|decode_vlb:auto_generated|w_anode1w[2]                                                                                   ; 8       ;
; busmux:inst3|lpm_mux:$00000|mux_cgc:auto_generated|w_result11w~11                                                                                                                      ; 3       ;
; busmux:inst3|lpm_mux:$00000|mux_cgc:auto_generated|w_result25w~11                                                                                                                      ; 3       ;
; busmux:inst3|lpm_mux:$00000|mux_cgc:auto_generated|w_result37w~11                                                                                                                      ; 3       ;
; busmux:inst3|lpm_mux:$00000|mux_cgc:auto_generated|w_result49w~11                                                                                                                      ; 3       ;
; busmux:inst3|lpm_mux:$00000|mux_cgc:auto_generated|w_result61w~11                                                                                                                      ; 3       ;
; busmux:inst3|lpm_mux:$00000|mux_cgc:auto_generated|w_result73w~11                                                                                                                      ; 3       ;
; busmux:inst3|lpm_mux:$00000|mux_cgc:auto_generated|w_result85w~11                                                                                                                      ; 3       ;
; busmux:inst3|lpm_mux:$00000|mux_cgc:auto_generated|w_result97w~11                                                                                                                      ; 3       ;
; lpm_ram_dq0:inst1|altsyncram:altsyncram_component|altsyncram_d411:auto_generated|q_a[6]                                                                                                ; 3       ;
; lpm_ram_dq0:inst1|altsyncram:altsyncram_component|altsyncram_d411:auto_generated|q_a[5]                                                                                                ; 3       ;
; lpm_ram_dq0:inst1|altsyncram:altsyncram_component|altsyncram_d411:auto_generated|q_a[4]                                                                                                ; 3       ;
; lpm_ram_dq0:inst1|altsyncram:altsyncram_component|altsyncram_d411:auto_generated|q_a[3]                                                                                                ; 3       ;
; lpm_ram_dq0:inst1|altsyncram:altsyncram_component|altsyncram_d411:auto_generated|q_a[2]                                                                                                ; 3       ;
; lpm_ram_dq0:inst1|altsyncram:altsyncram_component|altsyncram_d411:auto_generated|q_a[1]                                                                                                ; 3       ;
; lpm_ram_dq0:inst1|altsyncram:altsyncram_component|altsyncram_d411:auto_generated|q_a[0]                                                                                                ; 3       ;
; lpm_ram_dq0:inst1|altsyncram:altsyncram_component|altsyncram_d411:auto_generated|q_a[7]                                                                                                ; 3       ;
; data[0]                                                                                                                                                                                ; 2       ;
; data[1]                                                                                                                                                                                ; 2       ;
; data[2]                                                                                                                                                                                ; 2       ;
; data[3]                                                                                                                                                                                ; 2       ;
; data[4]                                                                                                                                                                                ; 2       ;
; data[5]                                                                                                                                                                                ; 2       ;
; data[6]                                                                                                                                                                                ; 2       ;
; data[7]                                                                                                                                                                                ; 2       ;
; cache:inst|cacheline:inst33|lpm_dff0:inst2|lpm_ff:lpm_ff_component|dffs[0]                                                                                                             ; 1       ;
; cache:inst|cacheline:inst33|lpm_dff0:inst2|lpm_ff:lpm_ff_component|dffs[1]                                                                                                             ; 1       ;
; cache:inst|cacheline:inst33|lpm_dff0:inst2|lpm_ff:lpm_ff_component|dffs[2]                                                                                                             ; 1       ;
+----------------------------------------------------------------------------------------------------------------------------------------------------------------------------------------+---------+


+--------------------------------------------------------------------------------------------------------------------------------------------------------------------------------------------------------------------------------------------------------------------------------------------------------------------------------------------------------------+
; Fitter RAM Summary                                                                                                                                                                                                                                                                                                                                           ;
+---------------------------------------------------------------------------------------------+------+-------------+--------------+--------------+--------------+--------------+------------------------+-------------------------+------------------------+-------------------------+------+---------------------+-------+------+--------+------+-------------+
; Name                                                                                        ; Type ; Mode        ; Port A Depth ; Port A Width ; Port B Depth ; Port B Width ; Port A Input Registers ; Port A Output Registers ; Port B Input Registers ; Port B Output Registers ; Size ; Implementation Bits ; M512s ; M4Ks ; M-RAMs ; MIF  ; Location    ;
+---------------------------------------------------------------------------------------------+------+-------------+--------------+--------------+--------------+--------------+------------------------+-------------------------+------------------------+-------------------------+------+---------------------+-------+------+--------+------+-------------+
; lpm_ram_dq0:inst1|altsyncram:altsyncram_component|altsyncram_d411:auto_generated|ALTSYNCRAM ; AUTO ; Single Port ; 256          ; 8            ; --           ; --           ; yes                    ; yes                     ; --                     ; --                      ; 2048 ; 2048                ; 0     ; 1    ; 0      ; None ; M4K_X37_Y22 ;
+---------------------------------------------------------------------------------------------+------+-------------+--------------+--------------+--------------+--------------+------------------------+-------------------------+------------------------+-------------------------+------+---------------------+-------+------+--------+------+-------------+


+-----------------------------------------------------+
; Interconnect Usage Summary                          ;
+-----------------------------+-----------------------+
; Interconnect Resource Type  ; Usage                 ;
+-----------------------------+-----------------------+
; C16 interconnects           ; 8 / 2,286 ( < 1 % )   ;
; C4 interconnects            ; 72 / 31,320 ( < 1 % ) ;
; C8 interconnects            ; 37 / 7,272 ( < 1 % )  ;
; DIFFIOCLKs                  ; 0 / 16 ( 0 % )        ;
; DQS bus muxes               ; 0 / 56 ( 0 % )        ;
; DQS-32 I/O buses            ; 0 / 4 ( 0 % )         ;
; DQS-8 I/O buses             ; 0 / 16 ( 0 % )        ;
; Direct links                ; 28 / 44,740 ( < 1 % ) ;
; Fast regional clocks        ; 0 / 8 ( 0 % )         ;
; Global clocks               ; 2 / 16 ( 12 % )       ;
; I/O buses                   ; 1 / 208 ( < 1 % )     ;
; LUT chains                  ; 3 / 9,513 ( < 1 % )   ;
; Local routing interconnects ; 25 / 10,570 ( < 1 % ) ;
; R24 interconnects           ; 16 / 2,280 ( < 1 % )  ;
; R4 interconnects            ; 92 / 62,520 ( < 1 % ) ;
; R8 interconnects            ; 38 / 10,410 ( < 1 % ) ;
; Regional clocks             ; 0 / 16 ( 0 % )        ;
+-----------------------------+-----------------------+


+---------------------------------------------------------------------------+
; LAB Logic Elements                                                        ;
+--------------------------------------------+------------------------------+
; Number of Logic Elements  (Average = 5.80) ; Number of LABs  (Total = 15) ;
+--------------------------------------------+------------------------------+
; 1                                          ; 6                            ;
; 2                                          ; 1                            ;
; 3                                          ; 0                            ;
; 4                                          ; 0                            ;
; 5                                          ; 0                            ;
; 6                                          ; 0                            ;
; 7                                          ; 0                            ;
; 8                                          ; 0                            ;
; 9                                          ; 1                            ;
; 10                                         ; 7                            ;
+--------------------------------------------+------------------------------+


+-------------------------------------------------------------------+
; LAB-wide Signals                                                  ;
+------------------------------------+------------------------------+
; LAB-wide Signals  (Average = 1.07) ; Number of LABs  (Total = 15) ;
+------------------------------------+------------------------------+
; 1 Clock                            ; 8                            ;
; 1 Clock enable                     ; 3                            ;
; 2 Clock enables                    ; 4                            ;
; 2 Clocks                           ; 1                            ;
+------------------------------------+------------------------------+


+----------------------------------------------------------------------------+
; LAB Signals Sourced                                                        ;
+---------------------------------------------+------------------------------+
; Number of Signals Sourced  (Average = 6.33) ; Number of LABs  (Total = 15) ;
+---------------------------------------------+------------------------------+
; 0                                           ; 0                            ;
; 1                                           ; 6                            ;
; 2                                           ; 1                            ;
; 3                                           ; 0                            ;
; 4                                           ; 0                            ;
; 5                                           ; 0                            ;
; 6                                           ; 0                            ;
; 7                                           ; 0                            ;
; 8                                           ; 0                            ;
; 9                                           ; 0                            ;
; 10                                          ; 5                            ;
; 11                                          ; 2                            ;
; 12                                          ; 0                            ;
; 13                                          ; 0                            ;
; 14                                          ; 0                            ;
; 15                                          ; 1                            ;
+---------------------------------------------+------------------------------+


+--------------------------------------------------------------------------------+
; LAB Signals Sourced Out                                                        ;
+-------------------------------------------------+------------------------------+
; Number of Signals Sourced Out  (Average = 5.00) ; Number of LABs  (Total = 15) ;
+-------------------------------------------------+------------------------------+
; 0                                               ; 0                            ;
; 1                                               ; 7                            ;
; 2                                               ; 0                            ;
; 3                                               ; 0                            ;
; 4                                               ; 0                            ;
; 5                                               ; 2                            ;
; 6                                               ; 1                            ;
; 7                                               ; 0                            ;
; 8                                               ; 1                            ;
; 9                                               ; 1                            ;
; 10                                              ; 1                            ;
; 11                                              ; 1                            ;
; 12                                              ; 0                            ;
; 13                                              ; 0                            ;
; 14                                              ; 1                            ;
+-------------------------------------------------+------------------------------+


+-----------------------------------------------------------------------------+
; LAB Distinct Inputs                                                         ;
+----------------------------------------------+------------------------------+
; Number of Distinct Inputs  (Average = 10.67) ; Number of LABs  (Total = 15) ;
+----------------------------------------------+------------------------------+
; 0                                            ; 0                            ;
; 1                                            ; 0                            ;
; 2                                            ; 0                            ;
; 3                                            ; 0                            ;
; 4                                            ; 7                            ;
; 5                                            ; 0                            ;
; 6                                            ; 0                            ;
; 7                                            ; 1                            ;
; 8                                            ; 0                            ;
; 9                                            ; 1                            ;
; 10                                           ; 1                            ;
; 11                                           ; 0                            ;
; 12                                           ; 0                            ;
; 13                                           ; 0                            ;
; 14                                           ; 0                            ;
; 15                                           ; 0                            ;
; 16                                           ; 1                            ;
; 17                                           ; 0                            ;
; 18                                           ; 0                            ;
; 19                                           ; 0                            ;
; 20                                           ; 0                            ;
; 21                                           ; 0                            ;
; 22                                           ; 2                            ;
; 23                                           ; 2                            ;
+----------------------------------------------+------------------------------+


+-----------------+
; Fitter Messages ;
+-----------------+
Info: *******************************************************************
Info: Running Quartus II Fitter
    Info: Version 5.0 Build 148 04/26/2005 SJ Full Version
    Info: Processing started: Sun Feb 28 00:47:37 2021
Info: Command: quartus_fit --read_settings_files=off --write_settings_files=off cache -c cache
Info: Auto device selection -- successful I/O standard check for EP1S10F484C5
Info: Auto device selection -- successful PCI I/O clamp diode check for EP1S10F484C5
Info: Automatically selected device EP1S10F484C5 for design cache
Info: Fitter is performing an Auto Fit compilation, which may decrease Fitter effort to reduce compilation time
Info: Device migration not selected. If you intend to use device migration later, you may need to change the pin assignments as they may be incompatible with other devices. 
    Info: Device EP1S20F484C5 is compatible
Info: No exact pin location assignment(s) for 35 pins of 35 total pins
    Info: Pin hit not assigned to an exact location on the device
    Info: Pin out[7] not assigned to an exact location on the device
    Info: Pin out[6] not assigned to an exact location on the device
    Info: Pin out[5] not assigned to an exact location on the device
    Info: Pin out[4] not assigned to an exact location on the device
    Info: Pin out[3] not assigned to an exact location on the device
    Info: Pin out[2] not assigned to an exact location on the device
    Info: Pin out[1] not assigned to an exact location on the device
    Info: Pin out[0] not assigned to an exact location on the device
    Info: Pin ram[7] not assigned to an exact location on the device
    Info: Pin ram[6] not assigned to an exact location on the device
    Info: Pin ram[5] not assigned to an exact location on the device
    Info: Pin ram[4] not assigned to an exact location on the device
    Info: Pin ram[3] not assigned to an exact location on the device
    Info: Pin ram[2] not assigned to an exact location on the device
    Info: Pin ram[1] not assigned to an exact location on the device
    Info: Pin ram[0] not assigned to an exact location on the device
    Info: Pin addr[7] not assigned to an exact location on the device
    Info: Pin addr[3] not assigned to an exact location on the device
    Info: Pin addr[5] not assigned to an exact location on the device
    Info: Pin addr[2] not assigned to an exact location on the device
    Info: Pin addr[4] not assigned to an exact location on the device
    Info: Pin addr[1] not assigned to an exact location on the device
    Info: Pin addr[0] not assigned to an exact location on the device
    Info: Pin addr[6] not assigned to an exact location on the device
    Info: Pin clk not assigned to an exact location on the device
    Info: Pin write not assigned to an exact location on the device
    Info: Pin data[7] not assigned to an exact location on the device
    Info: Pin data[6] not assigned to an exact location on the device
    Info: Pin data[5] not assigned to an exact location on the device
    Info: Pin data[4] not assigned to an exact location on the device
    Info: Pin data[3] not assigned to an exact location on the device
    Info: Pin data[2] not assigned to an exact location on the device
    Info: Pin data[1] not assigned to an exact location on the device
    Info: Pin data[0] not assigned to an exact location on the device
Info: Timing requirements not specified -- optimizing circuit to achieve the following default global requirements
    Info: Assuming a global fmax requirement of 1 MHz
    Info: Not setting a global tsu requirement
    Info: Not setting a global tco requirement
    Info: Not setting a global tpd requirement
Info: Performing register packing on registers with non-logic cell location assignments
Info: Completed register packing on registers with non-logic cell location assignments
Info: Completed User Assigned Global Signals Promotion Operation
Info: Automatically promoted signal "clk" to use Global clock in PIN L2
Info: Automatically promoted some destinations of signal "cache:inst|inst36~30" to use Global clock
    Info: Destination "hit" may be non-global or may not use global clock
    Info: Destination "busmux:inst2|lpm_mux:$00000|mux_cgc:auto_generated|w_result97w~99" may be non-global or may not use global clock
    Info: Destination "busmux:inst2|lpm_mux:$00000|mux_cgc:auto_generated|w_result85w~99" may be non-global or may not use global clock
    Info: Destination "busmux:inst2|lpm_mux:$00000|mux_cgc:auto_generated|w_result73w~99" may be non-global or may not use global clock
    Info: Destination "busmux:inst2|lpm_mux:$00000|mux_cgc:auto_generated|w_result61w~99" may be non-global or may not use global clock
    Info: Destination "busmux:inst2|lpm_mux:$00000|mux_cgc:auto_generated|w_result49w~99" may be non-global or may not use global clock
    Info: Destination "busmux:inst2|lpm_mux:$00000|mux_cgc:auto_generated|w_result37w~99" may be non-global or may not use global clock
    Info: Destination "busmux:inst2|lpm_mux:$00000|mux_cgc:auto_generated|w_result25w~99" may be non-global or may not use global clock
    Info: Destination "busmux:inst2|lpm_mux:$00000|mux_cgc:auto_generated|w_result11w~99" may be non-global or may not use global clock
    Info: Destination "cache:inst|lpm_decode0:inst28|lpm_decode:lpm_decode_component|decode_vlb:auto_generated|w_anode1w[2]" may be non-global or may not use global clock
    Info: Limited to 10 non-global destinations
Info: Completed Auto Global Promotion Operation
Info: Starting register packing
Info: Started Fast Input/Output/OE register processing
Info: Finished Fast Input/Output/OE register processing
Info: Start inferring scan chains for DSP blocks
Info: Inferring scan chains for DSP blocks is complete
Info: Fitter is using Normal packing mode for logic elements with Auto setting for Auto Packed Registers logic option
Info: Moving registers into I/O cells, LUTs, RAM blocks, and DSP blocks to improve timing and density
Info: Finished moving registers into LUTs, I/O cells, DSP blocks, and RAM blocks
Info: Finished register packing
Info: Statistics of I/O pins that need to be placed that use the same VCCIO and VREF, before I/O pin placement
    Info: Number of I/O pins in group: 34 (unused VREF, 3.30 VCCIO, 17 input, 17 output, 0 bidirectional)
        Info: I/O standards used: LVTTL.
Info: I/O bank details before I/O pin placement
    Info: Statistics of I/O banks
        Info: I/O bank number 1 does not use VREF pins and has unused VCCIO pins. 0 total pin(s) used --  29 pins available
        Info: I/O bank number 2 does not use VREF pins and has unused VCCIO pins. 0 total pin(s) used --  30 pins available
        Info: I/O bank number 3 does not use VREF pins and has unused VCCIO pins. 0 total pin(s) used --  51 pins available
        Info: I/O bank number 4 does not use VREF pins and has unused VCCIO pins. 1 total pin(s) used --  51 pins available
        Info: I/O bank number 5 does not use VREF pins and has unused VCCIO pins. 1 total pin(s) used --  28 pins available
        Info: I/O bank number 6 does not use VREF pins and has unused VCCIO pins. 0 total pin(s) used --  29 pins available
        Info: I/O bank number 7 does not use VREF pins and has unused VCCIO pins. 0 total pin(s) used --  52 pins available
        Info: I/O bank number 8 does not use VREF pins and has unused VCCIO pins. 0 total pin(s) used --  51 pins available
        Info: I/O bank number 9 does not use VREF pins and has unused VCCIO pins. 0 total pin(s) used --  6 pins available
        Info: I/O bank number 10 does not use VREF pins and has unused VCCIO pins. 0 total pin(s) used --  0 pins available
        Info: I/O bank number 11 does not use VREF pins and has unused VCCIO pins. 0 total pin(s) used --  6 pins available
        Info: I/O bank number 12 does not use VREF pins and has unused VCCIO pins. 0 total pin(s) used --  0 pins available
Info: Design uses memory blocks. Violating setup or hold times of memory block address registers could cause memory contents to be corrupted. Make sure that all memory block address registers meet the setup and hold time requirements
Info: Fitter placement preparation operations beginning
Info: Fitter placement preparation operations ending: elapsed time is 00:00:00
Info: Fitter placement operations beginning
Info: Fitter placement was successful
Info: Estimated most critical path is register to register delay of 3.275 ns
    Info: 1: + IC(0.000 ns) + CELL(0.000 ns) = 0.000 ns; Loc. = LAB_X44_Y20; Fanout = 11; REG Node = 'cache:inst|lpm_counter0:inst27|lpm_counter:lpm_counter_component|cntr_ct6:auto_generated|safe_q[0]'
    Info: 2: + IC(1.024 ns) + CELL(0.366 ns) = 1.390 ns; Loc. = LAB_X46_Y21; Fanout = 8; COMB Node = 'cache:inst|lpm_decode0:inst28|lpm_decode:lpm_decode_component|decode_vlb:auto_generated|w_anode14w[2]'
    Info: 3: + IC(1.180 ns) + CELL(0.705 ns) = 3.275 ns; Loc. = LAB_X48_Y20; Fanout = 1; REG Node = 'cache:inst|cacheline:inst32|lpm_dff0:inst1|lpm_ff:lpm_ff_component|dffs[1]'
    Info: Total cell delay = 1.071 ns ( 32.70 % )
    Info: Total interconnect delay = 2.204 ns ( 67.30 % )
Info: Fitter placement operations ending: elapsed time is 00:00:00
Info: Fitter routing operations beginning
Info: Average interconnect usage is 0% of the available device resources. Peak interconnect usage is 1%.
Info: Fitter routing operations ending: elapsed time is 00:00:00
Info: Fitter performed an Auto Fit compilation. Optimizations were skipped to reduce compilation time.
Info: Completed Fixed Delay Chain Operation
Info: Started post-fitting delay annotation
Info: Delay annotation completed successfully
Info: Completed Auto Delay Chain Operation
Info: Design uses memory blocks. Violating setup or hold times of memory block address registers could cause memory contents to be corrupted. Make sure that all memory block address registers meet the setup and hold time requirements
Info: Quartus II Fitter was successful. 0 errors, 0 warnings
    Info: Processing ended: Sun Feb 28 00:47:40 2021
    Info: Elapsed time: 00:00:03


