Fitter report for verilog_qs
Sat May 18 20:11:01 2019
Version 5.0 Build 148 04/26/2005 SJ Full Version


---------------------
; Table of Contents ;
---------------------
  1. Legal Notice
  2. Fitter Summary
  3. Fitter Settings
  4. Fitter Device Options
  5. Fitter Equations
  6. Pin-Out File
  7. Fitter Resource Usage Summary
  8. Input Pins
  9. Output Pins
 10. I/O Bank Usage
 11. All Package Pins
 12. Output Pin Default Load For Reported TCO
 13. Fitter Resource Utilization by Entity
 14. Delay Chain Summary
 15. Pad To Core Delay Chain Fanout
 16. Non-Global High Fan-Out Signals
 17. Interconnect Usage Summary
 18. LAB Logic Elements
 19. LAB Signals Sourced
 20. LAB Signals Sourced Out
 21. Fitter Messages



----------------
; Legal Notice ;
----------------
Copyright (C) 1991-2005 Altera Corporation
Your use of Altera Corporation's design tools, logic functions 
and other software and tools, and its AMPP partner logic       
functions, and any output files any of the foregoing           
(including device programming or simulation files), and any    
associated documentation or information are expressly subject  
to the terms and conditions of the Altera Program License      
Subscription Agreement, Altera MegaCore Function License       
Agreement, or other applicable license agreement, including,   
without limitation, that your use is for the sole purpose of   
programming logic devices manufactured by Altera and sold by   
Altera or its authorized distributors.  Please refer to the    
applicable agreement for further details.



+---------------------------------------------------------------------+
; Fitter Summary                                                      ;
+--------------------------+------------------------------------------+
; Fitter Status            ; Successful - Sat May 18 20:11:01 2019    ;
; Quartus II Version       ; 5.0 Build 148 04/26/2005 SJ Full Version ;
; Revision Name            ; verilog_qs                               ;
; Top-level Entity Name    ; verilog_qs                               ;
; Family                   ; Stratix                                  ;
; Device                   ; EP1S10F484C5                             ;
; Timing Models            ; Final                                    ;
; Total logic elements     ; 1 / 10,570 ( < 1 % )                     ;
; Total pins               ; 221 / 336 ( 65 % )                       ;
; Total virtual pins       ; 0                                        ;
; Total memory bits        ; 0 / 920,448 ( 0 % )                      ;
; DSP block 9-bit elements ; 0 / 48 ( 0 % )                           ;
; Total PLLs               ; 0 / 6 ( 0 % )                            ;
; Total DLLs               ; 0 / 2 ( 0 % )                            ;
+--------------------------+------------------------------------------+


+----------------------------------------------------------------------------------------------------------------------+
; Fitter Settings                                                                                                      ;
+----------------------------------------------------+--------------------------------+--------------------------------+
; Option                                             ; Setting                        ; Default Value                  ;
+----------------------------------------------------+--------------------------------+--------------------------------+
; Device                                             ; AUTO                           ;                                ;
; Use smart compilation                              ; Off                            ; Off                            ;
; Placement Effort Multiplier                        ; 1.0                            ; 1.0                            ;
; Router Effort Multiplier                           ; 1.0                            ; 1.0                            ;
; Optimize Hold Timing                               ; IO Paths and Minimum TPD Paths ; IO Paths and Minimum TPD Paths ;
; Optimize Fast-Corner Timing                        ; Off                            ; Off                            ;
; Optimize Timing                                    ; Normal compilation             ; Normal compilation             ;
; Optimize IOC Register Placement for Timing         ; On                             ; On                             ;
; Limit to One Fitting Attempt                       ; Off                            ; Off                            ;
; Final Placement Optimizations                      ; Automatically                  ; Automatically                  ;
; Fitter Initial Placement Seed                      ; 1                              ; 1                              ;
; Slow Slew Rate                                     ; Off                            ; Off                            ;
; PCI I/O                                            ; Off                            ; Off                            ;
; Weak Pull-Up Resistor                              ; Off                            ; Off                            ;
; Enable Bus-Hold Circuitry                          ; Off                            ; Off                            ;
; Auto Global Memory Control Signals                 ; Off                            ; Off                            ;
; Auto Packed Registers -- Stratix/Stratix GX        ; Auto                           ; Auto                           ;
; Auto Delay Chains                                  ; On                             ; On                             ;
; Auto Merge PLLs                                    ; On                             ; On                             ;
; Perform Physical Synthesis for Combinational Logic ; Off                            ; Off                            ;
; Perform Register Duplication                       ; Off                            ; Off                            ;
; Perform Register Retiming                          ; Off                            ; Off                            ;
; Fitter Effort                                      ; Auto Fit                       ; Auto Fit                       ;
; Physical Synthesis Effort Level                    ; Normal                         ; Normal                         ;
; Logic Cell Insertion - Logic Duplication           ; Auto                           ; Auto                           ;
; Auto Register Duplication                          ; Off                            ; Off                            ;
; Auto Global Clock                                  ; On                             ; On                             ;
; Auto Global Register Control Signals               ; On                             ; On                             ;
+----------------------------------------------------+--------------------------------+--------------------------------+


+-------------------------------------------------------------------------+
; Fitter Device Options                                                   ;
+----------------------------------------------+--------------------------+
; Option                                       ; Setting                  ;
+----------------------------------------------+--------------------------+
; Enable user-supplied start-up clock (CLKUSR) ; Off                      ;
; Enable device-wide reset (DEV_CLRn)          ; Off                      ;
; Enable device-wide output enable (DEV_OE)    ; Off                      ;
; Enable INIT_DONE output                      ; Off                      ;
; Configuration scheme                         ; Passive Serial           ;
; Error detection CRC                          ; Off                      ;
; Reserve Data[0] pin after configuration      ; As input tri-stated      ;
; Reserve all unused pins                      ; As output driving ground ;
; Base pin-out file on sameframe device        ; Off                      ;
+----------------------------------------------+--------------------------+


+------------------+
; Fitter Equations ;
+------------------+
The equations can be found in Z:/4th_semestr/verilog_qs/verilog_qs.fit.eqn.


+--------------+
; Pin-Out File ;
+--------------+
The pin-out file can be found in Z:/4th_semestr/verilog_qs/verilog_qs.pin.


+-----------------------------------------------------------------------------+
; Fitter Resource Usage Summary                                               ;
+---------------------------------------------+-------------------------------+
; Resource                                    ; Usage                         ;
+---------------------------------------------+-------------------------------+
; Total logic elements                        ; 1 / 10,570 ( < 1 % )          ;
;     -- Combinational with no register       ; 1                             ;
;     -- Register only                        ; 0                             ;
;     -- Combinational with a register        ; 0                             ;
;                                             ;                               ;
; Logic element usage by number of LUT inputs ;                               ;
;     -- 4 input functions                    ; 0                             ;
;     -- 3 input functions                    ; 0                             ;
;     -- 2 input functions                    ; 0                             ;
;     -- 1 input functions                    ; 0                             ;
;     -- 0 input functions                    ; 1                             ;
;                                             ;                               ;
; Logic elements by mode                      ;                               ;
;     -- normal mode                          ; 1                             ;
;     -- arithmetic mode                      ; 0                             ;
;     -- qfbk mode                            ; 0                             ;
;     -- register cascade mode                ; 0                             ;
;     -- synchronous clear/load mode          ; 0                             ;
;     -- asynchronous clear/load mode         ; 0                             ;
;                                             ;                               ;
; Total LABs                                  ; 1 / 1,057 ( < 1 % )           ;
; Logic elements in carry chains              ; 0                             ;
; User inserted logic elements                ; 0                             ;
; Virtual pins                                ; 0                             ;
; I/O pins                                    ; 221 / 336 ( 65 % )            ;
;     -- Clock pins                           ; 5 / 16 ( 31 % )               ;
; Global signals                              ; 0                             ;
; M512s                                       ; 0 / 94 ( 0 % )                ;
; M4Ks                                        ; 0 / 60 ( 0 % )                ;
; M-RAMs                                      ; 0 / 1 ( 0 % )                 ;
; Total memory bits                           ; 0 / 920,448 ( 0 % )           ;
; Total RAM block bits                        ; 0 / 920,448 ( 0 % )           ;
; DSP block 9-bit elements                    ; 0 / 48 ( 0 % )                ;
; Global clocks                               ; 0 / 16 ( 0 % )                ;
; Regional clocks                             ; 0 / 16 ( 0 % )                ;
; Fast regional clocks                        ; 0 / 8 ( 0 % )                 ;
; SERDES transmitters                         ; 0 / 44 ( 0 % )                ;
; SERDES receivers                            ; 0 / 44 ( 0 % )                ;
; Maximum fan-out node                        ; ~STRATIX_FITTER_CREATED_GND~I ;
; Maximum fan-out                             ; 110                           ;
; Total fan-out                               ; 110                           ;
; Average fan-out                             ; 0.49                          ;
+---------------------------------------------+-------------------------------+


+----------------------------------------------------------------------------------------------------------------------------------------------------------------------------------------------------------------------------------------------------------------+
; Input Pins                                                                                                                                                                                                                                                     ;
+----------+-------+----------+--------------+--------------+-------------+-----------------------+--------------------+--------+----------------+---------------+-----------------+----------+--------------+--------------+-------------+----------------------+
; Name     ; Pin # ; I/O Bank ; X coordinate ; Y coordinate ; Cell number ; Combinational Fan-Out ; Registered Fan-Out ; Global ; Input Register ; Power Up High ; PCI I/O Enabled ; Bus Hold ; Weak Pull Up ; I/O Standard ; Termination ; Location assigned by ;
+----------+-------+----------+--------------+--------------+-------------+-----------------------+--------------------+--------+----------------+---------------+-----------------+----------+--------------+--------------+-------------+----------------------+
; clk      ; AA11  ; 7        ; 29           ; 0            ; 1           ; 0                     ; 0                  ; no     ; no             ; no            ; no              ; no       ; Off          ; LVTTL        ; Off         ; Fitter               ;
; in10[0]  ; Y14   ; 8        ; 21           ; 0            ; 3           ; 0                     ; 0                  ; no     ; no             ; no            ; no              ; no       ; Off          ; LVTTL        ; Off         ; Fitter               ;
; in10[10] ; T4    ; 6        ; 53           ; 4            ; 1           ; 0                     ; 0                  ; no     ; no             ; no            ; no              ; no       ; Off          ; LVTTL        ; Off         ; Fitter               ;
; in10[1]  ; W13   ; 8        ; 21           ; 0            ; 1           ; 0                     ; 0                  ; no     ; no             ; no            ; no              ; no       ; Off          ; LVTTL        ; Off         ; Fitter               ;
; in10[2]  ; V13   ; 8        ; 21           ; 0            ; 0           ; 0                     ; 0                  ; no     ; no             ; no            ; no              ; no       ; Off          ; LVTTL        ; Off         ; Fitter               ;
; in10[3]  ; J19   ; 2        ; 0            ; 26           ; 1           ; 0                     ; 0                  ; no     ; no             ; no            ; no              ; no       ; Off          ; LVTTL        ; Off         ; Fitter               ;
; in10[4]  ; V3    ; 6        ; 53           ; 1            ; 0           ; 0                     ; 0                  ; no     ; no             ; no            ; no              ; no       ; Off          ; LVTTL        ; Off         ; Fitter               ;
; in10[5]  ; B15   ; 3        ; 12           ; 31           ; 1           ; 0                     ; 0                  ; no     ; no             ; no            ; no              ; no       ; Off          ; LVTTL        ; Off         ; Fitter               ;
; in10[6]  ; W1    ; 6        ; 53           ; 2            ; 3           ; 0                     ; 0                  ; no     ; no             ; no            ; no              ; no       ; Off          ; LVTTL        ; Off         ; Fitter               ;
; in10[7]  ; T5    ; 6        ; 53           ; 2            ; 1           ; 0                     ; 0                  ; no     ; no             ; no            ; no              ; no       ; Off          ; LVTTL        ; Off         ; Fitter               ;
; in10[8]  ; U5    ; 6        ; 53           ; 3            ; 1           ; 0                     ; 0                  ; no     ; no             ; no            ; no              ; no       ; Off          ; LVTTL        ; Off         ; Fitter               ;
; in10[9]  ; T3    ; 6        ; 53           ; 4            ; 0           ; 0                     ; 0                  ; no     ; no             ; no            ; no              ; no       ; Off          ; LVTTL        ; Off         ; Fitter               ;
; in1[0]   ; AB11  ; 7        ; 29           ; 0            ; 3           ; 0                     ; 0                  ; no     ; no             ; no            ; no              ; no       ; Off          ; LVTTL        ; Off         ; Fitter               ;
; in1[10]  ; Y5    ; 7        ; 48           ; 0            ; 5           ; 0                     ; 0                  ; no     ; no             ; no            ; no              ; no       ; Off          ; LVTTL        ; Off         ; Fitter               ;
; in1[1]   ; N13   ; 8        ; 9            ; 0            ; 2           ; 0                     ; 0                  ; no     ; no             ; no            ; no              ; no       ; Off          ; LVTTL        ; Off         ; Fitter               ;
; in1[2]   ; D20   ; 3        ; 1            ; 31           ; 0           ; 0                     ; 0                  ; no     ; no             ; no            ; no              ; no       ; Off          ; LVTTL        ; Off         ; Fitter               ;
; in1[3]   ; T10   ; 7        ; 33           ; 0            ; 0           ; 0                     ; 0                  ; no     ; no             ; no            ; no              ; no       ; Off          ; LVTTL        ; Off         ; Fitter               ;
; in1[4]   ; G2    ; 5        ; 53           ; 22           ; 3           ; 0                     ; 0                  ; no     ; no             ; no            ; no              ; no       ; Off          ; LVTTL        ; Off         ; Fitter               ;
; in1[5]   ; T2    ; 6        ; 53           ; 9            ; 3           ; 0                     ; 0                  ; no     ; no             ; no            ; no              ; no       ; Off          ; LVTTL        ; Off         ; Fitter               ;
; in1[6]   ; T7    ; 7        ; 52           ; 0            ; 4           ; 0                     ; 0                  ; no     ; no             ; no            ; no              ; no       ; Off          ; LVTTL        ; Off         ; Fitter               ;
; in1[7]   ; AA14  ; 8        ; 21           ; 0            ; 2           ; 0                     ; 0                  ; no     ; no             ; no            ; no              ; no       ; Off          ; LVTTL        ; Off         ; Fitter               ;
; in1[8]   ; P9    ; 7        ; 33           ; 0            ; 3           ; 0                     ; 0                  ; no     ; no             ; no            ; no              ; no       ; Off          ; LVTTL        ; Off         ; Fitter               ;
; in1[9]   ; U9    ; 7        ; 36           ; 0            ; 5           ; 0                     ; 0                  ; no     ; no             ; no            ; no              ; no       ; Off          ; LVTTL        ; Off         ; Fitter               ;
; in2[0]   ; AA8   ; 7        ; 36           ; 0            ; 1           ; 0                     ; 0                  ; no     ; no             ; no            ; no              ; no       ; Off          ; LVTTL        ; Off         ; Fitter               ;
; in2[10]  ; F6    ; 4        ; 44           ; 31           ; 0           ; 0                     ; 0                  ; no     ; no             ; no            ; no              ; no       ; Off          ; LVTTL        ; Off         ; Fitter               ;
; in2[1]   ; V9    ; 7        ; 36           ; 0            ; 4           ; 0                     ; 0                  ; no     ; no             ; no            ; no              ; no       ; Off          ; LVTTL        ; Off         ; Fitter               ;
; in2[2]   ; Y9    ; 7        ; 36           ; 0            ; 0           ; 0                     ; 0                  ; no     ; no             ; no            ; no              ; no       ; Off          ; LVTTL        ; Off         ; Fitter               ;
; in2[3]   ; Y8    ; 7        ; 36           ; 0            ; 3           ; 0                     ; 0                  ; no     ; no             ; no            ; no              ; no       ; Off          ; LVTTL        ; Off         ; Fitter               ;
; in2[4]   ; Y13   ; 11       ; 25           ; 0            ; 5           ; 0                     ; 0                  ; no     ; no             ; no            ; no              ; no       ; Off          ; LVTTL        ; Off         ; Fitter               ;
; in2[5]   ; K14   ; 3        ; 19           ; 31           ; 4           ; 0                     ; 0                  ; no     ; no             ; no            ; no              ; no       ; Off          ; LVTTL        ; Off         ; Fitter               ;
; in2[6]   ; T8    ; 7        ; 41           ; 0            ; 5           ; 0                     ; 0                  ; no     ; no             ; no            ; no              ; no       ; Off          ; LVTTL        ; Off         ; Fitter               ;
; in2[7]   ; U8    ; 7        ; 41           ; 0            ; 2           ; 0                     ; 0                  ; no     ; no             ; no            ; no              ; no       ; Off          ; LVTTL        ; Off         ; Fitter               ;
; in2[8]   ; V8    ; 7        ; 41           ; 0            ; 3           ; 0                     ; 0                  ; no     ; no             ; no            ; no              ; no       ; Off          ; LVTTL        ; Off         ; Fitter               ;
; in2[9]   ; M7    ; 7        ; 41           ; 0            ; 4           ; 0                     ; 0                  ; no     ; no             ; no            ; no              ; no       ; Off          ; LVTTL        ; Off         ; Fitter               ;
; in3[0]   ; W7    ; 7        ; 44           ; 0            ; 1           ; 0                     ; 0                  ; no     ; no             ; no            ; no              ; no       ; Off          ; LVTTL        ; Off         ; Fitter               ;
; in3[10]  ; V5    ; 7        ; 46           ; 0            ; 2           ; 0                     ; 0                  ; no     ; no             ; no            ; no              ; no       ; Off          ; LVTTL        ; Off         ; Fitter               ;
; in3[1]   ; K17   ; 2        ; 0            ; 23           ; 1           ; 0                     ; 0                  ; no     ; no             ; no            ; no              ; no       ; Off          ; LVTTL        ; Off         ; Fitter               ;
; in3[2]   ; V6    ; 7        ; 44           ; 0            ; 2           ; 0                     ; 0                  ; no     ; no             ; no            ; no              ; no       ; Off          ; LVTTL        ; Off         ; Fitter               ;
; in3[3]   ; AA7   ; 7        ; 44           ; 0            ; 4           ; 0                     ; 0                  ; no     ; no             ; no            ; no              ; no       ; Off          ; LVTTL        ; Off         ; Fitter               ;
; in3[4]   ; V14   ; 8        ; 17           ; 0            ; 4           ; 0                     ; 0                  ; no     ; no             ; no            ; no              ; no       ; Off          ; LVTTL        ; Off         ; Fitter               ;
; in3[5]   ; E9    ; 4        ; 36           ; 31           ; 0           ; 0                     ; 0                  ; no     ; no             ; no            ; no              ; no       ; Off          ; LVTTL        ; Off         ; Fitter               ;
; in3[6]   ; Y6    ; 7        ; 46           ; 0            ; 0           ; 0                     ; 0                  ; no     ; no             ; no            ; no              ; no       ; Off          ; LVTTL        ; Off         ; Fitter               ;
; in3[7]   ; G3    ; 5        ; 53           ; 27           ; 1           ; 0                     ; 0                  ; no     ; no             ; no            ; no              ; no       ; Off          ; LVTTL        ; Off         ; Fitter               ;
; in3[8]   ; AA6   ; 7        ; 46           ; 0            ; 4           ; 0                     ; 0                  ; no     ; no             ; no            ; no              ; no       ; Off          ; LVTTL        ; Off         ; Fitter               ;
; in3[9]   ; Y7    ; 7        ; 46           ; 0            ; 5           ; 0                     ; 0                  ; no     ; no             ; no            ; no              ; no       ; Off          ; LVTTL        ; Off         ; Fitter               ;
; in4[0]   ; W5    ; 7        ; 48           ; 0            ; 2           ; 0                     ; 0                  ; no     ; no             ; no            ; no              ; no       ; Off          ; LVTTL        ; Off         ; Fitter               ;
; in4[10]  ; B7    ; 4        ; 46           ; 31           ; 5           ; 0                     ; 0                  ; no     ; no             ; no            ; no              ; no       ; Off          ; LVTTL        ; Off         ; Fitter               ;
; in4[1]   ; W6    ; 7        ; 48           ; 0            ; 1           ; 0                     ; 0                  ; no     ; no             ; no            ; no              ; no       ; Off          ; LVTTL        ; Off         ; Fitter               ;
; in4[2]   ; P8    ; 7        ; 36           ; 0            ; 2           ; 0                     ; 0                  ; no     ; no             ; no            ; no              ; no       ; Off          ; LVTTL        ; Off         ; Fitter               ;
; in4[3]   ; AA5   ; 7        ; 48           ; 0            ; 4           ; 0                     ; 0                  ; no     ; no             ; no            ; no              ; no       ; Off          ; LVTTL        ; Off         ; Fitter               ;
; in4[4]   ; AB5   ; 7        ; 48           ; 0            ; 3           ; 0                     ; 0                  ; no     ; no             ; no            ; no              ; no       ; Off          ; LVTTL        ; Off         ; Fitter               ;
; in4[5]   ; AB6   ; 7        ; 48           ; 0            ; 0           ; 0                     ; 0                  ; no     ; no             ; no            ; no              ; no       ; Off          ; LVTTL        ; Off         ; Fitter               ;
; in4[6]   ; V16   ; 8        ; 7            ; 0            ; 5           ; 0                     ; 0                  ; no     ; no             ; no            ; no              ; no       ; Off          ; LVTTL        ; Off         ; Fitter               ;
; in4[7]   ; AA4   ; 7        ; 50           ; 0            ; 3           ; 0                     ; 0                  ; no     ; no             ; no            ; no              ; no       ; Off          ; LVTTL        ; Off         ; Fitter               ;
; in4[8]   ; Y2    ; 7        ; 50           ; 0            ; 5           ; 0                     ; 0                  ; no     ; no             ; no            ; no              ; no       ; Off          ; LVTTL        ; Off         ; Fitter               ;
; in4[9]   ; AB7   ; 7        ; 44           ; 0            ; 5           ; 0                     ; 0                  ; no     ; no             ; no            ; no              ; no       ; Off          ; LVTTL        ; Off         ; Fitter               ;
; in5[0]   ; AB4   ; 7        ; 50           ; 0            ; 2           ; 0                     ; 0                  ; no     ; no             ; no            ; no              ; no       ; Off          ; LVTTL        ; Off         ; Fitter               ;
; in5[10]  ; C6    ; 4        ; 48           ; 31           ; 0           ; 0                     ; 0                  ; no     ; no             ; no            ; no              ; no       ; Off          ; LVTTL        ; Off         ; Fitter               ;
; in5[1]   ; AB16  ; 8        ; 9            ; 0            ; 5           ; 0                     ; 0                  ; no     ; no             ; no            ; no              ; no       ; Off          ; LVTTL        ; Off         ; Fitter               ;
; in5[2]   ; T21   ; 1        ; 0            ; 9            ; 3           ; 0                     ; 0                  ; no     ; no             ; no            ; no              ; no       ; Off          ; LVTTL        ; Off         ; Fitter               ;
; in5[3]   ; W4    ; 7        ; 52           ; 0            ; 2           ; 0                     ; 0                  ; no     ; no             ; no            ; no              ; no       ; Off          ; LVTTL        ; Off         ; Fitter               ;
; in5[4]   ; W3    ; 7        ; 52           ; 0            ; 3           ; 0                     ; 0                  ; no     ; no             ; no            ; no              ; no       ; Off          ; LVTTL        ; Off         ; Fitter               ;
; in5[5]   ; C21   ; 3        ; 3            ; 31           ; 1           ; 0                     ; 0                  ; no     ; no             ; no            ; no              ; no       ; Off          ; LVTTL        ; Off         ; Fitter               ;
; in5[6]   ; B5    ; 4        ; 48           ; 31           ; 2           ; 0                     ; 0                  ; no     ; no             ; no            ; no              ; no       ; Off          ; LVTTL        ; Off         ; Fitter               ;
; in5[7]   ; AA20  ; 8        ; 1            ; 0            ; 2           ; 0                     ; 0                  ; no     ; no             ; no            ; no              ; no       ; Off          ; LVTTL        ; Off         ; Fitter               ;
; in5[8]   ; W19   ; 8        ; 1            ; 0            ; 0           ; 0                     ; 0                  ; no     ; no             ; no            ; no              ; no       ; Off          ; LVTTL        ; Off         ; Fitter               ;
; in5[9]   ; AA21  ; 8        ; 1            ; 0            ; 3           ; 0                     ; 0                  ; no     ; no             ; no            ; no              ; no       ; Off          ; LVTTL        ; Off         ; Fitter               ;
; in6[0]   ; W20   ; 8        ; 1            ; 0            ; 1           ; 0                     ; 0                  ; no     ; no             ; no            ; no              ; no       ; Off          ; LVTTL        ; Off         ; Fitter               ;
; in6[10]  ; Y18   ; 8        ; 5            ; 0            ; 3           ; 0                     ; 0                  ; no     ; no             ; no            ; no              ; no       ; Off          ; LVTTL        ; Off         ; Fitter               ;
; in6[1]   ; Y21   ; 8        ; 1            ; 0            ; 5           ; 0                     ; 0                  ; no     ; no             ; no            ; no              ; no       ; Off          ; LVTTL        ; Off         ; Fitter               ;
; in6[2]   ; W18   ; 8        ; 3            ; 0            ; 0           ; 0                     ; 0                  ; no     ; no             ; no            ; no              ; no       ; Off          ; LVTTL        ; Off         ; Fitter               ;
; in6[3]   ; AA19  ; 8        ; 3            ; 0            ; 3           ; 0                     ; 0                  ; no     ; no             ; no            ; no              ; no       ; Off          ; LVTTL        ; Off         ; Fitter               ;
; in6[4]   ; AB19  ; 8        ; 3            ; 0            ; 5           ; 0                     ; 0                  ; no     ; no             ; no            ; no              ; no       ; Off          ; LVTTL        ; Off         ; Fitter               ;
; in6[5]   ; V15   ; 8        ; 12           ; 0            ; 3           ; 0                     ; 0                  ; no     ; no             ; no            ; no              ; no       ; Off          ; LVTTL        ; Off         ; Fitter               ;
; in6[6]   ; C4    ; 4        ; 50           ; 31           ; 5           ; 0                     ; 0                  ; no     ; no             ; no            ; no              ; no       ; Off          ; LVTTL        ; Off         ; Fitter               ;
; in6[7]   ; AA17  ; 8        ; 3            ; 0            ; 4           ; 0                     ; 0                  ; no     ; no             ; no            ; no              ; no       ; Off          ; LVTTL        ; Off         ; Fitter               ;
; in6[8]   ; AB17  ; 8        ; 5            ; 0            ; 4           ; 0                     ; 0                  ; no     ; no             ; no            ; no              ; no       ; Off          ; LVTTL        ; Off         ; Fitter               ;
; in6[9]   ; N7    ; 7        ; 50           ; 0            ; 1           ; 0                     ; 0                  ; no     ; no             ; no            ; no              ; no       ; Off          ; LVTTL        ; Off         ; Fitter               ;
; in7[0]   ; G4    ; 5        ; 53           ; 27           ; 0           ; 0                     ; 0                  ; no     ; no             ; no            ; no              ; no       ; Off          ; LVTTL        ; Off         ; Fitter               ;
; in7[10]  ; W16   ; 8        ; 9            ; 0            ; 3           ; 0                     ; 0                  ; no     ; no             ; no            ; no              ; no       ; Off          ; LVTTL        ; Off         ; Fitter               ;
; in7[1]   ; Y19   ; 8        ; 3            ; 0            ; 1           ; 0                     ; 0                  ; no     ; no             ; no            ; no              ; no       ; Off          ; LVTTL        ; Off         ; Fitter               ;
; in7[2]   ; A6    ; 4        ; 46           ; 31           ; 2           ; 0                     ; 0                  ; no     ; no             ; no            ; no              ; no       ; Off          ; LVTTL        ; Off         ; Fitter               ;
; in7[3]   ; T16   ; 8        ; 7            ; 0            ; 1           ; 0                     ; 0                  ; no     ; no             ; no            ; no              ; no       ; Off          ; LVTTL        ; Off         ; Fitter               ;
; in7[4]   ; H3    ; 5        ; 53           ; 24           ; 1           ; 0                     ; 0                  ; no     ; no             ; no            ; no              ; no       ; Off          ; LVTTL        ; Off         ; Fitter               ;
; in7[5]   ; U17   ; 8        ; 7            ; 0            ; 0           ; 0                     ; 0                  ; no     ; no             ; no            ; no              ; no       ; Off          ; LVTTL        ; Off         ; Fitter               ;
; in7[6]   ; V17   ; 8        ; 7            ; 0            ; 2           ; 0                     ; 0                  ; no     ; no             ; no            ; no              ; no       ; Off          ; LVTTL        ; Off         ; Fitter               ;
; in7[7]   ; A19   ; 3        ; 3            ; 31           ; 2           ; 0                     ; 0                  ; no     ; no             ; no            ; no              ; no       ; Off          ; LVTTL        ; Off         ; Fitter               ;
; in7[8]   ; Y16   ; 8        ; 7            ; 0            ; 4           ; 0                     ; 0                  ; no     ; no             ; no            ; no              ; no       ; Off          ; LVTTL        ; Off         ; Fitter               ;
; in7[9]   ; J21   ; 2        ; 0            ; 21           ; 1           ; 0                     ; 0                  ; no     ; no             ; no            ; no              ; no       ; Off          ; LVTTL        ; Off         ; Fitter               ;
; in8[0]   ; AA16  ; 8        ; 9            ; 0            ; 1           ; 0                     ; 0                  ; no     ; no             ; no            ; no              ; no       ; Off          ; LVTTL        ; Off         ; Fitter               ;
; in8[10]  ; N14   ; 8        ; 17           ; 0            ; 2           ; 0                     ; 0                  ; no     ; no             ; no            ; no              ; no       ; Off          ; LVTTL        ; Off         ; Fitter               ;
; in8[1]   ; H10   ; 4        ; 33           ; 31           ; 1           ; 0                     ; 0                  ; no     ; no             ; no            ; no              ; no       ; Off          ; LVTTL        ; Off         ; Fitter               ;
; in8[2]   ; E5    ; 4        ; 48           ; 31           ; 1           ; 0                     ; 0                  ; no     ; no             ; no            ; no              ; no       ; Off          ; LVTTL        ; Off         ; Fitter               ;
; in8[3]   ; F9    ; 4        ; 36           ; 31           ; 1           ; 0                     ; 0                  ; no     ; no             ; no            ; no              ; no       ; Off          ; LVTTL        ; Off         ; Fitter               ;
; in8[4]   ; R15   ; 8        ; 12           ; 0            ; 2           ; 0                     ; 0                  ; no     ; no             ; no            ; no              ; no       ; Off          ; LVTTL        ; Off         ; Fitter               ;
; in8[5]   ; AB15  ; 8        ; 12           ; 0            ; 0           ; 0                     ; 0                  ; no     ; no             ; no            ; no              ; no       ; Off          ; LVTTL        ; Off         ; Fitter               ;
; in8[6]   ; Y4    ; 7        ; 50           ; 0            ; 4           ; 0                     ; 0                  ; no     ; no             ; no            ; no              ; no       ; Off          ; LVTTL        ; Off         ; Fitter               ;
; in8[7]   ; C2    ; 4        ; 52           ; 31           ; 0           ; 0                     ; 0                  ; no     ; no             ; no            ; no              ; no       ; Off          ; LVTTL        ; Off         ; Fitter               ;
; in8[8]   ; V18   ; 8        ; 5            ; 0            ; 0           ; 0                     ; 0                  ; no     ; no             ; no            ; no              ; no       ; Off          ; LVTTL        ; Off         ; Fitter               ;
; in8[9]   ; AB8   ; 7        ; 44           ; 0            ; 3           ; 0                     ; 0                  ; no     ; no             ; no            ; no              ; no       ; Off          ; LVTTL        ; Off         ; Fitter               ;
; in9[0]   ; W15   ; 8        ; 17           ; 0            ; 0           ; 0                     ; 0                  ; no     ; no             ; no            ; no              ; no       ; Off          ; LVTTL        ; Off         ; Fitter               ;
; in9[10]  ; P10   ; 7        ; 33           ; 0            ; 1           ; 0                     ; 0                  ; no     ; no             ; no            ; no              ; no       ; Off          ; LVTTL        ; Off         ; Fitter               ;
; in9[1]   ; N15   ; 8        ; 19           ; 0            ; 0           ; 0                     ; 0                  ; no     ; no             ; no            ; no              ; no       ; Off          ; LVTTL        ; Off         ; Fitter               ;
; in9[2]   ; U14   ; 8        ; 17           ; 0            ; 3           ; 0                     ; 0                  ; no     ; no             ; no            ; no              ; no       ; Off          ; LVTTL        ; Off         ; Fitter               ;
; in9[3]   ; J14   ; 3        ; 3            ; 31           ; 4           ; 0                     ; 0                  ; no     ; no             ; no            ; no              ; no       ; Off          ; LVTTL        ; Off         ; Fitter               ;
; in9[4]   ; AB18  ; 8        ; 5            ; 0            ; 1           ; 0                     ; 0                  ; no     ; no             ; no            ; no              ; no       ; Off          ; LVTTL        ; Off         ; Fitter               ;
; in9[5]   ; P15   ; 8        ; 19           ; 0            ; 1           ; 0                     ; 0                  ; no     ; no             ; no            ; no              ; no       ; Off          ; LVTTL        ; Off         ; Fitter               ;
; in9[6]   ; L15   ; 3        ; 19           ; 31           ; 0           ; 0                     ; 0                  ; no     ; no             ; no            ; no              ; no       ; Off          ; LVTTL        ; Off         ; Fitter               ;
; in9[7]   ; A11   ; 4        ; 29           ; 31           ; 3           ; 0                     ; 0                  ; no     ; no             ; no            ; no              ; no       ; Off          ; LVTTL        ; Off         ; Fitter               ;
; in9[8]   ; T14   ; 8        ; 19           ; 0            ; 5           ; 0                     ; 0                  ; no     ; no             ; no            ; no              ; no       ; Off          ; LVTTL        ; Off         ; Fitter               ;
; in9[9]   ; P13   ; 8        ; 19           ; 0            ; 4           ; 0                     ; 0                  ; no     ; no             ; no            ; no              ; no       ; Off          ; LVTTL        ; Off         ; Fitter               ;
+----------+-------+----------+--------------+--------------+-------------+-----------------------+--------------------+--------+----------------+---------------+-----------------+----------+--------------+--------------+-------------+----------------------+


+--------------------------------------------------------------------------------------------------------------------------------------------------------------------------------------------------------------------------------------------------------------------------------------------------------------------+
; Output Pins                                                                                                                                                                                                                                                                                                        ;
+-----------+-------+----------+--------------+--------------+-------------+-----------------+------------------------+---------------+----------------+-----------------+------------+---------------+----------+--------------+--------------+------------------+-------------+----------------------+-------------+
; Name      ; Pin # ; I/O Bank ; X coordinate ; Y coordinate ; Cell number ; Output Register ; Output Enable Register ; Power Up High ; Slow Slew Rate ; PCI I/O Enabled ; Open Drain ; TRI Primitive ; Bus Hold ; Weak Pull Up ; I/O Standard ; Current Strength ; Termination ; Location assigned by ; Load        ;
+-----------+-------+----------+--------------+--------------+-------------+-----------------+------------------------+---------------+----------------+-----------------+------------+---------------+----------+--------------+--------------+------------------+-------------+----------------------+-------------+
; out10[0]  ; D19   ; 3        ; 1            ; 31           ; 4           ; no              ; no                     ; no            ; no             ; no              ; no         ; no            ; no       ; Off          ; LVTTL        ; 24mA             ; Off         ; Fitter               ; Unspecified ;
; out10[10] ; Y20   ; 8        ; 1            ; 0            ; 4           ; no              ; no                     ; no            ; no             ; no              ; no         ; no            ; no       ; Off          ; LVTTL        ; 24mA             ; Off         ; Fitter               ; Unspecified ;
; out10[1]  ; U16   ; 8        ; 7            ; 0            ; 3           ; no              ; no                     ; no            ; no             ; no              ; no         ; no            ; no       ; Off          ; LVTTL        ; 24mA             ; Off         ; Fitter               ; Unspecified ;
; out10[2]  ; U6    ; 7        ; 44           ; 0            ; 0           ; no              ; no                     ; no            ; no             ; no              ; no         ; no            ; no       ; Off          ; LVTTL        ; 24mA             ; Off         ; Fitter               ; Unspecified ;
; out10[3]  ; D15   ; 3        ; 12           ; 31           ; 2           ; no              ; no                     ; no            ; no             ; no              ; no         ; no            ; no       ; Off          ; LVTTL        ; 24mA             ; Off         ; Fitter               ; Unspecified ;
; out10[4]  ; K8    ; 4        ; 33           ; 31           ; 5           ; no              ; no                     ; no            ; no             ; no              ; no         ; no            ; no       ; Off          ; LVTTL        ; 24mA             ; Off         ; Fitter               ; Unspecified ;
; out10[5]  ; A8    ; 4        ; 44           ; 31           ; 5           ; no              ; no                     ; no            ; no             ; no              ; no         ; no            ; no       ; Off          ; LVTTL        ; 24mA             ; Off         ; Fitter               ; Unspecified ;
; out10[6]  ; B18   ; 3        ; 5            ; 31           ; 0           ; no              ; no                     ; no            ; no             ; no              ; no         ; no            ; no       ; Off          ; LVTTL        ; 24mA             ; Off         ; Fitter               ; Unspecified ;
; out10[7]  ; K16   ; 3        ; 12           ; 31           ; 4           ; no              ; no                     ; no            ; no             ; no              ; no         ; no            ; no       ; Off          ; LVTTL        ; 24mA             ; Off         ; Fitter               ; Unspecified ;
; out10[8]  ; D13   ; 3        ; 21           ; 31           ; 1           ; no              ; no                     ; no            ; no             ; no              ; no         ; no            ; no       ; Off          ; LVTTL        ; 24mA             ; Off         ; Fitter               ; Unspecified ;
; out10[9]  ; C15   ; 3        ; 17           ; 31           ; 4           ; no              ; no                     ; no            ; no             ; no              ; no         ; no            ; no       ; Off          ; LVTTL        ; 24mA             ; Off         ; Fitter               ; Unspecified ;
; out1[0]   ; K3    ; 5        ; 53           ; 20           ; 0           ; no              ; no                     ; no            ; no             ; no              ; no         ; no            ; no       ; Off          ; LVTTL        ; 24mA             ; Off         ; Fitter               ; Unspecified ;
; out1[10]  ; K7    ; 4        ; 50           ; 31           ; 1           ; no              ; no                     ; no            ; no             ; no              ; no         ; no            ; no       ; Off          ; LVTTL        ; 24mA             ; Off         ; Fitter               ; Unspecified ;
; out1[1]   ; H19   ; 2        ; 0            ; 24           ; 0           ; no              ; no                     ; no            ; no             ; no              ; no         ; no            ; no       ; Off          ; LVTTL        ; 24mA             ; Off         ; Fitter               ; Unspecified ;
; out1[2]   ; A5    ; 4        ; 48           ; 31           ; 3           ; no              ; no                     ; no            ; no             ; no              ; no         ; no            ; no       ; Off          ; LVTTL        ; 24mA             ; Off         ; Fitter               ; Unspecified ;
; out1[3]   ; H4    ; 5        ; 53           ; 24           ; 0           ; no              ; no                     ; no            ; no             ; no              ; no         ; no            ; no       ; Off          ; LVTTL        ; 24mA             ; Off         ; Fitter               ; Unspecified ;
; out1[4]   ; P7    ; 7        ; 50           ; 0            ; 0           ; no              ; no                     ; no            ; no             ; no              ; no         ; no            ; no       ; Off          ; LVTTL        ; 24mA             ; Off         ; Fitter               ; Unspecified ;
; out1[5]   ; M8    ; 7        ; 33           ; 0            ; 2           ; no              ; no                     ; no            ; no             ; no              ; no         ; no            ; no       ; Off          ; LVTTL        ; 24mA             ; Off         ; Fitter               ; Unspecified ;
; out1[6]   ; J17   ; 2        ; 0            ; 27           ; 3           ; no              ; no                     ; no            ; no             ; no              ; no         ; no            ; no       ; Off          ; LVTTL        ; 24mA             ; Off         ; Fitter               ; Unspecified ;
; out1[7]   ; B21   ; 3        ; 1            ; 31           ; 2           ; no              ; no                     ; no            ; no             ; no              ; no         ; no            ; no       ; Off          ; LVTTL        ; 24mA             ; Off         ; Fitter               ; Unspecified ;
; out1[8]   ; P21   ; 1        ; 0            ; 10           ; 0           ; no              ; no                     ; no            ; no             ; no              ; no         ; no            ; no       ; Off          ; LVTTL        ; 24mA             ; Off         ; Fitter               ; Unspecified ;
; out1[9]   ; F17   ; 3        ; 7            ; 31           ; 0           ; no              ; no                     ; no            ; no             ; no              ; no         ; no            ; no       ; Off          ; LVTTL        ; 24mA             ; Off         ; Fitter               ; Unspecified ;
; out2[0]   ; W21   ; 1        ; 0            ; 2            ; 2           ; no              ; no                     ; no            ; no             ; no              ; no         ; no            ; no       ; Off          ; LVTTL        ; 24mA             ; Off         ; Fitter               ; Unspecified ;
; out2[10]  ; U2    ; 6        ; 53           ; 8            ; 2           ; no              ; no                     ; no            ; no             ; no              ; no         ; no            ; no       ; Off          ; LVTTL        ; 24mA             ; Off         ; Fitter               ; Unspecified ;
; out2[1]   ; C9    ; 4        ; 36           ; 31           ; 5           ; no              ; no                     ; no            ; no             ; no              ; no         ; no            ; no       ; Off          ; LVTTL        ; 24mA             ; Off         ; Fitter               ; Unspecified ;
; out2[2]   ; W22   ; 1        ; 0            ; 2            ; 3           ; no              ; no                     ; no            ; no             ; no              ; no         ; no            ; no       ; Off          ; LVTTL        ; 24mA             ; Off         ; Fitter               ; Unspecified ;
; out2[3]   ; J4    ; 5        ; 53           ; 25           ; 1           ; no              ; no                     ; no            ; no             ; no              ; no         ; no            ; no       ; Off          ; LVTTL        ; 24mA             ; Off         ; Fitter               ; Unspecified ;
; out2[4]   ; F14   ; 3        ; 17           ; 31           ; 3           ; no              ; no                     ; no            ; no             ; no              ; no         ; no            ; no       ; Off          ; LVTTL        ; 24mA             ; Off         ; Fitter               ; Unspecified ;
; out2[5]   ; D4    ; 4        ; 50           ; 31           ; 2           ; no              ; no                     ; no            ; no             ; no              ; no         ; no            ; no       ; Off          ; LVTTL        ; 24mA             ; Off         ; Fitter               ; Unspecified ;
; out2[6]   ; J7    ; 4        ; 50           ; 31           ; 0           ; no              ; no                     ; no            ; no             ; no              ; no         ; no            ; no       ; Off          ; LVTTL        ; 24mA             ; Off         ; Fitter               ; Unspecified ;
; out2[7]   ; C13   ; 9        ; 25           ; 31           ; 4           ; no              ; no                     ; no            ; no             ; no              ; no         ; no            ; no       ; Off          ; LVTTL        ; 24mA             ; Off         ; Fitter               ; Unspecified ;
; out2[8]   ; G16   ; 3        ; 9            ; 31           ; 2           ; no              ; no                     ; no            ; no             ; no              ; no         ; no            ; no       ; Off          ; LVTTL        ; 24mA             ; Off         ; Fitter               ; Unspecified ;
; out2[9]   ; C3    ; 4        ; 50           ; 31           ; 4           ; no              ; no                     ; no            ; no             ; no              ; no         ; no            ; no       ; Off          ; LVTTL        ; 24mA             ; Off         ; Fitter               ; Unspecified ;
; out3[0]   ; A12   ; 9        ; 25           ; 31           ; 3           ; no              ; no                     ; no            ; no             ; no              ; no         ; no            ; no       ; Off          ; LVTTL        ; 24mA             ; Off         ; Fitter               ; Unspecified ;
; out3[10]  ; H1    ; 5        ; 53           ; 21           ; 3           ; no              ; no                     ; no            ; no             ; no              ; no         ; no            ; no       ; Off          ; LVTTL        ; 24mA             ; Off         ; Fitter               ; Unspecified ;
; out3[1]   ; B13   ; 9        ; 25           ; 31           ; 5           ; no              ; no                     ; no            ; no             ; no              ; no         ; no            ; no       ; Off          ; LVTTL        ; 24mA             ; Off         ; Fitter               ; Unspecified ;
; out3[2]   ; V7    ; 7        ; 46           ; 0            ; 3           ; no              ; no                     ; no            ; no             ; no              ; no         ; no            ; no       ; Off          ; LVTTL        ; 24mA             ; Off         ; Fitter               ; Unspecified ;
; out3[3]   ; Y12   ; 11       ; 25           ; 0            ; 1           ; no              ; no                     ; no            ; no             ; no              ; no         ; no            ; no       ; Off          ; LVTTL        ; 24mA             ; Off         ; Fitter               ; Unspecified ;
; out3[4]   ; C8    ; 4        ; 41           ; 31           ; 3           ; no              ; no                     ; no            ; no             ; no              ; no         ; no            ; no       ; Off          ; LVTTL        ; 24mA             ; Off         ; Fitter               ; Unspecified ;
; out3[5]   ; J8    ; 4        ; 33           ; 31           ; 4           ; no              ; no                     ; no            ; no             ; no              ; no         ; no            ; no       ; Off          ; LVTTL        ; 24mA             ; Off         ; Fitter               ; Unspecified ;
; out3[6]   ; D18   ; 3        ; 5            ; 31           ; 1           ; no              ; no                     ; no            ; no             ; no              ; no         ; no            ; no       ; Off          ; LVTTL        ; 24mA             ; Off         ; Fitter               ; Unspecified ;
; out3[7]   ; J15   ; 3        ; 17           ; 31           ; 5           ; no              ; no                     ; no            ; no             ; no              ; no         ; no            ; no       ; Off          ; LVTTL        ; 24mA             ; Off         ; Fitter               ; Unspecified ;
; out3[8]   ; D5    ; 4        ; 48           ; 31           ; 5           ; no              ; no                     ; no            ; no             ; no              ; no         ; no            ; no       ; Off          ; LVTTL        ; 24mA             ; Off         ; Fitter               ; Unspecified ;
; out3[9]   ; J2    ; 5        ; 53           ; 21           ; 1           ; no              ; no                     ; no            ; no             ; no              ; no         ; no            ; no       ; Off          ; LVTTL        ; 24mA             ; Off         ; Fitter               ; Unspecified ;
; out4[0]   ; Y3    ; 7        ; 52           ; 0            ; 5           ; no              ; no                     ; no            ; no             ; no              ; no         ; no            ; no       ; Off          ; LVTTL        ; 24mA             ; Off         ; Fitter               ; Unspecified ;
; out4[10]  ; F10   ; 4        ; 33           ; 31           ; 2           ; no              ; no                     ; no            ; no             ; no              ; no         ; no            ; no       ; Off          ; LVTTL        ; 24mA             ; Off         ; Fitter               ; Unspecified ;
; out4[1]   ; B4    ; 4        ; 52           ; 31           ; 1           ; no              ; no                     ; no            ; no             ; no              ; no         ; no            ; no       ; Off          ; LVTTL        ; 24mA             ; Off         ; Fitter               ; Unspecified ;
; out4[2]   ; P14   ; 8        ; 19           ; 0            ; 2           ; no              ; no                     ; no            ; no             ; no              ; no         ; no            ; no       ; Off          ; LVTTL        ; 24mA             ; Off         ; Fitter               ; Unspecified ;
; out4[3]   ; J16   ; 3        ; 12           ; 31           ; 5           ; no              ; no                     ; no            ; no             ; no              ; no         ; no            ; no       ; Off          ; LVTTL        ; 24mA             ; Off         ; Fitter               ; Unspecified ;
; out4[4]   ; J6    ; 5        ; 53           ; 26           ; 1           ; no              ; no                     ; no            ; no             ; no              ; no         ; no            ; no       ; Off          ; LVTTL        ; 24mA             ; Off         ; Fitter               ; Unspecified ;
; out4[5]   ; B3    ; 4        ; 52           ; 31           ; 5           ; no              ; no                     ; no            ; no             ; no              ; no         ; no            ; no       ; Off          ; LVTTL        ; 24mA             ; Off         ; Fitter               ; Unspecified ;
; out4[6]   ; H17   ; 2        ; 0            ; 25           ; 1           ; no              ; no                     ; no            ; no             ; no              ; no         ; no            ; no       ; Off          ; LVTTL        ; 24mA             ; Off         ; Fitter               ; Unspecified ;
; out4[7]   ; D2    ; 5        ; 53           ; 30           ; 3           ; no              ; no                     ; no            ; no             ; no              ; no         ; no            ; no       ; Off          ; LVTTL        ; 24mA             ; Off         ; Fitter               ; Unspecified ;
; out4[8]   ; F15   ; 3        ; 12           ; 31           ; 0           ; no              ; no                     ; no            ; no             ; no              ; no         ; no            ; no       ; Off          ; LVTTL        ; 24mA             ; Off         ; Fitter               ; Unspecified ;
; out4[9]   ; D7    ; 4        ; 44           ; 31           ; 2           ; no              ; no                     ; no            ; no             ; no              ; no         ; no            ; no       ; Off          ; LVTTL        ; 24mA             ; Off         ; Fitter               ; Unspecified ;
; out5[0]   ; A7    ; 4        ; 44           ; 31           ; 4           ; no              ; no                     ; no            ; no             ; no              ; no         ; no            ; no       ; Off          ; LVTTL        ; 24mA             ; Off         ; Fitter               ; Unspecified ;
; out5[10]  ; R8    ; 7        ; 31           ; 0            ; 0           ; no              ; no                     ; no            ; no             ; no              ; no         ; no            ; no       ; Off          ; LVTTL        ; 24mA             ; Off         ; Fitter               ; Unspecified ;
; out5[1]   ; W2    ; 6        ; 53           ; 2            ; 2           ; no              ; no                     ; no            ; no             ; no              ; no         ; no            ; no       ; Off          ; LVTTL        ; 24mA             ; Off         ; Fitter               ; Unspecified ;
; out5[2]   ; R3    ; 6        ; 53           ; 7            ; 1           ; no              ; no                     ; no            ; no             ; no              ; no         ; no            ; no       ; Off          ; LVTTL        ; 24mA             ; Off         ; Fitter               ; Unspecified ;
; out5[3]   ; N16   ; 8        ; 9            ; 0            ; 0           ; no              ; no                     ; no            ; no             ; no              ; no         ; no            ; no       ; Off          ; LVTTL        ; 24mA             ; Off         ; Fitter               ; Unspecified ;
; out5[4]   ; U18   ; 1        ; 0            ; 3            ; 1           ; no              ; no                     ; no            ; no             ; no              ; no         ; no            ; no       ; Off          ; LVTTL        ; 24mA             ; Off         ; Fitter               ; Unspecified ;
; out5[5]   ; L16   ; 3        ; 17           ; 31           ; 1           ; no              ; no                     ; no            ; no             ; no              ; no         ; no            ; no       ; Off          ; LVTTL        ; 24mA             ; Off         ; Fitter               ; Unspecified ;
; out5[6]   ; G14   ; 3        ; 19           ; 31           ; 5           ; no              ; no                     ; no            ; no             ; no              ; no         ; no            ; no       ; Off          ; LVTTL        ; 24mA             ; Off         ; Fitter               ; Unspecified ;
; out5[7]   ; R1    ; 6        ; 53           ; 10           ; 2           ; no              ; no                     ; no            ; no             ; no              ; no         ; no            ; no       ; Off          ; LVTTL        ; 24mA             ; Off         ; Fitter               ; Unspecified ;
; out5[8]   ; AA12  ; 11       ; 25           ; 0            ; 2           ; no              ; no                     ; no            ; no             ; no              ; no         ; no            ; no       ; Off          ; LVTTL        ; 24mA             ; Off         ; Fitter               ; Unspecified ;
; out5[9]   ; E1    ; 5        ; 53           ; 29           ; 3           ; no              ; no                     ; no            ; no             ; no              ; no         ; no            ; no       ; Off          ; LVTTL        ; 24mA             ; Off         ; Fitter               ; Unspecified ;
; out6[0]   ; R22   ; 1        ; 0            ; 10           ; 2           ; no              ; no                     ; no            ; no             ; no              ; no         ; no            ; no       ; Off          ; LVTTL        ; 24mA             ; Off         ; Fitter               ; Unspecified ;
; out6[10]  ; A15   ; 3        ; 19           ; 31           ; 1           ; no              ; no                     ; no            ; no             ; no              ; no         ; no            ; no       ; Off          ; LVTTL        ; 24mA             ; Off         ; Fitter               ; Unspecified ;
; out6[1]   ; D17   ; 3        ; 5            ; 31           ; 5           ; no              ; no                     ; no            ; no             ; no              ; no         ; no            ; no       ; Off          ; LVTTL        ; 24mA             ; Off         ; Fitter               ; Unspecified ;
; out6[2]   ; AA13  ; 11       ; 25           ; 0            ; 4           ; no              ; no                     ; no            ; no             ; no              ; no         ; no            ; no       ; Off          ; LVTTL        ; 24mA             ; Off         ; Fitter               ; Unspecified ;
; out6[3]   ; C18   ; 3        ; 5            ; 31           ; 4           ; no              ; no                     ; no            ; no             ; no              ; no         ; no            ; no       ; Off          ; LVTTL        ; 24mA             ; Off         ; Fitter               ; Unspecified ;
; out6[4]   ; E21   ; 2        ; 0            ; 29           ; 2           ; no              ; no                     ; no            ; no             ; no              ; no         ; no            ; no       ; Off          ; LVTTL        ; 24mA             ; Off         ; Fitter               ; Unspecified ;
; out6[5]   ; C17   ; 3        ; 7            ; 31           ; 1           ; no              ; no                     ; no            ; no             ; no              ; no         ; no            ; no       ; Off          ; LVTTL        ; 24mA             ; Off         ; Fitter               ; Unspecified ;
; out6[6]   ; E6    ; 4        ; 46           ; 31           ; 3           ; no              ; no                     ; no            ; no             ; no              ; no         ; no            ; no       ; Off          ; LVTTL        ; 24mA             ; Off         ; Fitter               ; Unspecified ;
; out6[7]   ; N10   ; 7        ; 31           ; 0            ; 3           ; no              ; no                     ; no            ; no             ; no              ; no         ; no            ; no       ; Off          ; LVTTL        ; 24mA             ; Off         ; Fitter               ; Unspecified ;
; out6[8]   ; J3    ; 5        ; 53           ; 21           ; 0           ; no              ; no                     ; no            ; no             ; no              ; no         ; no            ; no       ; Off          ; LVTTL        ; 24mA             ; Off         ; Fitter               ; Unspecified ;
; out6[9]   ; AA2   ; 7        ; 52           ; 0            ; 0           ; no              ; no                     ; no            ; no             ; no              ; no         ; no            ; no       ; Off          ; LVTTL        ; 24mA             ; Off         ; Fitter               ; Unspecified ;
; out7[0]   ; R20   ; 1        ; 0            ; 7            ; 0           ; no              ; no                     ; no            ; no             ; no              ; no         ; no            ; no       ; Off          ; LVTTL        ; 24mA             ; Off         ; Fitter               ; Unspecified ;
; out7[10]  ; M16   ; 3        ; 1            ; 31           ; 1           ; no              ; no                     ; no            ; no             ; no              ; no         ; no            ; no       ; Off          ; LVTTL        ; 24mA             ; Off         ; Fitter               ; Unspecified ;
; out7[1]   ; E17   ; 3        ; 7            ; 31           ; 2           ; no              ; no                     ; no            ; no             ; no              ; no         ; no            ; no       ; Off          ; LVTTL        ; 24mA             ; Off         ; Fitter               ; Unspecified ;
; out7[2]   ; A17   ; 3        ; 7            ; 31           ; 5           ; no              ; no                     ; no            ; no             ; no              ; no         ; no            ; no       ; Off          ; LVTTL        ; 24mA             ; Off         ; Fitter               ; Unspecified ;
; out7[3]   ; P16   ; 8        ; 12           ; 0            ; 5           ; no              ; no                     ; no            ; no             ; no              ; no         ; no            ; no       ; Off          ; LVTTL        ; 24mA             ; Off         ; Fitter               ; Unspecified ;
; out7[4]   ; F16   ; 3        ; 7            ; 31           ; 4           ; no              ; no                     ; no            ; no             ; no              ; no         ; no            ; no       ; Off          ; LVTTL        ; 24mA             ; Off         ; Fitter               ; Unspecified ;
; out7[5]   ; K15   ; 3        ; 19           ; 31           ; 2           ; no              ; no                     ; no            ; no             ; no              ; no         ; no            ; no       ; Off          ; LVTTL        ; 24mA             ; Off         ; Fitter               ; Unspecified ;
; out7[6]   ; V4    ; 6        ; 53           ; 1            ; 1           ; no              ; no                     ; no            ; no             ; no              ; no         ; no            ; no       ; Off          ; LVTTL        ; 24mA             ; Off         ; Fitter               ; Unspecified ;
; out7[7]   ; V2    ; 6        ; 53           ; 5            ; 3           ; no              ; no                     ; no            ; no             ; no              ; no         ; no            ; no       ; Off          ; LVTTL        ; 24mA             ; Off         ; Fitter               ; Unspecified ;
; out7[8]   ; C16   ; 3        ; 9            ; 31           ; 0           ; no              ; no                     ; no            ; no             ; no              ; no         ; no            ; no       ; Off          ; LVTTL        ; 24mA             ; Off         ; Fitter               ; Unspecified ;
; out7[9]   ; R2    ; 6        ; 53           ; 10           ; 3           ; no              ; no                     ; no            ; no             ; no              ; no         ; no            ; no       ; Off          ; LVTTL        ; 24mA             ; Off         ; Fitter               ; Unspecified ;
; out8[0]   ; A18   ; 3        ; 5            ; 31           ; 3           ; no              ; no                     ; no            ; no             ; no              ; no         ; no            ; no       ; Off          ; LVTTL        ; 24mA             ; Off         ; Fitter               ; Unspecified ;
; out8[10]  ; G7    ; 4        ; 52           ; 31           ; 4           ; no              ; no                     ; no            ; no             ; no              ; no         ; no            ; no       ; Off          ; LVTTL        ; 24mA             ; Off         ; Fitter               ; Unspecified ;
; out8[1]   ; U7    ; 7        ; 46           ; 0            ; 1           ; no              ; no                     ; no            ; no             ; no              ; no         ; no            ; no       ; Off          ; LVTTL        ; 24mA             ; Off         ; Fitter               ; Unspecified ;
; out8[2]   ; F22   ; 2        ; 0            ; 23           ; 3           ; no              ; no                     ; no            ; no             ; no              ; no         ; no            ; no       ; Off          ; LVTTL        ; 24mA             ; Off         ; Fitter               ; Unspecified ;
; out8[3]   ; C14   ; 3        ; 21           ; 31           ; 3           ; no              ; no                     ; no            ; no             ; no              ; no         ; no            ; no       ; Off          ; LVTTL        ; 24mA             ; Off         ; Fitter               ; Unspecified ;
; out8[4]   ; A16   ; 3        ; 9            ; 31           ; 4           ; no              ; no                     ; no            ; no             ; no              ; no         ; no            ; no       ; Off          ; LVTTL        ; 24mA             ; Off         ; Fitter               ; Unspecified ;
; out8[5]   ; E22   ; 2        ; 0            ; 29           ; 3           ; no              ; no                     ; no            ; no             ; no              ; no         ; no            ; no       ; Off          ; LVTTL        ; 24mA             ; Off         ; Fitter               ; Unspecified ;
; out8[6]   ; B2    ; 4        ; 52           ; 31           ; 2           ; no              ; no                     ; no            ; no             ; no              ; no         ; no            ; no       ; Off          ; LVTTL        ; 24mA             ; Off         ; Fitter               ; Unspecified ;
; out8[7]   ; F8    ; 4        ; 41           ; 31           ; 0           ; no              ; no                     ; no            ; no             ; no              ; no         ; no            ; no       ; Off          ; LVTTL        ; 24mA             ; Off         ; Fitter               ; Unspecified ;
; out8[8]   ; T15   ; 8        ; 12           ; 0            ; 4           ; no              ; no                     ; no            ; no             ; no              ; no         ; no            ; no       ; Off          ; LVTTL        ; 24mA             ; Off         ; Fitter               ; Unspecified ;
; out8[9]   ; C12   ; 9        ; 25           ; 31           ; 1           ; no              ; no                     ; no            ; no             ; no              ; no         ; no            ; no       ; Off          ; LVTTL        ; 24mA             ; Off         ; Fitter               ; Unspecified ;
; out9[0]   ; E8    ; 4        ; 41           ; 31           ; 2           ; no              ; no                     ; no            ; no             ; no              ; no         ; no            ; no       ; Off          ; LVTTL        ; 24mA             ; Off         ; Fitter               ; Unspecified ;
; out9[10]  ; C7    ; 4        ; 44           ; 31           ; 3           ; no              ; no                     ; no            ; no             ; no              ; no         ; no            ; no       ; Off          ; LVTTL        ; 24mA             ; Off         ; Fitter               ; Unspecified ;
; out9[1]   ; F2    ; 5        ; 53           ; 23           ; 2           ; no              ; no                     ; no            ; no             ; no              ; no         ; no            ; no       ; Off          ; LVTTL        ; 24mA             ; Off         ; Fitter               ; Unspecified ;
; out9[2]   ; H22   ; 2        ; 0            ; 21           ; 3           ; no              ; no                     ; no            ; no             ; no              ; no         ; no            ; no       ; Off          ; LVTTL        ; 24mA             ; Off         ; Fitter               ; Unspecified ;
; out9[3]   ; J9    ; 4        ; 33           ; 31           ; 0           ; no              ; no                     ; no            ; no             ; no              ; no         ; no            ; no       ; Off          ; LVTTL        ; 24mA             ; Off         ; Fitter               ; Unspecified ;
; out9[4]   ; K2    ; 5        ; 53           ; 20           ; 1           ; no              ; no                     ; no            ; no             ; no              ; no         ; no            ; no       ; Off          ; LVTTL        ; 24mA             ; Off         ; Fitter               ; Unspecified ;
; out9[5]   ; C20   ; 3        ; 1            ; 31           ; 3           ; no              ; no                     ; no            ; no             ; no              ; no         ; no            ; no       ; Off          ; LVTTL        ; 24mA             ; Off         ; Fitter               ; Unspecified ;
; out9[6]   ; AA3   ; 7        ; 52           ; 0            ; 1           ; no              ; no                     ; no            ; no             ; no              ; no         ; no            ; no       ; Off          ; LVTTL        ; 24mA             ; Off         ; Fitter               ; Unspecified ;
; out9[7]   ; C19   ; 3        ; 3            ; 31           ; 0           ; no              ; no                     ; no            ; no             ; no              ; no         ; no            ; no       ; Off          ; LVTTL        ; 24mA             ; Off         ; Fitter               ; Unspecified ;
; out9[8]   ; D16   ; 3        ; 9            ; 31           ; 1           ; no              ; no                     ; no            ; no             ; no              ; no         ; no            ; no       ; Off          ; LVTTL        ; 24mA             ; Off         ; Fitter               ; Unspecified ;
; out9[9]   ; E19   ; 2        ; 0            ; 30           ; 0           ; no              ; no                     ; no            ; no             ; no              ; no         ; no            ; no       ; Off          ; LVTTL        ; 24mA             ; Off         ; Fitter               ; Unspecified ;
+-----------+-------+----------+--------------+--------------+-------------+-----------------+------------------------+---------------+----------------+-----------------+------------+---------------+----------+--------------+--------------+------------------+-------------+----------------------+-------------+


+------------------------------------------------------------+
; I/O Bank Usage                                             ;
+----------+------------------+---------------+--------------+
; I/O Bank ; Usage            ; VCCIO Voltage ; VREF Voltage ;
+----------+------------------+---------------+--------------+
; 1        ; 7 / 29 ( 24 % )  ; 3.3V          ; --           ;
; 2        ; 11 / 30 ( 36 % ) ; 3.3V          ; --           ;
; 3        ; 39 / 51 ( 76 % ) ; 3.3V          ; --           ;
; 4        ; 36 / 52 ( 69 % ) ; 3.3V          ; --           ;
; 5        ; 15 / 29 ( 51 % ) ; 3.3V          ; --           ;
; 6        ; 14 / 29 ( 48 % ) ; 3.3V          ; --           ;
; 7        ; 48 / 52 ( 92 % ) ; 3.3V          ; --           ;
; 8        ; 44 / 51 ( 86 % ) ; 3.3V          ; --           ;
; 9        ; 4 / 6 ( 66 % )   ; 3.3V          ; --           ;
; 11       ; 4 / 6 ( 66 % )   ; 3.3V          ; --           ;
+----------+------------------+---------------+--------------+


+---------------------------------------------------------------------------------------------------------------------------------------------+
; All Package Pins                                                                                                                            ;
+----------+------------+----------+---------------------------+--------+--------------+---------+------------+-------------+-----------------+
; Location ; Pad Number ; I/O Bank ; Pin Name/Usage            ; Dir.   ; I/O Standard ; Voltage ; I/O Type   ; Termination ; User Assignment ;
+----------+------------+----------+---------------------------+--------+--------------+---------+------------+-------------+-----------------+
; A1       ;            ;          ; VCCINT                    ; power  ;              ; 1.5V    ; --         ; --          ;                 ;
; A2       ;            ;          ; GND                       ; gnd    ;              ;         ; --         ; --          ;                 ;
; A3       ;            ; 4        ; VCCIO4                    ; power  ;              ; 3.3V    ; --         ; --          ;                 ;
; A4       ; 339        ; 4        ; GND*                      ;        ;              ;         ; Column I/O ; --          ;                 ;
; A5       ; 346        ; 4        ; out1[2]                   ; output ; LVTTL        ;         ; Column I/O ; Off         ; N               ;
; A6       ; 351        ; 4        ; in7[2]                    ; input  ; LVTTL        ;         ; Column I/O ; Off         ; N               ;
; A7       ; 355        ; 4        ; out5[0]                   ; output ; LVTTL        ;         ; Column I/O ; Off         ; N               ;
; A8       ; 356        ; 4        ; out10[5]                  ; output ; LVTTL        ;         ; Column I/O ; Off         ; N               ;
; A9       ;            ;          ; GND                       ; gnd    ;              ;         ; --         ; --          ;                 ;
; A10      ;            ; 4        ; VCCIO4                    ; power  ;              ; 3.3V    ; --         ; --          ;                 ;
; A11      ; 389        ; 4        ; in9[7]                    ; input  ; LVTTL        ;         ; Column I/O ; Off         ; N               ;
; A12      ; 395        ; 9        ; out3[0]                   ; output ; LVTTL        ;         ; Column I/O ; Off         ; N               ;
; A13      ;            ; 3        ; VCCIO3                    ; power  ;              ; 3.3V    ; --         ; --          ;                 ;
; A14      ;            ;          ; GND                       ; gnd    ;              ;         ; --         ; --          ;                 ;
; A15      ; 416        ; 3        ; out6[10]                  ; output ; LVTTL        ;         ; Column I/O ; Off         ; N               ;
; A16      ; 429        ; 3        ; out8[4]                   ; output ; LVTTL        ;         ; Column I/O ; Off         ; N               ;
; A17      ; 436        ; 3        ; out7[2]                   ; output ; LVTTL        ;         ; Column I/O ; Off         ; N               ;
; A18      ; 444        ; 3        ; out8[0]                   ; output ; LVTTL        ;         ; Column I/O ; Off         ; N               ;
; A19      ; 450        ; 3        ; in7[7]                    ; input  ; LVTTL        ;         ; Column I/O ; Off         ; N               ;
; A20      ;            ; 3        ; VCCIO3                    ; power  ;              ; 3.3V    ; --         ; --          ;                 ;
; A21      ;            ;          ; GND                       ; gnd    ;              ;         ; --         ; --          ;                 ;
; A22      ;            ;          ; VCCINT                    ; power  ;              ; 1.5V    ; --         ; --          ;                 ;
; AA1      ;            ;          ; GND                       ; gnd    ;              ;         ; --         ; --          ;                 ;
; AA2      ; 225        ; 7        ; out6[9]                   ; output ; LVTTL        ;         ; Column I/O ; Off         ; N               ;
; AA3      ; 224        ; 7        ; out9[6]                   ; output ; LVTTL        ;         ; Column I/O ; Off         ; N               ;
; AA4      ; 220        ; 7        ; in4[7]                    ; input  ; LVTTL        ;         ; Column I/O ; Off         ; N               ;
; AA5      ; 216        ; 7        ; in4[3]                    ; input  ; LVTTL        ;         ; Column I/O ; Off         ; N               ;
; AA6      ; 210        ; 7        ; in3[8]                    ; input  ; LVTTL        ;         ; Column I/O ; Off         ; N               ;
; AA7      ; 204        ; 7        ; in3[3]                    ; input  ; LVTTL        ;         ; Column I/O ; Off         ; N               ;
; AA8      ; 187        ; 7        ; in2[0]                    ; input  ; LVTTL        ;         ; Column I/O ; Off         ; N               ;
; AA9      ;            ;          ; NC                        ;        ;              ;         ; --         ; --          ;                 ;
; AA10     ;            ;          ; NC                        ;        ;              ;         ; --         ; --          ;                 ;
; AA11     ; 168        ; 7        ; clk                       ; input  ; LVTTL        ;         ; Column I/O ; Off         ; N               ;
; AA12     ; 165        ; 11       ; out5[8]                   ; output ; LVTTL        ;         ; Column I/O ; Off         ; N               ;
; AA13     ; 167        ; 11       ; out6[2]                   ; output ; LVTTL        ;         ; Column I/O ; Off         ; N               ;
; AA14     ; 153        ; 8        ; in1[7]                    ; input  ; LVTTL        ;         ; Column I/O ; Off         ; N               ;
; AA15     ; 131        ; 8        ; GND*                      ;        ;              ;         ; Column I/O ; --          ;                 ;
; AA16     ; 125        ; 8        ; in8[0]                    ; input  ; LVTTL        ;         ; Column I/O ; Off         ; N               ;
; AA17     ; 111        ; 8        ; in6[7]                    ; input  ; LVTTL        ;         ; Column I/O ; Off         ; N               ;
; AA18     ; 109        ; 8        ; GND*                      ;        ;              ;         ; Column I/O ; --          ;                 ;
; AA19     ; 108        ; 8        ; in6[3]                    ; input  ; LVTTL        ;         ; Column I/O ; Off         ; N               ;
; AA20     ; 103        ; 8        ; in5[7]                    ; input  ; LVTTL        ;         ; Column I/O ; Off         ; N               ;
; AA21     ; 102        ; 8        ; in5[9]                    ; input  ; LVTTL        ;         ; Column I/O ; Off         ; N               ;
; AA22     ;            ;          ; GND                       ; gnd    ;              ;         ; --         ; --          ;                 ;
; AB1      ;            ;          ; VCCINT                    ; power  ;              ; 1.5V    ; --         ; --          ;                 ;
; AB2      ;            ;          ; GND                       ; gnd    ;              ;         ; --         ; --          ;                 ;
; AB3      ;            ; 7        ; VCCIO7                    ; power  ;              ; 3.3V    ; --         ; --          ;                 ;
; AB4      ; 221        ; 7        ; in5[0]                    ; input  ; LVTTL        ;         ; Column I/O ; Off         ; N               ;
; AB5      ; 213        ; 7        ; in4[4]                    ; input  ; LVTTL        ;         ; Column I/O ; Off         ; N               ;
; AB6      ; 212        ; 7        ; in4[5]                    ; input  ; LVTTL        ;         ; Column I/O ; Off         ; N               ;
; AB7      ; 203        ; 7        ; in4[9]                    ; input  ; LVTTL        ;         ; Column I/O ; Off         ; N               ;
; AB8      ; 201        ; 7        ; in8[9]                    ; input  ; LVTTL        ;         ; Column I/O ; Off         ; N               ;
; AB9      ;            ;          ; GND                       ; gnd    ;              ;         ; --         ; --          ;                 ;
; AB10     ;            ; 7        ; VCCIO7                    ; power  ;              ; 3.3V    ; --         ; --          ;                 ;
; AB11     ; 170        ; 7        ; in1[0]                    ; input  ; LVTTL        ;         ; Column I/O ; Off         ; N               ;
; AB12     ; 164        ; 11       ; GND*                      ;        ;              ;         ; Column I/O ; --          ;                 ;
; AB13     ;            ; 8        ; VCCIO8                    ; power  ;              ; 3.3V    ; --         ; --          ;                 ;
; AB14     ;            ;          ; GND                       ; gnd    ;              ;         ; --         ; --          ;                 ;
; AB15     ; 132        ; 8        ; in8[5]                    ; input  ; LVTTL        ;         ; Column I/O ; Off         ; N               ;
; AB16     ; 129        ; 8        ; in5[1]                    ; input  ; LVTTL        ;         ; Column I/O ; Off         ; N               ;
; AB17     ; 118        ; 8        ; in6[8]                    ; input  ; LVTTL        ;         ; Column I/O ; Off         ; N               ;
; AB18     ; 113        ; 8        ; in9[4]                    ; input  ; LVTTL        ;         ; Column I/O ; Off         ; N               ;
; AB19     ; 110        ; 8        ; in6[4]                    ; input  ; LVTTL        ;         ; Column I/O ; Off         ; N               ;
; AB20     ;            ; 8        ; VCCIO8                    ; power  ;              ; 3.3V    ; --         ; --          ;                 ;
; AB21     ;            ;          ; GND                       ; gnd    ;              ;         ; --         ; --          ;                 ;
; AB22     ;            ;          ; VCCINT                    ; power  ;              ; 1.5V    ; --         ; --          ;                 ;
; B1       ;            ;          ; GND                       ; gnd    ;              ;         ; --         ; --          ;                 ;
; B2       ; 332        ; 4        ; out8[6]                   ; output ; LVTTL        ;         ; Column I/O ; Off         ; N               ;
; B3       ; 331        ; 4        ; out4[5]                   ; output ; LVTTL        ;         ; Column I/O ; Off         ; N               ;
; B4       ; 335        ; 4        ; out4[1]                   ; output ; LVTTL        ;         ; Column I/O ; Off         ; N               ;
; B5       ; 345        ; 4        ; in5[6]                    ; input  ; LVTTL        ;         ; Column I/O ; Off         ; N               ;
; B6       ; 353        ; 4        ; GND*                      ;        ;              ;         ; Column I/O ; --          ;                 ;
; B7       ; 350        ; 4        ; in4[10]                   ; input  ; LVTTL        ;         ; Column I/O ; Off         ; N               ;
; B8       ; 367        ; 4        ; GND*                      ;        ;              ;         ; Column I/O ; --          ;                 ;
; B9       ;            ;          ; NC                        ;        ;              ;         ; --         ; --          ;                 ;
; B10      ;            ;          ; NC                        ;        ;              ;         ; --         ; --          ;                 ;
; B11      ; 391        ; 4        ; GND+                      ;        ;              ;         ; Column I/O ; --          ;                 ;
; B12      ; 394        ; 9        ; GND*                      ;        ;              ;         ; Column I/O ; --          ;                 ;
; B13      ; 393        ; 9        ; out3[1]                   ; output ; LVTTL        ;         ; Column I/O ; Off         ; N               ;
; B14      ; 406        ; 3        ; GND+                      ;        ;              ;         ; Column I/O ; --          ;                 ;
; B15      ; 428        ; 3        ; in10[5]                   ; input  ; LVTTL        ;         ; Column I/O ; Off         ; N               ;
; B16      ; 432        ; 3        ; GND*                      ;        ;              ;         ; Column I/O ; --          ;                 ;
; B17      ; 438        ; 3        ; GND*                      ;        ;              ;         ; Column I/O ; --          ;                 ;
; B18      ; 445        ; 3        ; out10[6]                  ; output ; LVTTL        ;         ; Column I/O ; Off         ; N               ;
; B19      ; 451        ; 3        ; GND*                      ;        ;              ;         ; Column I/O ; --          ;                 ;
; B20      ; 455        ; 3        ; GND*                      ;        ;              ;         ; Column I/O ; --          ;                 ;
; B21      ; 456        ; 3        ; out1[7]                   ; output ; LVTTL        ;         ; Column I/O ; Off         ; N               ;
; B22      ;            ;          ; GND                       ; gnd    ;              ;         ; --         ; --          ;                 ;
; C1       ;            ; 5        ; VCCIO5                    ; power  ;              ; 3.3V    ; --         ; --          ;                 ;
; C2       ; 334        ; 4        ; in8[7]                    ; input  ; LVTTL        ;         ; Column I/O ; Off         ; N               ;
; C3       ; 336        ; 4        ; out2[9]                   ; output ; LVTTL        ;         ; Column I/O ; Off         ; N               ;
; C4       ; 337        ; 4        ; in6[6]                    ; input  ; LVTTL        ;         ; Column I/O ; Off         ; N               ;
; C5       ; 343        ; 4        ; GND*                      ;        ;              ;         ; Column I/O ; --          ;                 ;
; C6       ; 347        ; 4        ; in5[10]                   ; input  ; LVTTL        ;         ; Column I/O ; Off         ; N               ;
; C7       ; 358        ; 4        ; out9[10]                  ; output ; LVTTL        ;         ; Column I/O ; Off         ; N               ;
; C8       ; 364        ; 4        ; out3[4]                   ; output ; LVTTL        ;         ; Column I/O ; Off         ; N               ;
; C9       ; 368        ; 4        ; out2[1]                   ; output ; LVTTL        ;         ; Column I/O ; Off         ; N               ;
; C10      ;            ;          ; NC                        ;        ;              ;         ; --         ; --          ;                 ;
; C11      ;            ;          ; NC                        ;        ;              ;         ; --         ; --          ;                 ;
; C12      ; 397        ; 9        ; out8[9]                   ; output ; LVTTL        ;         ; Column I/O ; Off         ; N               ;
; C13      ; 392        ; 9        ; out2[7]                   ; output ; LVTTL        ;         ; Column I/O ; Off         ; N               ;
; C14      ; 407        ; 3        ; out8[3]                   ; output ; LVTTL        ;         ; Column I/O ; Off         ; N               ;
; C15      ; 417        ; 3        ; out10[9]                  ; output ; LVTTL        ;         ; Column I/O ; Off         ; N               ;
; C16      ; 433        ; 3        ; out7[8]                   ; output ; LVTTL        ;         ; Column I/O ; Off         ; N               ;
; C17      ; 440        ; 3        ; out6[5]                   ; output ; LVTTL        ;         ; Column I/O ; Off         ; N               ;
; C18      ; 441        ; 3        ; out6[3]                   ; output ; LVTTL        ;         ; Column I/O ; Off         ; N               ;
; C19      ; 452        ; 3        ; out9[7]                   ; output ; LVTTL        ;         ; Column I/O ; Off         ; N               ;
; C20      ; 457        ; 3        ; out9[5]                   ; output ; LVTTL        ;         ; Column I/O ; Off         ; N               ;
; C21      ; 453        ; 3        ; in5[5]                    ; input  ; LVTTL        ;         ; Column I/O ; Off         ; N               ;
; C22      ;            ; 2        ; VCCIO2                    ; power  ;              ; 3.3V    ; --         ; --          ;                 ;
; D1       ; 329        ; 5        ; GND*                      ;        ;              ;         ; Row I/O    ; --          ;                 ;
; D2       ; 328        ; 5        ; out4[7]                   ; output ; LVTTL        ;         ; Row I/O    ; Off         ; N               ;
; D3       ; 333        ; 4        ; GND*                      ;        ;              ;         ; Column I/O ; --          ;                 ;
; D4       ; 338        ; 4        ; out2[5]                   ; output ; LVTTL        ;         ; Column I/O ; Off         ; N               ;
; D5       ; 344        ; 4        ; out3[8]                   ; output ; LVTTL        ;         ; Column I/O ; Off         ; N               ;
; D6       ; 349        ; 4        ; GND*                      ;        ;              ;         ; Column I/O ; --          ;                 ;
; D7       ; 357        ; 4        ; out4[9]                   ; output ; LVTTL        ;         ; Column I/O ; Off         ; N               ;
; D8       ; 366        ; 4        ; GND*                      ;        ;              ;         ; Column I/O ; --          ;                 ;
; D9       ; 369        ; 4        ; GND*                      ;        ;              ;         ; Column I/O ; --          ;                 ;
; D10      ;            ;          ; NC                        ;        ;              ;         ; --         ; --          ;                 ;
; D11      ;            ;          ; NC                        ;        ;              ;         ; --         ; --          ;                 ;
; D12      ; 396        ; 9        ; GND*                      ;        ;              ;         ; Column I/O ; --          ;                 ;
; D13      ; 409        ; 3        ; out10[8]                  ; output ; LVTTL        ;         ; Column I/O ; Off         ; N               ;
; D14      ; 419        ; 3        ; GND*                      ;        ;              ;         ; Column I/O ; --          ;                 ;
; D15      ; 425        ; 3        ; out10[3]                  ; output ; LVTTL        ;         ; Column I/O ; Off         ; N               ;
; D16      ; 434        ; 3        ; out9[8]                   ; output ; LVTTL        ;         ; Column I/O ; Off         ; N               ;
; D17      ; 442        ; 3        ; out6[1]                   ; output ; LVTTL        ;         ; Column I/O ; Off         ; N               ;
; D18      ; 446        ; 3        ; out3[6]                   ; output ; LVTTL        ;         ; Column I/O ; Off         ; N               ;
; D19      ; 454        ; 3        ; out10[0]                  ; output ; LVTTL        ;         ; Column I/O ; Off         ; N               ;
; D20      ; 458        ; 3        ; in1[2]                    ; input  ; LVTTL        ;         ; Column I/O ; Off         ; N               ;
; D21      ; 1          ; 2        ; GND*                      ;        ;              ;         ; Row I/O    ; --          ;                 ;
; D22      ; 0          ; 2        ; GND*                      ;        ;              ;         ; Row I/O    ; --          ;                 ;
; E1       ; 324        ; 5        ; out5[9]                   ; output ; LVTTL        ;         ; Row I/O    ; Off         ; N               ;
; E2       ; 325        ; 5        ; GND*                      ;        ;              ;         ; Row I/O    ; --          ;                 ;
; E3       ;            ;          ; NC                        ;        ;              ;         ; --         ; --          ;                 ;
; E4       ;            ;          ; NC                        ;        ;              ;         ; --         ; --          ;                 ;
; E5       ; 348        ; 4        ; in8[2]                    ; input  ; LVTTL        ;         ; Column I/O ; Off         ; N               ;
; E6       ; 352        ; 4        ; out6[6]                   ; output ; LVTTL        ;         ; Column I/O ; Off         ; N               ;
; E7       ; 360        ; 4        ; GND*                      ;        ;              ;         ; Column I/O ; --          ;                 ;
; E8       ; 363        ; 4        ; out9[0]                   ; output ; LVTTL        ;         ; Column I/O ; Off         ; N               ;
; E9       ; 371        ; 4        ; in3[5]                    ; input  ; LVTTL        ;         ; Column I/O ; Off         ; N               ;
; E10      ;            ;          ; NC                        ;        ;              ;         ; --         ; --          ;                 ;
; E11      ;            ;          ; NC                        ;        ;              ;         ; --         ; --          ;                 ;
; E12      ;            ;          ; NC                        ;        ;              ;         ; --         ; --          ;                 ;
; E13      ; 408        ; 3        ; GND+                      ;        ;              ;         ; Column I/O ; --          ;                 ;
; E14      ; 421        ; 3        ; GND*                      ;        ;              ;         ; Column I/O ; --          ;                 ;
; E15      ; 426        ; 3        ; GND*                      ;        ;              ;         ; Column I/O ; --          ;                 ;
; E16      ; 430        ; 3        ; GND*                      ;        ;              ;         ; Column I/O ; --          ;                 ;
; E17      ; 437        ; 3        ; out7[1]                   ; output ; LVTTL        ;         ; Column I/O ; Off         ; N               ;
; E18      ; 443        ; 3        ; GND*                      ;        ;              ;         ; Column I/O ; --          ;                 ;
; E19      ; 2          ; 2        ; out9[9]                   ; output ; LVTTL        ;         ; Row I/O    ; Off         ; N               ;
; E20      ; 3          ; 2        ; GND*                      ;        ;              ;         ; Row I/O    ; --          ;                 ;
; E21      ; 4          ; 2        ; out6[4]                   ; output ; LVTTL        ;         ; Row I/O    ; Off         ; N               ;
; E22      ; 5          ; 2        ; out8[5]                   ; output ; LVTTL        ;         ; Row I/O    ; Off         ; N               ;
; F1       ; 299        ; 5        ; GND*                      ;        ;              ;         ; Row I/O    ; --          ;                 ;
; F2       ; 300        ; 5        ; out9[1]                   ; output ; LVTTL        ;         ; Row I/O    ; Off         ; N               ;
; F3       ; 326        ; 5        ; GND*                      ;        ;              ;         ; Row I/O    ; --          ;                 ;
; F4       ; 327        ; 5        ; GND*                      ;        ;              ;         ; Row I/O    ; --          ;                 ;
; F5       ; 322        ; 5        ; GND*                      ;        ;              ;         ; Row I/O    ; --          ;                 ;
; F6       ; 359        ; 4        ; in2[10]                   ; input  ; LVTTL        ;         ; Column I/O ; Off         ; N               ;
; F7       ; 354        ; 4        ; GND*                      ;        ;              ;         ; Column I/O ; --          ;                 ;
; F8       ; 365        ; 4        ; out8[7]                   ; output ; LVTTL        ;         ; Column I/O ; Off         ; N               ;
; F9       ; 372        ; 4        ; in8[3]                    ; input  ; LVTTL        ;         ; Column I/O ; Off         ; N               ;
; F10      ; 376        ; 4        ; out4[10]                  ; output ; LVTTL        ;         ; Column I/O ; Off         ; N               ;
; F11      ;            ; 1        ; VCCG_PLL5                 ; power  ;              ; 1.5V    ; --         ; --          ;                 ;
; F12      ;            ;          ; GNDA_PLL5                 ; gnd    ;              ;         ; --         ; --          ;                 ;
; F13      ;            ; 9        ; VCC_PLL5_OUTA             ; power  ;              ; 3.3V    ; --         ; --          ;                 ;
; F14      ; 420        ; 3        ; out2[4]                   ; output ; LVTTL        ;         ; Column I/O ; Off         ; N               ;
; F15      ; 427        ; 3        ; out4[8]                   ; output ; LVTTL        ;         ; Column I/O ; Off         ; N               ;
; F16      ; 435        ; 3        ; out7[4]                   ; output ; LVTTL        ;         ; Column I/O ; Off         ; N               ;
; F17      ; 439        ; 3        ; out1[9]                   ; output ; LVTTL        ;         ; Column I/O ; Off         ; N               ;
; F18      ; 7          ; 2        ; GND*                      ;        ;              ;         ; Row I/O    ; --          ;                 ;
; F19      ;            ;          ; NC                        ;        ;              ;         ; --         ; --          ;                 ;
; F20      ;            ;          ; NC                        ;        ;              ;         ; --         ; --          ;                 ;
; F21      ; 29         ; 2        ; GND*                      ;        ;              ;         ; Row I/O    ; --          ;                 ;
; F22      ; 30         ; 2        ; out8[2]                   ; output ; LVTTL        ;         ; Row I/O    ; Off         ; N               ;
; G1       ; 296        ; 5        ; GND*                      ;        ;              ;         ; Row I/O    ; --          ;                 ;
; G2       ; 295        ; 5        ; in1[4]                    ; input  ; LVTTL        ;         ; Row I/O    ; Off         ; N               ;
; G3       ; 313        ; 5        ; in3[7]                    ; input  ; LVTTL        ;         ; Row I/O    ; Off         ; N               ;
; G4       ; 314        ; 5        ; in7[0]                    ; input  ; LVTTL        ;         ; Row I/O    ; Off         ; N               ;
; G5       ; 318        ; 5        ; GND*                      ;        ;              ;         ; Row I/O    ; --          ;                 ;
; G6       ;            ;          ; GND                       ; gnd    ;              ;         ; --         ; --          ;                 ;
; G7       ; 330        ; 4        ; out8[10]                  ; output ; LVTTL        ;         ; Column I/O ; Off         ; N               ;
; G8       ; 361        ; 4        ; GND*                      ;        ;              ;         ; Column I/O ; --          ;                 ;
; G9       ; 384        ; 4        ; GND*                      ;        ;              ;         ; Column I/O ; --          ;                 ;
; G10      ; 380        ; 4        ; #TMS                      ; input  ;              ;         ; --         ; --          ;                 ;
; G11      ;            ;          ; GNDG_PLL5                 ; gnd    ;              ;         ; --         ; --          ;                 ;
; G12      ;            ;          ; TEMPDIODEp                ;        ;              ;         ; --         ; --          ;                 ;
; G13      ;            ;          ; VCCA_PLL5                 ; power  ;              ; 1.5V    ; --         ; --          ;                 ;
; G14      ; 412        ; 3        ; out5[6]                   ; output ; LVTTL        ;         ; Column I/O ; Off         ; N               ;
; G15      ;            ;          ; GND                       ; gnd    ;              ;         ; --         ; --          ;                 ;
; G16      ; 431        ; 3        ; out2[8]                   ; output ; LVTTL        ;         ; Column I/O ; Off         ; N               ;
; G17      ;            ;          ; GND                       ; gnd    ;              ;         ; --         ; --          ;                 ;
; G18      ; 11         ; 2        ; GND*                      ;        ;              ;         ; Row I/O    ; --          ;                 ;
; G19      ; 15         ; 2        ; GND*                      ;        ;              ;         ; Row I/O    ; --          ;                 ;
; G20      ; 16         ; 2        ; GND*                      ;        ;              ;         ; Row I/O    ; --          ;                 ;
; G21      ; 34         ; 2        ; GND*                      ;        ;              ;         ; Row I/O    ; --          ;                 ;
; G22      ; 33         ; 2        ; GND*                      ;        ;              ;         ; Row I/O    ; --          ;                 ;
; H1       ; 290        ; 5        ; out3[10]                  ; output ; LVTTL        ;         ; Row I/O    ; Off         ; N               ;
; H2       ; 291        ; 5        ; GND*                      ;        ;              ;         ; Row I/O    ; --          ;                 ;
; H3       ; 301        ; 5        ; in7[4]                    ; input  ; LVTTL        ;         ; Row I/O    ; Off         ; N               ;
; H4       ; 302        ; 5        ; out1[3]                   ; output ; LVTTL        ;         ; Row I/O    ; Off         ; N               ;
; H5       ; 317        ;          ; GND                       ; gnd    ;              ;         ; --         ; --          ;                 ;
; H6       ; 342        ;          ; GND                       ; gnd    ;              ;         ; --         ; --          ;                 ;
; H7       ; 373        ;          ; GND                       ; gnd    ;              ;         ; --         ; --          ;                 ;
; H8       ; 362        ; 4        ; GND*                      ;        ;              ;         ; Column I/O ; --          ;                 ;
; H9       ;            ;          ; NC                        ;        ;              ;         ; --         ; --          ;                 ;
; H10      ; 379        ; 4        ; in8[1]                    ; input  ; LVTTL        ;         ; Column I/O ; Off         ; N               ;
; H11      ; 387        ; 4        ; #TDO                      ; output ;              ;         ; --         ; --          ;                 ;
; H12      ;            ;          ; TEMPDIODEn                ;        ;              ;         ; --         ; --          ;                 ;
; H13      ; 403        ; 3        ; ^nCONFIG                  ;        ;              ;         ; --         ; --          ;                 ;
; H14      ; 410        ;          ; GND                       ; gnd    ;              ;         ; --         ; --          ;                 ;
; H15      ; 447        ;          ; GND                       ; gnd    ;              ;         ; --         ; --          ;                 ;
; H16      ;            ;          ; NC                        ;        ;              ;         ; --         ; --          ;                 ;
; H17      ; 24         ; 2        ; out4[6]                   ; output ; LVTTL        ;         ; Row I/O    ; Off         ; N               ;
; H18      ; 12         ;          ; GND                       ; gnd    ;              ;         ; --         ; --          ;                 ;
; H19      ; 27         ; 2        ; out1[1]                   ; output ; LVTTL        ;         ; Row I/O    ; Off         ; N               ;
; H20      ; 28         ; 2        ; GND*                      ;        ;              ;         ; Row I/O    ; --          ;                 ;
; H21      ; 38         ; 2        ; GND*                      ;        ;              ;         ; Row I/O    ; --          ;                 ;
; H22      ; 39         ; 2        ; out9[2]                   ; output ; LVTTL        ;         ; Row I/O    ; Off         ; N               ;
; J1       ;            ;          ; GND                       ; gnd    ;              ;         ; --         ; --          ;                 ;
; J2       ; 288        ; 5        ; out3[9]                   ; output ; LVTTL        ;         ; Row I/O    ; Off         ; N               ;
; J3       ; 289        ; 5        ; out6[8]                   ; output ; LVTTL        ;         ; Row I/O    ; Off         ; N               ;
; J4       ; 305        ; 5        ; out2[3]                   ; output ; LVTTL        ;         ; Row I/O    ; Off         ; N               ;
; J5       ; 292        ;          ; GND                       ; gnd    ;              ;         ; --         ; --          ;                 ;
; J6       ; 309        ; 5        ; out4[4]                   ; output ; LVTTL        ;         ; Row I/O    ; Off         ; N               ;
; J7       ; 340        ; 4        ; out2[6]                   ; output ; LVTTL        ;         ; Column I/O ; Off         ; N               ;
; J8       ; 374        ; 4        ; out3[5]                   ; output ; LVTTL        ;         ; Column I/O ; Off         ; N               ;
; J9       ; 378        ; 4        ; out9[3]                   ; output ; LVTTL        ;         ; Column I/O ; Off         ; N               ;
; J10      ; 381        ; 4        ; #TRST                     ; input  ;              ;         ; --         ; --          ;                 ;
; J11      ; 386        ; 4        ; #TDI                      ; input  ;              ;         ; --         ; --          ;                 ;
; J12      ; 402        ; 3        ; ^nSTATUS                  ;        ;              ;         ; --         ; --          ;                 ;
; J13      ; 404        ; 3        ; ^DCLK                     ;        ;              ;         ; --         ; --          ;                 ;
; J14      ; 448        ; 3        ; in9[3]                    ; input  ; LVTTL        ;         ; Column I/O ; Off         ; N               ;
; J15      ; 418        ; 3        ; out3[7]                   ; output ; LVTTL        ;         ; Column I/O ; Off         ; N               ;
; J16      ; 424        ; 3        ; out4[3]                   ; output ; LVTTL        ;         ; Column I/O ; Off         ; N               ;
; J17      ; 14         ; 2        ; out1[6]                   ; output ; LVTTL        ;         ; Row I/O    ; Off         ; N               ;
; J18      ; 37         ;          ; GND                       ; gnd    ;              ;         ; --         ; --          ;                 ;
; J19      ; 20         ; 2        ; in10[3]                   ; input  ; LVTTL        ;         ; Row I/O    ; Off         ; N               ;
; J20      ; 40         ; 2        ; GND*                      ;        ;              ;         ; Row I/O    ; --          ;                 ;
; J21      ; 41         ; 2        ; in7[9]                    ; input  ; LVTTL        ;         ; Row I/O    ; Off         ; N               ;
; J22      ;            ;          ; GND                       ; gnd    ;              ;         ; --         ; --          ;                 ;
; K1       ;            ; 5        ; VCCIO5                    ; power  ;              ; 3.3V    ; --         ; --          ;                 ;
; K2       ; 284        ; 5        ; out9[4]                   ; output ; LVTTL        ;         ; Row I/O    ; Off         ; N               ;
; K3       ; 285        ; 5        ; out1[0]                   ; output ; LVTTL        ;         ; Row I/O    ; Off         ; N               ;
; K4       ;            ;          ; VCCA_PLL4                 ; power  ;              ; 1.5V    ; --         ; --          ;                 ;
; K5       ;            ; 1        ; VCCG_PLL4                 ; power  ;              ; 1.5V    ; --         ; --          ;                 ;
; K6       ; 297        ; 5        ; GND*                      ;        ;              ;         ; Row I/O    ; --          ;                 ;
; K7       ; 341        ; 4        ; out1[10]                  ; output ; LVTTL        ;         ; Column I/O ; Off         ; N               ;
; K8       ; 375        ; 4        ; out10[4]                  ; output ; LVTTL        ;         ; Column I/O ; Off         ; N               ;
; K9       ; 382        ; 4        ; #TCK                      ; input  ;              ;         ; --         ; --          ;                 ;
; K10      ; 383        ; 4        ; GND*                      ;        ;              ;         ; Column I/O ; --          ;                 ;
; K11      ;            ;          ; GND                       ; gnd    ;              ;         ; --         ; --          ;                 ;
; K12      ;            ;          ; VCCINT                    ; power  ;              ; 1.5V    ; --         ; --          ;                 ;
; K13      ; 405        ; 3        ; ^CONF_DONE                ;        ;              ;         ; --         ; --          ;                 ;
; K14      ; 411        ; 3        ; in2[5]                    ; input  ; LVTTL        ;         ; Column I/O ; Off         ; N               ;
; K15      ; 413        ; 3        ; out7[5]                   ; output ; LVTTL        ;         ; Column I/O ; Off         ; N               ;
; K16      ; 423        ; 3        ; out10[7]                  ; output ; LVTTL        ;         ; Column I/O ; Off         ; N               ;
; K17      ; 32         ; 2        ; in3[1]                    ; input  ; LVTTL        ;         ; Row I/O    ; Off         ; N               ;
; K18      ;            ; 1        ; VCCG_PLL1                 ; power  ;              ; 1.5V    ; --         ; --          ;                 ;
; K19      ;            ;          ; VCCA_PLL1                 ; power  ;              ; 1.5V    ; --         ; --          ;                 ;
; K20      ; 44         ; 2        ; GND*                      ;        ;              ;         ; Row I/O    ; --          ;                 ;
; K21      ; 45         ; 2        ; GND*                      ;        ;              ;         ; Row I/O    ; --          ;                 ;
; K22      ;            ; 2        ; VCCIO2                    ; power  ;              ; 3.3V    ; --         ; --          ;                 ;
; L1       ; 283        ; 5        ; GND+                      ;        ;              ;         ; Row I/O    ; --          ;                 ;
; L2       ; 282        ; 5        ; GND+                      ;        ;              ;         ; Row I/O    ; --          ;                 ;
; L3       ; 280        ; 5        ; GND+                      ;        ;              ;         ; Row I/O    ; --          ;                 ;
; L4       ;            ;          ; GNDA_PLL4                 ; gnd    ;              ;         ; --         ; --          ;                 ;
; L5       ;            ;          ; GNDG_PLL4                 ; gnd    ;              ;         ; --         ; --          ;                 ;
; L6       ; 293        ; 5        ; GND*                      ;        ;              ;         ; Row I/O    ; --          ;                 ;
; L7       ; 370        ; 4        ; GND*                      ;        ;              ;         ; Column I/O ; --          ;                 ;
; L8       ; 377        ; 4        ; +~DATA0~ / RESERVED_INPUT ; input  ; LVTTL        ;         ; Column I/O ; Off         ; N               ;
; L9       ;            ;          ; VCCINT                    ; power  ;              ; 1.5V    ; --         ; --          ;                 ;
; L10      ;            ;          ; GND                       ; gnd    ;              ;         ; --         ; --          ;                 ;
; L11      ;            ;          ; VCCINT                    ; power  ;              ; 1.5V    ; --         ; --          ;                 ;
; L12      ;            ;          ; GND                       ; gnd    ;              ;         ; --         ; --          ;                 ;
; L13      ;            ;          ; VCCINT                    ; power  ;              ; 1.5V    ; --         ; --          ;                 ;
; L14      ;            ;          ; GND                       ; gnd    ;              ;         ; --         ; --          ;                 ;
; L15      ; 415        ; 3        ; in9[6]                    ; input  ; LVTTL        ;         ; Column I/O ; Off         ; N               ;
; L16      ; 422        ; 3        ; out5[5]                   ; output ; LVTTL        ;         ; Column I/O ; Off         ; N               ;
; L17      ; 35         ; 2        ; GND*                      ;        ;              ;         ; Row I/O    ; --          ;                 ;
; L18      ;            ;          ; GNDG_PLL1                 ; gnd    ;              ;         ; --         ; --          ;                 ;
; L19      ;            ;          ; GNDA_PLL1                 ; gnd    ;              ;         ; --         ; --          ;                 ;
; L20      ; 49         ; 2        ; GND+                      ;        ;              ;         ; Row I/O    ; --          ;                 ;
; L21      ; 47         ; 2        ; GND+                      ;        ;              ;         ; Row I/O    ; --          ;                 ;
; L22      ; 46         ; 2        ; GND+                      ;        ;              ;         ; Row I/O    ; --          ;                 ;
; M1       ; 278        ; 6        ; GND+                      ;        ;              ;         ; Row I/O    ; --          ;                 ;
; M2       ; 279        ; 6        ; GND+                      ;        ;              ;         ; Row I/O    ; --          ;                 ;
; M3       ; 277        ; 6        ; GND+                      ;        ;              ;         ; Row I/O    ; --          ;                 ;
; M4       ;            ;          ; GNDA_PLL3                 ; gnd    ;              ;         ; --         ; --          ;                 ;
; M5       ;            ;          ; VCCA_PLL3                 ; power  ;              ; 1.5V    ; --         ; --          ;                 ;
; M6       ; 263        ; 6        ; GND*                      ;        ;              ;         ; Row I/O    ; --          ;                 ;
; M7       ; 198        ; 7        ; in2[9]                    ; input  ; LVTTL        ;         ; Column I/O ; Off         ; N               ;
; M8       ; 183        ; 7        ; out1[5]                   ; output ; LVTTL        ;         ; Column I/O ; Off         ; N               ;
; M9       ;            ;          ; GND                       ; gnd    ;              ;         ; --         ; --          ;                 ;
; M10      ;            ;          ; VCCINT                    ; power  ;              ; 1.5V    ; --         ; --          ;                 ;
; M11      ;            ;          ; GND                       ; gnd    ;              ;         ; --         ; --          ;                 ;
; M12      ;            ;          ; VCCINT                    ; power  ;              ; 1.5V    ; --         ; --          ;                 ;
; M13      ;            ;          ; GND                       ; gnd    ;              ;         ; --         ; --          ;                 ;
; M14      ;            ;          ; VCCINT                    ; power  ;              ; 1.5V    ; --         ; --          ;                 ;
; M15      ; 414        ; 3        ; GND*                      ;        ;              ;         ; Column I/O ; --          ;                 ;
; M16      ; 459        ; 3        ; out7[10]                  ; output ; LVTTL        ;         ; Column I/O ; Off         ; N               ;
; M17      ; 66         ; 1        ; GND*                      ;        ;              ;         ; Row I/O    ; --          ;                 ;
; M18      ;            ;          ; VCCA_PLL2                 ; power  ;              ; 1.5V    ; --         ; --          ;                 ;
; M19      ;            ;          ; GNDA_PLL2                 ; gnd    ;              ;         ; --         ; --          ;                 ;
; M20      ; 52         ; 1        ; GND+                      ;        ;              ;         ; Row I/O    ; --          ;                 ;
; M21      ; 50         ; 1        ; GND+                      ;        ;              ;         ; Row I/O    ; --          ;                 ;
; M22      ; 51         ; 1        ; GND+                      ;        ;              ;         ; Row I/O    ; --          ;                 ;
; N1       ;            ; 6        ; VCCIO6                    ; power  ;              ; 3.3V    ; --         ; --          ;                 ;
; N2       ; 273        ; 6        ; GND*                      ;        ;              ;         ; Row I/O    ; --          ;                 ;
; N3       ; 272        ; 6        ; GND*                      ;        ;              ;         ; Row I/O    ; --          ;                 ;
; N4       ;            ;          ; GNDG_PLL3                 ; gnd    ;              ;         ; --         ; --          ;                 ;
; N5       ;            ; 1        ; VCCG_PLL3                 ; power  ;              ; 1.5V    ; --         ; --          ;                 ;
; N6       ; 259        ; 6        ; GND*                      ;        ;              ;         ; Row I/O    ; --          ;                 ;
; N7       ; 218        ; 7        ; in6[9]                    ; input  ; LVTTL        ;         ; Column I/O ; Off         ; N               ;
; N8       ; 185        ; 7        ; GND*                      ;        ;              ;         ; Column I/O ; --          ;                 ;
; N9       ; 177        ; 7        ; ^nIO_PULLUP               ;        ;              ;         ; --         ; --          ;                 ;
; N10      ; 176        ; 7        ; out6[7]                   ; output ; LVTTL        ;         ; Column I/O ; Off         ; N               ;
; N11      ;            ;          ; VCCINT                    ; power  ;              ; 1.5V    ; --         ; --          ;                 ;
; N12      ;            ;          ; GND                       ; gnd    ;              ;         ; --         ; --          ;                 ;
; N13      ; 128        ; 8        ; in1[1]                    ; input  ; LVTTL        ;         ; Column I/O ; Off         ; N               ;
; N14      ; 140        ; 8        ; in8[10]                   ; input  ; LVTTL        ;         ; Column I/O ; Off         ; N               ;
; N15      ; 144        ; 8        ; in9[1]                    ; input  ; LVTTL        ;         ; Column I/O ; Off         ; N               ;
; N16      ; 126        ; 8        ; out5[3]                   ; output ; LVTTL        ;         ; Column I/O ; Off         ; N               ;
; N17      ; 70         ; 1        ; GND*                      ;        ;              ;         ; Row I/O    ; --          ;                 ;
; N18      ;            ; 1        ; VCCG_PLL2                 ; power  ;              ; 1.5V    ; --         ; --          ;                 ;
; N19      ;            ;          ; GNDG_PLL2                 ; gnd    ;              ;         ; --         ; --          ;                 ;
; N20      ; 57         ; 1        ; GND*                      ;        ;              ;         ; Row I/O    ; --          ;                 ;
; N21      ; 56         ; 1        ; GND*                      ;        ;              ;         ; Row I/O    ; --          ;                 ;
; N22      ;            ; 1        ; VCCIO1                    ; power  ;              ; 3.3V    ; --         ; --          ;                 ;
; P1       ;            ;          ; GND                       ; gnd    ;              ;         ; --         ; --          ;                 ;
; P2       ; 269        ; 6        ; GND*                      ;        ;              ;         ; Row I/O    ; --          ;                 ;
; P3       ; 268        ; 6        ; GND*                      ;        ;              ;         ; Row I/O    ; --          ;                 ;
; P4       ; 251        ; 6        ; GND*                      ;        ;              ;         ; Row I/O    ; --          ;                 ;
; P5       ; 267        ;          ; GND                       ; gnd    ;              ;         ; --         ; --          ;                 ;
; P6       ; 247        ; 6        ; GND*                      ;        ;              ;         ; Row I/O    ; --          ;                 ;
; P7       ; 219        ; 7        ; out1[4]                   ; output ; LVTTL        ;         ; Column I/O ; Off         ; N               ;
; P8       ; 190        ; 7        ; in4[2]                    ; input  ; LVTTL        ;         ; Column I/O ; Off         ; N               ;
; P9       ; 182        ; 7        ; in1[8]                    ; input  ; LVTTL        ;         ; Column I/O ; Off         ; N               ;
; P10      ; 180        ; 7        ; in9[10]                   ; input  ; LVTTL        ;         ; Column I/O ; Off         ; N               ;
; P11      ; 173        ; 7        ; ^nCEO                     ;        ;              ;         ; --         ; --          ;                 ;
; P12      ; 156        ; 8        ; ^MSEL1                    ;        ;              ;         ; --         ; --          ;                 ;
; P13      ; 148        ; 8        ; in9[9]                    ; input  ; LVTTL        ;         ; Column I/O ; Off         ; N               ;
; P14      ; 146        ; 8        ; out4[2]                   ; output ; LVTTL        ;         ; Column I/O ; Off         ; N               ;
; P15      ; 143        ; 8        ; in9[5]                    ; input  ; LVTTL        ;         ; Column I/O ; Off         ; N               ;
; P16      ; 135        ; 8        ; out7[3]                   ; output ; LVTTL        ;         ; Column I/O ; Off         ; N               ;
; P17      ; 82         ; 1        ; GND*                      ;        ;              ;         ; Row I/O    ; --          ;                 ;
; P18      ; 62         ;          ; GND                       ; gnd    ;              ;         ; --         ; --          ;                 ;
; P19      ; 86         ; 1        ; GND*                      ;        ;              ;         ; Row I/O    ; --          ;                 ;
; P20      ; 61         ; 1        ; GND*                      ;        ;              ;         ; Row I/O    ; --          ;                 ;
; P21      ; 60         ; 1        ; out1[8]                   ; output ; LVTTL        ;         ; Row I/O    ; Off         ; N               ;
; P22      ;            ;          ; GND                       ; gnd    ;              ;         ; --         ; --          ;                 ;
; R1       ; 271        ; 6        ; out5[7]                   ; output ; LVTTL        ;         ; Row I/O    ; Off         ; N               ;
; R2       ; 270        ; 6        ; out7[9]                   ; output ; LVTTL        ;         ; Row I/O    ; Off         ; N               ;
; R3       ; 255        ; 6        ; out5[2]                   ; output ; LVTTL        ;         ; Row I/O    ; Off         ; N               ;
; R4       ; 256        ; 6        ; GND*                      ;        ;              ;         ; Row I/O    ; --          ;                 ;
; R5       ;            ;          ; NC                        ;        ;              ;         ; --         ; --          ;                 ;
; R6       ; 242        ;          ; GND                       ; gnd    ;              ;         ; --         ; --          ;                 ;
; R7       ; 217        ;          ; GND                       ; gnd    ;              ;         ; --         ; --          ;                 ;
; R8       ; 175        ; 7        ; out5[10]                  ; output ; LVTTL        ;         ; Column I/O ; Off         ; N               ;
; R9       ; 186        ;          ; GND                       ; gnd    ;              ;         ; --         ; --          ;                 ;
; R10      ; 178        ; 7        ; ^VCCSEL                   ;        ;              ;         ; --         ; --          ;                 ;
; R11      ; 172        ; 7        ; ^nCE                      ;        ;              ;         ; --         ; --          ;                 ;
; R12      ; 157        ; 8        ; ^MSEL2                    ;        ;              ;         ; --         ; --          ;                 ;
; R13      ; 154        ; 8        ; PLL_ENA                   ;        ;              ;         ; --         ; --          ;                 ;
; R14      ;            ;          ; NC                        ;        ;              ;         ; --         ; --          ;                 ;
; R15      ; 134        ; 8        ; in8[4]                    ; input  ; LVTTL        ;         ; Column I/O ; Off         ; N               ;
; R16      ; 149        ;          ; GND                       ; gnd    ;              ;         ; --         ; --          ;                 ;
; R17      ; 87         ;          ; GND                       ; gnd    ;              ;         ; --         ; --          ;                 ;
; R18      ; 112        ;          ; GND                       ; gnd    ;              ;         ; --         ; --          ;                 ;
; R19      ; 74         ; 1        ; GND*                      ;        ;              ;         ; Row I/O    ; --          ;                 ;
; R20      ; 73         ; 1        ; out7[0]                   ; output ; LVTTL        ;         ; Row I/O    ; Off         ; N               ;
; R21      ; 59         ; 1        ; GND*                      ;        ;              ;         ; Row I/O    ; --          ;                 ;
; R22      ; 58         ; 1        ; out6[0]                   ; output ; LVTTL        ;         ; Row I/O    ; Off         ; N               ;
; T1       ; 266        ; 6        ; GND*                      ;        ;              ;         ; Row I/O    ; --          ;                 ;
; T2       ; 265        ; 6        ; in1[5]                    ; input  ; LVTTL        ;         ; Row I/O    ; Off         ; N               ;
; T3       ; 244        ; 6        ; in10[9]                   ; input  ; LVTTL        ;         ; Row I/O    ; Off         ; N               ;
; T4       ; 243        ; 6        ; in10[10]                  ; input  ; LVTTL        ;         ; Row I/O    ; Off         ; N               ;
; T5       ; 234        ; 6        ; in10[7]                   ; input  ; LVTTL        ;         ; Row I/O    ; Off         ; N               ;
; T6       ;            ;          ; GND                       ; gnd    ;              ;         ; --         ; --          ;                 ;
; T7       ; 229        ; 7        ; in1[6]                    ; input  ; LVTTL        ;         ; Column I/O ; Off         ; N               ;
; T8       ; 197        ; 7        ; in2[6]                    ; input  ; LVTTL        ;         ; Column I/O ; Off         ; N               ;
; T9       ; 184        ; 7        ; GND*                      ;        ;              ;         ; Column I/O ; --          ;                 ;
; T10      ; 181        ; 7        ; in1[3]                    ; input  ; LVTTL        ;         ; Column I/O ; Off         ; N               ;
; T11      ;            ;          ; GNDG_PLL6                 ; gnd    ;              ;         ; --         ; --          ;                 ;
; T12      ;            ;          ; VCCA_PLL6                 ; power  ;              ; 1.5V    ; --         ; --          ;                 ;
; T13      ; 155        ; 8        ; ^MSEL0                    ;        ;              ;         ; --         ; --          ;                 ;
; T14      ; 147        ; 8        ; in9[8]                    ; input  ; LVTTL        ;         ; Column I/O ; Off         ; N               ;
; T15      ; 136        ; 8        ; out8[8]                   ; output ; LVTTL        ;         ; Column I/O ; Off         ; N               ;
; T16      ; 119        ; 8        ; in7[3]                    ; input  ; LVTTL        ;         ; Column I/O ; Off         ; N               ;
; T17      ;            ;          ; GND                       ; gnd    ;              ;         ; --         ; --          ;                 ;
; T18      ; 95         ; 1        ; GND*                      ;        ;              ;         ; Row I/O    ; --          ;                 ;
; T19      ; 78         ; 1        ; GND*                      ;        ;              ;         ; Row I/O    ; --          ;                 ;
; T20      ; 77         ; 1        ; GND*                      ;        ;              ;         ; Row I/O    ; --          ;                 ;
; T21      ; 64         ; 1        ; in5[2]                    ; input  ; LVTTL        ;         ; Row I/O    ; Off         ; N               ;
; T22      ; 63         ; 1        ; GND*                      ;        ;              ;         ; Row I/O    ; --          ;                 ;
; U1       ; 261        ; 6        ; GND*                      ;        ;              ;         ; Row I/O    ; --          ;                 ;
; U2       ; 262        ; 6        ; out2[10]                  ; output ; LVTTL        ;         ; Row I/O    ; Off         ; N               ;
; U3       ;            ;          ; NC                        ;        ;              ;         ; --         ; --          ;                 ;
; U4       ;            ;          ; NC                        ;        ;              ;         ; --         ; --          ;                 ;
; U5       ; 238        ; 6        ; in10[8]                   ; input  ; LVTTL        ;         ; Row I/O    ; Off         ; N               ;
; U6       ; 200        ; 7        ; out10[2]                  ; output ; LVTTL        ;         ; Column I/O ; Off         ; N               ;
; U7       ; 205        ; 7        ; out8[1]                   ; output ; LVTTL        ;         ; Column I/O ; Off         ; N               ;
; U8       ; 196        ; 7        ; in2[7]                    ; input  ; LVTTL        ;         ; Column I/O ; Off         ; N               ;
; U9       ; 191        ; 7        ; in1[9]                    ; input  ; LVTTL        ;         ; Column I/O ; Off         ; N               ;
; U10      ; 179        ; 7        ; ^PORSEL                   ;        ;              ;         ; --         ; --          ;                 ;
; U11      ;            ; 1        ; VCCG_PLL6                 ; power  ;              ; 1.5V    ; --         ; --          ;                 ;
; U12      ;            ;          ; GNDA_PLL6                 ; gnd    ;              ;         ; --         ; --          ;                 ;
; U13      ;            ; 11       ; VCC_PLL6_OUTA             ; power  ;              ; 3.3V    ; --         ; --          ;                 ;
; U14      ; 139        ; 8        ; in9[2]                    ; input  ; LVTTL        ;         ; Column I/O ; Off         ; N               ;
; U15      ; 137        ; 8        ; GND*                      ;        ;              ;         ; Column I/O ; --          ;                 ;
; U16      ; 121        ; 8        ; out10[1]                  ; output ; LVTTL        ;         ; Column I/O ; Off         ; N               ;
; U17      ; 120        ; 8        ; in7[5]                    ; input  ; LVTTL        ;         ; Column I/O ; Off         ; N               ;
; U18      ; 91         ; 1        ; out5[4]                   ; output ; LVTTL        ;         ; Row I/O    ; Off         ; N               ;
; U19      ; 99         ; 1        ; GND*                      ;        ;              ;         ; Row I/O    ; --          ;                 ;
; U20      ; 98         ; 1        ; GND*                      ;        ;              ;         ; Row I/O    ; --          ;                 ;
; U21      ; 67         ; 1        ; GND*                      ;        ;              ;         ; Row I/O    ; --          ;                 ;
; U22      ; 68         ; 1        ; GND*                      ;        ;              ;         ; Row I/O    ; --          ;                 ;
; V1       ; 250        ; 6        ; GND*                      ;        ;              ;         ; Row I/O    ; --          ;                 ;
; V2       ; 249        ; 6        ; out7[7]                   ; output ; LVTTL        ;         ; Row I/O    ; Off         ; N               ;
; V3       ; 231        ; 6        ; in10[4]                   ; input  ; LVTTL        ;         ; Row I/O    ; Off         ; N               ;
; V4       ; 230        ; 6        ; out7[6]                   ; output ; LVTTL        ;         ; Row I/O    ; Off         ; N               ;
; V5       ; 208        ; 7        ; in3[10]                   ; input  ; LVTTL        ;         ; Column I/O ; Off         ; N               ;
; V6       ; 202        ; 7        ; in3[2]                    ; input  ; LVTTL        ;         ; Column I/O ; Off         ; N               ;
; V7       ; 207        ; 7        ; out3[2]                   ; output ; LVTTL        ;         ; Column I/O ; Off         ; N               ;
; V8       ; 195        ; 7        ; in2[8]                    ; input  ; LVTTL        ;         ; Column I/O ; Off         ; N               ;
; V9       ; 192        ; 7        ; in2[1]                    ; input  ; LVTTL        ;         ; Column I/O ; Off         ; N               ;
; V10      ;            ;          ; NC                        ;        ;              ;         ; --         ; --          ;                 ;
; V11      ;            ;          ; NC                        ;        ;              ;         ; --         ; --          ;                 ;
; V12      ;            ;          ; NC                        ;        ;              ;         ; --         ; --          ;                 ;
; V13      ; 151        ; 8        ; in10[2]                   ; input  ; LVTTL        ;         ; Column I/O ; Off         ; N               ;
; V14      ; 142        ; 8        ; in3[4]                    ; input  ; LVTTL        ;         ; Column I/O ; Off         ; N               ;
; V15      ; 133        ; 8        ; in6[5]                    ; input  ; LVTTL        ;         ; Column I/O ; Off         ; N               ;
; V16      ; 123        ; 8        ; in4[6]                    ; input  ; LVTTL        ;         ; Column I/O ; Off         ; N               ;
; V17      ; 122        ; 8        ; in7[6]                    ; input  ; LVTTL        ;         ; Column I/O ; Off         ; N               ;
; V18      ; 114        ; 8        ; in8[8]                    ; input  ; LVTTL        ;         ; Column I/O ; Off         ; N               ;
; V19      ;            ;          ; NC                        ;        ;              ;         ; --         ; --          ;                 ;
; V20      ;            ;          ; NC                        ;        ;              ;         ; --         ; --          ;                 ;
; V21      ; 76         ; 1        ; GND*                      ;        ;              ;         ; Row I/O    ; --          ;                 ;
; V22      ; 75         ; 1        ; GND*                      ;        ;              ;         ; Row I/O    ; --          ;                 ;
; W1       ; 236        ; 6        ; in10[6]                   ; input  ; LVTTL        ;         ; Row I/O    ; Off         ; N               ;
; W2       ; 237        ; 6        ; out5[1]                   ; output ; LVTTL        ;         ; Row I/O    ; Off         ; N               ;
; W3       ; 226        ; 7        ; in5[4]                    ; input  ; LVTTL        ;         ; Column I/O ; Off         ; N               ;
; W4       ; 227        ; 7        ; in5[3]                    ; input  ; LVTTL        ;         ; Column I/O ; Off         ; N               ;
; W5       ; 214        ; 7        ; in4[0]                    ; input  ; LVTTL        ;         ; Column I/O ; Off         ; N               ;
; W6       ; 211        ; 7        ; in4[1]                    ; input  ; LVTTL        ;         ; Column I/O ; Off         ; N               ;
; W7       ; 199        ; 7        ; in3[0]                    ; input  ; LVTTL        ;         ; Column I/O ; Off         ; N               ;
; W8       ; 193        ; 7        ; GND*                      ;        ;              ;         ; Column I/O ; --          ;                 ;
; W9       ; 194        ; 7        ; GND*                      ;        ;              ;         ; Column I/O ; --          ;                 ;
; W10      ;            ;          ; NC                        ;        ;              ;         ; --         ; --          ;                 ;
; W11      ;            ;          ; NC                        ;        ;              ;         ; --         ; --          ;                 ;
; W12      ; 163        ; 11       ; GND*                      ;        ;              ;         ; Column I/O ; --          ;                 ;
; W13      ; 150        ; 8        ; in10[1]                   ; input  ; LVTTL        ;         ; Column I/O ; Off         ; N               ;
; W14      ; 141        ; 8        ; GND*                      ;        ;              ;         ; Column I/O ; --          ;                 ;
; W15      ; 138        ; 8        ; in9[0]                    ; input  ; LVTTL        ;         ; Column I/O ; Off         ; N               ;
; W16      ; 127        ; 8        ; in7[10]                   ; input  ; LVTTL        ;         ; Column I/O ; Off         ; N               ;
; W17      ; 116        ; 8        ; GND*                      ;        ;              ;         ; Column I/O ; --          ;                 ;
; W18      ; 107        ; 8        ; in6[2]                    ; input  ; LVTTL        ;         ; Column I/O ; Off         ; N               ;
; W19      ; 101        ; 8        ; in5[8]                    ; input  ; LVTTL        ;         ; Column I/O ; Off         ; N               ;
; W20      ; 100        ; 8        ; in6[0]                    ; input  ; LVTTL        ;         ; Column I/O ; Off         ; N               ;
; W21      ; 92         ; 1        ; out2[0]                   ; output ; LVTTL        ;         ; Row I/O    ; Off         ; N               ;
; W22      ; 93         ; 1        ; out2[2]                   ; output ; LVTTL        ;         ; Row I/O    ; Off         ; N               ;
; Y1       ;            ; 6        ; VCCIO6                    ; power  ;              ; 3.3V    ; --         ; --          ;                 ;
; Y2       ; 222        ; 7        ; in4[8]                    ; input  ; LVTTL        ;         ; Column I/O ; Off         ; N               ;
; Y3       ; 228        ; 7        ; out4[0]                   ; output ; LVTTL        ;         ; Column I/O ; Off         ; N               ;
; Y4       ; 223        ; 7        ; in8[6]                    ; input  ; LVTTL        ;         ; Column I/O ; Off         ; N               ;
; Y5       ; 215        ; 7        ; in1[10]                   ; input  ; LVTTL        ;         ; Column I/O ; Off         ; N               ;
; Y6       ; 206        ; 7        ; in3[6]                    ; input  ; LVTTL        ;         ; Column I/O ; Off         ; N               ;
; Y7       ; 209        ; 7        ; in3[9]                    ; input  ; LVTTL        ;         ; Column I/O ; Off         ; N               ;
; Y8       ; 189        ; 7        ; in2[3]                    ; input  ; LVTTL        ;         ; Column I/O ; Off         ; N               ;
; Y9       ; 188        ; 7        ; in2[2]                    ; input  ; LVTTL        ;         ; Column I/O ; Off         ; N               ;
; Y10      ;            ;          ; NC                        ;        ;              ;         ; --         ; --          ;                 ;
; Y11      ;            ;          ; NC                        ;        ;              ;         ; --         ; --          ;                 ;
; Y12      ; 162        ; 11       ; out3[3]                   ; output ; LVTTL        ;         ; Column I/O ; Off         ; N               ;
; Y13      ; 166        ; 11       ; in2[4]                    ; input  ; LVTTL        ;         ; Column I/O ; Off         ; N               ;
; Y14      ; 152        ; 8        ; in10[0]                   ; input  ; LVTTL        ;         ; Column I/O ; Off         ; N               ;
; Y15      ; 130        ; 8        ; GND*                      ;        ;              ;         ; Column I/O ; --          ;                 ;
; Y16      ; 124        ; 8        ; in7[8]                    ; input  ; LVTTL        ;         ; Column I/O ; Off         ; N               ;
; Y17      ; 117        ; 8        ; GND*                      ;        ;              ;         ; Column I/O ; --          ;                 ;
; Y18      ; 115        ; 8        ; in6[10]                   ; input  ; LVTTL        ;         ; Column I/O ; Off         ; N               ;
; Y19      ; 106        ; 8        ; in7[1]                    ; input  ; LVTTL        ;         ; Column I/O ; Off         ; N               ;
; Y20      ; 105        ; 8        ; out10[10]                 ; output ; LVTTL        ;         ; Column I/O ; Off         ; N               ;
; Y21      ; 104        ; 8        ; in6[1]                    ; input  ; LVTTL        ;         ; Column I/O ; Off         ; N               ;
; Y22      ;            ; 1        ; VCCIO1                    ; power  ;              ; 3.3V    ; --         ; --          ;                 ;
+----------+------------+----------+---------------------------+--------+--------------+---------+------------+-------------+-----------------+


+-------------------------------------------------------------------------------+
; Output Pin Default Load For Reported TCO                                      ;
+----------------------------------+-------+------------------------------------+
; I/O Standard                     ; Load  ; Termination Resistance             ;
+----------------------------------+-------+------------------------------------+
; LVTTL                            ; 10 pF ; Not Available                      ;
; LVCMOS                           ; 10 pF ; Not Available                      ;
; 2.5 V                            ; 10 pF ; Not Available                      ;
; 1.8 V                            ; 10 pF ; Not Available                      ;
; 1.5 V                            ; 10 pF ; Not Available                      ;
; GTL                              ; 30 pF ; 25 Ohm (Parallel)                  ;
; GTL+                             ; 30 pF ; 25 Ohm (Parallel)                  ;
; 3.3-V PCI                        ; 10 pF ; 25 Ohm (Parallel)                  ;
; 3.3-V PCI-X                      ; 8 pF  ; 25 Ohm (Parallel)                  ;
; Compact PCI                      ; 10 pF ; 25 Ohm (Parallel)                  ;
; AGP 1X                           ; 10 pF ; Not Available                      ;
; AGP 2X                           ; 10 pF ; Not Available                      ;
; CTT                              ; 30 pF ; 50 Ohm (Parallel)                  ;
; SSTL-3 Class I                   ; 30 pF ; 50 Ohm (Parallel), 25 Ohm (Serial) ;
; SSTL-3 Class II                  ; 30 pF ; 25 Ohm (Parallel), 25 Ohm (Serial) ;
; SSTL-2 Class I                   ; 30 pF ; 50 Ohm (Parallel), 25 Ohm (Serial) ;
; SSTL-2 Class II                  ; 30 pF ; 25 Ohm (Parallel), 25 Ohm (Serial) ;
; SSTL-18 Class I                  ; 30 pF ; 50 Ohm (Parallel), 25 Ohm (Serial) ;
; SSTL-18 Class II                 ; 30 pF ; 25 Ohm (Parallel), 25 Ohm (Serial) ;
; 1.5-V HSTL Class I               ; 20 pF ; 50 Ohm (Parallel)                  ;
; 1.5-V HSTL Class II              ; 20 pF ; 25 Ohm (Parallel)                  ;
; 1.8-V HSTL Class I               ; 20 pF ; 50 Ohm (Parallel)                  ;
; 1.8-V HSTL Class II              ; 20 pF ; 25 Ohm (Parallel)                  ;
; LVDS                             ; 4 pF  ; 100 Ohm (Differential)             ;
; Differential LVPECL              ; 4 pF  ; 100 Ohm (Differential)             ;
; 3.3-V PCML                       ; 4 pF  ; 50 Ohm (Parallel)                  ;
; HyperTransport                   ; 4 pF  ; 100 Ohm (Differential)             ;
; Differential 1.5-V HSTL Class I  ; 0 pF  ; (See 1.5-V HSTL Class I)           ;
; Differential 1.5-V HSTL Class II ; 0 pF  ; (See 1.5-V HSTL Class II)          ;
; Differential 1.8-V HSTL Class I  ; 0 pF  ; (See 1.8-V HSTL Class I)           ;
; Differential 1.8-V HSTL Class II ; 0 pF  ; (See 1.8-V HSTL Class II)          ;
; Differential SSTL-2              ; 30 pF ; (See SSTL-2)                       ;
+----------------------------------+-------+------------------------------------+
Note: User assignments will override these defaults. The user specified values are listed in the Output Pins and Bidir Pins tables.


+--------------------------------------------------------------------------------------------------------------------------------------------------------------------------------------------------------------------------------------------+
; Fitter Resource Utilization by Entity                                                                                                                                                                                                      ;
+----------------------------+-------------+--------------+-------------+--------------+---------+-----------+-----------+------+--------------+--------------+-------------------+------------------+-----------------+---------------------+
; Compilation Hierarchy Node ; Logic Cells ; LC Registers ; Memory Bits ; DSP Elements ; DSP 9x9 ; DSP 18x18 ; DSP 36x36 ; Pins ; Virtual Pins ; LUT-Only LCs ; Register-Only LCs ; LUT/Register LCs ; Carry Chain LCs ; Full Hierarchy Name ;
+----------------------------+-------------+--------------+-------------+--------------+---------+-----------+-----------+------+--------------+--------------+-------------------+------------------+-----------------+---------------------+
; |verilog_qs                ; 1 (1)       ; 0            ; 0           ; 0            ; 0       ; 0         ; 0         ; 221  ; 0            ; 1 (1)        ; 0 (0)             ; 0 (0)            ; 0 (0)           ; |verilog_qs         ;
+----------------------------+-------------+--------------+-------------+--------------+---------+-----------+-----------+------+--------------+--------------+-------------------+------------------+-----------------+---------------------+
Note: For table entries with two numbers listed, the numbers in parentheses indicate the number of resources of the given type used by the specific entity alone. The numbers listed outside of parentheses indicate the total resources of the given type used by the specific entity and all of its sub-entities in the hierarchy.


+--------------------------------------------------------------------------------------------------------------------------------------------------------------------------------------------------------------------------------------------------------------+
; Delay Chain Summary                                                                                                                                                                                                                                          ;
+-----------+----------+---------------+---------------+-----------------------+-------------------------+----------------------------------------+---------------------------------+--------------------------------+-----+------+----------------------------+
; Name      ; Pin Type ; Pad to Core 0 ; Pad to Core 1 ; Pad to Input Register ; Core to Output Register ; Clock Enable to Output Enable Register ; Clock Enable to Output Register ; Clock Enable to Input Register ; TCO ; TCOE ; Falling Edge Output Enable ;
+-----------+----------+---------------+---------------+-----------------------+-------------------------+----------------------------------------+---------------------------------+--------------------------------+-----+------+----------------------------+
; clk       ; Input    ; OFF           ; OFF           ; --                    ; --                      ; --                                     ; --                              ; --                             ; --  ; --   ; --                         ;
; in1[0]    ; Input    ; OFF           ; OFF           ; --                    ; --                      ; --                                     ; --                              ; --                             ; --  ; --   ; --                         ;
; in1[1]    ; Input    ; OFF           ; OFF           ; --                    ; --                      ; --                                     ; --                              ; --                             ; --  ; --   ; --                         ;
; in1[2]    ; Input    ; OFF           ; OFF           ; --                    ; --                      ; --                                     ; --                              ; --                             ; --  ; --   ; --                         ;
; in1[3]    ; Input    ; OFF           ; OFF           ; --                    ; --                      ; --                                     ; --                              ; --                             ; --  ; --   ; --                         ;
; in1[4]    ; Input    ; OFF           ; OFF           ; --                    ; --                      ; --                                     ; --                              ; --                             ; --  ; --   ; --                         ;
; in1[5]    ; Input    ; OFF           ; OFF           ; --                    ; --                      ; --                                     ; --                              ; --                             ; --  ; --   ; --                         ;
; in1[6]    ; Input    ; OFF           ; OFF           ; --                    ; --                      ; --                                     ; --                              ; --                             ; --  ; --   ; --                         ;
; in1[7]    ; Input    ; OFF           ; OFF           ; --                    ; --                      ; --                                     ; --                              ; --                             ; --  ; --   ; --                         ;
; in1[8]    ; Input    ; OFF           ; OFF           ; --                    ; --                      ; --                                     ; --                              ; --                             ; --  ; --   ; --                         ;
; in1[9]    ; Input    ; OFF           ; OFF           ; --                    ; --                      ; --                                     ; --                              ; --                             ; --  ; --   ; --                         ;
; in1[10]   ; Input    ; OFF           ; OFF           ; --                    ; --                      ; --                                     ; --                              ; --                             ; --  ; --   ; --                         ;
; in2[0]    ; Input    ; OFF           ; OFF           ; --                    ; --                      ; --                                     ; --                              ; --                             ; --  ; --   ; --                         ;
; in2[1]    ; Input    ; OFF           ; OFF           ; --                    ; --                      ; --                                     ; --                              ; --                             ; --  ; --   ; --                         ;
; in2[2]    ; Input    ; OFF           ; OFF           ; --                    ; --                      ; --                                     ; --                              ; --                             ; --  ; --   ; --                         ;
; in2[3]    ; Input    ; OFF           ; OFF           ; --                    ; --                      ; --                                     ; --                              ; --                             ; --  ; --   ; --                         ;
; in2[4]    ; Input    ; OFF           ; OFF           ; --                    ; --                      ; --                                     ; --                              ; --                             ; --  ; --   ; --                         ;
; in2[5]    ; Input    ; OFF           ; OFF           ; --                    ; --                      ; --                                     ; --                              ; --                             ; --  ; --   ; --                         ;
; in2[6]    ; Input    ; OFF           ; OFF           ; --                    ; --                      ; --                                     ; --                              ; --                             ; --  ; --   ; --                         ;
; in2[7]    ; Input    ; OFF           ; OFF           ; --                    ; --                      ; --                                     ; --                              ; --                             ; --  ; --   ; --                         ;
; in2[8]    ; Input    ; OFF           ; OFF           ; --                    ; --                      ; --                                     ; --                              ; --                             ; --  ; --   ; --                         ;
; in2[9]    ; Input    ; OFF           ; OFF           ; --                    ; --                      ; --                                     ; --                              ; --                             ; --  ; --   ; --                         ;
; in2[10]   ; Input    ; OFF           ; OFF           ; --                    ; --                      ; --                                     ; --                              ; --                             ; --  ; --   ; --                         ;
; in3[0]    ; Input    ; OFF           ; OFF           ; --                    ; --                      ; --                                     ; --                              ; --                             ; --  ; --   ; --                         ;
; in3[1]    ; Input    ; OFF           ; OFF           ; --                    ; --                      ; --                                     ; --                              ; --                             ; --  ; --   ; --                         ;
; in3[2]    ; Input    ; OFF           ; OFF           ; --                    ; --                      ; --                                     ; --                              ; --                             ; --  ; --   ; --                         ;
; in3[3]    ; Input    ; OFF           ; OFF           ; --                    ; --                      ; --                                     ; --                              ; --                             ; --  ; --   ; --                         ;
; in3[4]    ; Input    ; OFF           ; OFF           ; --                    ; --                      ; --                                     ; --                              ; --                             ; --  ; --   ; --                         ;
; in3[5]    ; Input    ; OFF           ; OFF           ; --                    ; --                      ; --                                     ; --                              ; --                             ; --  ; --   ; --                         ;
; in3[6]    ; Input    ; OFF           ; OFF           ; --                    ; --                      ; --                                     ; --                              ; --                             ; --  ; --   ; --                         ;
; in3[7]    ; Input    ; OFF           ; OFF           ; --                    ; --                      ; --                                     ; --                              ; --                             ; --  ; --   ; --                         ;
; in3[8]    ; Input    ; OFF           ; OFF           ; --                    ; --                      ; --                                     ; --                              ; --                             ; --  ; --   ; --                         ;
; in3[9]    ; Input    ; OFF           ; OFF           ; --                    ; --                      ; --                                     ; --                              ; --                             ; --  ; --   ; --                         ;
; in3[10]   ; Input    ; OFF           ; OFF           ; --                    ; --                      ; --                                     ; --                              ; --                             ; --  ; --   ; --                         ;
; in4[0]    ; Input    ; OFF           ; OFF           ; --                    ; --                      ; --                                     ; --                              ; --                             ; --  ; --   ; --                         ;
; in4[1]    ; Input    ; OFF           ; OFF           ; --                    ; --                      ; --                                     ; --                              ; --                             ; --  ; --   ; --                         ;
; in4[2]    ; Input    ; OFF           ; OFF           ; --                    ; --                      ; --                                     ; --                              ; --                             ; --  ; --   ; --                         ;
; in4[3]    ; Input    ; OFF           ; OFF           ; --                    ; --                      ; --                                     ; --                              ; --                             ; --  ; --   ; --                         ;
; in4[4]    ; Input    ; OFF           ; OFF           ; --                    ; --                      ; --                                     ; --                              ; --                             ; --  ; --   ; --                         ;
; in4[5]    ; Input    ; OFF           ; OFF           ; --                    ; --                      ; --                                     ; --                              ; --                             ; --  ; --   ; --                         ;
; in4[6]    ; Input    ; OFF           ; OFF           ; --                    ; --                      ; --                                     ; --                              ; --                             ; --  ; --   ; --                         ;
; in4[7]    ; Input    ; OFF           ; OFF           ; --                    ; --                      ; --                                     ; --                              ; --                             ; --  ; --   ; --                         ;
; in4[8]    ; Input    ; OFF           ; OFF           ; --                    ; --                      ; --                                     ; --                              ; --                             ; --  ; --   ; --                         ;
; in4[9]    ; Input    ; OFF           ; OFF           ; --                    ; --                      ; --                                     ; --                              ; --                             ; --  ; --   ; --                         ;
; in4[10]   ; Input    ; OFF           ; OFF           ; --                    ; --                      ; --                                     ; --                              ; --                             ; --  ; --   ; --                         ;
; in5[0]    ; Input    ; OFF           ; OFF           ; --                    ; --                      ; --                                     ; --                              ; --                             ; --  ; --   ; --                         ;
; in5[1]    ; Input    ; OFF           ; OFF           ; --                    ; --                      ; --                                     ; --                              ; --                             ; --  ; --   ; --                         ;
; in5[2]    ; Input    ; OFF           ; OFF           ; --                    ; --                      ; --                                     ; --                              ; --                             ; --  ; --   ; --                         ;
; in5[3]    ; Input    ; OFF           ; OFF           ; --                    ; --                      ; --                                     ; --                              ; --                             ; --  ; --   ; --                         ;
; in5[4]    ; Input    ; OFF           ; OFF           ; --                    ; --                      ; --                                     ; --                              ; --                             ; --  ; --   ; --                         ;
; in5[5]    ; Input    ; OFF           ; OFF           ; --                    ; --                      ; --                                     ; --                              ; --                             ; --  ; --   ; --                         ;
; in5[6]    ; Input    ; OFF           ; OFF           ; --                    ; --                      ; --                                     ; --                              ; --                             ; --  ; --   ; --                         ;
; in5[7]    ; Input    ; OFF           ; OFF           ; --                    ; --                      ; --                                     ; --                              ; --                             ; --  ; --   ; --                         ;
; in5[8]    ; Input    ; OFF           ; OFF           ; --                    ; --                      ; --                                     ; --                              ; --                             ; --  ; --   ; --                         ;
; in5[9]    ; Input    ; OFF           ; OFF           ; --                    ; --                      ; --                                     ; --                              ; --                             ; --  ; --   ; --                         ;
; in5[10]   ; Input    ; OFF           ; OFF           ; --                    ; --                      ; --                                     ; --                              ; --                             ; --  ; --   ; --                         ;
; in6[0]    ; Input    ; OFF           ; OFF           ; --                    ; --                      ; --                                     ; --                              ; --                             ; --  ; --   ; --                         ;
; in6[1]    ; Input    ; OFF           ; OFF           ; --                    ; --                      ; --                                     ; --                              ; --                             ; --  ; --   ; --                         ;
; in6[2]    ; Input    ; OFF           ; OFF           ; --                    ; --                      ; --                                     ; --                              ; --                             ; --  ; --   ; --                         ;
; in6[3]    ; Input    ; OFF           ; OFF           ; --                    ; --                      ; --                                     ; --                              ; --                             ; --  ; --   ; --                         ;
; in6[4]    ; Input    ; OFF           ; OFF           ; --                    ; --                      ; --                                     ; --                              ; --                             ; --  ; --   ; --                         ;
; in6[5]    ; Input    ; OFF           ; OFF           ; --                    ; --                      ; --                                     ; --                              ; --                             ; --  ; --   ; --                         ;
; in6[6]    ; Input    ; OFF           ; OFF           ; --                    ; --                      ; --                                     ; --                              ; --                             ; --  ; --   ; --                         ;
; in6[7]    ; Input    ; OFF           ; OFF           ; --                    ; --                      ; --                                     ; --                              ; --                             ; --  ; --   ; --                         ;
; in6[8]    ; Input    ; OFF           ; OFF           ; --                    ; --                      ; --                                     ; --                              ; --                             ; --  ; --   ; --                         ;
; in6[9]    ; Input    ; OFF           ; OFF           ; --                    ; --                      ; --                                     ; --                              ; --                             ; --  ; --   ; --                         ;
; in6[10]   ; Input    ; OFF           ; OFF           ; --                    ; --                      ; --                                     ; --                              ; --                             ; --  ; --   ; --                         ;
; in7[0]    ; Input    ; OFF           ; OFF           ; --                    ; --                      ; --                                     ; --                              ; --                             ; --  ; --   ; --                         ;
; in7[1]    ; Input    ; OFF           ; OFF           ; --                    ; --                      ; --                                     ; --                              ; --                             ; --  ; --   ; --                         ;
; in7[2]    ; Input    ; OFF           ; OFF           ; --                    ; --                      ; --                                     ; --                              ; --                             ; --  ; --   ; --                         ;
; in7[3]    ; Input    ; OFF           ; OFF           ; --                    ; --                      ; --                                     ; --                              ; --                             ; --  ; --   ; --                         ;
; in7[4]    ; Input    ; OFF           ; OFF           ; --                    ; --                      ; --                                     ; --                              ; --                             ; --  ; --   ; --                         ;
; in7[5]    ; Input    ; OFF           ; OFF           ; --                    ; --                      ; --                                     ; --                              ; --                             ; --  ; --   ; --                         ;
; in7[6]    ; Input    ; OFF           ; OFF           ; --                    ; --                      ; --                                     ; --                              ; --                             ; --  ; --   ; --                         ;
; in7[7]    ; Input    ; OFF           ; OFF           ; --                    ; --                      ; --                                     ; --                              ; --                             ; --  ; --   ; --                         ;
; in7[8]    ; Input    ; OFF           ; OFF           ; --                    ; --                      ; --                                     ; --                              ; --                             ; --  ; --   ; --                         ;
; in7[9]    ; Input    ; OFF           ; OFF           ; --                    ; --                      ; --                                     ; --                              ; --                             ; --  ; --   ; --                         ;
; in7[10]   ; Input    ; OFF           ; OFF           ; --                    ; --                      ; --                                     ; --                              ; --                             ; --  ; --   ; --                         ;
; in8[0]    ; Input    ; OFF           ; OFF           ; --                    ; --                      ; --                                     ; --                              ; --                             ; --  ; --   ; --                         ;
; in8[1]    ; Input    ; OFF           ; OFF           ; --                    ; --                      ; --                                     ; --                              ; --                             ; --  ; --   ; --                         ;
; in8[2]    ; Input    ; OFF           ; OFF           ; --                    ; --                      ; --                                     ; --                              ; --                             ; --  ; --   ; --                         ;
; in8[3]    ; Input    ; OFF           ; OFF           ; --                    ; --                      ; --                                     ; --                              ; --                             ; --  ; --   ; --                         ;
; in8[4]    ; Input    ; OFF           ; OFF           ; --                    ; --                      ; --                                     ; --                              ; --                             ; --  ; --   ; --                         ;
; in8[5]    ; Input    ; OFF           ; OFF           ; --                    ; --                      ; --                                     ; --                              ; --                             ; --  ; --   ; --                         ;
; in8[6]    ; Input    ; OFF           ; OFF           ; --                    ; --                      ; --                                     ; --                              ; --                             ; --  ; --   ; --                         ;
; in8[7]    ; Input    ; OFF           ; OFF           ; --                    ; --                      ; --                                     ; --                              ; --                             ; --  ; --   ; --                         ;
; in8[8]    ; Input    ; OFF           ; OFF           ; --                    ; --                      ; --                                     ; --                              ; --                             ; --  ; --   ; --                         ;
; in8[9]    ; Input    ; OFF           ; OFF           ; --                    ; --                      ; --                                     ; --                              ; --                             ; --  ; --   ; --                         ;
; in8[10]   ; Input    ; OFF           ; OFF           ; --                    ; --                      ; --                                     ; --                              ; --                             ; --  ; --   ; --                         ;
; in9[0]    ; Input    ; OFF           ; OFF           ; --                    ; --                      ; --                                     ; --                              ; --                             ; --  ; --   ; --                         ;
; in9[1]    ; Input    ; OFF           ; OFF           ; --                    ; --                      ; --                                     ; --                              ; --                             ; --  ; --   ; --                         ;
; in9[2]    ; Input    ; OFF           ; OFF           ; --                    ; --                      ; --                                     ; --                              ; --                             ; --  ; --   ; --                         ;
; in9[3]    ; Input    ; OFF           ; OFF           ; --                    ; --                      ; --                                     ; --                              ; --                             ; --  ; --   ; --                         ;
; in9[4]    ; Input    ; OFF           ; OFF           ; --                    ; --                      ; --                                     ; --                              ; --                             ; --  ; --   ; --                         ;
; in9[5]    ; Input    ; OFF           ; OFF           ; --                    ; --                      ; --                                     ; --                              ; --                             ; --  ; --   ; --                         ;
; in9[6]    ; Input    ; OFF           ; OFF           ; --                    ; --                      ; --                                     ; --                              ; --                             ; --  ; --   ; --                         ;
; in9[7]    ; Input    ; OFF           ; OFF           ; --                    ; --                      ; --                                     ; --                              ; --                             ; --  ; --   ; --                         ;
; in9[8]    ; Input    ; OFF           ; OFF           ; --                    ; --                      ; --                                     ; --                              ; --                             ; --  ; --   ; --                         ;
; in9[9]    ; Input    ; OFF           ; OFF           ; --                    ; --                      ; --                                     ; --                              ; --                             ; --  ; --   ; --                         ;
; in9[10]   ; Input    ; OFF           ; OFF           ; --                    ; --                      ; --                                     ; --                              ; --                             ; --  ; --   ; --                         ;
; in10[0]   ; Input    ; OFF           ; OFF           ; --                    ; --                      ; --                                     ; --                              ; --                             ; --  ; --   ; --                         ;
; in10[1]   ; Input    ; OFF           ; OFF           ; --                    ; --                      ; --                                     ; --                              ; --                             ; --  ; --   ; --                         ;
; in10[2]   ; Input    ; OFF           ; OFF           ; --                    ; --                      ; --                                     ; --                              ; --                             ; --  ; --   ; --                         ;
; in10[3]   ; Input    ; OFF           ; OFF           ; --                    ; --                      ; --                                     ; --                              ; --                             ; --  ; --   ; --                         ;
; in10[4]   ; Input    ; OFF           ; OFF           ; --                    ; --                      ; --                                     ; --                              ; --                             ; --  ; --   ; --                         ;
; in10[5]   ; Input    ; OFF           ; OFF           ; --                    ; --                      ; --                                     ; --                              ; --                             ; --  ; --   ; --                         ;
; in10[6]   ; Input    ; OFF           ; OFF           ; --                    ; --                      ; --                                     ; --                              ; --                             ; --  ; --   ; --                         ;
; in10[7]   ; Input    ; OFF           ; OFF           ; --                    ; --                      ; --                                     ; --                              ; --                             ; --  ; --   ; --                         ;
; in10[8]   ; Input    ; OFF           ; OFF           ; --                    ; --                      ; --                                     ; --                              ; --                             ; --  ; --   ; --                         ;
; in10[9]   ; Input    ; OFF           ; OFF           ; --                    ; --                      ; --                                     ; --                              ; --                             ; --  ; --   ; --                         ;
; in10[10]  ; Input    ; OFF           ; OFF           ; --                    ; --                      ; --                                     ; --                              ; --                             ; --  ; --   ; --                         ;
; out1[0]   ; Output   ; --            ; --            ; --                    ; --                      ; --                                     ; --                              ; --                             ; --  ; OFF  ; OFF                        ;
; out1[1]   ; Output   ; --            ; --            ; --                    ; --                      ; --                                     ; --                              ; --                             ; --  ; OFF  ; OFF                        ;
; out1[2]   ; Output   ; --            ; --            ; --                    ; --                      ; --                                     ; --                              ; --                             ; --  ; OFF  ; OFF                        ;
; out1[3]   ; Output   ; --            ; --            ; --                    ; --                      ; --                                     ; --                              ; --                             ; --  ; OFF  ; OFF                        ;
; out1[4]   ; Output   ; --            ; --            ; --                    ; --                      ; --                                     ; --                              ; --                             ; --  ; OFF  ; OFF                        ;
; out1[5]   ; Output   ; --            ; --            ; --                    ; --                      ; --                                     ; --                              ; --                             ; --  ; OFF  ; OFF                        ;
; out1[6]   ; Output   ; --            ; --            ; --                    ; --                      ; --                                     ; --                              ; --                             ; --  ; OFF  ; OFF                        ;
; out1[7]   ; Output   ; --            ; --            ; --                    ; --                      ; --                                     ; --                              ; --                             ; --  ; OFF  ; OFF                        ;
; out1[8]   ; Output   ; --            ; --            ; --                    ; --                      ; --                                     ; --                              ; --                             ; --  ; OFF  ; OFF                        ;
; out1[9]   ; Output   ; --            ; --            ; --                    ; --                      ; --                                     ; --                              ; --                             ; --  ; OFF  ; OFF                        ;
; out1[10]  ; Output   ; --            ; --            ; --                    ; --                      ; --                                     ; --                              ; --                             ; --  ; OFF  ; OFF                        ;
; out2[0]   ; Output   ; --            ; --            ; --                    ; --                      ; --                                     ; --                              ; --                             ; --  ; OFF  ; OFF                        ;
; out2[1]   ; Output   ; --            ; --            ; --                    ; --                      ; --                                     ; --                              ; --                             ; --  ; OFF  ; OFF                        ;
; out2[2]   ; Output   ; --            ; --            ; --                    ; --                      ; --                                     ; --                              ; --                             ; --  ; OFF  ; OFF                        ;
; out2[3]   ; Output   ; --            ; --            ; --                    ; --                      ; --                                     ; --                              ; --                             ; --  ; OFF  ; OFF                        ;
; out2[4]   ; Output   ; --            ; --            ; --                    ; --                      ; --                                     ; --                              ; --                             ; --  ; OFF  ; OFF                        ;
; out2[5]   ; Output   ; --            ; --            ; --                    ; --                      ; --                                     ; --                              ; --                             ; --  ; OFF  ; OFF                        ;
; out2[6]   ; Output   ; --            ; --            ; --                    ; --                      ; --                                     ; --                              ; --                             ; --  ; OFF  ; OFF                        ;
; out2[7]   ; Output   ; --            ; --            ; --                    ; --                      ; --                                     ; --                              ; --                             ; --  ; OFF  ; OFF                        ;
; out2[8]   ; Output   ; --            ; --            ; --                    ; --                      ; --                                     ; --                              ; --                             ; --  ; OFF  ; OFF                        ;
; out2[9]   ; Output   ; --            ; --            ; --                    ; --                      ; --                                     ; --                              ; --                             ; --  ; OFF  ; OFF                        ;
; out2[10]  ; Output   ; --            ; --            ; --                    ; --                      ; --                                     ; --                              ; --                             ; --  ; OFF  ; OFF                        ;
; out3[0]   ; Output   ; --            ; --            ; --                    ; --                      ; --                                     ; --                              ; --                             ; --  ; OFF  ; OFF                        ;
; out3[1]   ; Output   ; --            ; --            ; --                    ; --                      ; --                                     ; --                              ; --                             ; --  ; OFF  ; OFF                        ;
; out3[2]   ; Output   ; --            ; --            ; --                    ; --                      ; --                                     ; --                              ; --                             ; --  ; OFF  ; OFF                        ;
; out3[3]   ; Output   ; --            ; --            ; --                    ; --                      ; --                                     ; --                              ; --                             ; --  ; OFF  ; OFF                        ;
; out3[4]   ; Output   ; --            ; --            ; --                    ; --                      ; --                                     ; --                              ; --                             ; --  ; OFF  ; OFF                        ;
; out3[5]   ; Output   ; --            ; --            ; --                    ; --                      ; --                                     ; --                              ; --                             ; --  ; OFF  ; OFF                        ;
; out3[6]   ; Output   ; --            ; --            ; --                    ; --                      ; --                                     ; --                              ; --                             ; --  ; OFF  ; OFF                        ;
; out3[7]   ; Output   ; --            ; --            ; --                    ; --                      ; --                                     ; --                              ; --                             ; --  ; OFF  ; OFF                        ;
; out3[8]   ; Output   ; --            ; --            ; --                    ; --                      ; --                                     ; --                              ; --                             ; --  ; OFF  ; OFF                        ;
; out3[9]   ; Output   ; --            ; --            ; --                    ; --                      ; --                                     ; --                              ; --                             ; --  ; OFF  ; OFF                        ;
; out3[10]  ; Output   ; --            ; --            ; --                    ; --                      ; --                                     ; --                              ; --                             ; --  ; OFF  ; OFF                        ;
; out4[0]   ; Output   ; --            ; --            ; --                    ; --                      ; --                                     ; --                              ; --                             ; --  ; OFF  ; OFF                        ;
; out4[1]   ; Output   ; --            ; --            ; --                    ; --                      ; --                                     ; --                              ; --                             ; --  ; OFF  ; OFF                        ;
; out4[2]   ; Output   ; --            ; --            ; --                    ; --                      ; --                                     ; --                              ; --                             ; --  ; OFF  ; OFF                        ;
; out4[3]   ; Output   ; --            ; --            ; --                    ; --                      ; --                                     ; --                              ; --                             ; --  ; OFF  ; OFF                        ;
; out4[4]   ; Output   ; --            ; --            ; --                    ; --                      ; --                                     ; --                              ; --                             ; --  ; OFF  ; OFF                        ;
; out4[5]   ; Output   ; --            ; --            ; --                    ; --                      ; --                                     ; --                              ; --                             ; --  ; OFF  ; OFF                        ;
; out4[6]   ; Output   ; --            ; --            ; --                    ; --                      ; --                                     ; --                              ; --                             ; --  ; OFF  ; OFF                        ;
; out4[7]   ; Output   ; --            ; --            ; --                    ; --                      ; --                                     ; --                              ; --                             ; --  ; OFF  ; OFF                        ;
; out4[8]   ; Output   ; --            ; --            ; --                    ; --                      ; --                                     ; --                              ; --                             ; --  ; OFF  ; OFF                        ;
; out4[9]   ; Output   ; --            ; --            ; --                    ; --                      ; --                                     ; --                              ; --                             ; --  ; OFF  ; OFF                        ;
; out4[10]  ; Output   ; --            ; --            ; --                    ; --                      ; --                                     ; --                              ; --                             ; --  ; OFF  ; OFF                        ;
; out5[0]   ; Output   ; --            ; --            ; --                    ; --                      ; --                                     ; --                              ; --                             ; --  ; OFF  ; OFF                        ;
; out5[1]   ; Output   ; --            ; --            ; --                    ; --                      ; --                                     ; --                              ; --                             ; --  ; OFF  ; OFF                        ;
; out5[2]   ; Output   ; --            ; --            ; --                    ; --                      ; --                                     ; --                              ; --                             ; --  ; OFF  ; OFF                        ;
; out5[3]   ; Output   ; --            ; --            ; --                    ; --                      ; --                                     ; --                              ; --                             ; --  ; OFF  ; OFF                        ;
; out5[4]   ; Output   ; --            ; --            ; --                    ; --                      ; --                                     ; --                              ; --                             ; --  ; OFF  ; OFF                        ;
; out5[5]   ; Output   ; --            ; --            ; --                    ; --                      ; --                                     ; --                              ; --                             ; --  ; OFF  ; OFF                        ;
; out5[6]   ; Output   ; --            ; --            ; --                    ; --                      ; --                                     ; --                              ; --                             ; --  ; OFF  ; OFF                        ;
; out5[7]   ; Output   ; --            ; --            ; --                    ; --                      ; --                                     ; --                              ; --                             ; --  ; OFF  ; OFF                        ;
; out5[8]   ; Output   ; --            ; --            ; --                    ; --                      ; --                                     ; --                              ; --                             ; --  ; OFF  ; OFF                        ;
; out5[9]   ; Output   ; --            ; --            ; --                    ; --                      ; --                                     ; --                              ; --                             ; --  ; OFF  ; OFF                        ;
; out5[10]  ; Output   ; --            ; --            ; --                    ; --                      ; --                                     ; --                              ; --                             ; --  ; OFF  ; OFF                        ;
; out6[0]   ; Output   ; --            ; --            ; --                    ; --                      ; --                                     ; --                              ; --                             ; --  ; OFF  ; OFF                        ;
; out6[1]   ; Output   ; --            ; --            ; --                    ; --                      ; --                                     ; --                              ; --                             ; --  ; OFF  ; OFF                        ;
; out6[2]   ; Output   ; --            ; --            ; --                    ; --                      ; --                                     ; --                              ; --                             ; --  ; OFF  ; OFF                        ;
; out6[3]   ; Output   ; --            ; --            ; --                    ; --                      ; --                                     ; --                              ; --                             ; --  ; OFF  ; OFF                        ;
; out6[4]   ; Output   ; --            ; --            ; --                    ; --                      ; --                                     ; --                              ; --                             ; --  ; OFF  ; OFF                        ;
; out6[5]   ; Output   ; --            ; --            ; --                    ; --                      ; --                                     ; --                              ; --                             ; --  ; OFF  ; OFF                        ;
; out6[6]   ; Output   ; --            ; --            ; --                    ; --                      ; --                                     ; --                              ; --                             ; --  ; OFF  ; OFF                        ;
; out6[7]   ; Output   ; --            ; --            ; --                    ; --                      ; --                                     ; --                              ; --                             ; --  ; OFF  ; OFF                        ;
; out6[8]   ; Output   ; --            ; --            ; --                    ; --                      ; --                                     ; --                              ; --                             ; --  ; OFF  ; OFF                        ;
; out6[9]   ; Output   ; --            ; --            ; --                    ; --                      ; --                                     ; --                              ; --                             ; --  ; OFF  ; OFF                        ;
; out6[10]  ; Output   ; --            ; --            ; --                    ; --                      ; --                                     ; --                              ; --                             ; --  ; OFF  ; OFF                        ;
; out7[0]   ; Output   ; --            ; --            ; --                    ; --                      ; --                                     ; --                              ; --                             ; --  ; OFF  ; OFF                        ;
; out7[1]   ; Output   ; --            ; --            ; --                    ; --                      ; --                                     ; --                              ; --                             ; --  ; OFF  ; OFF                        ;
; out7[2]   ; Output   ; --            ; --            ; --                    ; --                      ; --                                     ; --                              ; --                             ; --  ; OFF  ; OFF                        ;
; out7[3]   ; Output   ; --            ; --            ; --                    ; --                      ; --                                     ; --                              ; --                             ; --  ; OFF  ; OFF                        ;
; out7[4]   ; Output   ; --            ; --            ; --                    ; --                      ; --                                     ; --                              ; --                             ; --  ; OFF  ; OFF                        ;
; out7[5]   ; Output   ; --            ; --            ; --                    ; --                      ; --                                     ; --                              ; --                             ; --  ; OFF  ; OFF                        ;
; out7[6]   ; Output   ; --            ; --            ; --                    ; --                      ; --                                     ; --                              ; --                             ; --  ; OFF  ; OFF                        ;
; out7[7]   ; Output   ; --            ; --            ; --                    ; --                      ; --                                     ; --                              ; --                             ; --  ; OFF  ; OFF                        ;
; out7[8]   ; Output   ; --            ; --            ; --                    ; --                      ; --                                     ; --                              ; --                             ; --  ; OFF  ; OFF                        ;
; out7[9]   ; Output   ; --            ; --            ; --                    ; --                      ; --                                     ; --                              ; --                             ; --  ; OFF  ; OFF                        ;
; out7[10]  ; Output   ; --            ; --            ; --                    ; --                      ; --                                     ; --                              ; --                             ; --  ; OFF  ; OFF                        ;
; out8[0]   ; Output   ; --            ; --            ; --                    ; --                      ; --                                     ; --                              ; --                             ; --  ; OFF  ; OFF                        ;
; out8[1]   ; Output   ; --            ; --            ; --                    ; --                      ; --                                     ; --                              ; --                             ; --  ; OFF  ; OFF                        ;
; out8[2]   ; Output   ; --            ; --            ; --                    ; --                      ; --                                     ; --                              ; --                             ; --  ; OFF  ; OFF                        ;
; out8[3]   ; Output   ; --            ; --            ; --                    ; --                      ; --                                     ; --                              ; --                             ; --  ; OFF  ; OFF                        ;
; out8[4]   ; Output   ; --            ; --            ; --                    ; --                      ; --                                     ; --                              ; --                             ; --  ; OFF  ; OFF                        ;
; out8[5]   ; Output   ; --            ; --            ; --                    ; --                      ; --                                     ; --                              ; --                             ; --  ; OFF  ; OFF                        ;
; out8[6]   ; Output   ; --            ; --            ; --                    ; --                      ; --                                     ; --                              ; --                             ; --  ; OFF  ; OFF                        ;
; out8[7]   ; Output   ; --            ; --            ; --                    ; --                      ; --                                     ; --                              ; --                             ; --  ; OFF  ; OFF                        ;
; out8[8]   ; Output   ; --            ; --            ; --                    ; --                      ; --                                     ; --                              ; --                             ; --  ; OFF  ; OFF                        ;
; out8[9]   ; Output   ; --            ; --            ; --                    ; --                      ; --                                     ; --                              ; --                             ; --  ; OFF  ; OFF                        ;
; out8[10]  ; Output   ; --            ; --            ; --                    ; --                      ; --                                     ; --                              ; --                             ; --  ; OFF  ; OFF                        ;
; out9[0]   ; Output   ; --            ; --            ; --                    ; --                      ; --                                     ; --                              ; --                             ; --  ; OFF  ; OFF                        ;
; out9[1]   ; Output   ; --            ; --            ; --                    ; --                      ; --                                     ; --                              ; --                             ; --  ; OFF  ; OFF                        ;
; out9[2]   ; Output   ; --            ; --            ; --                    ; --                      ; --                                     ; --                              ; --                             ; --  ; OFF  ; OFF                        ;
; out9[3]   ; Output   ; --            ; --            ; --                    ; --                      ; --                                     ; --                              ; --                             ; --  ; OFF  ; OFF                        ;
; out9[4]   ; Output   ; --            ; --            ; --                    ; --                      ; --                                     ; --                              ; --                             ; --  ; OFF  ; OFF                        ;
; out9[5]   ; Output   ; --            ; --            ; --                    ; --                      ; --                                     ; --                              ; --                             ; --  ; OFF  ; OFF                        ;
; out9[6]   ; Output   ; --            ; --            ; --                    ; --                      ; --                                     ; --                              ; --                             ; --  ; OFF  ; OFF                        ;
; out9[7]   ; Output   ; --            ; --            ; --                    ; --                      ; --                                     ; --                              ; --                             ; --  ; OFF  ; OFF                        ;
; out9[8]   ; Output   ; --            ; --            ; --                    ; --                      ; --                                     ; --                              ; --                             ; --  ; OFF  ; OFF                        ;
; out9[9]   ; Output   ; --            ; --            ; --                    ; --                      ; --                                     ; --                              ; --                             ; --  ; OFF  ; OFF                        ;
; out9[10]  ; Output   ; --            ; --            ; --                    ; --                      ; --                                     ; --                              ; --                             ; --  ; OFF  ; OFF                        ;
; out10[0]  ; Output   ; --            ; --            ; --                    ; --                      ; --                                     ; --                              ; --                             ; --  ; OFF  ; OFF                        ;
; out10[1]  ; Output   ; --            ; --            ; --                    ; --                      ; --                                     ; --                              ; --                             ; --  ; OFF  ; OFF                        ;
; out10[2]  ; Output   ; --            ; --            ; --                    ; --                      ; --                                     ; --                              ; --                             ; --  ; OFF  ; OFF                        ;
; out10[3]  ; Output   ; --            ; --            ; --                    ; --                      ; --                                     ; --                              ; --                             ; --  ; OFF  ; OFF                        ;
; out10[4]  ; Output   ; --            ; --            ; --                    ; --                      ; --                                     ; --                              ; --                             ; --  ; OFF  ; OFF                        ;
; out10[5]  ; Output   ; --            ; --            ; --                    ; --                      ; --                                     ; --                              ; --                             ; --  ; OFF  ; OFF                        ;
; out10[6]  ; Output   ; --            ; --            ; --                    ; --                      ; --                                     ; --                              ; --                             ; --  ; OFF  ; OFF                        ;
; out10[7]  ; Output   ; --            ; --            ; --                    ; --                      ; --                                     ; --                              ; --                             ; --  ; OFF  ; OFF                        ;
; out10[8]  ; Output   ; --            ; --            ; --                    ; --                      ; --                                     ; --                              ; --                             ; --  ; OFF  ; OFF                        ;
; out10[9]  ; Output   ; --            ; --            ; --                    ; --                      ; --                                     ; --                              ; --                             ; --  ; OFF  ; OFF                        ;
; out10[10] ; Output   ; --            ; --            ; --                    ; --                      ; --                                     ; --                              ; --                             ; --  ; OFF  ; OFF                        ;
+-----------+----------+---------------+---------------+-----------------------+-------------------------+----------------------------------------+---------------------------------+--------------------------------+-----+------+----------------------------+


+---------------------------------------------------+
; Pad To Core Delay Chain Fanout                    ;
+---------------------+-------------------+---------+
; Source Pin / Fanout ; Pad To Core Index ; Setting ;
+---------------------+-------------------+---------+
; clk                 ;                   ;         ;
; in1[0]              ;                   ;         ;
; in1[1]              ;                   ;         ;
; in1[2]              ;                   ;         ;
; in1[3]              ;                   ;         ;
; in1[4]              ;                   ;         ;
; in1[5]              ;                   ;         ;
; in1[6]              ;                   ;         ;
; in1[7]              ;                   ;         ;
; in1[8]              ;                   ;         ;
; in1[9]              ;                   ;         ;
; in1[10]             ;                   ;         ;
; in2[0]              ;                   ;         ;
; in2[1]              ;                   ;         ;
; in2[2]              ;                   ;         ;
; in2[3]              ;                   ;         ;
; in2[4]              ;                   ;         ;
; in2[5]              ;                   ;         ;
; in2[6]              ;                   ;         ;
; in2[7]              ;                   ;         ;
; in2[8]              ;                   ;         ;
; in2[9]              ;                   ;         ;
; in2[10]             ;                   ;         ;
; in3[0]              ;                   ;         ;
; in3[1]              ;                   ;         ;
; in3[2]              ;                   ;         ;
; in3[3]              ;                   ;         ;
; in3[4]              ;                   ;         ;
; in3[5]              ;                   ;         ;
; in3[6]              ;                   ;         ;
; in3[7]              ;                   ;         ;
; in3[8]              ;                   ;         ;
; in3[9]              ;                   ;         ;
; in3[10]             ;                   ;         ;
; in4[0]              ;                   ;         ;
; in4[1]              ;                   ;         ;
; in4[2]              ;                   ;         ;
; in4[3]              ;                   ;         ;
; in4[4]              ;                   ;         ;
; in4[5]              ;                   ;         ;
; in4[6]              ;                   ;         ;
; in4[7]              ;                   ;         ;
; in4[8]              ;                   ;         ;
; in4[9]              ;                   ;         ;
; in4[10]             ;                   ;         ;
; in5[0]              ;                   ;         ;
; in5[1]              ;                   ;         ;
; in5[2]              ;                   ;         ;
; in5[3]              ;                   ;         ;
; in5[4]              ;                   ;         ;
; in5[5]              ;                   ;         ;
; in5[6]              ;                   ;         ;
; in5[7]              ;                   ;         ;
; in5[8]              ;                   ;         ;
; in5[9]              ;                   ;         ;
; in5[10]             ;                   ;         ;
; in6[0]              ;                   ;         ;
; in6[1]              ;                   ;         ;
; in6[2]              ;                   ;         ;
; in6[3]              ;                   ;         ;
; in6[4]              ;                   ;         ;
; in6[5]              ;                   ;         ;
; in6[6]              ;                   ;         ;
; in6[7]              ;                   ;         ;
; in6[8]              ;                   ;         ;
; in6[9]              ;                   ;         ;
; in6[10]             ;                   ;         ;
; in7[0]              ;                   ;         ;
; in7[1]              ;                   ;         ;
; in7[2]              ;                   ;         ;
; in7[3]              ;                   ;         ;
; in7[4]              ;                   ;         ;
; in7[5]              ;                   ;         ;
; in7[6]              ;                   ;         ;
; in7[7]              ;                   ;         ;
; in7[8]              ;                   ;         ;
; in7[9]              ;                   ;         ;
; in7[10]             ;                   ;         ;
; in8[0]              ;                   ;         ;
; in8[1]              ;                   ;         ;
; in8[2]              ;                   ;         ;
; in8[3]              ;                   ;         ;
; in8[4]              ;                   ;         ;
; in8[5]              ;                   ;         ;
; in8[6]              ;                   ;         ;
; in8[7]              ;                   ;         ;
; in8[8]              ;                   ;         ;
; in8[9]              ;                   ;         ;
; in8[10]             ;                   ;         ;
; in9[0]              ;                   ;         ;
; in9[1]              ;                   ;         ;
; in9[2]              ;                   ;         ;
; in9[3]              ;                   ;         ;
; in9[4]              ;                   ;         ;
; in9[5]              ;                   ;         ;
; in9[6]              ;                   ;         ;
; in9[7]              ;                   ;         ;
; in9[8]              ;                   ;         ;
; in9[9]              ;                   ;         ;
; in9[10]             ;                   ;         ;
; in10[0]             ;                   ;         ;
; in10[1]             ;                   ;         ;
; in10[2]             ;                   ;         ;
; in10[3]             ;                   ;         ;
; in10[4]             ;                   ;         ;
; in10[5]             ;                   ;         ;
; in10[6]             ;                   ;         ;
; in10[7]             ;                   ;         ;
; in10[8]             ;                   ;         ;
; in10[9]             ;                   ;         ;
; in10[10]            ;                   ;         ;
+---------------------+-------------------+---------+


+-----------------------------------------+
; Non-Global High Fan-Out Signals         ;
+-------------------------------+---------+
; Name                          ; Fan-Out ;
+-------------------------------+---------+
; ~STRATIX_FITTER_CREATED_GND~I ; 110     ;
+-------------------------------+---------+


+----------------------------------------------------+
; Interconnect Usage Summary                         ;
+-----------------------------+----------------------+
; Interconnect Resource Type  ; Usage                ;
+-----------------------------+----------------------+
; C16 interconnects           ; 2 / 2,286 ( < 1 % )  ;
; C4 interconnects            ; 8 / 31,320 ( < 1 % ) ;
; C8 interconnects            ; 5 / 7,272 ( < 1 % )  ;
; DIFFIOCLKs                  ; 0 / 16 ( 0 % )       ;
; DQS bus muxes               ; 0 / 56 ( 0 % )       ;
; DQS-32 I/O buses            ; 0 / 4 ( 0 % )        ;
; DQS-8 I/O buses             ; 0 / 16 ( 0 % )       ;
; Direct links                ; 0 / 44,740 ( 0 % )   ;
; Fast regional clocks        ; 0 / 8 ( 0 % )        ;
; Global clocks               ; 0 / 16 ( 0 % )       ;
; I/O buses                   ; 4 / 208 ( 1 % )      ;
; LUT chains                  ; 0 / 9,513 ( 0 % )    ;
; Local routing interconnects ; 0 / 10,570 ( 0 % )   ;
; R24 interconnects           ; 1 / 2,280 ( < 1 % )  ;
; R4 interconnects            ; 4 / 62,520 ( < 1 % ) ;
; R8 interconnects            ; 6 / 10,410 ( < 1 % ) ;
; Regional clocks             ; 0 / 16 ( 0 % )       ;
+-----------------------------+----------------------+


+--------------------------------------------------------------------------+
; LAB Logic Elements                                                       ;
+--------------------------------------------+-----------------------------+
; Number of Logic Elements  (Average = 1.00) ; Number of LABs  (Total = 1) ;
+--------------------------------------------+-----------------------------+
; 1                                          ; 1                           ;
; 2                                          ; 0                           ;
; 3                                          ; 0                           ;
; 4                                          ; 0                           ;
; 5                                          ; 0                           ;
; 6                                          ; 0                           ;
; 7                                          ; 0                           ;
; 8                                          ; 0                           ;
; 9                                          ; 0                           ;
; 10                                         ; 0                           ;
+--------------------------------------------+-----------------------------+


+---------------------------------------------------------------------------+
; LAB Signals Sourced                                                       ;
+---------------------------------------------+-----------------------------+
; Number of Signals Sourced  (Average = 1.00) ; Number of LABs  (Total = 1) ;
+---------------------------------------------+-----------------------------+
; 0                                           ; 0                           ;
; 1                                           ; 1                           ;
+---------------------------------------------+-----------------------------+


+-------------------------------------------------------------------------------+
; LAB Signals Sourced Out                                                       ;
+-------------------------------------------------+-----------------------------+
; Number of Signals Sourced Out  (Average = 1.00) ; Number of LABs  (Total = 1) ;
+-------------------------------------------------+-----------------------------+
; 0                                               ; 0                           ;
; 1                                               ; 1                           ;
+-------------------------------------------------+-----------------------------+


+-----------------+
; Fitter Messages ;
+-----------------+
Info: *******************************************************************
Info: Running Quartus II Fitter
    Info: Version 5.0 Build 148 04/26/2005 SJ Full Version
    Info: Processing started: Sat May 18 20:10:58 2019
Info: Command: quartus_fit --read_settings_files=off --write_settings_files=off verilog_qs -c verilog_qs
Info: Auto device selection -- successful I/O standard check for EP1S10F484C5
Info: Auto device selection -- successful PCI I/O clamp diode check for EP1S10F484C5
Info: Automatically selected device EP1S10F484C5 for design verilog_qs
Info: Fitter is performing an Auto Fit compilation, which may decrease Fitter effort to reduce compilation time
Info: Device migration not selected. If you intend to use device migration later, you may need to change the pin assignments as they may be incompatible with other devices. 
    Info: Device EP1S20F484C5 is compatible
Info: No exact pin location assignment(s) for 221 pins of 221 total pins
    Info: Pin clk not assigned to an exact location on the device
    Info: Pin in1[0] not assigned to an exact location on the device
    Info: Pin in1[1] not assigned to an exact location on the device
    Info: Pin in1[2] not assigned to an exact location on the device
    Info: Pin in1[3] not assigned to an exact location on the device
    Info: Pin in1[4] not assigned to an exact location on the device
    Info: Pin in1[5] not assigned to an exact location on the device
    Info: Pin in1[6] not assigned to an exact location on the device
    Info: Pin in1[7] not assigned to an exact location on the device
    Info: Pin in1[8] not assigned to an exact location on the device
    Info: Pin in1[9] not assigned to an exact location on the device
    Info: Pin in1[10] not assigned to an exact location on the device
    Info: Pin in2[0] not assigned to an exact location on the device
    Info: Pin in2[1] not assigned to an exact location on the device
    Info: Pin in2[2] not assigned to an exact location on the device
    Info: Pin in2[3] not assigned to an exact location on the device
    Info: Pin in2[4] not assigned to an exact location on the device
    Info: Pin in2[5] not assigned to an exact location on the device
    Info: Pin in2[6] not assigned to an exact location on the device
    Info: Pin in2[7] not assigned to an exact location on the device
    Info: Pin in2[8] not assigned to an exact location on the device
    Info: Pin in2[9] not assigned to an exact location on the device
    Info: Pin in2[10] not assigned to an exact location on the device
    Info: Pin in3[0] not assigned to an exact location on the device
    Info: Pin in3[1] not assigned to an exact location on the device
    Info: Pin in3[2] not assigned to an exact location on the device
    Info: Pin in3[3] not assigned to an exact location on the device
    Info: Pin in3[4] not assigned to an exact location on the device
    Info: Pin in3[5] not assigned to an exact location on the device
    Info: Pin in3[6] not assigned to an exact location on the device
    Info: Pin in3[7] not assigned to an exact location on the device
    Info: Pin in3[8] not assigned to an exact location on the device
    Info: Pin in3[9] not assigned to an exact location on the device
    Info: Pin in3[10] not assigned to an exact location on the device
    Info: Pin in4[0] not assigned to an exact location on the device
    Info: Pin in4[1] not assigned to an exact location on the device
    Info: Pin in4[2] not assigned to an exact location on the device
    Info: Pin in4[3] not assigned to an exact location on the device
    Info: Pin in4[4] not assigned to an exact location on the device
    Info: Pin in4[5] not assigned to an exact location on the device
    Info: Pin in4[6] not assigned to an exact location on the device
    Info: Pin in4[7] not assigned to an exact location on the device
    Info: Pin in4[8] not assigned to an exact location on the device
    Info: Pin in4[9] not assigned to an exact location on the device
    Info: Pin in4[10] not assigned to an exact location on the device
    Info: Pin in5[0] not assigned to an exact location on the device
    Info: Pin in5[1] not assigned to an exact location on the device
    Info: Pin in5[2] not assigned to an exact location on the device
    Info: Pin in5[3] not assigned to an exact location on the device
    Info: Pin in5[4] not assigned to an exact location on the device
    Info: Pin in5[5] not assigned to an exact location on the device
    Info: Pin in5[6] not assigned to an exact location on the device
    Info: Pin in5[7] not assigned to an exact location on the device
    Info: Pin in5[8] not assigned to an exact location on the device
    Info: Pin in5[9] not assigned to an exact location on the device
    Info: Pin in5[10] not assigned to an exact location on the device
    Info: Pin in6[0] not assigned to an exact location on the device
    Info: Pin in6[1] not assigned to an exact location on the device
    Info: Pin in6[2] not assigned to an exact location on the device
    Info: Pin in6[3] not assigned to an exact location on the device
    Info: Pin in6[4] not assigned to an exact location on the device
    Info: Pin in6[5] not assigned to an exact location on the device
    Info: Pin in6[6] not assigned to an exact location on the device
    Info: Pin in6[7] not assigned to an exact location on the device
    Info: Pin in6[8] not assigned to an exact location on the device
    Info: Pin in6[9] not assigned to an exact location on the device
    Info: Pin in6[10] not assigned to an exact location on the device
    Info: Pin in7[0] not assigned to an exact location on the device
    Info: Pin in7[1] not assigned to an exact location on the device
    Info: Pin in7[2] not assigned to an exact location on the device
    Info: Pin in7[3] not assigned to an exact location on the device
    Info: Pin in7[4] not assigned to an exact location on the device
    Info: Pin in7[5] not assigned to an exact location on the device
    Info: Pin in7[6] not assigned to an exact location on the device
    Info: Pin in7[7] not assigned to an exact location on the device
    Info: Pin in7[8] not assigned to an exact location on the device
    Info: Pin in7[9] not assigned to an exact location on the device
    Info: Pin in7[10] not assigned to an exact location on the device
    Info: Pin in8[0] not assigned to an exact location on the device
    Info: Pin in8[1] not assigned to an exact location on the device
    Info: Pin in8[2] not assigned to an exact location on the device
    Info: Pin in8[3] not assigned to an exact location on the device
    Info: Pin in8[4] not assigned to an exact location on the device
    Info: Pin in8[5] not assigned to an exact location on the device
    Info: Pin in8[6] not assigned to an exact location on the device
    Info: Pin in8[7] not assigned to an exact location on the device
    Info: Pin in8[8] not assigned to an exact location on the device
    Info: Pin in8[9] not assigned to an exact location on the device
    Info: Pin in8[10] not assigned to an exact location on the device
    Info: Pin in9[0] not assigned to an exact location on the device
    Info: Pin in9[1] not assigned to an exact location on the device
    Info: Pin in9[2] not assigned to an exact location on the device
    Info: Pin in9[3] not assigned to an exact location on the device
    Info: Pin in9[4] not assigned to an exact location on the device
    Info: Pin in9[5] not assigned to an exact location on the device
    Info: Pin in9[6] not assigned to an exact location on the device
    Info: Pin in9[7] not assigned to an exact location on the device
    Info: Pin in9[8] not assigned to an exact location on the device
    Info: Pin in9[9] not assigned to an exact location on the device
    Info: Pin in9[10] not assigned to an exact location on the device
    Info: Pin in10[0] not assigned to an exact location on the device
    Info: Pin in10[1] not assigned to an exact location on the device
    Info: Pin in10[2] not assigned to an exact location on the device
    Info: Pin in10[3] not assigned to an exact location on the device
    Info: Pin in10[4] not assigned to an exact location on the device
    Info: Pin in10[5] not assigned to an exact location on the device
    Info: Pin in10[6] not assigned to an exact location on the device
    Info: Pin in10[7] not assigned to an exact location on the device
    Info: Pin in10[8] not assigned to an exact location on the device
    Info: Pin in10[9] not assigned to an exact location on the device
    Info: Pin in10[10] not assigned to an exact location on the device
    Info: Pin out1[0] not assigned to an exact location on the device
    Info: Pin out1[1] not assigned to an exact location on the device
    Info: Pin out1[2] not assigned to an exact location on the device
    Info: Pin out1[3] not assigned to an exact location on the device
    Info: Pin out1[4] not assigned to an exact location on the device
    Info: Pin out1[5] not assigned to an exact location on the device
    Info: Pin out1[6] not assigned to an exact location on the device
    Info: Pin out1[7] not assigned to an exact location on the device
    Info: Pin out1[8] not assigned to an exact location on the device
    Info: Pin out1[9] not assigned to an exact location on the device
    Info: Pin out1[10] not assigned to an exact location on the device
    Info: Pin out2[0] not assigned to an exact location on the device
    Info: Pin out2[1] not assigned to an exact location on the device
    Info: Pin out2[2] not assigned to an exact location on the device
    Info: Pin out2[3] not assigned to an exact location on the device
    Info: Pin out2[4] not assigned to an exact location on the device
    Info: Pin out2[5] not assigned to an exact location on the device
    Info: Pin out2[6] not assigned to an exact location on the device
    Info: Pin out2[7] not assigned to an exact location on the device
    Info: Pin out2[8] not assigned to an exact location on the device
    Info: Pin out2[9] not assigned to an exact location on the device
    Info: Pin out2[10] not assigned to an exact location on the device
    Info: Pin out3[0] not assigned to an exact location on the device
    Info: Pin out3[1] not assigned to an exact location on the device
    Info: Pin out3[2] not assigned to an exact location on the device
    Info: Pin out3[3] not assigned to an exact location on the device
    Info: Pin out3[4] not assigned to an exact location on the device
    Info: Pin out3[5] not assigned to an exact location on the device
    Info: Pin out3[6] not assigned to an exact location on the device
    Info: Pin out3[7] not assigned to an exact location on the device
    Info: Pin out3[8] not assigned to an exact location on the device
    Info: Pin out3[9] not assigned to an exact location on the device
    Info: Pin out3[10] not assigned to an exact location on the device
    Info: Pin out4[0] not assigned to an exact location on the device
    Info: Pin out4[1] not assigned to an exact location on the device
    Info: Pin out4[2] not assigned to an exact location on the device
    Info: Pin out4[3] not assigned to an exact location on the device
    Info: Pin out4[4] not assigned to an exact location on the device
    Info: Pin out4[5] not assigned to an exact location on the device
    Info: Pin out4[6] not assigned to an exact location on the device
    Info: Pin out4[7] not assigned to an exact location on the device
    Info: Pin out4[8] not assigned to an exact location on the device
    Info: Pin out4[9] not assigned to an exact location on the device
    Info: Pin out4[10] not assigned to an exact location on the device
    Info: Pin out5[0] not assigned to an exact location on the device
    Info: Pin out5[1] not assigned to an exact location on the device
    Info: Pin out5[2] not assigned to an exact location on the device
    Info: Pin out5[3] not assigned to an exact location on the device
    Info: Pin out5[4] not assigned to an exact location on the device
    Info: Pin out5[5] not assigned to an exact location on the device
    Info: Pin out5[6] not assigned to an exact location on the device
    Info: Pin out5[7] not assigned to an exact location on the device
    Info: Pin out5[8] not assigned to an exact location on the device
    Info: Pin out5[9] not assigned to an exact location on the device
    Info: Pin out5[10] not assigned to an exact location on the device
    Info: Pin out6[0] not assigned to an exact location on the device
    Info: Pin out6[1] not assigned to an exact location on the device
    Info: Pin out6[2] not assigned to an exact location on the device
    Info: Pin out6[3] not assigned to an exact location on the device
    Info: Pin out6[4] not assigned to an exact location on the device
    Info: Pin out6[5] not assigned to an exact location on the device
    Info: Pin out6[6] not assigned to an exact location on the device
    Info: Pin out6[7] not assigned to an exact location on the device
    Info: Pin out6[8] not assigned to an exact location on the device
    Info: Pin out6[9] not assigned to an exact location on the device
    Info: Pin out6[10] not assigned to an exact location on the device
    Info: Pin out7[0] not assigned to an exact location on the device
    Info: Pin out7[1] not assigned to an exact location on the device
    Info: Pin out7[2] not assigned to an exact location on the device
    Info: Pin out7[3] not assigned to an exact location on the device
    Info: Pin out7[4] not assigned to an exact location on the device
    Info: Pin out7[5] not assigned to an exact location on the device
    Info: Pin out7[6] not assigned to an exact location on the device
    Info: Pin out7[7] not assigned to an exact location on the device
    Info: Pin out7[8] not assigned to an exact location on the device
    Info: Pin out7[9] not assigned to an exact location on the device
    Info: Pin out7[10] not assigned to an exact location on the device
    Info: Pin out8[0] not assigned to an exact location on the device
    Info: Pin out8[1] not assigned to an exact location on the device
    Info: Pin out8[2] not assigned to an exact location on the device
    Info: Pin out8[3] not assigned to an exact location on the device
    Info: Pin out8[4] not assigned to an exact location on the device
    Info: Pin out8[5] not assigned to an exact location on the device
    Info: Pin out8[6] not assigned to an exact location on the device
    Info: Pin out8[7] not assigned to an exact location on the device
    Info: Pin out8[8] not assigned to an exact location on the device
    Info: Pin out8[9] not assigned to an exact location on the device
    Info: Pin out8[10] not assigned to an exact location on the device
    Info: Pin out9[0] not assigned to an exact location on the device
    Info: Pin out9[1] not assigned to an exact location on the device
    Info: Pin out9[2] not assigned to an exact location on the device
    Info: Pin out9[3] not assigned to an exact location on the device
    Info: Pin out9[4] not assigned to an exact location on the device
    Info: Pin out9[5] not assigned to an exact location on the device
    Info: Pin out9[6] not assigned to an exact location on the device
    Info: Pin out9[7] not assigned to an exact location on the device
    Info: Pin out9[8] not assigned to an exact location on the device
    Info: Pin out9[9] not assigned to an exact location on the device
    Info: Pin out9[10] not assigned to an exact location on the device
    Info: Pin out10[0] not assigned to an exact location on the device
    Info: Pin out10[1] not assigned to an exact location on the device
    Info: Pin out10[2] not assigned to an exact location on the device
    Info: Pin out10[3] not assigned to an exact location on the device
    Info: Pin out10[4] not assigned to an exact location on the device
    Info: Pin out10[5] not assigned to an exact location on the device
    Info: Pin out10[6] not assigned to an exact location on the device
    Info: Pin out10[7] not assigned to an exact location on the device
    Info: Pin out10[8] not assigned to an exact location on the device
    Info: Pin out10[9] not assigned to an exact location on the device
    Info: Pin out10[10] not assigned to an exact location on the device
Info: Timing requirements not specified -- optimizing circuit to achieve the following default global requirements
    Info: Assuming a global fmax requirement of 1 MHz
    Info: Not setting a global tsu requirement
    Info: Not setting a global tco requirement
    Info: Not setting a global tpd requirement
Info: Performing register packing on registers with non-logic cell location assignments
Info: Completed register packing on registers with non-logic cell location assignments
Info: Completed User Assigned Global Signals Promotion Operation
Info: Completed Auto Global Promotion Operation
Info: Starting register packing
Info: Started Fast Input/Output/OE register processing
Info: Finished Fast Input/Output/OE register processing
Info: Start inferring scan chains for DSP blocks
Info: Inferring scan chains for DSP blocks is complete
Info: Fitter is using Normal packing mode for logic elements with Auto setting for Auto Packed Registers logic option
Info: Moving registers into I/O cells, LUTs, RAM blocks, and DSP blocks to improve timing and density
Info: Finished moving registers into LUTs, I/O cells, DSP blocks, and RAM blocks
Info: Finished register packing
Info: Statistics of I/O pins that need to be placed that use the same VCCIO and VREF, before I/O pin placement
    Info: Number of I/O pins in group: 221 (unused VREF, 3.30 VCCIO, 111 input, 110 output, 0 bidirectional)
        Info: I/O standards used: LVTTL.
Info: I/O bank details before I/O pin placement
    Info: Statistics of I/O banks
        Info: I/O bank number 1 does not use VREF pins and has unused VCCIO pins. 0 total pin(s) used --  29 pins available
        Info: I/O bank number 2 does not use VREF pins and has unused VCCIO pins. 0 total pin(s) used --  30 pins available
        Info: I/O bank number 3 does not use VREF pins and has unused VCCIO pins. 0 total pin(s) used --  51 pins available
        Info: I/O bank number 4 does not use VREF pins and has unused VCCIO pins. 1 total pin(s) used --  51 pins available
        Info: I/O bank number 5 does not use VREF pins and has unused VCCIO pins. 0 total pin(s) used --  29 pins available
        Info: I/O bank number 6 does not use VREF pins and has unused VCCIO pins. 0 total pin(s) used --  29 pins available
        Info: I/O bank number 7 does not use VREF pins and has unused VCCIO pins. 0 total pin(s) used --  52 pins available
        Info: I/O bank number 8 does not use VREF pins and has unused VCCIO pins. 0 total pin(s) used --  51 pins available
        Info: I/O bank number 9 does not use VREF pins and has unused VCCIO pins. 0 total pin(s) used --  6 pins available
        Info: I/O bank number 10 does not use VREF pins and has unused VCCIO pins. 0 total pin(s) used --  0 pins available
        Info: I/O bank number 11 does not use VREF pins and has unused VCCIO pins. 0 total pin(s) used --  6 pins available
        Info: I/O bank number 12 does not use VREF pins and has unused VCCIO pins. 0 total pin(s) used --  0 pins available
Info: Fitter placement preparation operations beginning
Info: Fitter placement preparation operations ending: elapsed time is 00:00:00
Info: Fitter placement operations beginning
Info: Fitter placement was successful
Info: Fitter placement operations ending: elapsed time is 00:00:00
Info: Fitter routing operations beginning
Info: Fitter routing operations ending: elapsed time is 00:00:00
Info: Fitter performed an Auto Fit compilation. Optimizations were skipped to reduce compilation time.
Info: Completed Fixed Delay Chain Operation
Info: Started post-fitting delay annotation
Info: Delay annotation completed successfully
Info: Completed Auto Delay Chain Operation
Warning: The following 110 pins have nothing, GND, or VCC driving datain port -- changes to this connectivity may change fitting results
    Info: Pin out1[0] has GND driving its datain port
    Info: Pin out1[1] has GND driving its datain port
    Info: Pin out1[2] has GND driving its datain port
    Info: Pin out1[3] has GND driving its datain port
    Info: Pin out1[4] has GND driving its datain port
    Info: Pin out1[5] has GND driving its datain port
    Info: Pin out1[6] has GND driving its datain port
    Info: Pin out1[7] has GND driving its datain port
    Info: Pin out1[8] has GND driving its datain port
    Info: Pin out1[9] has GND driving its datain port
    Info: Pin out1[10] has GND driving its datain port
    Info: Pin out2[0] has GND driving its datain port
    Info: Pin out2[1] has GND driving its datain port
    Info: Pin out2[2] has GND driving its datain port
    Info: Pin out2[3] has GND driving its datain port
    Info: Pin out2[4] has GND driving its datain port
    Info: Pin out2[5] has GND driving its datain port
    Info: Pin out2[6] has GND driving its datain port
    Info: Pin out2[7] has GND driving its datain port
    Info: Pin out2[8] has GND driving its datain port
    Info: Pin out2[9] has GND driving its datain port
    Info: Pin out2[10] has GND driving its datain port
    Info: Pin out3[0] has GND driving its datain port
    Info: Pin out3[1] has GND driving its datain port
    Info: Pin out3[2] has GND driving its datain port
    Info: Pin out3[3] has GND driving its datain port
    Info: Pin out3[4] has GND driving its datain port
    Info: Pin out3[5] has GND driving its datain port
    Info: Pin out3[6] has GND driving its datain port
    Info: Pin out3[7] has GND driving its datain port
    Info: Pin out3[8] has GND driving its datain port
    Info: Pin out3[9] has GND driving its datain port
    Info: Pin out3[10] has GND driving its datain port
    Info: Pin out4[0] has GND driving its datain port
    Info: Pin out4[1] has GND driving its datain port
    Info: Pin out4[2] has GND driving its datain port
    Info: Pin out4[3] has GND driving its datain port
    Info: Pin out4[4] has GND driving its datain port
    Info: Pin out4[5] has GND driving its datain port
    Info: Pin out4[6] has GND driving its datain port
    Info: Pin out4[7] has GND driving its datain port
    Info: Pin out4[8] has GND driving its datain port
    Info: Pin out4[9] has GND driving its datain port
    Info: Pin out4[10] has GND driving its datain port
    Info: Pin out5[0] has GND driving its datain port
    Info: Pin out5[1] has GND driving its datain port
    Info: Pin out5[2] has GND driving its datain port
    Info: Pin out5[3] has GND driving its datain port
    Info: Pin out5[4] has GND driving its datain port
    Info: Pin out5[5] has GND driving its datain port
    Info: Pin out5[6] has GND driving its datain port
    Info: Pin out5[7] has GND driving its datain port
    Info: Pin out5[8] has GND driving its datain port
    Info: Pin out5[9] has GND driving its datain port
    Info: Pin out5[10] has GND driving its datain port
    Info: Pin out6[0] has GND driving its datain port
    Info: Pin out6[1] has GND driving its datain port
    Info: Pin out6[2] has GND driving its datain port
    Info: Pin out6[3] has GND driving its datain port
    Info: Pin out6[4] has GND driving its datain port
    Info: Pin out6[5] has GND driving its datain port
    Info: Pin out6[6] has GND driving its datain port
    Info: Pin out6[7] has GND driving its datain port
    Info: Pin out6[8] has GND driving its datain port
    Info: Pin out6[9] has GND driving its datain port
    Info: Pin out6[10] has GND driving its datain port
    Info: Pin out7[0] has GND driving its datain port
    Info: Pin out7[1] has GND driving its datain port
    Info: Pin out7[2] has GND driving its datain port
    Info: Pin out7[3] has GND driving its datain port
    Info: Pin out7[4] has GND driving its datain port
    Info: Pin out7[5] has GND driving its datain port
    Info: Pin out7[6] has GND driving its datain port
    Info: Pin out7[7] has GND driving its datain port
    Info: Pin out7[8] has GND driving its datain port
    Info: Pin out7[9] has GND driving its datain port
    Info: Pin out7[10] has GND driving its datain port
    Info: Pin out8[0] has GND driving its datain port
    Info: Pin out8[1] has GND driving its datain port
    Info: Pin out8[2] has GND driving its datain port
    Info: Pin out8[3] has GND driving its datain port
    Info: Pin out8[4] has GND driving its datain port
    Info: Pin out8[5] has GND driving its datain port
    Info: Pin out8[6] has GND driving its datain port
    Info: Pin out8[7] has GND driving its datain port
    Info: Pin out8[8] has GND driving its datain port
    Info: Pin out8[9] has GND driving its datain port
    Info: Pin out8[10] has GND driving its datain port
    Info: Pin out9[0] has GND driving its datain port
    Info: Pin out9[1] has GND driving its datain port
    Info: Pin out9[2] has GND driving its datain port
    Info: Pin out9[3] has GND driving its datain port
    Info: Pin out9[4] has GND driving its datain port
    Info: Pin out9[5] has GND driving its datain port
    Info: Pin out9[6] has GND driving its datain port
    Info: Pin out9[7] has GND driving its datain port
    Info: Pin out9[8] has GND driving its datain port
    Info: Pin out9[9] has GND driving its datain port
    Info: Pin out9[10] has GND driving its datain port
    Info: Pin out10[0] has GND driving its datain port
    Info: Pin out10[1] has GND driving its datain port
    Info: Pin out10[2] has GND driving its datain port
    Info: Pin out10[3] has GND driving its datain port
    Info: Pin out10[4] has GND driving its datain port
    Info: Pin out10[5] has GND driving its datain port
    Info: Pin out10[6] has GND driving its datain port
    Info: Pin out10[7] has GND driving its datain port
    Info: Pin out10[8] has GND driving its datain port
    Info: Pin out10[9] has GND driving its datain port
    Info: Pin out10[10] has GND driving its datain port
Info: Quartus II Fitter was successful. 0 errors, 1 warning
    Info: Processing ended: Sat May 18 20:11:01 2019
    Info: Elapsed time: 00:00:03


